ST_CASE,MONTH,DAY,DAY_WEEK,HOUR,LATITUDE,LONGITUD,HARM_EV,LGT_COND,WEATHER,VE_FORMS,TRAV_SP,DEATHS,DR_DRINK,VSPD_LIM
40536,7,22,7,18,33.41518889,-111.5512389,8,1,1,1,998,0,0,98
40537,7,22,7,18,33.41766111,-111.8911444,12,1,1,2,998,1,0,65
40538,7,24,2,11,32.23622222,-110.8731139,12,1,1,2,15,2,0,35
40540,7,28,6,17,36.66178611,-111.2483028,12,1,10,2,998,1,0,65
40541,7,29,7,4,34.43453611,-113.2556583,1,2,1,1,998,1,0,65
40542,7,29,7,12,33.38377222,-111.7278722,59,1,1,1,998,1,0,15
40544,7,28,6,20,34.00960278,-112.1350861,1,2,10,2,998,1,0,65
40545,9,1,6,2,33.49490833,-112.2031778,12,3,2,2,85,0,0,45
40547,9,1,6,15,34.40555,-110.8129917,42,1,1,1,998,1,0,0
40548,9,20,4,17,33.62888333,-112.1337139,12,3,1,2,998,0,0,40
40549,9,2,7,1,33.36968333,-112.1348083,12,2,1,2,998,1,0,40
40550,9,3,1,0,34.71481667,-111.7782917,12,2,10,2,998,1,0,55
40551,9,3,1,2,33.47736944,-112.1691,8,3,1,1,998,0,1,35
40552,9,3,1,18,35.40357222,-113.7649472,12,1,1,2,998,1,0,65
40553,9,5,3,5,33.41561667,-111.7019222,8,1,1,1,40,0,0,45
40554,9,5,3,15,35.071475,-111.682575,34,1,1,1,998,1,1,55
40555,9,6,4,19,35.27008611,-112.1490278,9,2,1,2,998,0,0,55
40556,9,4,2,23,34.47040556,-109.3927611,12,2,1,2,67,0,0,65
40557,9,7,5,15,33.18869444,-111.6169556,33,1,1,1,45,1,0,45
40558,9,8,6,6,32.29154722,-110.950025,9,4,1,1,50,0,0,45
40559,7,28,6,22,35.23510556,-111.5748056,12,3,1,2,998,1,0,45
40560,7,29,7,0,33.64221111,-112.0654333,12,3,1,2,55,1,0,45
40561,7,29,7,3,33.92753611,-112.1417333,12,2,1,2,998,1,0,65
40562,7,29,7,10,34.41990833,-111.5010833,12,1,1,2,998,1,0,45
40563,7,24,2,14,33.39381389,-111.6835639,8,1,10,1,40,0,0,45
40564,7,26,4,11,33.45185833,-111.7360111,12,1,1,4,65,0,0,45
40565,8,1,3,12,33.38658333,-111.7452222,12,1,10,4,998,1,1,65
40566,8,2,4,8,32.36620556,-110.9695556,12,1,1,2,35,0,0,50
40567,8,2,4,15,33.57137222,-112.0567278,12,1,1,2,28,1,0,35
40568,8,5,7,19,33.19571111,-111.3495417,12,2,1,2,998,1,1,65
40569,8,6,1,5,32.13408611,-110.9655222,8,3,1,1,998,0,0,40
40570,8,6,1,7,33.54832222,-112.4178944,59,1,1,1,998,1,1,65
40572,6,9,6,10,33.72668333,-112.0084528,12,1,1,2,998,1,0,50
40573,3,15,4,20,33.45123333,-112.12185,12,3,2,2,19,1,1,35
40574,5,24,4,16,33.40732778,-111.9837972,12,1,1,3,69,1,0,45
40575,5,30,3,15,33.45330278,-112.4171,42,1,1,1,65,1,0,25
40576,6,28,4,21,32.17473611,-111.0596167,12,2,1,2,998,0,0,55
40577,8,6,1,21,34.16883611,-111.335575,59,2,1,1,998,1,0,55
40578,8,7,2,2,32.26434444,-110.9099083,8,2,1,1,35,0,0,35
40579,10,3,3,7,33.33565278,-111.7836639,8,1,1,1,3,0,0,25
40580,8,7,2,8,33.4449,-112.134425,8,1,1,2,82,0,0,40
40581,8,7,2,11,33.30606389,-111.8720278,12,1,1,2,65,1,0,45
40582,8,8,3,13,33.63864444,-112.3421583,12,1,1,2,45,1,0,45
40584,8,9,4,21,32.41818056,-111.0804528,12,2,1,2,45,1,1,45
40585,8,11,6,15,34.30423611,-110.954025,12,1,10,2,998,1,0,55
40587,9,10,1,2,33.13591389,-111.5235333,33,2,1,1,52,1,0,35
40588,9,10,1,12,33.05806944,-111.9576194,33,1,1,1,55,1,0,25
40589,9,14,5,1,33.69276667,-111.5031528,24,2,1,1,998,1,0,65
40590,9,16,7,14,32.37942778,-111.1101,8,1,1,1,998,0,0,65
40591,9,18,2,16,34.56954722,-111.8937583,12,1,1,2,998,1,0,75
40592,9,18,2,17,32.91564722,-112.7354222,41,1,1,1,998,1,0,65
40593,8,10,5,10,33.29508611,-111.8761972,12,1,1,4,15,1,0,45
40594,8,10,5,17,36.03590278,-111.3979306,12,1,2,3,998,0,1,65
40595,8,11,6,0,33.44126389,-112.1778528,18,3,1,1,25,1,0,25
40596,8,11,6,17,35.18720556,-113.9882694,12,1,1,2,3,1,0,25
40597,8,12,7,14,35.17049444,-113.7688167,12,1,1,2,998,1,0,75
40598,8,13,1,0,33.669725,-112.1374667,12,3,1,3,998,1,1,65
40599,8,13,1,5,33.45144722,-112.1345222,12,4,1,2,998,1,1,35
40600,8,13,1,15,33.62365278,-112.3548056,12,1,1,2,65,1,1,35
40601,8,13,1,22,33.48009444,-112.2222056,8,3,1,1,43,0,1,45
40602,8,15,3,1,31.85132778,-110.9945861,46,3,1,1,65,1,0,35
40603,8,17,5,5,35.43596111,-109.5228861,12,1,10,2,998,1,0,65
40606,8,18,6,7,35.03395,-109.8278028,12,1,1,2,100,1,0,75
40607,8,21,2,9,35.20106389,-111.6088278,12,1,2,2,998,1,0,65
40608,8,21,2,20,32.4439,-111.30425,12,2,10,2,55,0,1,55
40609,8,23,4,12,32.08985278,-110.8183417,12,1,1,2,998,1,0,75
40610,2,26,1,13,33.65458056,-112.0915611,12,1,1,2,998,0,0,45
40611,4,10,2,10,32.93721389,-111.9974,12,1,1,2,76,0,0,50
40612,5,29,2,22,33.42681389,-112.0324472,8,3,1,3,55,0,0,55
40613,6,17,7,15,33.42201111,-111.9164667,12,1,1,2,70,0,0,40
40614,6,19,2,11,33.49467778,-112.237875,12,1,1,2,998,1,0,0
40615,7,7,6,15,33.65931944,-111.9293528,12,1,1,3,998,1,0,65
40616,7,9,1,2,32.15289167,-110.9434056,12,3,1,2,998,0,1,35
40617,7,23,1,23,33.552475,-112.2672722,41,3,1,1,998,1,1,65
40618,7,28,6,14,33.64961389,-112.3373917,12,1,1,2,32,0,1,35
40619,8,4,6,9,33.75124167,-113.6709056,12,1,1,2,998,1,0,65
40620,8,11,6,21,33.52336111,-112.2286389,8,2,1,1,40,0,0,40
40621,8,12,7,3,33.436575,-112.1691861,12,3,1,3,49,0,1,45
40623,8,20,1,5,32.17013333,-110.9776583,15,1,1,1,40,0,1,40
40624,8,20,1,9,35.17453056,-111.6682417,12,1,10,2,998,2,0,65
40625,10,2,2,16,33.47647222,-112.1000333,12,1,1,2,998,1,0,40
40626,8,21,2,5,33.43606389,-111.9078278,12,3,2,6,0,0,0,65
40627,6,2,6,15,35.91054444,-111.4040028,12,1,10,3,65,0,0,65
40628,9,2,7,2,32.25034167,-110.9719056,12,3,1,2,998,1,1,35
40629,9,7,5,18,33.15975278,-111.7806944,12,5,1,2,998,1,0,65
40630,9,10,1,13,34.79201111,-110.2186778,12,1,10,3,998,1,0,65
40631,9,11,2,18,33.54899722,-112.2697694,12,1,1,2,998,1,0,65
40633,9,23,7,3,32.25047778,-110.9183111,12,3,1,2,90,1,0,40
40634,9,26,3,4,32.13379444,-110.9862861,8,3,1,1,998,0,0,98
40635,7,24,2,4,33.43691389,-112.0644722,8,2,1,1,998,0,0,98
40636,7,26,4,14,31.95411667,-110.2860528,1,1,1,1,998,1,0,50
40637,3,5,1,7,33.408425,-112.2041389,12,1,1,3,998,0,0,45
40639,3,8,4,16,77.7777,777.7777,12,8,98,3,998,0,0,98
40640,8,10,5,21,33.67316389,-111.9866667,8,3,1,1,998,0,0,65
40641,4,1,7,21,33.48038611,-112.0829806,12,3,1,2,20,0,0,35
40643,4,1,7,23,33.65470833,-112.1345444,12,3,1,3,49,0,0,45
40644,4,4,3,16,34.55444444,-110.0806556,1,1,1,1,90,1,1,65
40645,6,1,5,10,31.49638611,-110.25745,12,1,1,2,998,1,0,55
40646,7,17,2,22,33.595125,-112.4679194,38,2,1,1,46,1,1,35
40647,11,1,4,5,33.61072778,-112.1197778,8,3,1,1,40,0,0,40
40648,11,2,5,9,33.3803,-110.8998472,12,1,1,2,998,0,0,55
40649,7,24,2,5,32.14164167,-110.8750306,12,1,1,2,45,1,0,45
40650,11,4,7,20,33.55320278,-112.2725167,12,3,1,2,10,0,0,35
40652,11,10,6,6,33.68381944,-112.1181806,12,1,1,2,998,1,0,45
40653,11,10,6,15,32.98320278,-111.928625,12,1,1,2,50,1,0,50
40654,11,11,7,10,33.32048889,-111.8895306,12,1,1,2,998,0,0,45
40655,11,14,3,16,33.50760833,-112.1341056,12,1,1,2,5,0,0,40
40656,11,15,4,5,36.77780833,-110.0064667,1,2,10,1,998,1,1,65
40657,11,23,5,18,33.48038333,-112.0335778,8,3,1,1,998,0,0,35
40658,9,15,6,4,33.46223333,-112.031775,20,3,1,1,998,1,1,65
40659,2,8,4,20,33.42190278,-111.8928889,8,2,1,1,998,0,0,40
40660,9,8,6,1,36.64896111,-111.4384778,1,2,1,1,998,1,0,55
40661,2,11,7,12,33.60911944,-111.5490278,99,9,98,1,998,1,0,98
40662,2,18,7,19,77.7777,777.7777,8,9,99,1,998,0,0,98
40664,9,18,2,18,33.59709722,-111.8757028,9,5,1,1,35,0,0,40
40665,9,18,2,19,33.02867222,-112.1171667,59,5,1,1,50,1,0,50
40666,9,19,3,17,34.51268056,-110.083975,14,5,1,1,30,0,0,25
40667,2,19,1,9,33.42849167,-111.8669056,8,1,98,1,998,0,0,98
40668,3,12,1,18,33.39301667,-111.9005528,12,2,1,2,65,1,0,40
40669,9,9,7,23,33.52012222,-112.2689972,8,3,1,2,998,0,0,65
40670,3,16,5,20,33.37271944,-112.1759056,8,3,98,1,998,0,0,98
40671,3,17,6,6,34.77408056,-112.4529917,8,8,98,1,998,0,0,98
40672,3,18,7,16,33.41919167,-112.004375,33,1,1,1,998,1,1,98
40673,8,23,4,12,33.393275,-111.8056278,12,1,10,6,80,0,0,45
40674,8,23,4,18,35.78204444,-109.6626583,8,2,10,1,998,0,0,65
40675,3,18,7,19,77.7777,777.7777,12,8,98,2,998,1,1,98
40676,8,24,5,9,35.19739722,-111.7425528,21,1,8,1,998,1,0,75
40677,8,24,5,22,33.39520833,-111.8746889,8,3,1,1,35,0,0,40
40678,8,25,6,13,34.30405556,-110.7462278,42,1,1,1,25,1,0,25
40679,8,26,7,11,36.77814722,-111.6947944,1,1,1,1,998,1,0,55
40680,8,27,1,5,33.49363611,-112.1518,12,4,1,2,11,0,0,40
40681,9,16,7,23,32.264675,-110.9766917,8,2,1,1,40,0,0,35
40682,8,28,2,0,35.28277778,-109.2237417,8,2,1,1,998,0,0,75
40683,8,28,2,8,32.17790278,-110.9643806,12,1,1,2,40,0,0,40
40684,3,18,7,22,33.38133611,-111.9275111,12,6,98,2,998,1,0,98
40685,3,23,5,6,33.55299167,-112.1118667,12,8,98,2,998,0,0,98
40686,8,29,3,7,35.24798056,-112.2006306,12,1,1,2,90,1,0,35
40687,8,30,4,8,32.419,-111.1564722,5,1,1,1,55,1,0,75
40688,4,2,1,14,33.42020556,-112.06485,12,1,1,2,38,1,1,40
40689,4,3,2,11,77.7777,777.7777,8,1,98,2,998,0,0,98
40690,9,21,5,7,32.23564722,-110.8449972,12,1,1,2,10,0,0,40
40692,4,9,1,3,33.58213611,-112.0909306,12,3,1,2,998,1,1,35
40693,4,14,6,23,33.49065278,-112.0476833,12,6,98,2,998,0,1,98
40694,4,16,1,2,33.462175,-112.1692528,12,6,98,4,998,0,0,98
40695,4,21,6,18,33.43843056,-111.9097333,9,5,1,1,10,0,0,40
40696,4,24,2,6,33.37760556,-112.6458056,12,8,98,3,998,1,0,98
40698,9,20,4,10,33.50759167,-112.3167917,12,1,1,3,69,1,0,45
40699,9,20,4,12,35.25614167,-112.7064889,12,1,1,2,998,1,0,75
40700,9,22,6,20,33.29141944,-112.4483,30,2,1,1,998,2,0,45
40702,9,26,3,19,32.22090833,-110.8124056,12,5,1,2,15,1,0,40
40703,9,27,4,5,34.87058889,-112.4698167,12,4,1,2,998,1,0,65
40704,9,28,5,5,33.39238611,-112.6253639,12,4,1,2,998,0,0,45
40705,4,26,4,99,32.17610556,-112.2609694,1,9,98,1,998,2,0,98
40707,9,30,7,21,32.08210556,-110.6540167,12,2,1,2,50,1,0,50
40708,9,24,1,3,33.46118333,-112.0148,25,3,1,4,0,0,1,65
40709,6,28,4,19,33.62866111,-112.2384972,33,3,1,1,30,1,0,25
40710,4,26,4,3,33.42938889,-111.9225333,12,6,98,2,998,1,1,98
40711,6,30,6,17,33.71274722,-112.1350333,12,5,1,3,998,0,0,45
40712,7,4,3,22,77.7777,777.7777,8,9,99,1,998,0,0,98
40713,7,5,4,22,33.49525556,-112.1345028,8,3,1,1,20,0,1,45
40714,7,16,1,1,33.54204167,-112.1900389,8,3,1,1,998,0,1,45
40715,11,6,2,16,33.42228333,-111.8564722,9,1,1,1,5,0,0,45
40717,9,26,3,14,32.12017222,-110.909325,1,1,1,1,45,1,0,55
40718,7,22,7,5,33.29086111,-111.8865778,14,1,1,1,99,1,1,65
40719,11,9,5,15,33.65471389,-112.1387972,12,1,1,2,30,1,0,45
40720,11,11,7,23,33.71148333,-112.2030611,12,3,1,2,40,1,1,40
40722,10,1,1,16,32.19180556,-110.7986389,33,1,1,1,50,1,0,40
40723,10,10,3,14,35.11087222,-109.3187917,1,1,10,1,998,1,1,65
40724,10,12,5,7,33.53208889,-113.1320556,12,1,1,2,998,1,0,75
40725,5,25,5,16,33.66599167,-112.375275,12,1,1,2,10,1,0,35
40726,5,27,7,4,33.59710833,-112.0199083,12,4,1,2,80,1,0,40
40727,6,2,6,19,31.97346944,-112.8061639,1,2,1,1,998,1,0,65
40728,6,25,1,10,33.48035278,-112.2187778,46,1,1,1,61,1,0,45
40729,7,8,7,13,33.66148889,-111.9998889,12,1,1,2,998,0,0,65
40731,7,31,2,1,33.54096667,-112.3842806,33,3,1,1,998,1,1,25
40732,10,19,5,18,34.31928333,-110.249175,8,2,1,1,998,0,0,65
40733,7,26,4,13,33.65297778,-111.9010361,12,1,1,2,65,0,0,65
40734,8,4,6,4,32.13416944,-110.9260917,12,4,1,3,100,1,0,35
40735,8,12,7,6,33.33473056,-112.7489667,1,1,1,1,89,1,1,50
40736,8,20,1,0,33.28033056,-111.6743583,33,3,1,1,70,1,1,35
40737,8,21,2,15,33.55111944,-112.2925194,8,1,1,1,40,0,0,40
40738,10,2,2,19,33.38413889,-110.7564111,12,3,1,3,5,0,0,45
40739,9,1,6,20,35.21573056,-112.4015472,39,2,2,1,998,1,0,75
40741,9,15,6,19,33.55121944,-112.3467194,8,3,1,1,55,0,0,55
40742,9,16,7,13,36.9571,-113.7893528,25,1,1,1,998,2,0,55
40743,9,17,1,11,33.44585278,-112.4615417,1,1,1,1,103,1,0,50
40744,8,30,4,21,33.52579722,-112.1121667,12,3,1,4,65,0,0,55
40746,9,19,3,17,33.46576389,-111.989875,12,1,1,2,62,1,0,40
40747,9,19,3,20,32.22158611,-110.9136111,8,3,1,1,40,0,0,40
40750,10,4,4,20,33.26303056,-111.7772028,33,3,1,1,100,1,0,45
40751,9,21,5,11,33.53839444,-112.2031083,12,1,1,2,998,1,0,40
40752,9,23,7,1,32.20640556,-110.8480083,12,2,1,2,80,0,1,40
40753,9,23,7,2,33.66868333,-112.0775083,12,3,1,2,998,1,0,65
40754,1,28,7,17,33.67495833,-111.9023222,12,5,1,2,75,0,0,45
40755,10,7,7,4,33.78593611,-112.132925,12,3,1,2,998,1,1,65
40756,10,4,4,22,33.23666111,-111.5424083,31,2,1,1,45,1,0,25
40757,10,6,6,21,33.37929444,-111.7049444,12,3,1,2,0,0,0,45
40758,11,17,6,12,33.46228889,-112.2726861,12,1,1,2,45,1,0,45
40759,10,7,7,14,31.33990278,-110.9376278,19,1,1,1,999,1,0,25
40761,10,8,1,8,35.01195833,-111.7381083,12,1,10,2,998,1,0,40
40762,11,3,6,7,33.43608889,-111.9277,14,1,1,1,998,1,0,65
40763,11,4,7,8,33.46865556,-112.2379806,25,1,1,1,45,1,0,45
40765,10,8,1,11,34.44358611,-112.2654667,1,1,2,2,998,1,0,65
40766,11,8,4,8,32.08047778,-110.8036889,42,1,1,1,998,1,0,75
40767,11,8,4,20,33.63973611,-112.1300778,8,3,1,1,45,0,0,45
40768,11,8,4,16,33.48042222,-112.1126389,8,1,10,1,5,0,0,35
40769,11,9,5,11,33.63879444,-111.9778361,12,1,1,2,998,0,0,45
40770,11,10,6,23,33.62391667,-112.1164611,8,3,1,1,45,0,0,65
40771,10,8,1,11,36.43976944,-110.75165,12,1,1,2,75,2,0,65
40772,11,11,7,10,32.19194444,-110.8451722,33,1,1,1,80,1,1,40
40773,11,11,7,15,34.53895833,-111.9224778,20,1,1,1,998,1,0,65
40774,11,12,1,0,34.37624722,-112.6606972,59,2,1,1,998,1,0,65
40776,11,13,2,20,33.46181389,-112.05455,12,3,1,3,55,0,0,65
40779,11,15,4,9,33.78773889,-110.4937333,24,1,1,2,998,1,0,35
40780,11,17,6,4,33.46923889,-112.358,33,3,1,1,998,1,1,40
40781,10,10,3,14,32.85037778,-111.6802944,1,1,1,1,75,1,0,50
40782,11,21,3,9,33.58192222,-112.1568917,8,1,1,1,998,0,0,40
40783,11,22,4,15,33.58222222,-111.9322,33,1,1,2,40,1,0,40
40784,11,23,5,16,33.15034444,-110.8031028,1,1,1,1,998,1,1,55
40785,11,25,7,11,32.29436944,-111.0185944,12,1,1,2,45,1,0,45
40786,12,4,2,18,33.407575,-111.9006444,8,5,1,1,40,0,0,40
40788,12,6,4,19,33.37901944,-111.7786639,12,3,1,2,75,1,0,45
40789,12,8,6,19,35.21033333,-113.9703444,59,2,1,1,998,1,1,25
40790,12,9,7,21,33.76860833,-112.5173389,12,2,1,2,25,0,0,25
40791,12,13,4,14,33.56284444,-112.151525,12,1,1,2,81,0,0,45
40792,10,10,3,17,35.97566111,-111.3952333,18,1,1,1,998,1,0,65
40793,12,13,4,17,33.58919722,-112.2959361,33,5,1,1,52,1,1,25
40794,12,16,7,20,33.31750278,-111.8416278,12,3,1,4,998,0,0,35
40795,11,26,1,16,33.76405,-112.34925,7,3,1,1,45,1,0,45
40796,11,27,2,7,33.24776944,-111.8292417,8,1,1,2,65,0,1,45
40797,11,20,2,19,35.19168333,-111.6631083,12,3,1,2,5,0,0,30
40798,10,9,2,14,33.51669444,-111.4575694,1,1,1,1,25,1,0,35
40799,9,7,5,10,31.34960556,-109.545475,12,1,1,2,998,2,0,25
40800,9,9,7,2,32.46024444,-111.2143056,8,2,1,2,998,0,0,75
40801,10,6,6,18,32.82839167,-111.9216306,12,5,1,2,998,1,0,75
40802,10,9,2,16,33.11829722,-111.4951306,12,1,1,2,15,0,0,50
40804,10,10,3,20,36.69395278,-110.3612444,12,2,1,2,65,0,0,65
40805,10,14,7,2,33.68882778,-112.4311,12,2,1,2,81,0,1,45
40806,10,15,1,20,32.20065833,-110.9957944,33,5,1,1,45,1,1,45
40808,11,20,2,20,32.26481389,-110.9741583,8,2,1,1,35,0,0,35
40809,11,14,3,18,35.50429722,-111.5492583,12,2,1,2,998,0,1,65
40810,10,5,5,6,32.23627778,-110.9135361,8,1,1,1,40,0,0,35
40811,12,2,7,0,33.72695278,-111.9086806,1,2,1,1,30,1,0,25
40812,1,7,7,19,36.37287778,-109.6128222,8,9,99,1,998,0,0,98
40813,12,2,7,21,35.11234722,-110.5195361,12,2,10,2,998,1,1,65
40814,1,11,4,9,32.597325,-110.6319333,5,1,99,1,998,1,0,98
40815,12,3,1,17,33.23726111,-111.6046694,33,5,1,1,998,1,0,45
40818,12,10,1,1,34.54244444,-112.4568944,8,3,1,1,35,0,0,30
40819,12,12,3,8,33.18781111,-112.3761722,1,1,1,1,998,1,0,45
40820,12,13,4,18,33.33366389,-111.8070611,12,3,1,2,10,0,0,45
40821,12,14,5,21,33.46381111,-111.9784444,12,3,1,3,30,0,0,30
40822,10,6,6,19,33.59640278,-112.1859694,12,3,1,2,15,0,0,40
40823,12,16,7,12,33.49272222,-112.2985083,8,1,1,1,10,0,0,25
40824,12,23,7,5,33.42231389,-111.5964,12,2,2,2,50,0,1,45
40825,12,25,2,12,33.55183611,-112.2550528,12,1,1,2,50,1,0,40
40826,1,15,1,8,34.352525,-109.8306694,99,8,98,1,998,1,0,98
40827,1,15,1,6,32.99666667,-111.6184861,1,4,10,1,998,1,1,25
40828,3,2,5,23,32.18377222,-112.3576917,12,6,98,2,998,4,0,98
40829,11,27,2,17,34.63739444,-111.8223556,12,5,1,3,998,0,0,75
40830,11,27,2,18,33.64047778,-111.9600139,12,3,1,2,11,0,0,45
40832,9,21,5,6,33.66053611,-112.6163417,8,4,1,1,16,0,0,50
40833,12,17,1,16,33.87280278,-112.1464,1,1,1,3,998,1,0,65
40834,1,26,5,21,33.32722778,-112.16915,8,3,1,1,998,0,0,35
40835,5,17,4,7,33.43510833,-111.9998528,8,3,1,1,998,0,0,35
40836,7,28,6,20,34.09038333,-112.143725,1,2,1,1,998,1,0,65
40837,10,11,4,18,33.509525,-112.1175389,12,3,1,2,15,1,0,40
40838,7,29,7,10,33.5923,-112.281275,12,1,1,2,30,1,0,30
40840,3,3,6,2,33.47081944,-112.1686194,99,6,98,1,998,1,0,98
40841,4,15,7,13,33.57568056,-111.5415806,12,1,1,2,10,0,0,35
40842,3,29,4,14,99.9999,999.9999,12,1,98,3,116,1,1,98
40843,8,15,3,20,33.46605278,-112.1723278,8,3,1,1,33,0,0,40
40844,8,31,5,23,33.64026111,-112.091275,8,3,2,2,40,0,0,40
40845,4,18,3,17,33.65986111,-112.1690083,12,1,1,3,74,0,0,45
40846,10,11,4,19,33.43551389,-112.2939861,9,3,1,1,998,0,0,45
40847,9,2,7,21,33.436175,-111.9192139,12,3,1,3,998,0,0,65
40848,9,3,1,17,34.67700278,-110.3144083,12,1,1,2,998,2,0,65
40849,6,29,5,6,33.508675,-112.0476083,8,8,98,1,998,0,0,35
40850,9,4,2,2,33.53098611,-111.8847139,12,2,1,3,998,0,1,65
40851,6,29,5,10,33.52743889,-112.0475722,9,1,1,1,30,0,0,40
40852,10,11,4,22,33.42914722,-111.9333278,33,3,1,1,38,1,1,35
40853,9,7,5,14,33.22065,-112.7424278,43,1,1,1,107,1,1,50
40854,9,24,1,21,31.98821389,-110.5872583,12,2,1,2,998,1,0,75
40856,9,29,6,18,32.20843333,-110.7956194,12,2,1,2,40,0,1,35
40857,10,3,3,18,32.23552778,-111.006375,8,2,1,1,998,0,0,40
40858,10,16,2,19,33.45865556,-111.9954472,12,2,1,2,72,0,0,65
40859,10,11,4,23,35.08682778,-110.898675,1,2,1,1,998,1,0,75
40860,10,19,5,11,33.63942778,-112.1526028,8,1,1,1,10,0,0,45
40861,10,21,7,17,33.46359444,-112.3211722,33,1,1,1,45,1,1,25
40862,10,22,1,14,32.11025278,-110.8514472,12,1,1,3,998,1,0,65
40865,10,22,1,18,32.13388333,-111.0009778,8,2,1,1,40,0,0,40
40866,10,26,5,16,34.47013611,-112.0234972,24,1,1,1,998,1,0,75
40867,10,27,6,11,33.34797222,-112.7231944,12,1,1,2,65,1,0,50
40868,10,28,7,99,33.83788889,-112.1441889,1,3,1,1,998,1,0,65
40869,11,3,6,14,32.14862222,-110.9617444,12,1,1,2,10,0,0,40
40870,11,4,7,19,33.62526667,-112.1336111,12,3,1,2,10,0,0,40
40871,11,5,1,15,34.28023611,-112.7227417,12,1,1,3,998,1,0,55
40872,10,12,5,19,34.73386667,-112.0098611,8,2,1,1,43,0,1,35
40873,11,5,1,16,33.58195833,-112.1573306,8,5,1,1,998,0,0,40
40874,11,9,5,10,33.45841111,-112.31285,12,1,1,3,998,0,0,65
40875,11,9,5,16,33.54569444,-112.1945472,12,1,1,2,15,0,0,25
40876,11,11,7,11,32.16305556,-110.9434694,12,1,1,2,40,1,1,40
40877,11,12,1,5,32.43918056,-110.9714667,33,2,1,1,998,1,1,35
40878,10,13,6,7,33.49499444,-112.0998528,12,4,1,2,71,1,0,35
40879,11,15,4,5,31.69385,-110.4114528,12,2,1,2,998,1,0,65
40880,11,24,6,16,31.97841111,-110.3064583,12,5,1,3,998,0,1,75
40881,11,25,7,5,33.407425,-111.9706306,12,4,1,2,998,1,0,55
40882,11,25,7,19,33.3863,-112.0646333,12,3,1,2,998,0,0,40
40883,12,7,5,16,32.10310833,-110.6938083,12,1,1,2,998,1,0,50
40884,12,9,7,14,34.36824722,-111.4372861,12,1,1,2,998,1,1,55
40885,12,11,2,11,35.53967778,-111.4589861,1,1,10,1,45,1,0,45
40886,12,13,4,2,33.41504722,-111.840025,12,3,1,2,80,2,1,25
40887,12,14,5,12,35.01276389,-110.6556417,57,1,1,1,998,2,0,75
40888,12,19,3,15,33.47846389,-112.2207694,1,1,1,1,45,1,0,45
40889,12,23,7,22,32.15761667,-110.92635,12,3,1,2,90,1,1,40
40890,12,24,1,20,33.419,-110.8152111,8,2,1,1,45,0,0,45
40891,12,27,4,18,32.20674722,-110.9761944,9,2,1,1,998,0,0,98
40892,10,13,6,11,33.406825,-112.0471861,12,1,1,2,80,1,0,40
40893,10,14,7,18,33.59471389,-112.0996,8,3,1,1,998,0,0,40
40894,9,22,6,1,33.49433056,-112.2556972,8,3,1,1,998,0,0,45
40895,11,5,1,18,33.48021667,-111.9812194,8,3,1,1,998,0,0,40
40896,10,15,1,7,35.24989167,-111.5311694,12,1,1,2,998,1,0,50
40897,1,31,3,16,33.36507778,-111.6877694,12,1,1,3,74,0,1,45
40898,3,30,5,2,33.53845,-112.08235,12,3,10,2,38,0,1,40
40899,5,28,1,5,33.50915278,-112.2179333,9,6,1,1,998,0,0,40
40900,6,2,6,4,33.50956389,-112.1739389,8,3,1,2,998,0,0,40
40901,10,15,1,17,33.50550833,-112.1541833,1,3,1,1,998,1,1,30
40903,9,26,3,4,33.55314722,-112.1601917,12,3,1,2,80,2,1,25
40904,10,1,1,1,32.07631111,-111.3160917,32,2,1,1,45,1,0,45
40905,10,8,1,7,33.64173889,-112.0654444,12,1,1,2,64,1,0,40
40906,10,12,5,8,33.21213056,-111.6817083,12,1,1,2,13,0,0,40
40907,10,16,2,3,33.60010833,-112.2812694,12,3,1,3,998,1,0,45
40908,10,23,2,20,33.37818333,-111.9922417,8,3,1,1,45,0,0,45
40909,10,28,7,4,33.42506667,-112.1344583,12,3,1,2,998,1,1,40
40910,11,10,6,18,33.487075,-112.2377583,8,5,1,1,45,0,0,45
40911,11,12,1,2,33.46217778,-112.1544167,25,3,1,1,998,1,1,65
40912,11,12,1,14,33.16753611,-111.5686333,12,1,1,3,45,1,0,45
40913,11,17,6,1,33.51021944,-112.1170694,8,3,1,1,25,0,0,40
40914,11,17,6,18,32.78644722,-111.5676222,8,2,10,1,63,0,0,50
40915,11,18,7,17,33.62253889,-112.0307778,12,1,1,2,998,1,0,45
40916,11,27,2,3,33.13283611,-111.5519111,1,2,1,1,62,1,0,25
40917,11,30,5,9,33.58040833,-112.2731806,12,1,10,2,99,0,0,35
40918,12,2,7,16,32.25105,-110.7395333,12,1,1,2,998,0,0,45
40919,10,16,2,5,33.50225,-112.115925,9,3,1,2,10,0,0,25
40920,12,4,2,7,33.4354,-112.3496361,12,1,1,2,41,0,0,35
40921,12,8,6,19,34.24941111,-113.0813944,12,2,1,2,998,1,0,65
40922,12,12,3,21,33.48749444,-112.4215333,30,2,1,1,998,1,0,65
40923,12,13,4,16,32.91631389,-111.6533028,12,1,1,2,10,1,0,0
40924,12,16,7,10,33.5675,-112.1775389,9,1,1,1,998,0,0,25
40925,12,20,4,15,33.862375,-112.1449694,12,1,1,4,70,0,0,75
40926,12,26,3,20,33.26332222,-111.63475,12,3,1,2,20,0,0,45
40927,12,29,6,15,33.650425,-112.3796861,33,1,10,1,70,1,0,45
40929,12,31,1,2,34.42845278,-112.5506056,35,2,10,1,998,1,0,35
40931,10,17,3,12,33.41413889,-111.7365361,8,1,1,1,60,0,0,45
40932,10,17,3,19,34.22110556,-112.1118778,35,2,1,1,998,1,1,75
40933,10,17,3,4,32.25078611,-110.8709,9,3,1,1,998,0,0,40