ST_CASE,MONTH,DAY,DAY_WEEK,HOUR,LATITUDE,LONGITUD,HARM_EV,LGT_COND,WEATHER,VE_FORMS,TRAV_SP,DEATHS,DR_DRINK,VSPD_LIM
50080,2,24,6,10,35.76502222,-91.93123333,42,1,10,1,998,1,0,55
50081,3,6,2,13,33.86623333,-94.17649167,35,1,1,1,998,1,0,45
50082,3,8,4,19,34.61486944,-92.507075,12,2,1,2,998,1,1,55
50083,3,9,5,5,33.36750556,-93.51618889,8,2,1,1,998,0,0,55
50084,2,18,7,17,36.05639167,-94.16205833,12,1,1,2,998,1,0,25
50085,2,21,3,21,34.45247222,-93.07061944,12,3,1,2,998,0,0,35
50086,2,17,6,18,34.83565833,-91.47237778,33,3,1,1,998,1,0,98
50087,3,10,6,23,34.84869444,-92.146275,12,2,1,2,0,1,1,60
50088,3,17,6,15,34.81799167,-91.61930556,42,1,1,1,998,1,0,75
50089,3,11,7,19,36.15343056,-94.17260556,12,2,2,2,998,1,1,35
50090,3,22,4,12,34.19265556,-92.40319444,35,1,1,1,998,1,0,60
50091,2,18,7,21,34.67602222,-92.36533333,12,2,1,3,998,1,0,65
50092,2,25,7,1,34.83666111,-92.34784167,1,2,10,1,998,1,1,75
50093,3,14,3,17,35.64926667,-91.05156944,34,1,1,1,998,1,1,55
50094,3,21,3,8,34.32928333,-92.92395,42,1,2,1,998,1,0,45
50095,1,13,6,11,35.36779722,-93.53074722,1,1,1,2,998,0,1,55
50096,2,13,2,10,36.45136667,-90.85651667,12,1,1,2,998,1,1,40
50097,3,24,6,10,34.99401389,-92.41487778,1,1,2,1,998,1,0,75
50098,3,21,3,16,33.74426944,-93.51428333,1,1,10,1,998,1,0,75
50099,3,25,7,11,34.40423611,-93.16914722,12,1,1,2,998,1,1,45
50100,3,26,1,1,34.72213056,-92.32763611,8,2,1,1,998,0,0,35
50101,1,28,7,6,34.74519167,-92.54986944,8,2,1,1,998,0,0,45
50102,3,16,5,16,34.66846389,-92.26436111,8,1,2,1,998,0,0,75
50103,3,28,3,17,34.97731111,-92.12875278,59,1,1,1,998,1,1,45
50104,3,10,6,12,36.45561944,-93.16467222,12,1,1,2,998,1,0,55
50105,2,12,1,18,36.24934722,-92.68852778,14,5,1,2,0,0,0,35
50106,3,28,3,18,33.47534167,-94.01043333,12,1,1,2,998,0,0,65
50108,3,27,2,15,34.21461111,-93.08373611,12,1,1,2,998,1,0,98
50109,4,5,4,14,34.385125,-92.75004167,32,1,10,1,998,1,0,55
50110,3,17,6,23,34.48774167,-93.09140278,33,3,1,1,998,1,0,40
50111,4,6,5,16,36.33758056,-93.451425,12,1,1,2,998,1,0,55
50112,2,8,4,20,34.73259167,-92.30611944,8,2,2,1,998,0,0,35
50113,3,31,6,18,35.2134,-92.69416667,34,1,1,1,998,1,0,35
50114,4,4,3,8,35.41744444,-93.13493056,12,1,1,2,998,1,0,55
50115,2,15,4,23,36.38105278,-92.02985278,34,6,10,1,998,1,1,98
50116,4,8,7,13,34.71917222,-92.40121111,12,1,1,2,998,0,0,65
50117,2,17,6,9,35.68933333,-90.53143056,12,1,1,2,998,1,0,45
50118,4,3,2,23,34.74815833,-92.28588611,15,2,1,1,998,0,0,35
50119,2,20,2,12,35.06608611,-92.43418333,12,1,1,2,998,1,0,0
50120,2,21,3,17,33.61328889,-92.77738889,12,1,1,2,998,1,0,50
50121,3,17,6,23,34.81980278,-92.34069167,42,2,1,1,998,1,1,50
50122,4,14,6,8,34.56554444,-93.61988056,1,1,1,1,998,1,0,55
50123,3,18,7,21,34.91906389,-91.80375278,42,2,1,1,998,1,0,45
50124,3,25,7,16,34.89563611,-92.02756944,30,1,1,1,998,1,0,45
50125,4,16,1,13,34.67999722,-92.34377222,12,1,1,3,998,0,1,35
50126,4,11,3,17,35.031075,-91.80275833,59,1,1,1,998,1,0,55
50127,4,1,7,14,34.59696667,-92.60264444,42,1,1,1,998,1,0,45
50128,4,5,4,18,34.61563056,-92.91898889,30,5,10,1,998,1,1,55
50129,4,19,4,11,35.91051111,-90.58800833,12,1,1,2,998,1,1,50
50130,2,24,6,2,34.74364167,-92.288525,12,2,2,2,998,1,0,60
50131,4,21,6,20,35.24903889,-91.68088333,12,2,1,2,998,1,0,98
50133,4,12,4,20,34.48076944,-93.05982222,1,3,1,3,998,1,0,35
50134,4,14,6,17,36.22511389,-94.14440278,12,1,1,2,998,1,0,45
50135,4,17,2,20,34.40058611,-93.23795,31,2,1,1,998,2,1,35
50136,4,19,4,12,34.37561667,-92.47751389,38,1,1,1,998,1,0,55
50137,4,22,7,6,33.98191389,-94.33094444,42,1,1,1,998,1,1,55
50138,2,12,1,14,35.37490833,-94.38582222,12,1,1,2,998,0,1,35
50139,3,22,4,15,35.4459,-93.74837222,12,1,1,2,998,1,0,55
50140,2,15,4,21,35.31903056,-92.94339722,8,2,1,1,998,0,0,55
50141,4,5,4,2,34.85240278,-92.141,8,2,10,1,998,0,0,65
50142,4,21,6,6,35.23593056,-91.70151111,21,4,1,1,998,1,0,75
50143,4,23,1,1,34.77431111,-92.38983889,8,2,2,1,998,0,0,65
50144,4,21,6,6,34.60893611,-91.41621389,42,4,2,1,998,1,0,55
50145,4,26,4,19,34.18278056,-92.02440278,42,2,10,1,998,1,0,40
50146,4,22,7,18,34.70019444,-92.27037778,24,1,1,1,998,1,0,75
50147,4,18,3,12,36.43043333,-94.37491111,12,1,1,2,998,2,0,55
50148,4,27,5,7,34.080575,-92.54806389,42,1,10,1,998,1,0,45
50149,5,1,2,16,36.06733611,-90.45794167,12,1,1,2,998,0,0,35
50150,3,23,5,3,34.49425278,-92.20901944,42,2,1,1,998,1,1,75
50151,4,13,5,16,34.54488333,-92.19963333,42,1,1,1,998,1,1,55
50152,4,22,7,18,33.90595833,-92.14504167,34,1,10,1,998,2,0,55
50153,4,30,1,0,34.21313056,-91.98045833,8,3,1,1,998,0,0,40
50154,4,17,2,5,34.70672222,-94.17928333,12,2,1,2,998,1,0,55
50155,4,29,7,19,36.26225556,-93.77679722,12,1,1,3,998,1,0,55
50156,3,20,2,16,35.14815,-93.16279722,12,1,1,2,998,1,0,55
50157,5,5,6,21,34.79829722,-92.41568333,12,3,1,2,998,1,0,45
50158,5,5,6,20,35.90394722,-93.932875,34,2,1,1,998,1,1,40
50159,5,2,3,17,34.71371667,-92.28584722,24,1,1,1,998,1,0,99
50161,5,3,4,21,34.20557222,-92.00698333,9,3,1,1,998,0,0,40
50162,5,1,2,18,35.08225556,-92.22524722,12,1,1,4,998,0,0,30
50163,5,6,7,14,36.19911389,-93.71871944,1,1,1,1,998,1,1,55
50164,3,16,5,8,34.85698056,-94.06693056,12,1,10,2,998,1,0,55
50165,3,23,5,17,35.29436667,-94.39903889,12,1,10,2,998,0,0,30
50166,5,1,2,15,35.97540556,-90.97881111,1,1,6,1,998,1,0,75
50167,5,2,3,4,35.24624167,-92.73323611,12,2,1,2,998,1,0,55
50168,5,6,7,13,35.11283333,-92.95415,11,1,1,1,998,1,0,55
50169,3,16,5,22,35.36291944,-94.39065,12,2,1,2,998,1,0,30
50170,3,24,6,20,35.10424722,-90.22945278,42,6,2,1,998,1,0,45
50171,4,16,1,2,34.97746944,-91.56320833,35,2,1,1,998,1,1,98
50172,4,22,7,21,35.714475,-92.33513333,35,2,1,1,998,1,1,25
50173,4,17,2,9,35.22385833,-91.71503889,12,1,1,2,998,1,0,75
50174,3,30,5,16,36.38448611,-91.86147222,12,1,1,3,998,0,0,55
50175,5,17,4,7,34.29659167,-93.63140833,12,1,10,2,998,1,0,55
50176,5,13,7,18,36.055925,-90.57135556,12,1,1,2,998,1,0,40
50177,5,18,5,15,36.37082778,-93.75308056,12,1,1,2,998,1,1,55
50178,4,29,7,18,35.270675,-91.90578056,12,1,1,3,998,1,0,55
50179,5,10,4,20,35.14651667,-90.17243889,8,3,2,1,998,0,0,35
50180,5,18,5,14,34.86696111,-92.09781389,12,1,1,2,998,0,0,35
50181,4,4,3,11,35.17364167,-90.89220833,34,1,10,1,998,1,0,55
50182,5,14,1,8,35.24484444,-92.95385556,59,1,1,1,998,1,0,70
50183,4,3,2,21,33.24436389,-91.79648333,12,2,1,2,998,0,1,55
50184,4,6,5,9,35.14741389,-90.30195556,23,1,1,1,998,1,1,55
50185,5,7,1,19,35.31271667,-91.76156667,1,1,1,1,998,1,1,35
50186,5,8,2,14,34.78026667,-92.39044722,24,1,1,1,998,0,0,65
50187,5,18,5,19,33.84145,-93.89247222,1,1,1,1,998,1,1,55
50188,5,21,1,21,36.25691944,-93.90896111,1,2,1,1,998,1,1,55
50189,5,11,5,18,33.02856667,-92.58867222,42,1,10,1,998,1,0,55
50190,3,29,4,0,34.89986667,-91.19445556,19,6,1,1,998,1,1,40
50191,3,29,4,15,36.39904167,-94.21635,12,1,1,3,998,0,0,45
50192,5,24,4,10,34.24448611,-93.71881389,35,1,1,1,998,1,0,55
50193,5,21,1,12,34.82415278,-92.15145556,12,1,1,2,998,0,0,65
50194,4,10,2,16,35.15096111,-90.138825,12,2,1,3,998,0,0,65
50195,4,11,3,21,35.23666111,-90.21,31,6,1,1,998,1,0,35
50196,5,2,3,18,35.23845833,-94.00498889,1,1,1,1,998,1,1,55
50197,4,14,6,16,35.16757222,-90.20238611,18,1,1,1,998,2,1,65
50198,5,28,1,11,36.34010556,-92.38063056,12,1,1,2,998,1,0,30
50199,4,17,2,11,35.38903056,-93.53004722,12,1,1,2,998,0,0,45
50200,5,20,7,2,34.68410833,-92.40602778,8,2,10,2,998,0,1,65
50201,5,30,3,20,34.81576111,-92.23956944,8,3,1,1,998,0,0,40
50202,5,24,4,3,34.37965278,-92.851325,12,2,1,2,0,1,1,75
50203,6,3,7,1,34.62043611,-94.39596389,17,2,1,1,998,1,1,55
50204,5,16,3,2,36.39388611,-94.08071389,38,2,99,1,998,1,1,35
50205,5,28,1,6,35.11257778,-92.52067222,1,2,1,1,998,1,1,55
50206,6,3,7,2,34.2475,-92.09980833,24,2,1,1,998,1,1,75
50207,6,3,7,16,36.28501389,-94.15801389,12,1,2,2,998,0,0,70
50208,6,8,5,13,35.20804167,-94.24366944,32,1,1,1,998,1,0,45
50209,5,7,1,14,35.24548333,-92.99526389,12,1,10,3,998,1,0,75
50210,5,17,4,20,35.65772222,-91.2485,34,2,1,1,998,1,0,55
50211,5,19,6,17,35.56996944,-90.14198333,12,1,10,2,998,1,0,75
50212,5,30,3,8,35.83850278,-90.40917778,12,1,1,2,998,1,0,60
50213,6,2,6,8,35.83985833,-90.37076111,12,1,1,2,998,1,0,98
50214,4,17,2,3,34.74973333,-92.28100278,8,3,1,1,998,0,0,30
50215,6,12,2,8,34.62919444,-92.26895833,1,1,1,1,998,1,0,75
50217,5,5,6,8,34.55499167,-90.71118056,12,1,2,2,998,0,0,60
50218,6,10,7,22,36.04008056,-94.18953611,9,2,1,1,998,0,0,65
50219,6,15,5,20,33.65855278,-93.57511389,12,3,1,2,998,0,0,55
50220,4,21,6,23,36.23417222,-91.24114444,12,2,1,2,998,0,0,55
50221,4,22,7,12,36.07206667,-94.12601389,12,1,1,2,998,1,0,45
50222,5,26,6,19,36.09209722,-93.79290556,1,1,1,1,998,1,0,40
50223,6,4,1,0,33.86880278,-92.27514722,24,2,1,1,998,1,0,55
50224,6,19,2,12,34.091875,-94.101925,12,1,1,2,998,1,1,55
50225,6,22,5,9,35.8212,-90.66889167,15,1,1,1,998,0,0,40
50226,4,23,1,10,35.09712778,-91.99043056,12,1,1,2,998,1,0,0
50227,6,24,7,5,34.555,-92.80227222,12,1,1,2,998,1,1,60
50228,5,25,5,13,34.03705278,-93.08533056,10,1,1,1,998,2,0,40
50229,6,3,7,0,34.68079444,-92.35305833,12,3,1,2,998,2,0,35
50230,6,19,2,0,34.67898056,-92.34682778,8,2,1,1,998,0,0,65
50231,6,6,3,9,33.34215278,-93.97659167,38,1,1,1,998,1,0,75
50232,5,23,3,8,35.14811944,-90.39025,12,1,10,2,998,1,0,55
50233,6,16,6,17,34.83302222,-91.36885,42,1,2,1,998,2,0,55
50234,6,19,2,12,35.33317778,-93.23814167,42,1,1,1,998,3,0,75
50235,6,20,3,13,33.68467222,-92.04349167,35,1,1,1,998,1,0,55
50236,6,24,7,19,33.35424444,-93.68115556,30,1,1,1,998,1,0,55
50237,5,17,4,18,35.32206111,-91.64291944,35,1,1,1,998,1,1,45
50238,6,24,7,21,33.52524167,-91.45996111,12,2,1,2,998,1,1,55
50239,7,2,1,1,35.18217222,-92.742525,53,2,1,1,998,1,1,55
50240,6,28,4,5,36.26999444,-90.96106667,12,4,1,2,69,1,0,45
50241,6,19,2,12,35.165575,-91.81925,12,1,1,2,998,1,0,55
50242,6,19,2,20,34.78665556,-92.28982778,8,2,1,1,998,0,0,60
50243,7,4,3,11,33.56581944,-92.82996389,42,1,1,1,998,1,0,30
50244,4,30,1,21,35.34255556,-91.62360556,12,2,1,2,998,1,1,55
50245,4,30,1,22,34.74144444,-92.342825,8,3,1,1,998,0,0,35
50246,7,5,4,9,36.32278889,-93.380175,12,1,1,2,998,1,0,60
50247,7,7,6,18,34.6072,-94.38593056,1,1,10,1,998,1,1,55
50248,6,28,4,16,33.59193333,-94.05074722,8,1,1,1,998,2,0,65
50249,5,17,4,12,35.13921667,-90.09971111,12,1,1,2,998,0,0,65
50250,5,29,2,16,35.15303056,-90.06937222,12,1,1,3,0,0,0,55
50251,6,7,4,11,35.136675,-90.09141389,12,1,1,3,998,1,0,65
50252,7,4,3,16,34.72399167,-92.267325,12,1,1,2,998,1,0,35
50253,7,2,1,20,35.00490833,-92.14548056,12,1,1,2,998,1,1,55
50254,6,24,7,22,35.06087222,-92.20796667,12,2,1,3,998,1,0,98
50255,7,1,7,18,34.07496389,-92.56483611,42,1,1,1,998,1,1,35
50256,7,10,2,14,33.62921389,-93.73225833,42,1,1,1,998,1,0,75
50257,7,7,6,2,34.59946389,-92.55109167,8,2,1,1,998,0,0,70
50258,7,9,1,0,33.26618333,-93.19902222,32,2,1,1,998,1,1,45
50259,6,9,6,15,36.29125556,-94.403875,35,1,10,1,998,1,0,40
50260,6,27,3,10,36.45373611,-92.31440556,12,1,1,2,998,1,1,45
50261,7,7,6,16,33.78466667,-93.40276111,10,1,1,1,998,1,0,98
50262,7,8,7,12,34.53803056,-91.57038056,12,1,1,2,998,0,0,55
50263,7,8,7,17,34.30668611,-92.81135556,35,1,1,1,998,1,0,35
50264,6,30,6,16,34.60095,-92.00808056,34,1,1,1,998,1,0,55
50265,5,2,3,13,33.96679167,-92.62020833,42,1,1,1,998,1,0,55
50266,4,20,5,23,34.61787778,-92.27698889,8,6,98,1,998,0,0,35
50267,7,10,2,14,35.8412,-92.85686389,1,1,1,1,998,1,0,55
50268,7,15,7,10,36.1173,-94.14579167,21,1,1,1,998,1,0,40
50269,7,13,5,7,35.08929444,-92.37707778,12,1,2,4,998,1,1,55
50270,7,22,7,12,36.39844722,-93.70246389,1,1,1,2,998,1,0,55
50271,7,22,7,21,36.13665,-93.64913889,12,2,1,3,998,2,0,55
50272,6,29,5,20,34.60740278,-92.65535556,12,2,1,2,998,0,0,55
50273,7,16,1,10,35.22176667,-93.03136111,18,1,1,1,998,1,0,0
50274,7,19,4,6,35.90091944,-92.62060556,9,1,1,1,998,0,0,55
50275,7,19,4,5,34.31692222,-92.48661667,12,1,1,2,65,1,0,55
50276,7,19,4,17,34.58264444,-93.92203611,1,1,1,1,998,1,0,55
50277,7,22,7,18,34.02364722,-93.75998333,12,1,1,2,998,0,0,5
50278,7,23,1,7,34.459425,-92.75335,12,1,1,2,998,0,0,70
50279,6,1,5,9,35.29913889,-93.82888611,12,1,1,2,998,0,0,98
50280,7,26,4,21,33.63329722,-91.78355278,8,2,1,1,998,0,1,20
50281,7,27,5,10,35.25825,-93.10336944,12,1,1,2,998,0,0,45
50282,7,20,5,17,34.73278056,-92.39963889,12,1,10,2,998,0,1,65
50283,7,27,5,6,34.53391389,-92.41596944,30,1,1,1,998,1,0,45
50284,7,17,2,11,34.32428333,-93.58612222,38,1,1,1,998,1,0,55
50285,7,29,7,5,34.81987222,-92.33524444,8,2,1,2,998,0,0,99
50286,7,1,7,21,36.03653333,-94.04343889,1,5,1,1,998,1,0,99
50287,7,23,1,14,35.09910556,-92.43055556,24,1,1,1,998,1,1,75
50288,7,31,2,16,34.8011,-91.74818889,59,1,1,1,998,1,0,98
50289,7,29,7,19,36.04191667,-90.54091111,1,1,1,1,998,1,0,40
50290,6,4,1,4,35.85739167,-90.03519167,9,2,1,1,998,0,0,45
50291,6,14,4,16,35.70238056,-91.78489722,12,1,1,2,998,0,0,55
50292,6,6,3,18,35.2976,-94.42332778,12,1,1,2,998,1,0,45
50293,7,5,4,14,35.14757222,-93.88255,42,1,10,1,998,1,0,55
50294,6,18,1,14,35.25137222,-91.84788333,30,1,10,1,998,1,0,55
50295,8,2,4,12,35.45645556,-94.32540278,12,1,1,2,998,1,0,75
50296,7,25,3,21,36.16335556,-94.14363611,8,3,1,1,998,0,0,40
50297,6,18,1,22,34.64063889,-92.44445556,8,2,1,1,998,0,0,70
50298,8,6,1,14,35.25355278,-92.93550556,59,1,10,1,998,2,0,75
50299,7,31,2,21,35.15545833,-90.14978889,1,2,1,1,998,1,0,65
50300,7,19,4,9,36.22537222,-92.67203889,12,1,10,2,998,0,0,55
50301,8,1,3,3,34.71170833,-92.38648611,8,2,1,1,998,0,0,35
50302,8,5,7,1,35.89745,-94.18885,42,2,1,1,998,1,1,75
50303,8,4,6,10,36.05458056,-90.49903611,19,1,10,1,998,1,0,35
50304,8,5,7,2,35.24727222,-91.79739722,9,2,1,1,998,0,0,55
50305,8,7,2,19,35.77426389,-91.76966944,42,1,1,1,998,1,0,40
50306,7,24,2,1,35.15329444,-90.10265556,12,2,1,2,998,1,0,65
50307,8,6,1,18,34.58055,-90.82127778,34,1,1,1,998,1,1,55
50308,8,7,2,6,36.21025556,-94.13340833,12,1,10,2,998,0,0,30
50309,8,10,5,9,34.19482222,-91.93661111,12,1,10,2,998,1,0,55
50310,8,14,2,5,35.08188056,-92.23428056,12,3,1,2,998,1,0,55
50311,8,4,6,17,34.04565556,-93.41036667,12,1,1,2,998,0,0,55
50312,8,16,4,1,34.7147,-92.34266389,15,3,1,1,998,0,0,35
50313,8,3,5,6,35.18333056,-90.18450556,12,1,1,2,998,0,0,45
50314,8,9,4,22,35.853975,-94.18045833,14,2,10,1,998,0,0,75
50315,8,17,5,21,34.20566389,-92.04381111,42,3,1,1,998,1,1,40
50316,8,10,5,1,34.747275,-92.37730556,8,3,10,2,0,0,0,65
50317,8,15,3,18,35.29687778,-93.13129722,12,1,1,3,998,0,0,35
50318,8,15,3,23,34.47168889,-92.98400278,8,2,1,1,998,0,0,40
50319,7,22,7,19,36.35147222,-93.56212222,12,1,1,2,998,0,1,45
50320,7,1,7,16,35.10961111,-92.08783333,12,1,1,2,998,0,0,45
50321,8,12,7,21,35.13845556,-90.09708056,8,2,1,1,998,0,0,65
50322,8,19,7,7,35.58905833,-94.27821667,24,1,1,1,998,1,0,35
50323,7,1,7,21,36.32049722,-91.48855833,12,2,1,2,998,1,0,45
50324,8,19,7,18,36.11118889,-92.31170556,1,1,1,1,998,1,1,55
50325,8,21,2,17,33.29291944,-93.75559722,1,1,1,1,998,1,1,55
50326,8,5,7,4,34.85239722,-92.10644444,12,2,1,2,998,0,1,45
50327,7,8,7,17,36.252375,-91.00019444,43,1,10,1,998,1,0,40
50328,7,30,1,10,35.994125,-94.17433056,39,1,1,1,998,1,0,35
50329,8,24,5,6,35.96267222,-90.67522778,15,1,1,1,998,0,0,99
50330,8,25,6,20,34.8977,-92.09200278,12,2,1,3,998,0,1,45
50331,8,11,6,18,36.02281389,-94.36855556,1,1,1,1,998,1,0,50
50332,7,11,3,15,34.04758889,-92.04131944,35,1,10,1,998,1,0,55
50333,8,26,7,6,33.308975,-91.37608333,1,2,1,1,998,1,1,55
50334,7,22,7,18,34.56244722,-90.64300278,33,1,1,1,998,1,0,45
50335,8,17,5,17,34.24429167,-92.99809444,1,1,1,1,998,1,0,75
50336,8,24,5,20,34.65521111,-92.369975,12,3,1,2,998,1,1,35
50337,8,25,6,12,33.25418611,-92.64468056,34,1,1,1,998,1,0,40
50338,8,26,7,20,36.19411111,-94.53210556,8,3,1,2,998,0,0,30
50339,7,24,2,8,36.33596111,-94.23665,12,1,1,3,0,0,0,45
50340,8,29,3,16,35.78690833,-91.64185556,12,1,1,2,998,1,0,45
50341,8,29,3,9,35.29360556,-93.13295,12,1,1,2,998,0,0,35
50342,9,1,6,16,34.73685,-92.32266667,12,1,1,2,998,1,0,25
50344,7,26,4,22,35.40533889,-94.37606667,8,3,1,1,998,0,0,30
50345,9,1,6,22,33.13779722,-91.943475,12,3,1,2,998,0,0,98
50346,9,1,6,20,35.46661389,-93.11011111,1,2,1,1,998,1,1,55
50347,9,3,1,0,33.05837778,-92.90135278,35,2,1,1,998,1,1,55
50348,9,3,1,22,33.635725,-93.71123889,24,2,2,3,998,2,0,75
50349,8,25,6,11,35.67410278,-94.1648,42,1,1,1,998,1,0,75
50350,8,21,2,14,36.38389167,-91.85997222,59,1,1,1,998,1,0,55
50352,9,3,1,14,36.352575,-90.77171667,35,1,1,1,998,1,1,45
50353,7,6,5,19,35.35188889,-94.42221111,12,1,1,2,998,0,0,35
50354,8,8,3,15,36.32454167,-92.476825,34,1,1,1,998,1,0,55
50355,8,28,2,15,34.75281667,-90.76721667,32,1,1,1,998,1,0,60
50356,9,2,7,20,34.59755556,-92.95629167,12,2,1,2,998,1,0,55
50357,9,8,6,5,36.21215833,-91.16806111,12,2,1,2,998,0,0,98
50358,7,29,7,21,35.24883611,-91.79338889,12,2,1,2,998,1,0,45
50359,8,29,3,7,34.79901944,-91.81499722,12,1,1,6,998,1,0,70
50360,9,11,2,4,35.07059444,-92.47226667,12,3,1,2,998,1,0,45
50361,5,12,6,12,34.58633333,-94.21406667,12,1,1,2,998,1,0,45
50362,9,12,3,23,35.89752222,-93.92924722,8,2,5,2,998,0,0,55
50363,8,26,7,12,34.94169167,-91.06061111,72,1,1,2,998,1,1,70
50364,9,17,1,9,35.8276,-92.56215556,12,1,1,2,998,1,0,45
50365,9,18,2,7,36.38248056,-92.46114722,12,1,5,2,998,0,0,45
50366,8,31,5,22,34.59840556,-90.66853333,1,2,1,1,998,1,1,55
50367,9,17,1,15,34.52324722,-93.33176667,42,1,1,1,998,1,0,55
50368,9,15,6,13,36.25542222,-93.09321944,32,1,1,1,998,1,0,45
50369,9,3,1,7,35.33724722,-94.21945278,34,1,1,1,998,1,1,55
50370,9,12,3,0,33.73394444,-91.29045278,1,2,1,1,998,1,0,55
50371,9,18,2,16,34.046275,-94.21520833,12,1,1,4,998,1,1,55
50372,9,20,4,5,33.96719444,-94.1685,8,2,10,1,998,0,0,35
50373,9,23,7,22,35.15849444,-90.15799167,24,2,1,1,998,1,0,45
50374,9,18,2,15,34.63152222,-92.48678333,42,1,1,1,998,1,1,45
50375,9,23,7,12,34.64241111,-92.45916667,35,1,1,1,998,1,0,50
50376,8,10,5,9,34.58332778,-92.57510833,8,1,1,1,998,0,0,45
50377,7,29,7,18,35.41305278,-94.38955833,12,1,1,2,998,0,0,40
50378,9,13,4,5,36.17939167,-93.96900833,8,3,5,3,998,0,0,65
50379,9,19,3,14,34.07264167,-93.667225,12,1,1,2,998,0,0,55
50380,9,18,2,19,36.04795,-94.144925,12,1,1,3,998,1,0,40
50381,9,23,7,11,34.91126667,-92.64867778,34,1,1,1,998,1,1,45
50382,9,11,2,9,36.05241389,-91.31113333,53,1,1,1,998,1,0,55
50383,9,16,7,6,34.85307222,-91.33557222,57,1,1,1,998,1,0,70
50384,9,21,5,22,35.18831389,-93.29613611,42,2,2,1,998,1,1,35
50385,9,9,7,18,36.09275278,-94.20019722,12,1,1,4,998,0,0,40
50386,9,28,5,8,33.08283056,-93.89734722,59,1,1,1,998,1,0,75
50387,9,11,2,15,34.77468889,-90.85365,12,1,1,2,998,1,0,55
50388,9,27,4,12,33.39788056,-91.85024167,12,1,1,2,998,1,0,55
50389,9,22,6,10,34.77511111,-90.81071667,12,1,10,2,998,0,0,55
50390,9,28,5,21,36.35074444,-94.48473056,1,2,1,1,998,1,1,55
50391,10,1,1,17,36.43215278,-93.50925,42,1,1,1,998,1,0,55
50392,9,26,3,19,36.09767222,-94.33903056,59,1,1,1,998,1,1,55
50393,9,29,6,9,35.14118333,-92.40206944,12,1,1,3,998,1,0,55
50394,10,2,2,14,35.04520556,-92.33850833,32,1,1,1,998,1,0,55
50395,8,9,4,16,35.37143611,-94.41091111,8,1,10,1,998,0,0,30
50396,10,4,4,13,34.16294167,-93.62975556,12,1,99,2,998,0,0,55
50397,9,22,6,23,34.70600556,-92.34426389,9,2,1,1,998,0,0,35
50398,10,6,6,18,33.9142,-93.602475,42,2,1,1,998,1,0,55
50399,10,3,3,17,33.66805833,-93.57166111,12,1,1,2,998,1,0,35
50400,10,8,1,1,34.7206,-92.33140833,8,3,1,1,998,0,0,35
50401,10,3,3,7,33.72661944,-92.61013056,10,1,1,1,998,1,0,35
50402,9,19,3,12,34.59300833,-92.26830278,57,1,1,2,998,1,0,75
50403,8,17,5,8,35.85613056,-91.74763889,12,1,1,2,998,0,0,55
50404,9,24,1,1,36.12110833,-94.26269722,43,2,2,1,998,1,0,35
50405,8,14,2,7,34.76854167,-92.32144444,8,1,1,1,998,0,0,25
50406,10,6,6,19,33.38504444,-94.03369167,52,2,1,1,998,1,1,65
50407,10,9,2,16,34.72703333,-92.31530556,12,1,1,2,998,1,1,35
50408,10,5,5,23,34.68023889,-92.34377778,8,2,1,1,998,0,0,35
50409,10,18,4,5,34.48200278,-92.05246111,32,2,5,1,998,1,0,98
50410,10,18,4,10,34.61719444,-92.26631944,42,1,1,1,998,1,0,98
50412,10,9,2,11,35.85868333,-93.04211944,34,1,1,1,998,1,0,55
50413,10,14,7,5,34.80213611,-92.37154444,12,3,1,2,998,1,1,65
50414,8,25,6,19,34.96303611,-92.09613056,12,6,1,2,998,1,0,40
50415,10,21,7,15,34.61660833,-92.90501389,1,1,1,2,998,1,0,55
50416,9,2,7,4,34.76948333,-92.11650556,12,2,1,2,998,0,0,98
50417,10,23,2,18,34.73231111,-92.40769167,12,5,1,3,998,1,0,35
50418,10,19,5,14,33.65571389,-93.65712778,34,1,1,1,998,1,0,75
50419,9,4,2,15,35.823475,-91.59348333,12,1,10,2,998,1,0,60
50420,10,1,1,18,34.21891111,-92.07133889,38,1,1,1,998,1,1,65
50421,10,15,1,4,35.06606944,-92.43431944,32,3,1,1,998,2,1,45
50422,10,21,7,7,35.25074444,-94.29223333,42,2,1,1,998,1,1,35
50423,9,2,7,6,35.30530833,-94.37060278,12,3,1,2,998,1,0,35
50424,9,5,3,18,35.61823889,-91.25184444,12,1,1,2,998,1,1,40
50425,9,6,4,23,35.42848333,-94.36921389,42,2,1,1,998,1,1,55
50426,9,21,5,22,35.73395,-90.02566389,8,2,1,4,998,0,0,65
50427,9,23,7,12,35.44481111,-92.13876111,12,1,1,2,998,1,0,55
50428,9,28,5,8,35.69940278,-90.227175,12,1,1,2,998,1,0,55
50429,10,7,7,19,33.27312778,-92.80040278,32,2,1,1,998,1,0,55
50430,10,16,2,4,34.22169722,-91.44146389,34,2,1,1,998,1,0,55
50431,10,21,7,21,36.31144444,-94.10233333,8,2,1,1,998,0,0,30
50432,9,3,1,13,35.33151111,-93.25383333,12,1,1,2,998,0,0,55
50433,10,18,4,8,34.67014444,-92.36468056,12,1,1,3,998,1,0,35
50434,10,4,4,13,35.3669,-90.38754167,12,1,10,2,998,1,0,55
50435,10,26,5,19,34.35308889,-93.18369722,42,2,1,1,998,1,1,55
50436,10,28,7,15,34.77896389,-92.3904,12,1,2,2,998,0,0,65
50437,9,12,3,18,35.39539167,-94.41135556,12,5,1,2,998,1,1,35
50438,10,18,4,6,36.17019722,-90.60553056,12,2,1,2,998,1,0,55
50439,10,27,6,15,36.06134444,-93.91307222,1,1,10,1,998,1,1,55