ST_CASE,MONTH,DAY,DAY_WEEK,HOUR,LATITUDE,LONGITUD,HARM_EV,LGT_COND,WEATHER,VE_FORMS,TRAV_SP,DEATHS,DR_DRINK,VSPD_LIM
50440,10,29,1,21,35.14284167,-90.193525,9,2,2,1,998,0,1,35
50441,10,25,4,18,35.87035278,-92.43984722,42,5,1,1,998,1,0,40
50442,10,14,7,2,34.18068333,-91.87463333,12,2,1,2,998,1,0,65
50443,10,13,6,17,34.80658889,-92.36328889,1,3,10,1,998,1,1,65
50444,11,1,4,21,33.6224,-93.77445833,38,2,1,1,998,1,1,75
50445,10,27,6,17,36.444225,-94.45073056,43,1,10,1,998,1,1,55
50446,9,15,6,16,35.05620833,-92.12005833,42,9,1,1,998,1,1,55
50447,10,31,3,22,35.51728889,-92.01243889,8,2,1,1,998,0,0,40
50448,11,4,7,4,35.16970278,-90.19338056,12,3,1,2,998,1,1,45
50449,10,11,4,14,35.95381667,-91.04274722,42,1,1,1,998,1,0,55
50450,10,1,1,20,35.04024167,-91.95535833,1,2,1,1,998,1,0,75
50451,9,30,7,20,36.33566944,-94.22518889,8,2,1,1,998,0,0,45
50452,10,15,1,2,34.61876111,-92.87833611,5,2,1,1,998,1,0,55
50453,10,23,2,13,34.54611111,-91.88200556,12,1,1,2,998,1,0,55
50454,10,31,3,22,35.08572222,-92.33423889,8,2,1,1,998,0,0,60
50455,11,5,1,12,35.04825,-92.44881389,42,1,1,1,998,1,0,45
50456,11,7,3,5,34.72646389,-92.33511111,8,9,99,1,998,0,0,35
50457,11,7,3,21,34.02889167,-93.10590278,34,2,1,1,998,1,0,55
50458,11,6,2,9,36.18398611,-94.13850278,12,1,1,3,998,0,1,40
50459,11,7,3,4,36.17565,-94.35741111,12,2,1,2,998,0,0,65
50460,10,28,7,11,34.76381389,-92.39092778,23,1,2,1,998,1,0,65
50461,10,23,2,10,35.141225,-90.10674167,12,1,1,2,998,1,0,65
50462,11,11,7,20,34.67143333,-92.23469167,8,2,1,1,998,0,0,45
50463,11,7,3,14,34.61664444,-92.707725,35,1,1,1,998,1,0,45
50464,9,28,5,19,35.373525,-94.42136389,8,3,1,1,998,0,0,35
50465,10,4,4,17,34.9394,-94.15603056,32,1,10,1,998,1,1,55
50466,10,9,2,16,35.51901111,-93.86528611,12,1,1,2,998,1,0,55
50467,10,22,1,13,34.50555833,-92.69947222,12,1,1,2,998,0,0,75
50468,11,14,3,12,33.135,-92.79523611,12,1,1,2,998,1,0,55
50469,10,3,3,14,35.75208056,-91.06898056,12,1,5,16,998,0,0,75
50470,11,10,6,15,34.89237778,-91.19451667,9,1,1,1,998,0,0,40
50471,11,17,6,19,36.019725,-90.52586667,8,2,1,1,998,0,0,45
50472,11,19,1,20,34.69035556,-92.33347778,30,3,2,1,998,1,0,40
50473,11,11,7,23,36.0156,-90.59487222,8,2,1,1,998,0,0,55
50474,11,20,2,15,36.23619167,-91.59960833,12,1,2,2,998,1,0,40
50475,11,10,6,18,34.35536944,-92.44298611,11,2,1,2,998,1,0,55
50476,10,4,4,12,35.3119,-94.41306667,9,1,1,1,998,0,0,35
50477,11,21,3,18,33.67523889,-94.13255,10,3,1,1,998,1,0,35
50478,11,7,3,10,35.80459167,-91.88907222,23,1,1,2,998,1,0,55
50479,11,13,2,5,36.43038056,-94.154475,8,2,1,1,998,0,0,55
50480,10,15,1,23,34.66914167,-92.34466111,12,3,1,2,998,1,0,35
50481,10,8,1,12,35.11628333,-92.46088611,12,1,1,3,998,1,1,55
50482,10,18,4,12,34.74970833,-92.40956389,12,1,1,3,998,1,0,35
50483,11,3,6,22,34.51096111,-92.97470278,12,2,1,2,998,1,1,55
50484,11,20,2,20,33.01454444,-92.71596111,32,2,10,1,998,1,0,45
50485,12,1,6,19,34.67973889,-92.3194,12,3,1,2,998,0,0,30
50486,12,1,6,15,33.82803333,-94.39023333,42,1,1,1,998,1,1,55
50489,11,26,1,15,36.01131667,-94.49609167,12,1,1,2,998,1,0,55
50490,10,27,6,6,35.89056667,-89.97935278,12,4,10,2,998,0,0,60
50491,12,3,1,14,34.38162222,-92.29134722,5,1,1,1,998,1,1,40
50492,11,10,6,13,34.83720278,-94.04573889,12,1,1,3,998,1,0,55
50493,11,6,2,10,35.25369167,-93.77315,1,1,1,1,998,1,0,55
50494,12,3,1,20,33.50551111,-91.41754722,35,2,1,1,998,1,0,55
50495,12,3,1,20,34.23869167,-93.00373611,8,2,1,1,998,0,0,70
50496,11,21,3,14,35.34706944,-91.56448611,32,1,1,1,998,1,0,60
50497,11,30,5,17,35.09131111,-92.41313889,12,3,2,2,998,1,0,45
50498,10,28,7,11,35.52210556,-93.85736111,32,1,2,1,998,1,0,75
50499,11,20,2,18,36.05547222,-94.18991111,8,3,2,1,998,0,0,40
50500,10,28,7,23,33.66946111,-92.73974444,12,2,10,2,998,0,1,65
50501,12,4,2,3,33.83375833,-92.39645556,35,2,1,1,998,1,0,45
50502,12,3,1,13,36.49845556,-94.18123889,12,1,1,2,998,0,0,55
50503,12,7,5,22,34.09783333,-94.38572778,1,2,1,1,998,1,1,55
50505,10,31,3,17,35.41015278,-94.36452778,12,1,1,3,998,1,0,65
50506,12,7,5,16,36.37699444,-93.514175,1,1,1,1,998,1,0,45
50507,11,19,1,22,34.73089722,-90.94480833,30,2,1,1,998,1,0,55
50508,11,3,6,9,35.49744167,-91.99832778,12,1,1,2,998,0,0,40
50509,12,1,6,15,33.53796389,-91.39451389,12,1,1,2,998,1,0,55
50510,11,18,7,6,35.23471389,-93.99741389,12,2,5,2,998,1,0,55
50511,11,9,5,11,36.274275,-91.34113056,12,1,1,3,998,0,0,55
50512,12,7,5,12,34.51616944,-92.34268611,12,1,1,3,998,0,0,60
50513,10,4,4,16,34.46482778,-91.94855556,12,1,10,2,998,0,0,55
50514,12,16,7,2,35.26338056,-91.74480556,33,3,2,1,998,1,1,98
50515,12,14,5,6,35.52840556,-94.05903333,8,2,1,1,998,0,0,75
50516,12,15,6,10,34.471525,-92.99008333,12,1,10,2,998,1,0,45
50517,11,3,6,12,34.06395,-92.04098611,12,1,1,2,998,0,0,55
50518,12,6,4,10,34.62323333,-92.26923889,14,1,1,1,998,1,0,60
50519,12,17,1,21,33.69005556,-93.63300833,12,2,1,2,998,1,1,45
50520,11,13,2,16,35.62486389,-89.9917,10,1,1,1,998,1,0,35
50521,12,10,1,18,36.08866111,-90.49368889,32,3,1,1,998,2,0,35
50522,11,14,3,13,34.55453333,-90.70581111,24,1,1,1,998,1,0,60
50523,11,16,5,23,35.36183333,-94.37019444,12,3,1,2,998,0,0,35
50524,12,15,6,10,34.70816111,-92.27796667,59,1,1,1,998,1,0,65
50526,12,25,2,1,36.18391389,-94.09643611,42,2,2,1,998,1,1,25
50527,12,25,2,2,34.20620833,-92.05985278,34,3,2,1,998,1,1,35
50528,11,18,7,11,36.05385,-94.19593611,9,1,1,1,998,0,0,35
50529,11,18,7,13,35.92743056,-89.896225,15,1,1,1,998,0,0,30
50530,12,22,6,8,34.51685556,-92.41006111,34,1,1,1,998,1,0,45
50531,12,15,6,1,35.42833056,-92.13618056,1,2,1,1,998,1,1,35
50532,12,12,3,17,34.29483611,-92.18290833,12,2,1,2,998,0,0,55
50533,12,27,4,20,34.95799167,-92.01995833,8,3,1,2,998,0,0,35
50534,11,22,4,16,35.32401111,-94.29861111,19,1,1,1,998,0,1,40
50535,12,4,2,12,33.69173889,-94.37714444,12,1,1,2,998,1,0,55
50536,11,30,5,5,34.91161111,-94.10719167,12,2,2,2,998,1,0,55
50537,12,29,6,11,34.3965,-92.82764167,33,1,10,1,998,1,1,55
50538,11,29,4,20,35.81333889,-91.49000833,12,2,1,2,998,0,0,55
50539,11,30,5,7,33.49694722,-92.94528611,12,4,2,2,998,1,1,55
50540,12,9,7,16,35.64984167,-91.07441111,1,1,1,1,998,1,1,30
50541,12,26,3,12,36.42494444,-94.38547222,12,1,10,4,998,1,0,55
50542,12,15,6,8,35.99144722,-90.61520278,12,1,1,2,998,2,0,40
50543,12,31,1,13,34.36466111,-92.17614722,12,1,1,3,998,1,0,75
50544,12,16,7,6,35.56327778,-90.70759167,12,4,10,2,998,0,1,45
50545,12,18,2,7,33.13392222,-91.82050278,12,1,1,2,998,1,0,60
50546,12,9,7,17,35.69793611,-89.98966111,8,3,10,1,998,0,0,35
50547,12,23,7,5,33.28334722,-93.20143056,24,2,1,1,998,1,0,25
50548,12,16,7,2,34.77365278,-92.360875,33,3,2,1,998,1,0,40
50549,12,23,7,3,35.80700278,-90.64313611,12,2,10,2,998,1,0,98
50550,12,24,1,20,35.47990833,-90.35563056,12,2,2,4,0,1,0,75
50551,12,26,3,19,34.78360278,-92.27492778,8,2,1,2,998,0,0,60
50553,12,27,4,18,34.67243333,-92.37394444,8,2,1,1,998,0,0,65
50554,12,31,1,10,34.35684444,-92.88191667,12,1,1,3,998,0,0,75
50555,12,28,5,19,34.34585556,-92.17166667,8,2,1,1,998,0,0,75
50556,12,6,4,19,36.47762222,-94.24868333,12,2,1,3,998,1,1,55
50557,12,4,2,17,34.67751111,-92.34388056,8,3,1,1,998,0,0,35
80001,1,1,1,3,38.73736944,-104.7062361,9,2,1,1,998,0,0,35
80002,1,2,2,21,38.76863333,-104.7615833,8,3,10,1,50,0,0,50
80003,1,3,3,1,39.63058611,-104.9052333,12,3,1,2,65,1,1,65
80004,1,4,4,19,39.75107778,-104.9407667,12,3,1,2,70,1,0,35
80005,1,1,1,0,39.97580278,-104.9880028,8,3,1,2,70,0,0,75
80006,1,7,7,3,39.79723333,-105.0530889,12,3,1,2,60,1,1,45
80007,1,9,2,17,40.05883889,-105.1027333,12,3,1,2,60,2,0,60
80008,1,11,4,11,38.74756944,-104.7556528,24,1,6,1,55,1,0,55
80009,1,10,3,18,39.7911,-105.0686722,12,3,1,2,998,1,1,35
80010,1,13,6,9,40.94911111,-103.6879056,12,1,10,2,65,1,0,65
80011,1,15,1,17,39.49365278,-105.3430278,42,5,4,1,55,1,1,55
80012,1,17,3,8,39.58270556,-105.1344833,8,1,1,1,20,0,0,25
80013,1,17,3,17,40.40685,-104.9374111,12,5,1,3,71,0,0,65
80014,1,17,3,14,39.66542778,-104.6035694,12,1,10,2,55,1,0,55
80015,1,9,2,18,37.26963889,-107.0454944,12,2,1,5,45,1,0,45
80016,1,11,4,6,40.319,-104.7346194,12,2,1,2,10,0,0,65
80017,1,14,7,22,40.40725833,-105.0445611,12,3,1,2,998,0,1,45
80018,1,14,7,17,39.09181111,-108.5610278,8,3,1,1,32,0,0,35
80019,1,16,2,23,39.78222778,-104.900175,52,3,1,1,60,1,1,55
80020,1,16,2,18,38.28674444,-104.59695,8,3,1,1,50,0,0,50
80021,1,18,4,17,38.29593333,-107.772125,12,5,4,4,70,1,1,60
80022,1,15,1,21,40.6011,-106.92125,12,2,4,2,45,1,1,45
80023,1,24,3,1,39.88787222,-105.0711528,34,3,1,1,80,1,0,55
80024,1,26,5,18,39.3277,-104.8803833,12,2,1,2,60,1,1,45
80025,1,26,5,15,40.037525,-105.24485,33,1,1,4,75,0,0,45
80026,1,12,5,15,39.75823889,-104.9406556,8,1,1,1,15,0,0,25
80027,1,25,4,22,39.82173889,-104.7718667,8,3,1,1,35,0,0,40
80028,1,30,2,16,39.64356389,-106.0374722,24,1,10,1,60,1,0,60
80029,1,14,7,20,39.41053611,-104.8721667,8,3,1,1,45,0,0,45
80030,1,27,6,11,39.03972222,-104.6075667,1,1,1,1,55,1,0,55
80031,1,20,6,11,38.92019444,-104.7380278,12,1,10,7,998,0,0,45
80032,1,21,7,17,39.77957222,-105.0532972,8,3,1,1,37,0,0,35
80033,1,26,5,18,39.58052778,-104.9874833,33,3,1,2,70,1,1,35
80034,1,17,3,21,39.39823611,-104.8304028,12,3,1,2,21,1,1,50
80035,1,28,7,13,39.74012778,-104.9859056,12,1,10,2,40,1,0,35
80036,1,29,1,6,39.70909167,-104.8752417,12,4,1,2,998,2,1,40
80037,1,11,4,13,39.89041111,-105.0251333,12,1,3,2,25,1,0,25
80038,1,22,1,1,39.68273611,-104.9593667,12,3,1,2,47,0,1,30
80039,1,26,5,5,39.74555556,-104.8470222,8,3,10,1,45,0,0,35
80040,1,28,7,12,39.69815556,-104.8099583,12,1,10,2,15,0,0,0
80041,1,10,3,19,39.74767778,-104.8292722,33,3,1,1,50,1,1,25
80042,2,1,4,21,38.87073333,-104.71515,1,3,1,2,85,1,0,40
80043,2,3,6,19,38.73743889,-104.6829611,12,3,1,2,65,0,0,55
80044,2,4,7,20,40.42999167,-104.7351194,8,3,1,1,15,0,0,35
80045,2,8,4,17,38.73430556,-104.8094694,59,5,1,1,80,1,1,55
80046,2,8,4,18,40.6297,-102.3015083,45,2,1,1,60,1,1,65
80047,2,9,5,18,39.02626667,-104.3583917,12,2,4,2,55,1,0,55
80048,2,9,5,2,40.47754722,-105.0775278,12,2,1,2,99,1,1,55
80049,2,9,5,13,39.26703056,-103.6228917,14,1,11,1,70,1,0,75
80050,2,3,6,23,38.84981944,-104.6823639,33,2,1,1,70,1,1,50
80051,2,5,1,1,38.854325,-104.7564917,12,3,1,2,998,1,1,40
80052,2,6,2,15,40.48734167,-106.9673444,12,1,10,2,65,1,0,65
80053,2,6,2,20,38.90027778,-104.7648444,33,3,1,1,998,1,0,45
80054,2,11,7,2,40.47258889,-104.6979667,12,2,1,2,80,1,1,65
80055,2,13,2,1,39.79633333,-104.9280889,57,3,1,1,998,1,1,55
80056,2,4,7,7,38.80683333,-104.8222056,8,1,1,1,998,0,0,35
80057,2,8,4,5,38.80869167,-104.7414944,8,3,1,3,63,0,0,45
80058,2,14,3,17,39.59958889,-105.1099667,8,1,1,1,5,0,0,45
80059,2,14,3,9,39.97074722,-105.2369694,12,1,98,4,50,1,0,50
80060,2,11,7,13,38.86956667,-104.7865556,12,1,10,2,79,1,0,35
80061,2,8,4,18,39.7375,-105.0253222,8,3,1,1,40,0,0,35
80062,2,14,3,18,39.61666667,-104.7409611,8,2,10,1,41,0,0,35
80063,2,14,3,23,40.37782222,-104.9204056,38,2,10,1,57,1,1,45
80064,2,16,5,19,39.27712778,-103.7514611,12,2,1,2,64,2,0,75
80065,2,21,3,23,39.65293333,-104.9591333,8,3,10,1,35,0,0,45
80066,2,1,4,20,39.74008333,-104.8541722,8,3,1,1,40,0,0,35
80067,2,21,3,16,40.51361111,-107.3900556,12,1,2,3,65,1,0,65
80068,2,23,5,8,40.98833333,-106.2193167,12,1,11,2,60,2,0,55
80069,2,11,7,17,38.89690556,-104.73855,12,3,1,3,25,0,0,35
80070,2,16,5,6,38.33696111,-104.6194667,57,4,1,1,75,1,0,75
80071,2,19,1,2,38.31540556,-104.8143361,43,2,1,1,60,1,1,45
80072,2,19,1,18,39.72554444,-105.0650444,12,5,1,2,55,1,0,65
80073,2,21,3,13,38.80472222,-104.80215,12,1,1,2,65,1,0,65
80074,2,19,1,18,39.10861111,-108.5014361,38,2,1,1,45,1,1,40
80075,2,28,3,0,39.07728333,-108.4927778,38,2,1,1,65,1,1,40
80076,2,8,4,23,40.01471111,-105.1255556,12,2,98,2,50,1,0,45
80077,2,25,7,18,40.42298056,-104.7222889,8,3,1,1,35,0,0,35
80078,2,5,1,16,40.1804,-105.1165417,1,1,1,1,35,1,0,30
80079,2,24,6,18,38.91702778,-104.7198472,1,3,1,1,65,1,0,55
80080,2,11,7,18,39.69518889,-104.8277167,12,3,1,4,80,1,1,40
80081,2,13,2,11,40.52355556,-105.0489083,9,1,10,1,998,0,0,45
80082,2,26,1,20,38.27838333,-104.5732361,8,2,98,1,30,0,0,30
80083,2,27,2,16,38.84494444,-104.7872667,12,1,1,2,55,1,0,30
80084,2,27,2,21,38.88557778,-104.7365139,33,3,1,1,60,1,1,35
80085,2,18,7,15,39.72715833,-104.9801111,19,1,1,1,998,1,0,25
80086,2,2,5,21,39.734,-104.9936111,8,3,1,1,998,0,0,35
80087,3,4,7,20,39.66361111,-104.809875,12,3,10,2,100,0,0,40
80088,3,1,4,23,39.74747778,-104.8716944,12,3,1,2,15,1,1,25
80089,3,6,2,6,38.83866111,-104.4869444,12,1,1,4,75,0,0,65
80090,3,7,3,7,39.94979167,-103.5919333,1,1,10,1,65,1,0,65
80091,3,8,4,18,37.65407222,-105.8704,8,2,1,1,50,0,0,50
80092,3,4,7,14,39.78370278,-105.0445833,25,1,1,2,70,1,0,55
80093,3,11,7,10,38.074425,-105.9168528,12,1,3,2,60,0,0,65
80094,3,11,7,14,39.59015278,-104.9114444,1,1,10,1,58,1,1,25
80095,3,12,1,1,39.72554722,-104.8699056,12,3,1,2,40,1,1,40
80096,3,13,2,20,40.23072222,-105.2860222,31,2,1,1,65,1,1,45
80097,3,14,3,7,40.18912222,-105.2515833,12,1,1,2,15,1,0,45
80098,3,14,3,23,40.3025,-104.3448056,1,2,1,1,65,1,0,65
80099,3,14,3,15,39.68201667,-104.7253333,12,1,1,2,8,1,0,45
80100,3,9,5,21,38.76493889,-104.7768333,8,2,1,1,45,0,0,45
80101,3,17,6,18,38.14655833,-104.0669472,12,1,1,2,65,1,0,65
80102,3,18,7,19,39.78150833,-104.3382778,1,2,1,1,80,1,1,55
80103,3,24,6,20,39.73787222,-105.0252861,8,3,1,1,998,0,1,35
80104,3,20,2,0,39.29319444,-102.8805556,1,2,1,1,75,1,1,75
80105,3,18,7,2,39.691025,-105.0816833,33,3,1,1,70,1,1,40
80106,3,15,4,20,40.39232778,-104.7292361,8,2,2,1,50,0,0,50
80107,3,22,4,0,40.39221389,-104.7656806,8,2,1,1,55,0,0,55
80108,3,22,4,7,38.89686667,-104.7450667,8,4,1,1,35,0,0,35
80109,3,25,7,22,39.69743889,-104.8294222,12,3,1,2,75,1,1,65
80110,3,24,6,15,38.14076111,-103.8568444,12,1,3,2,40,1,0,50
80112,3,18,7,19,39.58078889,-104.6761111,42,5,1,1,70,1,0,40
80113,3,30,5,8,40.35021111,-103.7621722,58,1,5,1,100,1,0,55
80114,3,31,6,12,40.11126111,-108.8861583,12,1,1,2,20,1,1,60
80115,3,31,6,22,39.88490278,-104.9590028,12,3,1,2,95,1,1,45
80116,3,29,4,10,38.83520833,-104.6460611,12,1,1,2,65,1,0,65
80117,3,27,2,22,39.73297778,-105.0531861,8,3,1,1,999,0,1,35
80118,3,29,4,19,38.89441667,-104.7148056,12,3,1,2,998,1,0,45
80119,3,30,5,18,38.91205,-104.7025,1,1,6,1,998,1,1,45
80120,3,25,7,21,38.95454167,-104.7308333,33,3,1,1,60,1,1,45
80121,3,31,6,20,39.68568333,-104.8075,12,3,1,2,30,0,0,35
80122,3,30,5,9,39.75417778,-104.9875222,1,1,1,1,998,1,0,25
80123,3,7,3,11,40.08027778,-104.7728139,12,1,1,2,15,1,0,45
80124,3,20,2,12,39.96734444,-105.0901056,12,1,1,2,45,1,0,55
80125,3,5,1,1,39.79171111,-104.7881611,52,3,1,1,70,1,1,65
80126,2,12,1,19,39.78345833,-105.01075,8,3,1,2,50,0,0,55
80127,4,1,7,10,40.54330556,-106.3976028,12,1,98,2,60,1,0,65
80128,4,2,1,2,39.70676667,-106.7213889,1,2,1,1,90,1,1,75
80129,4,2,1,18,39.88078056,-105.111725,33,1,1,1,40,1,1,30
80130,4,2,1,12,37.35419444,-108.2567528,12,1,1,2,65,0,0,65
80131,4,2,1,14,38.83803611,-104.8214611,12,1,1,2,998,0,0,25
80132,4,2,1,9,39.69460556,-104.7724556,1,1,1,1,45,1,0,45
80133,4,4,3,17,37.36629722,-103.0466694,1,1,98,1,55,1,0,55
80134,4,4,3,7,40.24004444,-104.0714417,1,1,4,1,69,1,0,75
80135,4,4,3,7,40.15305556,-105.13055,59,1,4,1,50,1,1,45
80136,4,4,3,23,39.89472222,-104.9401528,33,3,1,1,115,1,0,45
80137,4,6,5,5,39.74233889,-104.9867444,8,2,1,1,1,0,0,25
80138,4,4,3,12,39.69767222,-105.0814306,12,1,4,2,85,0,1,40
80139,4,6,5,13,38.13145,-108.2296028,42,1,1,1,30,1,0,30
80140,4,8,7,13,39.48182222,-104.9940111,12,1,1,2,15,0,0,25
80141,4,7,6,21,39.72604444,-105.0816556,9,3,1,1,998,0,1,40
80142,4,4,3,12,39.70641944,-104.79065,8,1,4,1,40,0,0,40
80143,4,6,5,1,40.40709722,-104.9936194,33,3,1,2,998,1,1,40
80144,4,10,2,14,40.52400833,-104.7749056,12,1,1,2,45,1,0,55
80145,4,10,2,22,40.2037,-104.66045,41,2,1,1,72,1,1,55
80146,4,11,3,19,39.83445,-104.914575,8,1,1,1,60,0,0,30
80147,4,10,2,2,37.45024167,-106.8881111,25,2,1,1,50,1,0,25
80148,4,6,5,13,40.45726667,-105.080175,8,1,1,1,998,0,0,0
80149,4,17,2,15,40.7638,-102.9545111,59,1,1,1,110,1,0,75
80150,4,12,4,7,39.04785,-105.5664222,12,1,1,2,85,1,0,65
80151,4,13,5,8,40.32867222,-104.4220833,12,1,1,3,65,1,1,65
80152,4,12,4,14,38.85798333,-104.7004,8,1,1,1,15,0,0,35
80153,4,13,5,17,39.04845833,-108.4488944,30,1,1,1,85,1,1,45
80154,4,14,6,17,37.19083333,-107.7558417,12,1,1,2,60,1,1,60
80155,4,15,7,0,39.73172222,-105.4268083,25,2,4,1,55,1,0,55
80156,4,16,1,18,37.26644444,-104.4675889,38,1,1,1,60,1,1,45
80157,4,16,1,21,40.00043611,-104.7723167,12,2,1,2,45,1,1,45
80158,4,8,7,13,39.83068889,-104.9269167,34,1,10,1,998,1,1,45
80159,4,12,4,10,37.27100833,-108.0056111,12,1,1,2,65,1,0,65
80160,4,15,7,7,38.21854722,-104.6308194,33,1,1,1,75,1,1,55
80161,4,12,4,6,39.65315556,-104.9996194,8,4,1,1,40,0,0,35
80162,4,19,4,15,40.37172222,-104.4886333,12,1,2,2,70,1,0,55
80163,4,17,2,22,39.81277222,-105.0532028,9,1,1,1,998,0,0,45
80164,4,20,5,21,40.14249167,-107.821725,31,2,10,1,80,1,1,65
80165,4,21,6,10,37.55019444,-106.7760278,1,1,1,1,55,1,0,45
80166,4,22,7,3,39.94759444,-104.9882833,52,3,4,1,65,0,1,65
80167,4,25,3,5,39.03572222,-104.8398056,58,2,1,1,75,1,0,75
80168,4,25,3,1,39.674825,-104.8448056,33,3,10,1,73,1,1,40
80169,4,22,7,13,39.07724444,-108.52095,8,1,1,1,5,0,0,25
80170,4,26,4,15,39.57820833,-104.8231278,12,1,1,2,21,2,0,35
80171,4,26,4,21,39.79103611,-104.9357944,12,3,1,3,998,1,1,35
80172,4,30,1,21,37.74095556,-104.8308333,1,2,1,1,85,2,1,75
80173,4,5,4,21,39.72830556,-104.8472778,12,3,1,2,65,1,0,35
80174,4,27,5,19,39.69653889,-104.7761444,12,5,2,2,70,1,1,40
80175,4,29,7,15,37.90678333,-104.8287806,59,1,1,1,75,1,0,75
80176,4,21,6,18,38.25295,-104.6619667,38,1,1,1,45,1,0,45
80177,4,27,5,15,38.80542222,-104.8407917,1,1,1,2,998,1,0,35
80178,4,28,6,17,39.67894444,-105.0815694,12,1,1,3,70,0,0,45
80179,4,30,1,0,38.87763889,-104.7366667,33,3,1,1,998,1,1,35
80180,4,30,1,23,39.71901389,-104.826375,58,3,1,1,100,1,1,65
80181,4,29,7,23,39.81413333,-105.0532333,8,3,1,1,998,0,0,45
80182,4,11,3,19,38.82594444,-104.7650667,15,1,1,1,25,0,0,25
80183,4,18,3,23,40.58135,-105.0597889,8,3,1,1,52,0,0,45
80184,4,22,7,18,38.23449167,-104.6623722,12,1,1,2,60,0,0,45
80185,4,15,7,3,38.85195556,-103.7004389,12,2,10,2,35,1,0,35
80186,4,16,1,2,39.37493333,-104.8650389,33,2,1,1,35,1,1,25
80187,4,24,2,19,39.76531389,-104.9749528,8,5,1,1,5,0,0,35
80188,4,29,7,20,39.80554444,-105.0440556,12,3,10,2,30,1,1,30
80189,4,16,1,20,39.73766111,-105.0253111,8,3,1,1,50,0,0,35
80190,4,26,4,13,38.76257778,-108.0971583,35,1,1,1,26,1,0,65
80191,1,7,7,22,39.72152778,-105.0252139,8,3,1,1,35,0,0,35
80192,2,12,1,12,40.54696111,-105.0579833,9,1,1,1,998,0,0,40
80193,4,9,1,5,40.06615556,-104.6507611,1,2,1,1,100,1,1,75
80194,5,2,3,1,40.00355556,-105.4016167,17,2,1,1,45,1,1,40
80195,5,4,5,22,40.075525,-105.2843611,1,2,1,1,60,2,1,60
80196,5,4,5,21,38.24489167,-104.506,8,3,1,1,55,0,0,50
80197,5,4,5,6,39.81597778,-107.9561778,12,1,1,2,65,0,0,65
80198,5,4,5,23,39.73424444,-104.8659056,9,3,1,1,30,0,0,30
80199,5,5,6,12,39.47388889,-104.8606611,12,1,1,2,50,1,0,50
80200,5,8,2,13,37.74325,-108.87455,12,1,1,3,102,0,1,65
80201,5,4,5,20,39.72288889,-105.0815056,8,3,1,2,40,0,0,40
80202,5,8,2,20,39.86346111,-105.0060722,12,3,1,3,60,0,1,35
80203,5,8,2,3,39.97777778,-105.4581389,35,2,1,1,80,1,1,45
80204,5,13,7,4,39.92488333,-104.8511806,12,2,1,2,110,0,1,65
80205,5,13,7,4,39.73790833,-104.7913,12,3,1,2,40,1,1,40
80206,5,8,2,22,38.26669722,-104.6274583,8,3,1,1,45,0,0,35
80207,5,5,6,16,39.52108333,-104.9,1,1,1,1,60,1,0,25
80208,5,14,1,1,39.77032222,-104.8100056,12,3,2,2,80,0,1,40
80209,5,21,1,20,40.40644444,-104.8265278,1,2,1,1,85,1,1,65
80210,5,17,4,8,39.91434444,-105.0772333,12,1,1,2,10,1,0,25
80211,5,16,3,11,40.55643889,-105.0579361,12,1,1,2,998,1,0,25
80212,5,19,6,16,40.25640833,-105.1028056,12,1,1,4,65,0,0,65
80213,5,19,6,12,37.17535556,-105.8651056,31,1,10,1,80,1,0,65
80214,5,19,6,23,39.71738889,-104.7983889,1,2,10,1,40,1,1,35
80215,5,20,7,12,39.55027778,-103.6122889,1,1,1,1,60,1,0,65
80216,5,23,3,0,39.56617222,-104.8707167,52,3,1,1,82,1,1,45
80217,5,14,1,20,39.69647778,-105.1061111,30,5,1,1,60,1,0,35
80218,5,20,7,21,39.09175556,-108.5152,12,3,1,2,15,1,1,45
80219,5,24,4,23,39.77127222,-104.8129556,8,3,10,1,60,0,0,55
80220,5,24,4,18,39.68322222,-105.1589667,12,1,10,2,45,1,0,45
80221,5,25,5,11,40.24853333,-103.6039611,1,1,1,1,80,1,0,65
80222,5,25,5,15,37.45686111,-106.8829722,1,1,1,1,50,1,0,30
80223,5,25,5,1,39.71123056,-104.8278972,8,3,1,1,35,0,0,45
80224,5,25,5,23,39.74008611,-104.8609722,9,3,1,1,50,0,1,35
80225,5,27,7,21,39.60983333,-105.0569889,12,3,1,2,20,1,0,40
80226,5,27,7,23,39.59751389,-105.0915278,12,2,1,2,45,0,0,45
80227,5,27,7,10,39.75893333,-104.8083667,12,1,1,2,75,1,1,45
80228,5,28,1,21,39.72652778,-104.6784722,1,2,1,1,998,1,1,45
80229,5,29,2,8,39.54643333,-107.6261222,12,1,1,2,5,0,0,35
80230,5,30,3,15,38.17752222,-104.6338944,5,1,2,1,65,1,0,75
80231,5,28,1,21,39.72541944,-105.0666528,8,2,1,2,998,0,0,35
80232,5,30,3,16,40.58150556,-104.6583972,12,1,1,2,15,1,0,65
80233,5,30,3,15,39.29245556,-103.0656417,9,1,1,1,20,0,0,25
80234,5,21,1,17,40.38443889,-105.1922667,12,1,1,2,65,1,0,45
80235,5,27,7,12,39.11455833,-108.6539417,41,1,10,1,45,1,0,45
80236,5,9,3,15,37.26906944,-107.0102778,8,1,1,2,5,0,0,25
80237,5,5,6,15,39.08200556,-108.4594,1,1,1,1,65,1,0,45
80238,5,18,5,6,39.74358611,-104.9591583,46,1,1,1,60,2,0,30
80239,5,26,6,20,39.43401111,-104.6143111,38,5,1,1,998,1,1,50
80240,5,28,1,22,39.66936111,-104.9271806,20,3,1,1,65,2,1,65
80241,5,5,6,21,39.74881667,-104.9921,8,3,1,1,15,0,0,30
80242,5,29,2,0,39.72561111,-104.9407833,12,3,1,2,998,1,1,35
80243,5,30,3,9,39.76255556,-104.8101111,12,1,1,2,60,1,0,40