ST_CASE,MONTH,DAY,DAY_WEEK,HOUR,LATITUDE,LONGITUD,HARM_EV,LGT_COND,WEATHER,VE_FORMS,TRAV_SP,DEATHS,DR_DRINK,VSPD_LIM
80601,11,22,4,17,38.93821389,-104.6101722,12,3,1,2,20,1,0,35
80602,11,22,4,13,40.64182222,-103.1517667,1,1,1,1,85,1,1,75
80603,11,22,4,17,39.65478889,-105.8727778,12,2,1,2,75,1,0,30
80604,11,23,5,3,39.80305556,-105.0252278,8,3,1,1,45,0,0,45
80605,11,24,6,17,37.67565833,-106.1490139,12,2,1,2,55,1,0,55
80606,11,25,7,10,40.62591944,-104.7480833,10,1,4,1,5,1,0,55
80607,11,26,1,7,39.67484167,-104.8660556,12,4,1,2,70,0,0,40
80608,11,15,4,18,39.56638333,-107.5167222,8,3,1,1,15,0,0,25
80609,11,8,4,6,38.79374167,-106.1465194,11,2,1,1,60,1,0,50
80610,11,23,5,10,39.98663889,-104.9784778,12,1,1,2,70,1,0,45
80611,11,19,1,2,39.77289444,-104.8338306,8,3,1,1,70,0,1,55
80612,11,30,5,11,39.733075,-105.0251528,15,1,1,1,998,0,0,35
80613,11,22,4,18,38.83966667,-104.7555556,8,3,1,1,45,0,0,45
80614,11,18,7,9,38.24122222,-104.6125,1,1,1,1,70,1,0,55
80615,11,19,1,18,39.78366111,-104.9406333,8,3,1,1,40,0,0,40
80616,11,25,7,22,39.73627778,-104.903425,33,3,1,1,55,1,1,25
80617,10,22,1,22,39.77732778,-104.8837528,12,3,1,2,60,0,1,55
80618,12,4,2,0,40.39951389,-104.6911472,9,3,1,1,45,0,0,35
80619,12,3,1,22,39.67455556,-104.8658806,1,3,1,3,998,1,0,40
80620,12,3,1,21,39.60253889,-104.6938139,33,2,10,1,90,1,0,35
80621,12,5,3,17,38.27553333,-107.7664389,12,2,1,2,60,1,1,60
80622,12,5,3,7,40.15633333,-105.055325,12,1,1,2,5,1,0,35
80623,12,3,1,23,39.72956111,-105.10975,8,3,1,1,40,0,0,40
80624,12,7,5,12,39.74021111,-105.0768389,15,1,1,1,3,0,0,35
80625,12,9,7,15,38.32436944,-104.8327972,12,1,1,2,57,0,1,35
80626,12,10,1,18,40.58119167,-105.0060972,8,2,1,1,40,0,0,45
80627,12,9,7,7,39.04791944,-105.5995194,12,1,1,2,55,2,0,65
80628,12,5,3,18,39.78253333,-104.8658111,8,3,1,1,998,0,0,40
80629,12,8,6,11,40.47968889,-104.8546167,12,1,10,2,55,1,0,55
80630,12,11,2,20,38.21865556,-104.6252611,15,3,1,1,55,0,0,45
80631,12,15,6,13,39.87077222,-104.8747444,12,1,1,2,998,0,0,40
80632,12,16,7,8,38.22236111,-108.5035972,59,1,1,1,35,1,1,50
80633,12,16,7,2,39.84959722,-104.747175,32,2,1,1,100,1,0,65
80634,12,12,3,13,39.93272778,-105.0719222,12,1,1,2,90,0,1,40
80635,12,20,4,5,40.450725,-104.9442361,12,3,1,2,998,1,0,30
80636,12,21,5,3,39.59519444,-105.0480139,8,2,1,1,35,0,0,30
80637,12,21,5,6,37.47504722,-105.5990833,12,2,12,2,55,1,0,65
80638,12,26,3,13,39.67843889,-104.9365611,8,1,10,1,10,0,0,25
80639,12,21,5,19,39.80186111,-104.9812917,15,3,1,1,998,0,0,35
80640,12,24,1,17,40.27426111,-104.6023667,12,2,1,2,65,0,0,65
80641,12,25,2,3,40.47482778,-104.9915139,52,3,1,1,75,1,0,75
80642,12,25,2,1,39.74115556,-104.8846278,8,3,1,1,25,0,0,25
80643,12,21,5,20,40.55779167,-105.115,15,3,1,1,40,0,0,40
80644,12,15,6,21,39.68928333,-104.8847,8,2,1,1,40,0,0,35
80645,12,17,1,19,39.68285,-105.0531722,12,3,1,2,998,2,1,40
80646,12,27,4,16,39.97618611,-104.9608056,12,1,1,4,75,1,0,75
80647,12,27,4,22,39.86097778,-104.9094556,38,3,1,1,100,1,1,35
80648,12,28,5,17,40.59656944,-103.9037611,12,1,1,2,65,1,0,65
80649,12,17,1,2,40.0241,-104.7207556,8,3,1,1,998,0,1,0
80650,12,28,5,13,39.99,-104.7307944,34,1,1,1,80,2,0,75
80651,12,29,6,22,39.70864722,-104.8131194,8,2,10,1,44,0,0,40
80652,12,30,7,19,39.79854167,-104.7627639,8,3,1,1,998,0,0,30
80653,12,20,4,11,40.62941389,-102.3207472,12,1,1,2,55,0,0,55
80654,12,12,3,15,39.518425,-104.7707444,12,1,10,3,15,1,0,35
80655,12,29,6,14,40.46473889,-104.9923472,12,1,1,2,998,0,0,40
80656,12,29,6,16,38.84240556,-104.8211722,1,5,1,1,60,1,0,30
80657,12,30,7,13,38.9349,-104.8125889,1,1,1,1,998,1,0,65
80658,12,31,1,21,39.11119444,-108.6433583,20,3,1,1,98,1,1,35
80659,12,30,7,20,39.63994167,-104.8835778,18,3,1,1,100,1,1,55
80660,12,26,3,7,39.66797222,-104.9374722,33,3,4,1,30,1,0,30
80661,12,20,4,14,40.76949722,-102.9409806,24,1,10,1,75,1,0,75
80662,12,19,3,19,39.58044444,-104.7250611,12,3,1,2,40,1,0,40
80663,12,8,6,14,38.825425,-104.7685861,8,1,10,1,998,0,0,40
80664,12,27,4,6,39.72183333,-105.1970056,8,2,1,1,35,0,0,45
80665,2,13,2,9,39.74005,-104.9928889,8,1,1,1,15,0,0,25
80666,11,18,7,0,39.76106667,-105.0268222,12,3,1,2,998,0,0,35
80667,12,29,6,10,40.69624444,-104.7759583,10,1,1,1,998,1,0,25
90001,1,5,5,8,41.47624722,-72.77170556,12,1,10,2,998,0,0,65
90002,1,2,2,1,41.691475,-72.92011389,30,3,1,1,998,1,0,35
90003,1,3,3,15,41.553225,-72.63343889,31,1,5,1,998,1,0,45
90004,1,17,3,2,41.84868333,-71.80598889,8,2,1,1,57,0,0,45
90005,1,12,5,16,41.45470833,-72.69486111,12,5,2,3,51,0,0,45
90006,1,18,4,0,41.30363333,-73.09979167,12,3,1,2,998,0,0,55
90007,1,16,2,20,41.72634167,-73.11198333,53,2,1,1,70,1,1,30
90008,1,20,6,18,41.18544444,-73.20028611,12,3,1,3,998,0,1,25
90009,1,23,2,18,41.31609167,-72.94083889,8,3,2,1,998,0,0,25
90010,1,7,7,4,41.29178889,-72.44679167,59,3,1,1,60,1,0,65
90011,1,16,2,5,41.07563611,-73.46576389,52,3,1,1,68,1,1,55
90012,1,18,4,21,41.76378611,-72.64645278,8,3,1,1,999,0,0,99
90013,1,29,1,16,41.29615278,-73.10526944,42,3,1,1,998,1,0,55
90014,1,17,3,10,41.183675,-73.18096111,8,1,1,1,998,0,0,25
90015,2,8,4,15,41.3676,-72.34580278,12,1,1,2,44,0,0,40
90016,2,9,5,6,41.87,-72.66259167,72,1,1,2,76,1,0,65
90018,1,23,2,12,41.64452778,-73.08252778,35,1,4,1,998,1,0,65
90019,1,31,3,19,41.93174722,-73.08550278,12,2,1,2,998,0,0,35
90020,2,3,6,18,41.53375,-72.82035833,33,3,11,1,998,1,0,25
90021,2,18,7,4,41.37778611,-72.16058333,33,3,1,1,92,2,1,35
90022,2,3,6,18,41.36976111,-73.14829167,8,2,1,1,998,0,0,40
90023,1,1,1,6,41.04476111,-73.54605833,42,3,5,1,998,1,1,25
90024,3,4,7,20,41.52971667,-73.204375,12,3,1,3,70,1,1,35
90025,3,4,7,23,41.12152222,-73.37037778,8,6,1,1,32,0,0,25
90026,3,13,2,16,41.98061111,-73.33217222,12,1,2,2,998,0,0,45
90027,2,15,4,17,41.20497778,-73.13180556,8,3,1,1,998,0,0,30
90028,3,6,2,15,41.19553611,-73.17645556,12,1,1,2,998,0,0,25
90029,3,12,1,3,41.51903611,-72.830275,12,3,1,2,998,0,0,30
90030,3,17,6,4,41.24633889,-73.09928056,33,2,1,1,998,1,1,30
90031,2,1,4,23,41.54882778,-72.80433611,8,2,1,1,998,0,0,25
90032,4,3,2,19,41.53106944,-72.79470833,12,3,1,3,998,1,0,35
90034,3,31,6,18,41.29425278,-72.90174444,23,5,1,1,65,1,1,50
90035,4,2,1,20,41.29300556,-72.90111667,14,3,1,1,998,1,1,50
90036,4,14,6,20,41.93800278,-71.98944167,12,2,1,2,998,1,0,40
90037,4,10,2,10,41.28070833,-72.95801667,25,1,1,1,56,1,0,55
90038,4,20,5,20,41.40095833,-73.24710833,52,2,1,1,998,1,1,40
90039,4,17,2,22,41.37431667,-73.06094444,38,3,1,1,998,1,1,30
90040,1,5,5,0,41.58422778,-72.64824722,12,3,2,2,85,1,1,50
90041,2,14,3,22,41.72719167,-72.76622778,24,3,1,1,95,1,1,65
90042,3,30,5,1,41.563075,-73.05846389,12,3,1,2,46,1,1,35
90043,4,11,3,10,41.7712,-72.27128889,12,1,1,2,29,0,0,40
90044,4,26,4,18,41.769675,-72.670675,12,1,1,2,998,0,0,50
90045,4,30,1,3,41.51661667,-72.60224167,8,3,2,1,998,0,0,65
90046,4,30,1,21,41.55101944,-72.83180833,12,3,2,2,998,0,0,65
90048,5,7,1,13,41.86185,-72.35871944,12,1,1,2,998,1,0,40
90049,5,6,7,11,41.77158611,-72.954375,12,1,1,2,998,0,0,40
90051,5,6,7,2,41.39454167,-73.29193056,33,2,1,1,57,1,1,40
90052,4,21,6,12,41.42411389,-72.11964444,12,1,1,2,998,0,0,55
90053,2,15,4,15,41.78631944,-73.14515,35,1,1,1,82,1,0,25
90054,4,28,6,18,41.37510556,-72.04448056,24,1,10,2,62,1,1,45
90055,5,6,7,10,41.35077778,-72.04469167,12,1,1,2,998,1,1,30
90056,5,13,7,3,41.0481,-73.54017778,12,3,1,2,0,0,0,55
90057,5,14,1,5,41.26239722,-73.13209444,42,2,1,1,998,1,1,55
90058,5,12,6,17,41.64105278,-72.73355556,52,1,1,1,998,1,0,50
90059,5,21,1,99,41.75729444,-73.00514167,5,2,1,1,20,1,0,25
90060,5,7,1,16,41.57418889,-72.94455833,12,1,1,2,998,1,0,25
90061,5,29,2,20,41.80003056,-71.89865,12,5,1,2,998,1,0,40
90062,3,5,1,23,41.56218056,-73.02100556,14,3,1,1,998,2,0,25
90063,5,26,6,17,41.09043611,-73.71821667,42,1,1,1,88,1,0,65
90064,1,21,7,1,41.70783611,-72.57985,57,2,1,1,107,1,1,65
90065,3,6,2,22,41.36565,-71.86621111,9,2,1,1,998,0,0,35
90066,2,11,7,12,41.61893056,-72.6827,12,1,1,2,39,0,0,65
90067,2,24,6,2,41.72864722,-72.66507222,25,3,10,1,97,1,1,50
90068,3,31,6,18,41.79688611,-72.66303333,8,5,8,1,53,0,0,30
90069,5,7,1,6,41.73504722,-72.74575,24,1,1,1,998,1,1,50
90070,4,19,4,16,41.58336667,-72.89866667,12,1,1,2,998,1,0,65
90071,5,28,1,3,41.51959167,-73.09915278,12,2,1,2,998,1,0,65
90072,5,4,5,12,41.66534722,-72.225875,12,1,1,2,999,1,0,45
90073,6,2,6,9,41.85625,-73.09333056,9,1,1,1,999,0,0,45
90074,6,10,7,22,41.86121667,-73.08943889,12,2,1,2,998,0,0,45
90075,4,4,3,9,41.37929167,-71.90462222,12,1,1,3,998,0,0,65
90076,4,21,6,11,41.36458611,-72.08435556,12,1,1,2,998,1,0,55
90077,6,16,6,23,41.29729444,-72.94875278,12,3,1,3,999,1,1,25
90078,6,4,1,1,41.51973056,-72.05816667,30,3,1,1,90,1,1,25
90079,3,24,6,21,41.50402778,-73.41858611,1,2,1,1,117,1,1,45
90080,5,21,1,0,41.6646,-72.58326667,33,3,2,1,998,1,1,30
90081,6,1,5,0,41.05276389,-73.52963333,24,3,1,1,65,1,1,55
90082,6,17,7,6,41.91936944,-73.36538611,42,1,1,1,58,1,0,45
90083,6,25,1,4,41.75845833,-71.92615556,35,2,1,1,45,2,1,40
90084,6,22,5,19,41.75221111,-72.12546667,42,5,1,1,998,1,1,25
90085,4,13,5,16,41.18952222,-73.13058333,12,1,1,2,998,0,0,30
90086,6,16,6,20,41.47257222,-73.03990278,12,3,1,4,998,0,0,35
90087,6,25,1,16,41.29927222,-73.01708056,12,1,1,2,998,1,1,45
90088,6,22,5,11,41.87751667,-72.97077222,12,1,1,2,0,0,0,40
90089,6,11,1,20,41.68793611,-72.81489444,12,3,1,3,65,0,0,65
90090,6,29,5,20,41.685725,-71.93313056,1,5,1,1,998,1,1,30
90091,6,23,6,14,41.16826667,-73.29537222,53,1,10,1,998,0,0,25
90092,6,13,3,14,41.74577222,-72.38633056,42,1,1,1,998,1,0,50
90093,3,8,4,18,41.5538,-72.96900833,8,2,1,1,998,0,0,25
90094,6,7,4,20,41.31006111,-72.90436667,12,1,1,2,999,0,0,25
90095,7,15,7,18,42.02399444,-73.35401944,42,1,1,1,998,1,1,35
90096,7,4,3,12,41.29000278,-72.47315556,33,1,2,1,998,1,0,25
90097,7,6,5,14,41.64475,-72.67761944,12,1,1,2,998,0,0,0
90098,7,6,5,18,42.00693889,-73.36177778,30,1,2,1,999,1,0,30
90099,7,17,2,16,41.31546389,-72.69598333,1,1,1,2,6,0,0,40
90100,7,4,3,20,41.75497778,-73.1146,57,1,1,1,109,1,1,65
90101,7,21,6,3,41.89891111,-71.89886389,72,2,5,1,998,1,0,65
90102,7,23,1,2,41.45964722,-72.77830556,12,2,1,2,998,0,0,65
90103,7,23,1,20,41.40022778,-72.47291667,57,2,1,1,998,1,1,65
90104,7,11,3,19,41.96681944,-73.00160278,34,1,1,1,998,1,0,30
90105,7,19,4,21,41.64598056,-71.96302778,24,2,1,1,998,1,0,25
90106,7,19,4,18,41.59568056,-72.35156944,35,1,1,1,999,1,0,35
90107,7,19,4,0,41.29618056,-73.10525556,42,2,1,1,998,1,1,55
90108,7,16,1,22,41.32179722,-72.85945833,9,6,2,1,998,0,0,35
90109,7,20,5,22,41.29176389,-73.45078333,12,3,1,2,998,0,0,40
90110,7,24,2,14,41.48605833,-72.05973889,12,1,1,2,998,0,0,40
90111,6,26,2,9,41.59201944,-71.95791667,12,1,1,2,998,0,0,40
90112,7,26,4,16,41.11295278,-73.55407778,8,1,1,1,46,0,0,25
90113,7,16,1,1,41.70976667,-72.52771667,40,2,2,1,999,2,1,30
90114,7,29,7,10,41.51079167,-73.20490278,12,1,1,2,998,1,0,40
90115,4,29,7,2,41.55489722,-72.9917,12,3,2,2,998,1,1,40
90116,7,1,7,2,42.04194167,-73.25581389,35,2,1,1,998,1,1,35
90117,8,6,1,19,41.37303611,-73.12399167,30,1,1,1,998,1,1,30
90118,8,11,6,13,41.32520278,-72.96858333,30,1,1,1,998,1,0,25
90119,1,20,6,18,41.33850833,-73.02690833,42,2,1,1,998,1,1,40
90120,3,25,7,16,41.26901944,-72.90099444,31,1,2,1,999,1,0,25
90121,3,25,7,12,41.20425556,-73.09616389,12,1,2,3,998,0,0,35
90122,5,5,6,5,41.85385,-72.70401111,12,3,1,2,998,1,1,40
90124,4,2,1,18,41.83826667,-72.46613611,12,1,1,2,998,0,0,35
90125,6,9,6,14,41.70146944,-72.79402222,12,1,1,2,998,1,0,25
90126,8,6,1,22,41.17324167,-73.21003056,12,3,1,2,998,0,0,25
90127,6,30,6,1,41.03863056,-73.586425,24,3,1,2,998,1,1,55
90128,8,10,5,17,41.17417222,-73.15874167,12,5,10,2,998,0,1,35
90130,1,27,6,15,41.51685,-73.42235556,12,1,1,2,998,1,0,45
90131,2,1,4,3,41.32767778,-72.93717222,8,3,1,1,999,0,0,25
90132,1,30,2,14,41.95181944,-72.56258333,12,1,1,2,998,1,0,30
90133,2,14,3,16,41.17893611,-73.19099444,8,1,1,1,998,0,0,25
90134,2,14,3,17,41.80634722,-73.11282222,12,5,1,3,998,1,0,35
90136,4,20,5,14,41.61697222,-72.873775,52,1,1,1,998,1,0,35
90138,8,5,7,6,41.12304444,-73.34533056,12,1,1,2,63,0,0,55
90139,4,7,6,16,41.230475,-73.064575,8,1,1,1,998,0,0,40
90140,5,13,7,15,41.22861944,-73.00710278,12,1,1,2,998,1,0,30
90141,8,28,2,21,41.35020833,-72.05614444,12,3,1,2,998,0,0,35
90142,8,28,2,11,41.39114444,-72.17652222,12,1,1,2,998,0,0,50
90143,9,5,3,16,41.29711667,-72.32046389,1,1,1,1,998,1,0,40
90144,9,10,1,1,41.36794167,-73.47435278,12,3,2,2,998,1,1,45
90145,6,28,4,2,41.29747222,-72.90244444,12,3,1,2,998,0,0,45
90146,9,3,1,22,41.71311667,-72.69576389,12,3,1,2,998,1,1,55
90147,8,20,1,1,41.68083611,-72.78788056,43,2,1,1,38,1,1,25
90148,7,20,5,16,41.87661389,-72.33346667,12,1,1,3,998,1,0,65
90149,9,4,2,18,41.69243056,-72.81222778,12,1,1,2,998,0,0,65
90150,9,6,4,22,41.76848889,-72.68602778,12,3,1,2,60,0,0,30
90151,6,16,6,11,41.77570833,-72.68093889,8,1,1,1,998,0,0,25
90152,9,21,5,1,41.66566111,-72.79211389,8,3,1,1,55,0,0,25
90153,8,29,3,18,42.00659167,-72.97085556,35,1,1,1,71,1,1,40
90154,2,14,3,14,41.07371944,-73.60386667,30,1,1,1,32,1,0,25
90155,3,26,1,22,41.38060278,-72.91742778,24,3,1,1,998,1,1,35
90156,9,22,6,19,41.60965278,-71.98033056,8,3,1,1,998,0,1,25
90157,1,4,4,11,41.87406944,-72.24482778,17,1,10,1,998,1,0,45
90158,5,7,1,18,41.81067222,-72.61254167,12,1,1,2,77,1,1,50
90159,6,1,5,3,41.33683056,-72.924775,12,3,1,2,998,0,0,30
90160,8,11,6,20,41.80874722,-72.69549444,8,1,1,1,998,0,0,30
90161,8,4,6,20,41.83470833,-72.71375278,42,2,1,1,998,1,1,30
90162,9,14,5,9,41.92863333,-72.78051667,12,1,1,2,998,0,0,35
90163,3,16,5,9,41.412575,-72.97374722,12,1,10,2,55,1,0,45
90164,4,14,6,19,41.12893611,-73.54341944,12,1,1,2,998,1,1,45
90165,3,29,4,7,41.926425,-72.04523333,12,1,1,2,998,1,0,99
90166,5,1,2,21,41.65016111,-72.39723056,53,2,1,1,98,1,1,45
90167,7,31,2,12,41.58452778,-72.05663056,12,1,1,3,998,0,0,65
90168,10,4,4,9,41.84137222,-72.64898056,33,1,1,1,998,1,0,35
90169,9,14,5,11,41.32368056,-72.17811667,12,1,1,2,998,1,1,35
90170,10,9,2,20,41.912425,-71.95622222,24,2,1,1,72,1,1,35
90171,9,29,6,13,41.32185,-72.26285556,12,1,2,2,998,0,0,65
90172,9,2,7,2,41.66984444,-72.92153889,33,3,1,1,998,1,1,35
90173,10,11,4,7,41.18433889,-73.23958611,8,1,1,1,998,0,0,25
90174,10,2,2,5,41.54335,-72.799225,12,3,1,2,998,0,0,25
90175,10,19,5,14,41.78121944,-72.02268333,12,1,1,2,73,1,0,50
90176,7,18,3,20,41.5756,-73.08540833,30,3,1,1,61,1,1,25
90177,7,1,7,0,41.18435,-73.15115278,8,3,1,1,998,0,0,35
90178,10,12,5,16,41.60269444,-72.69785278,12,1,1,2,998,1,0,40
90179,5,26,6,23,41.05991667,-73.50988333,43,3,1,1,998,1,1,30
90180,5,24,4,19,41.2909,-72.94146667,12,1,1,3,999,0,0,25
90181,7,12,4,1,41.86363333,-72.54889722,59,3,1,1,102,1,1,30
90182,10,24,3,6,41.18564167,-73.17299722,12,3,1,2,998,0,0,25
90183,9,17,1,20,41.0511,-73.53228056,8,3,1,1,998,0,0,55
90184,9,22,6,19,41.23627222,-73.049225,12,3,1,2,998,1,0,55
90185,3,16,5,21,41.55896389,-73.01238333,8,3,1,2,35,0,0,35
90186,7,29,7,20,41.57829722,-73.04995833,33,5,2,1,78,1,1,40
90187,10,29,1,18,41.51015833,-72.24842778,8,2,2,1,48,0,0,40
90188,10,22,1,11,41.95181389,-72.26987222,5,1,10,2,998,1,0,40
90189,10,28,7,18,41.156375,-73.41403889,12,5,10,2,998,0,0,30
90190,11,4,7,14,41.53465,-72.75675833,57,1,1,1,998,1,0,45
90191,7,2,1,0,41.581025,-73.37098056,33,2,10,1,998,1,1,30
90192,10,4,4,22,41.35759167,-72.11395278,33,3,1,1,998,1,1,25
90193,11,11,7,4,41.53313333,-72.96518611,42,2,1,1,45,1,1,25
90194,10,18,4,16,41.48158889,-72.56104167,57,1,1,1,998,1,0,65
90195,7,1,7,23,41.75321667,-72.69340556,12,3,1,2,998,0,0,25
90196,11,25,7,0,41.36363333,-72.99758056,35,2,1,1,998,1,1,25
90197,5,7,1,16,41.36701111,-72.94191111,12,1,1,2,998,1,0,25
90198,5,27,7,1,41.32465278,-72.82731667,33,3,1,1,998,1,1,40
90199,6,4,1,17,41.56664167,-72.65159722,12,1,10,2,998,1,1,25
90200,7,15,7,14,41.307925,-73.36925556,53,1,1,1,998,1,0,25
90201,9,8,6,11,41.58892778,-72.60285833,1,1,1,1,998,1,1,25
90202,11,26,1,2,41.67253889,-72.38675,33,2,1,1,999,1,1,50
90203,6,14,4,16,41.97734444,-73.33214444,30,1,10,1,998,1,0,45
90204,7,10,2,17,41.17134444,-73.13639167,33,1,1,1,998,1,1,25
90205,7,15,7,22,41.62251389,-72.74171389,12,3,1,2,998,0,1,50
90206,7,28,6,23,41.03933611,-73.58519722,12,3,1,2,998,0,0,55
90207,7,8,7,16,41.40342222,-72.86366944,57,1,1,1,78,1,0,55
90208,7,20,5,12,41.29885,-72.91905278,8,1,1,1,998,0,0,25
90209,11,18,7,17,41.89141944,-72.60816944,12,3,1,2,998,0,0,0
90210,8,1,3,10,41.72455556,-72.24067778,15,1,1,1,998,0,0,35
90211,8,8,3,19,41.20098889,-73.16121667,12,1,10,2,998,1,0,25
90212,8,22,3,10,41.33795833,-72.97656111,8,1,1,1,998,0,0,25
90213,8,27,1,6,42.02161111,-72.889175,57,4,1,1,43,1,0,40
90214,11,23,5,19,41.71729167,-72.89713333,59,3,1,1,998,2,0,30
90215,10,18,4,23,41.33480556,-72.97684444,15,3,1,1,998,0,0,25
90216,9,20,4,13,41.83675,-72.55485556,12,1,1,2,998,1,0,35
90217,10,5,5,16,41.64913611,-72.67859722,12,1,1,5,998,1,0,40
90218,10,1,1,20,41.69099167,-73.00451667,1,2,1,1,998,1,1,25
90219,10,27,6,17,41.59396389,-72.68077778,30,1,1,1,998,1,0,25
90220,12,10,1,17,41.55386389,-71.97039167,12,2,2,2,998,0,0,45
90221,12,7,5,13,41.45789444,-73.47827778,42,1,10,1,998,1,0,40
90222,9,2,7,5,41.58593889,-73.04203889,39,4,1,1,998,1,1,25
90223,11,25,7,2,41.69163889,-72.656175,12,3,1,2,998,1,1,35
90224,12,14,5,22,41.192525,-73.19318333,12,3,1,2,998,0,0,25
90225,12,2,7,3,41.31022778,-73.09393333,42,3,99,1,998,1,1,55
90226,11,25,7,14,41.68565833,-72.65483056,12,1,1,2,998,1,0,35
90227,12,10,1,18,41.54761389,-73.068725,12,3,2,3,998,0,0,55
90228,12,20,4,20,41.23612222,-73.43068611,33,2,1,1,998,1,0,40
90229,12,22,6,6,41.58875278,-72.15454167,43,2,1,1,17,1,0,25
90230,7,17,2,20,41.77767222,-72.68495833,8,3,1,1,998,0,0,30
90231,8,21,2,0,41.12051667,-73.37189444,12,3,1,2,0,0,0,55
90232,7,21,6,2,41.55448889,-73.03454722,12,3,1,2,87,1,0,25
90233,10,8,1,6,41.27596111,-73.29439167,35,4,1,1,55,2,1,40
90234,10,30,2,3,41.30216667,-73.02635278,12,6,10,2,998,1,0,35
90235,8,15,3,10,41.30425278,-73.13017222,42,1,1,1,998,1,0,35
90236,11,14,3,18,41.27825833,-72.98756389,8,3,1,1,36,0,0,40
90237,11,20,2,9,41.29554722,-73.28803333,11,1,1,2,998,0,0,40
90238,11,1,4,21,41.66050278,-72.77918333,8,3,1,1,42,0,0,25
90239,12,5,3,5,41.29161944,-72.921325,14,3,1,1,998,0,0,55
90240,12,25,2,2,41.784775,-72.59884722,42,3,2,1,36,1,1,25
90241,3,9,5,99,41.03648889,-73.66153056,33,1,1,1,24,0,0,25
90242,12,19,3,6,41.09124444,-73.54791389,8,4,1,1,998,0,0,40
90243,12,25,2,15,42.00669722,-73.36345556,42,1,1,1,999,1,0,40
90244,7,8,7,23,41.83116944,-72.46580556,33,2,1,1,998,1,1,35
90245,10,15,1,15,41.24236667,-73.19055278,12,1,1,2,62,1,0,40
90246,6,13,3,5,41.57650833,-73.02004444,12,4,1,2,999,1,0,25
90247,9,17,1,3,41.55661667,-73.04342778,33,3,1,2,85,1,1,25
90248,11,4,7,12,41.25815833,-73.20748889,12,1,1,2,998,0,0,55
90249,12,22,6,16,41.652225,-72.96631667,12,5,1,2,998,1,0,35
90250,7,21,6,21,41.11176389,-73.4197,12,2,1,2,24,1,1,30
90251,12,11,2,5,41.59941111,-72.75405,8,3,2,1,998,0,0,50
90252,6,14,4,11,41.11676111,-73.41179722,10,1,1,1,998,1,0,25
90253,12,23,7,15,41.97090278,-71.820175,12,1,1,2,998,1,1,35
90254,4,22,7,22,41.767625,-72.70088889,8,3,2,1,998,0,0,30
90255,4,24,2,3,41.36385,-72.86918611,12,3,5,2,55,0,0,65
90256,12,8,6,15,41.43377222,-72.01429722,53,1,1,1,998,1,0,40
90257,12,27,4,14,41.07873056,-73.55359722,12,1,2,2,998,0,0,40
90258,12,6,4,23,41.59646111,-72.73164444,42,2,1,1,65,1,1,25
90259,12,11,2,19,41.50380278,-72.67255278,12,3,1,2,93,1,1,45
90261,12,6,4,20,41.22716389,-73.16423056,12,3,1,2,998,1,0,55
90262,12,23,7,22,41.168525,-73.34201944,12,3,1,2,0,0,0,55
90263,11,28,3,4,41.92421389,-72.30387778,12,2,1,2,998,1,0,45
90264,11,21,3,6,41.04880833,-73.56293333,8,4,1,1,999,0,0,30
90265,6,17,7,17,41.85218889,-72.43438611,12,1,1,2,998,0,0,65
90266,9,7,5,5,41.83004722,-72.4955,8,3,1,1,998,0,0,35
90267,12,10,1,1,41.94345556,-72.60630833,24,3,5,1,998,1,0,65
90268,12,1,6,21,41.53658056,-72.08291389,12,3,2,2,998,1,0,25
90269,9,6,4,20,41.749925,-72.71948333,35,3,1,3,77,2,0,65
90270,10,23,2,6,41.80886111,-72.2996,9,6,1,1,998,0,0,35
90271,10,1,1,17,41.88015278,-72.708725,5,1,1,1,998,1,0,45
90272,12,21,5,17,41.58435556,-73.07521944,8,3,1,1,35,0,0,35
90273,8,8,3,19,41.62885556,-72.75036667,24,5,1,1,998,1,1,65
90274,9,22,6,14,41.54534444,-73.42102778,12,1,1,3,90,1,0,40
90275,1,23,2,13,41.88073333,-72.32365556,12,1,4,2,998,0,0,65
90276,9,8,6,19,41.33700833,-73.11592778,12,5,10,2,82,0,1,40
90277,8,13,1,18,41.64653333,-73.48405278,12,1,1,3,998,1,1,35
90278,9,30,7,22,41.53791111,-72.61113611,72,3,1,1,998,1,0,25
90279,8,19,7,20,41.453525,-72.10665833,12,5,1,2,998,1,0,35
90280,9,2,7,17,41.2361,-72.99775,1,1,1,1,998,1,1,25
90281,7,19,4,20,41.78621667,-72.67027222,12,1,1,2,998,1,0,30
90282,9,21,5,9,41.88516944,-72.798575,8,1,1,1,998,0,0,30
90283,11,16,5,17,41.76476389,-72.64609722,12,3,1,3,0,0,0,55
90284,12,6,4,21,41.76604167,-72.65793611,24,3,1,1,998,1,1,50
90285,12,15,6,22,41.914975,-72.673125,59,3,1,1,998,1,0,55
90286,12,25,2,9,41.55718611,-72.74166944,12,1,5,2,998,0,0,65
90287,10,5,5,22,41.75291111,-72.69722778,8,3,1,1,998,0,0,25
90288,12,13,4,20,41.58383056,-73.03514167,18,6,99,1,998,1,0,99
90289,12,19,3,10,41.291675,-72.80825,59,1,1,1,998,1,0,65
90290,12,22,6,15,41.32078889,-73.08067222,12,1,1,2,30,1,1,30
90291,10,3,3,1,41.59883333,-72.90265556,8,2,1,1,998,0,0,65
90292,10,22,1,4,41.71158611,-72.64696389,14,3,1,1,998,3,0,65
90293,2,18,7,19,41.50941944,-72.31248611,5,2,1,1,0,1,0,99
90294,10,17,3,0,41.74776944,-72.66005833,20,3,1,2,998,0,0,55
90295,10,7,7,2,41.76948056,-72.66786944,12,3,1,2,0,0,0,55