ST_CASE,MONTH,DAY,DAY_WEEK,HOUR,LATITUDE,LONGITUD,HARM_EV,LGT_COND,WEATHER,VE_FORMS,TRAV_SP,DEATHS,DR_DRINK,VSPD_LIM
121682,6,30,6,20,25.863925,-80.30673333,12,3,10,3,35,0,0,35
121683,6,29,5,22,27.96079444,-81.59063889,53,2,1,1,998,1,0,55
121684,7,6,5,3,28.00933333,-82.58316111,8,2,1,1,35,0,0,40
121685,7,2,1,14,30.84032778,-85.06384444,12,1,10,2,55,0,0,55
121686,7,7,6,20,26.18585556,-80.21601667,8,3,10,1,65,0,0,65
121687,7,2,1,15,26.65976944,-81.89865556,43,1,2,1,60,1,1,45
121688,7,7,6,10,26.42081667,-80.09055278,33,1,1,1,65,1,0,30
121689,7,4,3,21,27.86872222,-82.62139444,8,3,1,1,40,0,0,50
121690,7,7,6,21,30.49540278,-84.473025,35,2,1,1,45,1,0,45
121691,7,5,4,19,27.93768056,-82.20323333,12,1,1,2,55,1,0,55
121692,7,8,7,13,28.05887778,-82.00696389,12,1,1,2,998,1,0,45
121693,7,12,4,21,30.44273056,-81.59284722,1,3,1,1,80,1,1,65
121694,7,7,6,15,27.87291111,-82.78701111,15,1,1,1,45,0,0,45
121695,7,9,1,3,28.96916389,-81.28017778,8,2,1,1,60,0,0,60
121696,7,7,6,4,30.24991944,-81.55211389,42,3,1,1,70,1,1,65
121697,7,14,6,7,29.63830833,-81.43205556,12,1,1,2,50,1,1,25
121698,7,8,7,20,26.99813611,-82.37464167,12,3,1,3,45,0,1,45
121699,7,15,7,0,27.95636389,-82.78753333,8,3,1,1,65,0,1,40
121701,7,10,2,17,26.20885278,-80.19655278,35,1,2,1,70,1,0,65
121702,7,7,6,20,29.17182778,-80.98021667,8,5,2,1,20,0,0,35
121703,7,9,1,8,30.43478056,-83.46585,12,1,1,2,0,0,0,70
121705,7,10,2,22,26.00746111,-80.43284444,8,2,1,2,55,0,0,55
121706,7,7,6,16,28.10184167,-82.25214722,12,1,2,2,60,1,0,60
121707,7,10,2,16,29.553325,-82.90173889,12,1,10,2,10,1,1,0
121708,7,5,4,22,25.75210556,-80.20121667,12,3,1,3,50,0,0,40
121709,7,15,7,4,28.66099722,-81.29143333,53,3,1,1,25,1,0,25
121710,7,10,2,15,27.81883333,-81.98071111,12,1,10,2,998,0,0,60
121711,7,16,1,1,30.28723889,-81.52063056,33,3,1,1,55,1,0,45
121712,7,16,1,10,30.59247222,-81.78150278,8,1,1,1,65,0,0,65
121714,7,12,4,6,27.60883889,-80.38848056,9,1,1,1,35,0,0,35
121715,7,18,3,9,25.92686944,-80.22786944,12,1,10,2,55,1,0,55
121716,7,14,6,1,30.15834444,-83.99886389,12,2,1,2,60,1,1,60
121717,7,18,3,2,26.26651944,-81.76965278,12,2,1,2,80,2,1,45
121718,7,8,7,16,26.24052778,-80.25833611,12,1,1,2,5,1,0,0
121719,7,3,2,20,27.50398611,-81.77139167,53,5,1,1,60,1,0,60
121720,7,8,7,14,28.41958056,-81.30698889,3,1,1,1,50,1,0,35
121721,7,14,6,9,27.97791944,-82.32619167,12,1,1,2,50,1,0,70
121722,7,13,5,22,28.37591111,-81.30942778,12,2,2,2,35,1,0,45
121723,7,30,1,22,25.209625,-80.34137778,12,2,1,2,55,1,1,55
121724,7,14,6,19,27.34282222,-82.44556944,1,5,10,1,75,1,0,70
121725,7,26,4,3,28.30380556,-81.47770278,12,3,1,2,40,1,0,50
121726,7,7,6,19,27.32416389,-80.413225,42,1,2,1,70,1,0,70
121727,7,10,2,7,28.97550556,-82.36296111,12,1,1,2,55,1,0,55
121728,7,15,7,22,28.92203056,-81.29963611,12,2,1,2,10,0,0,55
121729,6,24,7,12,26.13170833,-80.18990833,12,1,1,2,10,0,0,25
121730,7,15,7,2,29.79138333,-82.06321389,53,2,1,1,45,1,1,45
121731,7,15,7,18,27.58954444,-82.14701944,30,1,10,1,60,2,0,60
121732,6,29,5,22,25.95707778,-80.20624167,8,3,10,1,60,0,0,40
121733,7,16,1,21,28.09855833,-81.97508889,8,3,2,1,25,0,0,25
121734,7,2,1,20,27.44811111,-82.57537222,8,2,1,1,45,0,0,45
121735,7,18,3,0,27.55629722,-82.44969722,33,3,1,1,50,1,0,50
121736,7,17,2,22,30.19158611,-81.71105278,12,3,10,2,60,1,0,65
121737,7,5,4,7,28.587525,-81.55082778,8,1,1,1,45,0,0,45
121738,5,24,4,22,25.97309167,-80.19836111,8,2,1,1,998,0,0,30
121739,7,6,5,20,25.72017222,-80.43332222,42,1,1,1,30,1,0,30
121740,7,9,1,23,25.81673889,-80.23245278,12,3,1,2,40,0,0,45
121741,7,3,2,20,28.24394722,-81.55487778,42,2,1,1,998,1,1,55
121742,7,5,4,23,29.07741667,-82.07510556,1,2,10,2,35,1,0,55
121743,7,14,6,3,27.52502222,-82.43081389,3,3,1,1,60,1,1,20
121744,7,18,3,0,30.63053889,-81.58438056,12,2,1,2,60,1,1,45
121745,7,14,6,12,28.35581389,-80.68733889,8,1,1,1,10,0,0,10
121746,7,15,7,2,28.36873611,-82.24552222,12,2,1,2,55,1,0,55
121747,7,16,1,2,28.57627778,-81.55692778,8,3,1,1,65,0,0,65
121748,7,17,2,5,30.31326944,-83.02335556,12,2,5,2,35,2,1,60
121749,1,3,3,8,27.47699722,-82.62654167,53,1,1,1,35,1,0,25
121750,1,22,1,20,28.53273333,-81.30640833,1,3,1,1,35,1,1,25
121751,5,21,1,4,30.12035833,-81.61909167,42,2,1,1,50,1,0,45
121752,2,22,4,13,28.04081389,-81.90792778,12,1,1,3,998,0,0,40
121753,7,16,1,20,26.45944167,-80.06691667,30,3,2,1,85,1,0,35
121754,7,17,2,16,26.81148333,-80.19739444,12,1,2,3,70,0,0,55
121755,7,16,1,22,25.75737778,-80.20538056,42,3,1,1,70,1,0,30
121756,5,15,2,3,27.89328056,-82.40170556,30,2,1,1,63,1,1,55
121757,6,25,1,2,27.76758611,-80.55940833,12,2,1,2,45,0,1,45
121758,7,17,2,22,27.93095833,-82.72196111,43,3,1,1,40,1,1,40
121759,7,17,2,23,28.44823333,-82.18796944,9,2,2,1,55,0,0,55
121760,7,2,1,13,27.87893889,-80.59178611,42,1,1,1,70,1,1,70
121761,7,21,6,20,29.09848333,-80.97069444,9,2,1,1,50,0,0,55
121762,6,23,6,20,27.49606944,-82.63329167,12,5,1,2,20,0,0,40
121763,7,18,3,0,28.21878056,-82.24618333,8,3,10,1,45,0,0,45
121764,7,4,3,8,27.89111944,-82.79528333,12,1,10,2,30,1,0,40
121765,7,11,3,20,25.69190833,-80.45444722,12,3,1,2,10,0,0,40
121766,7,19,4,13,25.98002222,-80.35146111,59,1,1,1,70,1,0,70
121768,7,18,3,11,28.29385556,-80.69956944,12,1,10,2,55,1,1,55
121769,7,20,5,21,25.84395556,-80.26619444,8,2,1,1,998,0,0,40
121770,7,5,4,8,25.83964722,-80.38911667,24,1,1,1,50,1,0,60
121771,7,5,4,16,28.09228056,-80.79675556,1,1,10,1,65,1,0,65
121772,6,8,5,6,26.641025,-80.14562778,1,1,1,1,25,1,0,45
121773,7,21,6,18,30.14488889,-82.70135833,38,1,1,1,53,1,1,60
121775,6,24,7,20,26.14306389,-80.16948333,12,3,2,2,65,1,0,65
121776,7,1,7,4,30.70818056,-81.67328611,12,3,1,2,5,4,0,65
121777,7,22,7,17,30.38260833,-81.67287222,1,1,2,1,45,1,0,55
121778,7,14,6,15,30.30556111,-83.75031111,12,1,10,2,70,1,0,65
121779,2,20,2,3,26.23166389,-80.107175,8,3,1,1,1,0,0,35
121780,7,20,5,12,27.26288611,-82.49760556,12,1,1,2,15,1,0,15
121781,7,13,5,4,28.37906667,-81.27715278,18,3,1,1,70,1,0,70
121782,6,17,7,23,30.45638333,-84.28068056,8,3,1,1,998,0,1,35
121785,7,4,3,21,26.05911111,-80.21009444,12,2,1,2,30,1,0,25
121786,6,23,6,4,25.90590556,-80.32472222,12,3,1,4,62,0,0,55
121787,6,14,4,8,28.82141667,-81.83625,12,1,1,4,60,1,0,50
121789,7,23,1,14,27.51825833,-80.35456667,59,1,1,1,55,1,0,55
121790,6,23,6,6,27.337525,-82.52416667,9,1,1,1,35,0,0,35
121791,7,23,1,4,28.05100556,-82.01608333,12,3,1,2,67,0,1,70
121792,7,13,5,10,30.13075278,-85.59124167,12,1,1,2,35,1,0,45
121793,7,24,2,5,28.05525,-81.90980278,8,2,10,1,998,0,0,30
121794,7,1,7,19,30.97620556,-85.02565833,12,2,1,2,15,0,0,55
121795,7,25,3,21,30.20659722,-84.37226389,8,2,1,1,35,0,0,35
121796,7,27,5,12,30.76523333,-86.59724722,33,1,10,1,10,1,0,45
121797,7,28,6,4,30.40945833,-87.276425,8,2,1,1,45,0,0,45
121799,7,28,6,5,26.83002778,-80.09756111,8,3,10,1,60,0,0,70
121800,7,28,6,3,27.01744167,-82.16387778,8,2,1,1,45,0,0,45
121801,7,25,3,22,28.10699167,-82.50251944,8,3,1,1,55,0,0,55
121802,7,5,4,10,25.49945,-80.42946667,12,1,1,3,70,0,0,40
121803,7,6,5,7,28.02724722,-82.16206111,12,1,1,5,78,0,0,70
121804,7,9,1,13,28.54448611,-81.22218056,12,1,1,2,91,0,1,45
121805,7,25,3,7,29.01651389,-81.37311389,12,1,1,2,55,1,0,55
121806,7,6,5,21,30.02537222,-81.48563056,12,2,2,2,70,1,0,70
121807,7,25,3,23,30.45609722,-84.37255556,8,2,1,1,45,0,1,45
121808,7,21,6,14,29.04619167,-81.05994722,12,1,1,2,45,1,0,45
121809,7,9,1,17,26.36636111,-80.20017778,8,1,10,1,0,0,0,98
121810,7,22,7,1,29.19296389,-81.05165278,33,2,1,1,998,2,0,40
121811,7,10,2,21,25.46617778,-80.47434722,9,3,1,1,45,0,0,45
121812,7,21,6,11,25.79712778,-80.18909167,12,1,1,2,10,0,0,30
121813,7,21,6,21,30.7517,-86.48614722,12,2,1,2,55,1,0,55
121814,7,26,4,15,26.61990556,-81.80546667,12,1,1,5,70,1,0,70
121815,7,21,6,19,30.67253611,-87.25803889,42,2,1,1,55,1,1,55
121816,7,24,2,21,27.96803333,-82.54772222,8,2,10,2,50,0,0,50
121817,7,28,6,23,30.49476667,-81.63999444,12,3,1,2,65,1,0,65
121818,7,28,6,6,28.30427778,-81.45346667,8,3,1,2,45,0,0,45
121819,7,29,7,7,25.96200833,-80.29459722,42,1,1,1,100,1,0,45
121820,7,28,6,0,26.76227222,-80.22688611,12,2,10,2,50,0,1,45
121821,7,26,4,10,28.66846667,-82.14275833,24,1,1,1,70,1,0,70
121822,7,28,6,18,27.44777222,-82.57538333,12,1,1,3,45,0,0,45
121823,7,5,4,13,28.14581944,-82.31188056,12,1,10,2,10,1,0,0
121824,7,26,4,22,29.45788889,-81.17699167,12,2,1,2,70,1,0,70
121825,7,6,5,10,27.1622,-80.493975,42,1,1,1,50,1,0,50
121826,7,15,7,20,28.48338611,-81.45895278,8,3,1,1,25,0,0,50
121827,7,26,4,0,28.025175,-82.45946944,8,3,1,1,35,0,0,40
121828,7,11,3,15,27.26922222,-80.26676111,12,1,1,2,5,0,0,0
121829,7,24,2,12,25.76087778,-80.42488889,12,1,10,3,68,0,0,45
121830,7,11,3,9,27.77244444,-82.145625,12,1,1,2,60,1,0,60
121831,6,29,5,17,29.62568889,-81.20531111,12,1,1,3,45,0,0,45
121832,7,2,1,13,28.89520278,-81.62901944,12,1,1,2,55,1,0,55
121833,7,17,2,3,25.94085833,-80.24540833,12,3,10,2,102,0,0,40
121834,7,2,1,3,25.96575278,-80.16533056,12,3,1,3,90,0,0,55
121835,7,21,6,6,28.69011667,-81.54693056,12,3,1,2,45,1,0,45
121836,7,18,3,2,27.07142222,-81.97048889,12,2,1,3,50,1,0,55
121837,7,12,4,19,28.72195833,-82.50741389,42,1,1,1,55,1,1,55
121838,5,26,6,13,28.51755,-81.25046944,24,1,2,2,70,1,0,70
121839,7,9,1,16,28.55243611,-81.43901667,15,1,1,1,50,0,0,45
121840,7,23,1,10,26.94430833,-82.35079444,33,1,1,1,25,1,0,45
121841,7,24,2,23,27.97560278,-82.53436389,30,3,1,1,77,1,1,35
121842,7,24,2,14,28.53665278,-81.01145278,12,1,2,2,60,1,0,60
121843,7,26,4,8,30.29066389,-81.62142778,9,1,1,1,35,0,0,35
121844,7,23,1,0,30.34856944,-81.69553611,12,3,1,2,55,1,0,40
121845,7,30,1,2,27.81420833,-82.6796,8,3,1,1,45,0,0,45
121846,7,30,1,13,28.03930278,-81.98469444,30,1,1,1,70,1,0,35
121847,7,25,3,17,26.60691111,-80.10471111,33,1,1,1,998,1,0,45
121848,7,25,3,22,29.24233056,-82.38274444,42,2,1,1,66,1,1,55
121849,7,30,1,20,26.67453889,-81.89645,8,2,1,1,55,0,0,55
121850,7,26,4,4,30.53333333,-87.27410556,8,3,1,1,60,0,0,60
121851,7,29,7,23,28.18783056,-82.74608056,8,3,1,1,30,0,0,30
121852,7,26,4,0,30.71538333,-86.56969444,12,6,1,2,35,0,0,0
121853,7,29,7,2,26.73019167,-80.09112222,8,3,1,1,65,0,0,65
121854,7,31,2,21,29.47532222,-81.24169167,9,2,10,1,55,0,0,50
121855,7,29,7,19,25.86906944,-80.213975,12,1,1,2,70,1,0,40
121856,7,21,6,18,30.91559444,-87.38090278,32,2,1,1,70,1,1,50
121857,8,1,3,19,26.58930556,-81.87195,12,1,1,2,10,1,0,45
121858,7,29,7,9,29.80891111,-82.54974722,32,1,1,1,79,1,0,65
121859,7,23,1,23,28.55071389,-80.86652778,9,2,1,1,70,0,0,65
121860,7,22,7,17,30.24117222,-82.73943611,12,1,2,3,70,2,0,70
121861,7,22,7,20,28.78657778,-81.27198611,30,3,10,1,40,1,0,45
121862,7,30,1,20,28.42048889,-81.42271111,12,3,2,3,85,1,0,45
121863,7,22,7,18,28.6936,-81.38379444,1,1,1,1,75,1,0,45
121864,7,6,5,20,28.87305278,-82.09050556,12,3,1,2,80,0,0,40
121865,7,28,6,21,25.84246667,-80.241525,9,2,1,1,999,0,0,35
121866,7,9,1,12,28.48436667,-80.77360278,12,1,1,2,30,0,0,25
121867,7,14,6,12,28.934875,-81.96106389,12,1,1,2,35,1,0,35
121868,7,26,4,21,29.17975833,-81.01748889,8,2,1,1,998,0,0,98
121869,7,7,6,13,27.96607778,-82.36504444,10,1,1,1,0,1,0,45
121870,7,27,5,11,25.92406944,-80.24165278,14,1,1,1,25,0,0,98
121871,7,29,7,20,26.52076667,-81.86897222,8,2,1,1,50,0,0,50
121872,7,30,1,11,27.08844444,-80.31923056,12,1,1,2,78,1,0,45
121874,7,30,1,10,28.49116944,-82.17442222,12,1,1,3,60,0,1,60
121875,8,3,5,5,28.56095556,-81.31076944,8,3,10,1,47,0,0,50
121876,7,28,6,1,26.19336111,-80.25214167,8,3,1,1,1,0,0,45
121877,7,29,7,23,24.78953333,-80.88861667,12,2,1,2,5,1,0,55
121878,7,16,1,4,27.22095833,-80.39919444,42,2,1,1,90,2,0,40
121879,7,30,1,20,27.89123333,-82.80982778,12,3,1,2,50,0,0,45
121880,7,30,1,5,26.72328333,-81.82588056,12,2,1,2,80,0,1,70
121881,8,4,6,7,27.74465833,-82.41820278,12,1,1,2,55,0,1,55
121882,7,26,4,17,27.73415,-82.26130556,12,5,1,2,55,1,1,40
121883,7,13,5,22,30.37425,-86.23620833,9,2,10,1,55,0,0,55
121884,8,3,5,16,27.26929722,-82.4542,12,1,1,2,15,1,0,35
121885,7,28,6,7,28.43740556,-80.76171667,12,1,1,2,20,1,0,25
121886,7,27,5,21,25.49212222,-80.43668889,9,2,1,1,35,0,0,30
121887,7,30,1,17,27.24354444,-80.85916111,12,1,10,2,998,1,0,50
121888,7,28,6,2,26.57204167,-80.10545,33,3,2,1,61,1,0,45
121889,8,1,3,22,26.16544167,-80.17483611,8,6,1,1,998,0,0,45
121890,8,1,3,0,30.15023889,-85.74738056,33,3,1,1,75,1,0,35
121891,8,3,5,15,29.99138889,-81.31553056,12,1,1,2,50,1,0,50
121892,8,1,3,19,26.94095,-82.21868889,30,5,10,1,55,1,0,55
121893,8,4,6,11,30.06563889,-82.59998333,12,1,10,2,15,2,0,45
121894,8,2,4,22,28.10946667,-81.97360556,12,3,1,3,95,3,0,45
121895,8,4,6,21,28.40026944,-82.65940833,8,3,1,1,55,0,0,55
121896,8,7,2,16,28.04546944,-81.94086944,8,1,1,1,35,0,0,35
121897,8,3,5,12,28.68955278,-81.40677222,33,1,1,1,40,1,0,40
121898,7,30,1,3,30.41065278,-81.74653889,12,2,1,2,30,1,1,30
121899,8,7,2,23,26.96942778,-82.01948889,1,2,1,1,70,1,0,70
121900,8,5,7,12,26.16495556,-80.20550556,8,1,10,1,998,0,0,98
121901,8,6,1,22,27.46235556,-82.56701944,12,3,1,2,60,1,0,45
121902,7,27,5,20,26.72502222,-80.66725278,12,3,10,2,45,0,0,30
121903,7,29,7,18,26.7585,-80.09018056,33,1,1,1,65,1,0,65
121904,7,29,7,3,27.87870833,-82.72926111,9,3,1,1,60,0,1,45
121905,8,2,4,6,28.005075,-82.30234167,12,2,1,2,15,1,0,45
121906,8,8,3,4,27.89394722,-82.68600833,8,3,1,1,45,0,0,45
121907,8,9,4,20,26.15427778,-80.24305,9,3,1,1,35,0,0,30
121908,8,8,3,12,29.07601389,-81.24666944,12,1,1,2,5,0,0,35
121909,7,22,7,9,25.50118611,-80.4172,8,1,10,1,65,0,0,65
121910,7,30,1,12,28.57811667,-81.45487778,33,1,1,1,20,0,0,25
121911,8,5,7,10,26.19132222,-80.15184444,1,1,1,1,65,1,0,65
121912,8,9,4,0,27.49697778,-82.69951389,9,2,1,1,42,0,0,35
121913,6,26,2,1,27.32692778,-80.321375,46,3,1,1,55,1,0,45
121914,8,5,7,21,28.63268611,-82.37181944,38,2,1,1,45,1,0,45
121915,8,3,5,22,27.04216667,-82.2319,8,3,1,1,40,0,0,45
121916,8,7,2,9,28.29849444,-81.40371667,8,1,1,1,30,0,0,35
121917,7,28,6,21,30.71964444,-85.05361944,8,2,1,1,55,0,0,55
121918,8,3,5,15,26.6508,-80.20108611,12,1,10,2,70,1,0,45
121919,8,5,7,2,28.02586667,-82.56595,8,3,1,1,45,0,0,45
121920,8,5,7,10,28.817875,-81.33235278,5,1,1,1,35,1,0,15
121921,5,28,1,19,26.01481111,-80.34841389,33,1,1,1,45,1,1,30
121922,8,6,1,22,28.32408056,-82.69936111,8,3,1,1,45,0,0,45
121923,8,1,3,13,30.2044,-81.74787778,12,1,1,2,10,0,0,40
121924,8,5,7,22,30.23297222,-81.55208889,12,3,1,2,45,1,0,45
121925,7,29,7,20,28.84318056,-81.89678889,12,3,1,2,30,1,0,45
121926,8,1,3,16,28.57338056,-81.51173889,33,1,1,1,45,1,1,45
121927,7,27,5,12,28.55376944,-81.32073889,12,1,1,2,15,1,0,50
121928,8,8,3,14,26.55672778,-81.88122222,12,1,1,3,20,1,0,45
121929,7,31,2,16,26.55459722,-80.18878611,12,1,2,2,35,0,0,50
121931,7,29,7,23,27.31221944,-82.52981111,12,3,1,3,998,0,1,45
121932,8,13,1,22,26.72694722,-80.26481111,1,2,10,1,25,1,0,25
121933,8,8,3,16,26.32889167,-81.74967778,12,1,1,2,40,1,0,70
121935,8,12,7,23,28.254,-80.68433333,12,2,1,2,80,2,0,55
121936,8,9,4,5,26.6773,-81.81082778,8,3,1,1,45,0,0,45
121937,8,6,1,23,30.42984444,-81.66811944,8,3,1,2,999,0,0,35
121938,7,7,6,21,25.77625278,-80.18799444,8,3,2,1,10,0,0,35
121939,8,6,1,11,26.68949722,-81.78937222,12,1,1,2,15,1,0,45
121940,2,1,4,7,26.28978611,-80.11953333,12,4,1,2,1,1,0,40
121941,2,4,7,4,26.15340556,-80.20283333,8,3,1,2,999,0,0,98
121942,2,4,7,22,26.23411944,-80.13139722,9,3,1,1,998,0,0,25
121943,8,11,6,22,30.258,-81.61816944,12,3,1,2,50,1,1,45
121944,8,12,7,10,30.48519444,-81.60482222,8,1,1,1,5,0,0,5
121945,1,19,5,12,26.26055556,-80.13995833,31,1,1,2,1,1,0,40
121946,8,12,7,3,28.45146111,-80.82100833,42,2,1,1,88,1,0,70
121947,8,12,7,3,28.15758611,-81.80077778,20,2,1,1,998,1,1,70
121948,8,11,6,13,30.68355833,-86.79862222,14,1,1,1,70,2,0,70
121950,8,13,1,4,30.40950278,-86.65563611,12,3,1,2,70,1,0,45
121951,8,9,4,6,30.86652778,-85.49269722,12,1,1,3,55,1,0,55
121952,8,11,6,23,30.674575,-86.83146944,8,2,10,1,70,0,0,70
121953,7,14,6,22,27.26820278,-80.369375,12,3,1,2,10,0,0,25
121954,8,9,4,4,27.92535,-80.60262778,12,2,1,3,70,0,0,70
121955,8,16,4,0,28.30852222,-81.56839444,12,3,1,3,55,0,1,55
121956,8,15,3,23,29.62245556,-82.38955,1,3,10,1,55,1,0,70
121957,8,11,6,16,27.12135,-80.18613611,30,1,1,1,45,1,1,45
121958,8,8,3,20,27.27120556,-80.29753611,12,3,1,2,15,0,0,45
121959,8,9,4,19,28.10471944,-81.53049722,1,1,1,2,998,1,0,45
121960,8,13,1,8,27.03285556,-82.20787222,9,1,1,1,35,0,0,35
121961,8,14,2,10,30.64036111,-81.65744167,12,1,1,2,20,1,0,70
121962,8,9,4,6,27.70013056,-80.90453889,12,1,1,2,60,1,0,60
121963,8,15,3,2,29.9008,-82.14003333,8,2,10,2,45,0,0,45
121964,8,17,5,10,28.53341389,-82.52426111,8,1,10,1,50,0,0,55
121965,8,12,7,22,30.58574444,-87.08591667,12,3,1,3,10,0,0,45
121966,7,30,1,1,27.45297778,-80.349875,12,3,1,2,60,1,0,25
121967,8,8,3,10,26.60816111,-80.14682778,12,1,10,3,95,1,0,45
121969,8,13,1,23,28.65769444,-81.336275,8,3,1,3,40,0,0,45
121970,8,16,4,0,30.27791667,-81.60265278,19,3,1,1,70,2,0,45
121971,7,25,3,22,26.16965278,-80.28483333,8,3,1,1,45,0,0,45
121972,8,12,7,22,30.48468056,-86.57004444,8,2,1,1,45,0,0,45
121973,8,9,4,22,30.55980833,-84.07046111,30,2,1,1,45,1,1,45
121974,8,14,2,10,26.48488889,-80.65380556,26,1,1,1,55,1,0,55
121975,8,9,4,9,29.41548889,-81.14834722,1,1,10,1,50,1,0,55
121976,3,5,1,21,30.49831667,-84.45758333,35,2,1,1,80,1,0,35
121977,8,14,2,0,25.76661667,-80.21968056,9,3,1,1,998,0,0,98
121979,2,28,3,13,29.01958611,-80.92893889,12,1,1,2,10,1,0,45
121980,8,15,3,5,28.25884722,-81.43621111,12,3,1,3,75,0,1,45
121981,8,10,5,21,28.36953889,-81.533525,33,3,1,3,40,1,0,40
121982,8,12,7,20,28.20366389,-81.25606111,1,1,1,1,10,1,0,30
121983,8,11,6,1,26.73071944,-81.7055,30,2,1,1,55,1,1,55
121985,8,12,7,0,28.39515,-80.74931389,8,3,1,1,45,0,0,45
121986,8,15,3,7,28.21928056,-82.71533889,12,1,10,2,30,1,0,30
121987,8,12,7,15,29.41664167,-82.88887778,9,1,1,1,55,0,0,55
121990,8,11,6,23,28.33379444,-81.48963333,8,3,1,1,45,0,0,45
121991,8,8,3,22,29.03540833,-81.21460278,12,2,1,2,100,1,0,70
121992,8,17,5,10,30.31429167,-81.56462778,12,1,1,2,998,0,0,45
121993,8,17,5,21,29.52215556,-82.90186944,1,2,1,1,45,1,0,35
121994,8,9,4,6,25.48261667,-80.47749167,8,3,1,1,30,0,0,30
121995,8,17,5,23,28.38215278,-81.39869444,12,3,1,2,30,0,1,30
121996,4,3,2,13,26.1669,-80.11663889,12,1,1,2,998,1,0,45
121997,8,18,6,9,27.8973,-82.70055556,8,1,10,1,45,0,0,45
121998,8,18,6,6,26.08625556,-80.20195,14,2,10,1,45,0,0,45
121999,8,18,6,19,27.94674444,-81.79430278,12,1,1,2,998,1,0,55
122000,8,18,6,17,29.43808611,-82.04860556,59,1,1,1,55,1,0,55
122001,8,14,2,22,28.05182778,-82.33517778,12,3,1,2,25,0,1,50
122002,8,20,1,15,30.10175556,-81.74053056,12,1,1,2,10,0,0,45
122003,8,17,5,6,28.07687778,-81.51731944,9,2,10,1,998,0,0,45
122004,8,18,6,23,28.87476389,-81.28483611,41,3,1,1,90,1,1,70
122005,8,17,5,20,29.63421667,-82.26991389,12,5,1,2,10,0,1,25
122006,8,18,6,18,27.99781944,-82.41215556,14,1,1,1,70,1,0,25
122007,8,18,6,0,28.26668611,-80.73413056,33,3,1,1,50,1,1,30
122008,8,18,6,15,26.71738611,-80.24110556,35,1,1,1,20,1,1,30
122009,8,19,7,3,26.22586667,-81.73655556,12,2,1,2,30,1,0,70
122010,8,19,7,13,29.38565556,-82.61066111,30,1,1,1,55,1,1,55
122011,8,19,7,21,26.70918333,-80.20097778,8,3,2,1,45,0,0,45
122012,8,20,1,10,30.26273611,-81.6071,14,1,10,1,90,1,0,65
122013,8,20,1,17,27.44286667,-82.45970556,32,1,10,1,60,1,0,70
122014,6,23,6,19,25.72554444,-80.25349167,12,5,1,2,15,0,0,25
122015,8,21,2,12,30.42123056,-87.25013611,12,1,1,6,60,0,0,45
122016,8,10,5,11,25.68434722,-80.44933611,12,1,1,2,75,1,0,45
122017,8,27,1,17,30.70936111,-85.94606667,42,1,2,1,85,1,0,70
122019,2,5,1,12,26.24338333,-80.09045833,8,1,2,1,998,0,0,25
122020,2,13,2,13,26.20822222,-80.27950833,12,1,1,2,1,0,0,45
122021,7,21,6,1,25.95771111,-80.22925,12,3,10,2,80,1,0,65
122022,8,18,6,19,25.74990278,-80.25456944,8,1,1,1,15,0,1,15
122023,8,21,2,17,28.10255833,-81.78931111,12,1,1,2,15,1,0,45
122024,8,22,3,7,30.30607222,-81.75191389,8,1,1,1,10,0,0,15
122025,8,20,1,2,25.51626944,-80.42965833,8,3,10,1,45,0,0,45
122026,8,22,3,15,28.13230278,-82.74000833,12,1,1,2,15,1,0,55
122027,8,22,3,12,26.69057222,-80.06258056,8,1,10,1,35,0,0,35
122028,8,22,3,21,25.88410278,-80.31861111,8,2,10,1,30,0,0,40
122029,8,22,3,20,30.42029444,-86.6391,12,2,1,2,80,0,1,30
122030,8,23,4,15,27.46700278,-82.6773,12,1,10,3,10,0,0,30
122031,3,6,2,11,26.30055833,-80.13460556,42,1,1,1,998,1,0,45
122032,8,25,6,12,28.52423056,-81.32541111,12,1,1,2,998,0,0,40
122033,8,16,4,5,25.94969444,-80.43251389,12,3,10,2,35,1,0,55
122034,8,21,2,18,28.32453611,-82.66609167,9,1,1,1,45,0,0,45
122035,8,22,3,5,27.91068333,-82.50611944,8,3,1,1,40,0,0,40
122036,8,25,6,14,28.938125,-81.90175278,42,1,1,1,45,1,0,45
122037,8,19,7,3,27.93774722,-82.28590278,8,3,1,1,45,0,0,45
122038,8,20,1,12,28.02932778,-82.12574722,12,1,10,2,60,1,0,30
122039,8,26,7,16,27.71898333,-80.42106944,12,1,10,3,55,1,1,55
122040,8,22,3,20,28.54530278,-81.2206,33,2,1,1,45,1,1,45
122041,8,27,1,1,27.95289722,-81.94628611,33,2,1,1,998,1,0,45
122042,8,25,6,10,26.14578889,-80.32994167,12,1,1,2,998,1,0,45
122043,8,27,1,13,28.13583056,-80.67174722,9,1,1,1,10,0,0,40
122044,8,26,7,10,27.318775,-80.41343333,12,1,1,2,70,0,0,70
122045,9,2,7,19,28.08356944,-82.24565278,12,1,1,2,10,0,0,20
122046,8,26,7,0,29.80338333,-82.97194444,1,2,10,1,45,1,0,45
122047,8,12,7,22,25.95378611,-80.28136667,8,2,1,2,998,0,0,98
122048,9,2,7,1,27.49152778,-82.47324444,33,3,10,1,60,1,0,60
122049,8,23,4,0,30.45715556,-84.36615556,8,3,1,1,999,0,0,98
122050,9,2,7,18,30.30351389,-81.6351,42,1,1,1,65,1,1,35
122051,8,19,7,10,30.33259167,-81.84861111,12,1,1,2,45,0,0,45
122052,9,3,1,17,26.61288889,-81.74818611,9,1,1,1,40,0,0,40