ST_CASE,MONTH,DAY,DAY_WEEK,HOUR,LATITUDE,LONGITUD,HARM_EV,LGT_COND,WEATHER,VE_FORMS,TRAV_SP,DEATHS,DR_DRINK,VSPD_LIM
122421,10,9,2,6,26.68200833,-81.89586389,12,3,1,2,10,1,0,45
122422,10,9,2,0,25.71864722,-80.31832222,25,3,2,1,55,1,0,55
122423,10,10,3,23,29.85361389,-81.63759167,1,2,1,1,90,1,1,45
122424,10,10,3,12,28.37144722,-82.54285278,34,1,1,1,30,1,0,30
122425,9,27,4,23,30.32166944,-87.40516111,12,3,1,2,15,0,0,25
122426,10,7,7,4,28.327475,-81.55008611,12,3,1,3,65,0,1,65
122427,9,30,7,5,28.84220556,-82.02445833,32,3,10,2,60,1,0,55
122428,10,3,3,22,27.85693889,-82.70008056,8,3,1,1,45,0,0,45
122429,10,8,1,12,26.04531667,-81.67104167,12,1,10,2,30,1,0,50
122430,10,9,2,20,28.78666389,-81.27288889,33,3,1,1,998,1,0,98
122431,10,8,1,17,26.97276111,-81.92784722,30,1,1,1,55,1,1,55
122432,10,9,2,19,30.252575,-81.74303889,12,5,1,2,60,1,0,45
122433,10,7,7,5,28.69262778,-81.15981111,34,2,99,1,25,1,1,25
122434,10,7,7,2,30.44894444,-87.218975,35,3,10,1,85,1,1,65
122435,8,28,2,21,28.34709167,-81.66441667,8,2,1,1,65,0,0,50
122436,10,5,5,23,29.64514444,-82.42243333,12,3,1,2,15,0,0,45
122437,10,5,5,22,26.16588889,-80.16021111,12,3,1,4,65,1,0,65
122438,10,11,4,20,30.32089167,-81.70621667,8,3,8,1,50,0,0,50
122439,9,15,6,19,25.72127222,-80.43146111,9,1,1,1,40,0,0,40
122440,10,8,1,17,26.32633611,-80.20276944,12,1,10,4,998,1,0,45
122441,10,9,2,2,28.01075278,-82.50501944,33,3,1,1,45,1,1,35
122442,10,7,7,15,30.49351944,-85.04401944,12,1,1,2,10,1,0,55
122443,9,30,7,0,26.00096667,-80.24780556,12,3,1,2,40,0,0,45
122444,10,9,2,15,27.82243333,-82.38190278,12,1,10,4,58,1,0,55
122445,10,8,1,23,29.17767222,-81.02897778,9,2,1,1,50,0,0,45
122446,10,12,5,3,24.5887,-81.68879722,9,2,1,1,60,0,0,55
122447,10,8,1,15,27.41951111,-80.38820833,12,1,10,2,70,1,1,70
122448,10,5,5,16,25.47766667,-80.42814444,12,1,1,2,10,0,0,40
122449,10,11,4,7,30.42064722,-84.25051667,8,3,10,1,48,0,0,35
122450,9,26,3,1,26.74596111,-80.09071944,42,3,10,1,65,1,1,65
122451,10,14,7,22,30.35590278,-81.65392222,8,3,1,1,998,0,0,30
122452,10,9,2,22,29.34707222,-83.12420833,1,2,1,1,45,1,0,45
122453,10,9,2,13,27.85047778,-82.78702778,12,1,1,2,35,0,0,45
122454,9,24,1,21,25.59606667,-80.34808889,12,2,1,2,30,1,0,30
122455,10,14,7,8,28.32834722,-82.20972222,30,1,1,1,50,1,0,50
122456,10,14,7,11,28.33987222,-82.66613333,12,1,1,2,15,1,0,45
122457,10,5,5,20,29.58653333,-82.94658889,42,2,10,1,55,1,0,55
122458,10,7,7,12,30.70031111,-86.57116111,12,1,1,3,20,0,0,45
122459,10,13,6,3,26.39416111,-80.19235833,42,3,1,1,45,1,1,45
122460,10,14,7,16,28.01076944,-82.46895556,12,1,1,2,80,1,0,35
122461,10,15,1,12,30.25851667,-81.60047222,42,1,1,1,95,1,0,35
122462,10,15,1,11,30.3267,-81.64655833,9,1,1,1,5,0,0,30
122463,10,16,2,3,26.88275556,-80.13243333,24,3,1,1,55,1,0,98
122464,10,5,5,20,28.65266667,-81.34798611,8,3,1,1,40,0,0,45
122465,9,30,7,4,26.69502222,-80.17295,8,2,1,1,998,0,0,40
122466,10,10,3,5,25.81759444,-80.24868611,8,4,1,2,30,0,0,40
122467,10,15,1,23,26.6088,-81.82043333,15,3,1,1,20,0,0,25
122468,10,13,6,17,25.76093056,-80.44893056,12,1,1,2,45,1,0,45
122469,10,11,4,12,30.22993056,-81.51389722,59,1,1,1,65,1,0,65
122470,10,12,5,20,28.8845,-81.9063,8,2,1,1,40,0,0,50
122471,10,15,1,20,30.47677222,-84.41173889,12,2,1,2,55,1,0,55
122472,10,12,5,5,30.52073056,-87.31261111,12,2,2,3,70,1,0,70
122473,9,13,4,21,27.96555278,-81.87826944,9,3,1,1,998,0,0,50
122474,9,17,1,10,25.96480556,-80.17452778,9,1,1,1,998,0,0,98
122475,10,15,1,18,28.03318333,-82.01076111,12,1,1,2,998,1,1,40
122476,10,16,2,8,29.339825,-81.49915278,12,1,1,3,75,1,0,60
122477,10,13,6,6,25.89736111,-80.21133611,33,4,1,3,45,1,0,35
122478,9,30,7,15,30.61678889,-84.76634444,12,1,1,2,70,1,0,70
122479,10,13,6,21,28.87349167,-81.78074722,8,2,1,1,40,0,0,40
122480,10,14,7,2,29.20554167,-82.18446667,12,2,1,2,0,0,0,70
122482,9,27,4,7,30.42362222,-84.30224444,8,3,10,1,20,0,0,35
122483,10,14,7,20,27.90859167,-82.35649722,12,3,1,2,15,0,0,45
122484,10,16,2,11,26.63146667,-81.95976667,12,1,1,2,30,1,0,30
122485,10,17,3,10,27.01980833,-82.18652222,12,1,1,2,35,1,0,35
122486,10,16,2,2,27.93682222,-82.43539444,9,3,1,1,65,0,1,55
122487,10,16,2,23,29.01493056,-82.45498611,42,2,1,1,55,1,1,55
122488,10,16,2,15,28.65398056,-81.33066389,8,1,1,1,15,0,0,25
122489,10,19,5,0,30.41541944,-81.65691944,8,2,1,1,70,0,0,70
122490,9,26,3,8,27.54508056,-80.37613889,9,1,1,1,45,0,0,50
122491,10,17,3,3,28.64546667,-81.79473889,1,2,1,1,90,1,0,70
122492,10,11,4,2,30.48136389,-87.22586944,8,2,2,1,35,0,0,40
122493,10,12,5,3,27.96786944,-82.54990556,24,3,2,1,998,1,0,50
122494,10,16,2,21,28.53713889,-82.5116,8,2,1,1,25,0,0,25
122495,10,18,4,12,29.70028056,-81.29771111,12,1,1,2,20,0,0,20
122496,10,18,4,19,25.53818056,-80.37203611,8,2,1,1,40,0,0,45
122497,10,19,5,7,28.19373333,-82.740025,12,4,1,2,20,0,0,45
122498,10,20,6,21,26.99797778,-82.12040278,8,2,1,1,45,0,0,45
122499,10,20,6,19,27.90870833,-80.62863333,8,3,1,1,5,0,1,25
122500,10,20,6,2,28.53542778,-81.38290833,12,3,1,2,998,0,1,60
122501,10,21,7,7,28.55483889,-81.11087222,9,1,1,1,45,0,0,45
122502,10,9,2,20,30.561775,-81.6426,8,2,1,1,70,0,0,70
122503,10,15,1,19,28.69040278,-81.32447778,42,3,1,1,70,1,0,25
122504,10,20,6,17,30.14485,-81.70105556,12,1,1,2,80,1,0,50
122505,10,21,7,17,26.94446111,-81.42341944,12,1,1,2,60,0,0,60
122506,10,21,7,11,30.11200833,-81.51494167,59,1,1,1,65,1,0,65
122507,10,8,1,4,28.28449444,-81.34074722,12,2,10,2,70,1,0,70
122508,10,21,7,23,30.43968056,-84.109475,42,2,1,1,65,1,0,45
122509,10,20,6,1,26.45816389,-80.08924167,25,3,1,2,80,1,0,65
122510,10,21,7,20,30.15264167,-84.31305,9,2,1,1,55,0,0,55
122511,10,21,7,5,27.35226389,-82.52640556,33,3,1,1,45,1,0,45
122512,10,13,6,6,29.21463611,-82.16847778,8,2,5,1,35,0,0,35
122513,10,21,7,14,28.55633056,-82.40029722,1,1,1,2,20,0,0,35
122514,10,21,7,5,25.99514167,-80.43249722,12,2,1,3,50,0,1,55
122515,10,22,1,15,29.64139722,-81.67615,12,1,1,2,45,1,0,45
122516,10,12,5,13,30.11288889,-85.20021389,8,1,1,1,35,0,1,35
122517,10,12,5,19,29.09900556,-81.87194722,1,2,2,1,30,1,0,30
122518,10,11,4,15,28.05473611,-81.99021111,12,1,10,2,998,1,0,98
122519,10,11,4,17,28.10645,-81.65861944,12,1,10,5,998,0,0,55
122520,10,21,7,22,29.66993056,-82.389,12,3,1,2,5,0,0,45
122521,10,5,5,19,25.49961667,-80.43219167,33,3,1,1,998,1,0,40
122522,10,14,7,5,30.61368611,-81.67083056,12,2,1,2,10,1,0,15
122523,10,22,1,4,28.23671389,-81.43451667,8,2,1,1,45,0,0,45
122524,10,18,4,18,28.43660556,-82.54761389,30,5,1,1,45,1,1,45
122525,10,19,5,18,30.67718889,-87.31904444,1,5,1,1,40,1,1,45
122526,10,20,6,4,28.21693056,-82.72173889,8,2,1,1,45,0,0,45
122527,10,21,7,2,28.80041389,-81.75699167,42,2,1,1,100,2,0,35
122528,10,19,5,10,26.44638333,-80.15522778,8,1,1,1,30,0,0,30
122530,10,14,7,19,25.90495,-80.24421667,8,3,1,1,80,0,0,35
122531,10,16,2,23,26.06334722,-80.20780833,8,3,1,1,50,0,0,45
122532,10,20,6,6,28.208525,-80.66361389,12,4,1,2,50,1,0,50
122534,10,24,3,20,27.97044722,-82.43782222,9,3,1,1,998,0,0,98
122536,10,20,6,23,27.82106944,-82.67185556,8,2,1,2,40,0,0,45
122537,10,7,7,19,25.64043889,-80.43535833,5,5,1,1,40,1,0,40
122538,10,23,2,20,28.61648333,-81.31159167,12,3,1,2,5,0,0,50
122539,10,24,3,20,28.47870278,-82.48685278,33,3,1,1,45,1,1,45
122540,10,21,7,0,27.95471389,-80.57102222,32,2,1,1,45,1,1,45
122543,10,10,3,5,26.44033056,-80.08929722,8,4,1,1,60,0,1,65
122544,10,16,2,20,28.19321944,-82.477225,12,3,1,2,50,1,0,50
122545,10,18,4,6,28.05539167,-81.61984722,12,2,1,2,95,1,0,55
122546,10,25,4,20,26.28723889,-80.273,12,3,1,3,80,1,1,45
122547,10,28,7,7,28.23886389,-82.6939,34,1,1,1,20,1,0,20
122548,10,28,7,0,28.54570278,-81.37319167,9,3,1,1,998,0,0,30
122549,10,24,3,0,29.92541111,-81.41593889,24,3,1,1,70,1,0,70
122550,10,25,4,7,30.59399167,-84.410675,12,4,10,2,10,1,0,55
122551,10,21,7,3,25.810425,-80.19722222,12,3,1,2,30,1,0,30
122552,9,15,6,14,29.0427,-81.30377778,30,1,1,1,30,1,0,35
122553,10,20,6,22,25.68498889,-80.42487778,12,3,1,2,20,1,1,45
122554,10,28,7,6,28.11465,-82.30046944,12,2,1,2,42,0,0,45
122555,10,1,1,22,28.69390278,-81.54669444,33,2,1,1,45,1,1,35
122556,10,26,5,19,26.65581944,-81.91542222,12,3,1,2,15,0,1,35
122557,10,27,6,19,26.96616944,-82.05526667,9,2,1,1,45,0,0,45
122558,10,27,6,6,25.80946111,-80.22807222,8,3,1,1,35,0,0,35
122559,10,29,1,18,28.07384722,-82.44053889,12,1,1,2,10,0,0,25
122560,10,24,3,23,27.63341667,-82.46915556,12,2,1,3,60,0,0,70
122561,10,26,5,13,26.10291111,-80.26546111,30,1,10,1,65,1,0,65
122562,10,27,6,14,29.1715,-82.12378056,12,1,1,2,60,1,0,35
122563,10,29,1,7,29.55171944,-81.21712778,30,1,1,1,70,1,0,70
122564,10,29,1,8,28.22995278,-80.68351944,9,1,1,1,20,0,0,30
122565,10,30,2,5,26.80688889,-80.653375,12,2,1,2,100,1,1,45
122566,10,31,3,5,25.84748333,-80.19598056,8,3,1,1,998,0,0,35
122567,10,31,3,5,30.24730833,-81.56050278,42,4,5,1,35,1,0,40
122568,10,15,1,11,29.68121667,-85.36629722,12,1,1,2,35,0,0,35
122569,10,27,6,21,29.21111111,-81.04369167,12,3,1,2,30,0,0,98
122570,10,27,6,15,29.16831944,-82.19881111,12,1,1,2,75,1,0,45
122571,10,12,5,10,25.67071944,-80.41645,12,1,1,4,5,1,0,35
122572,9,13,4,10,26.35637778,-80.17055,8,1,1,4,65,0,0,65
122573,10,18,4,16,29.18249722,-82.43918333,12,1,1,2,5,1,1,35
122574,10,21,7,19,29.29526389,-81.13099444,12,2,1,2,55,0,0,55
122575,10,31,3,14,29.00447778,-81.31651111,12,1,1,2,5,1,0,30
122576,10,1,1,21,27.45706944,-81.58669722,32,2,10,1,60,1,0,55
122578,10,25,4,17,30.57553611,-84.69011944,42,1,1,1,70,1,0,70
122579,10,16,2,0,29.49712222,-81.18978333,42,2,1,1,45,1,0,45
122580,10,18,4,3,29.08431944,-82.25184722,9,2,1,1,95,0,0,50
122581,10,18,4,16,28.21714722,-82.686375,12,1,1,2,15,1,0,30
122582,10,30,2,20,28.22675,-82.73038056,8,2,1,1,30,0,0,30
122583,11,1,4,17,26.64127778,-81.83493889,9,1,1,1,50,0,0,45
122584,10,24,3,17,26.53067222,-80.06983056,12,1,10,3,15,1,0,20
122585,10,29,1,0,28.55066111,-82.50011111,1,3,1,1,50,1,0,50
122586,11,1,4,7,28.20796111,-82.24598889,1,4,1,2,10,0,0,35
122587,11,2,5,6,28.59293056,-81.41410833,8,2,1,1,999,0,0,45
122588,10,20,6,21,27.95744167,-82.53756944,24,2,1,1,998,1,0,50
122589,10,25,4,19,30.45168611,-87.23312222,8,2,1,2,40,0,0,40
122590,10,20,6,18,28.49519444,-81.31843333,8,1,1,1,15,0,0,35
122591,10,20,6,21,26.92335,-80.1022,8,2,1,1,40,0,0,40
122592,10,26,5,16,27.95313056,-81.97938333,12,1,1,3,998,1,0,55
122593,10,23,2,21,26.42743611,-81.45146944,43,3,1,1,10,2,0,15
122594,10,25,4,13,28.514625,-81.39146944,12,1,1,2,998,1,0,98
122595,10,23,2,2,28.54787778,-81.43353611,39,3,1,1,35,1,1,35
122596,10,23,2,5,29.48887222,-82.52335833,11,2,1,1,55,1,0,55
122597,10,28,7,2,26.684725,-81.79733611,12,3,1,3,84,1,1,45
122598,10,27,6,22,29.63341389,-81.65773333,9,2,1,1,30,0,1,30
122599,10,29,1,10,29.42486111,-81.21905,12,1,1,2,10,0,0,60
122600,10,30,2,0,26.23911944,-81.73648889,38,2,1,1,96,1,1,70
122601,10,31,3,6,30.26461111,-83.28321111,12,2,5,2,15,0,0,55
122602,10,28,7,4,25.77873333,-80.27194167,12,3,1,2,60,0,1,40
122603,11,2,5,18,27.92315,-82.281125,12,5,1,2,10,0,0,25
122604,10,26,5,19,27.44626944,-82.50940556,9,3,1,1,45,0,1,45
122605,3,19,1,21,27.76261944,-82.14571667,12,2,1,2,40,0,0,55
122606,10,23,2,19,25.57353611,-80.38508333,12,2,1,2,10,1,0,30
122608,10,27,6,1,29.32941944,-81.13113056,14,3,1,1,70,1,0,70
122609,10,31,3,15,29.97003056,-82.20671111,12,1,1,2,60,1,0,60
122610,10,21,7,20,28.71685278,-81.0583,12,2,1,2,55,0,1,55
122611,11,1,4,20,27.03239722,-82.10332222,12,3,1,2,15,0,0,40
122612,10,26,5,16,27.04978056,-82.37744167,12,1,1,2,15,1,0,35
122613,10,30,2,16,26.35502778,-80.11891944,20,1,1,1,65,1,0,65
122614,10,25,4,18,28.52494444,-82.30310278,59,1,1,1,35,1,0,55
122615,11,4,7,4,27.95638333,-80.62272222,18,2,1,1,80,1,0,45
122616,11,3,6,8,27.83824167,-82.19903333,34,1,1,1,80,1,0,45
122617,11,4,7,19,25.80446389,-80.23998611,8,3,1,2,999,0,0,98
122618,10,26,5,22,28.01153056,-82.77556111,9,3,1,1,30,0,0,30
122619,10,27,6,22,28.53693889,-81.28579167,15,3,1,1,45,0,1,45
122620,10,28,7,6,29.81473611,-82.38661111,12,2,5,2,60,0,1,60
122621,10,30,2,19,28.30174444,-81.57473889,12,5,1,5,35,0,0,65
122622,10,31,3,7,26.17098333,-81.75085,12,1,1,2,20,1,0,45
122623,10,25,4,15,26.23551111,-80.20952778,12,1,1,3,35,1,0,35
122624,11,2,5,21,28.29798056,-81.23914444,8,3,1,1,45,0,0,45
122625,11,4,7,18,28.05486111,-81.94081944,12,1,1,2,30,1,1,45
122626,10,28,7,20,28.01593889,-82.26776944,8,3,1,1,70,0,0,70
122627,10,29,1,15,30.69826944,-85.93595,42,1,1,1,65,1,0,55
122628,10,28,7,22,28.20155556,-82.3258,24,2,1,1,100,1,0,55
122629,9,4,2,20,27.75201389,-82.666025,8,3,1,1,30,0,0,35
122630,9,21,5,20,27.80283611,-82.67951944,12,3,10,2,120,1,0,40
122631,10,28,7,8,28.40650833,-82.52549444,38,1,1,1,30,1,0,30
122632,10,11,4,10,30.31855833,-82.97063611,15,1,10,1,10,0,0,45
122633,10,12,5,18,26.61684722,-80.06871111,9,3,1,1,20,0,0,40
122634,10,15,1,10,28.66615278,-80.87285278,12,1,1,3,50,0,0,40
122635,10,17,3,8,27.31732778,-80.34955278,12,1,1,2,3,1,0,40
122636,10,28,7,22,29.66099722,-83.04539444,8,2,1,1,998,0,0,35
122637,10,29,1,0,28.42511944,-80.80313889,42,2,1,1,69,1,0,35
122638,10,29,1,16,30.140925,-84.31383333,12,1,1,2,50,0,1,45
122639,10,29,1,15,30.51149444,-86.44636667,12,1,1,3,40,1,0,45
122640,10,29,1,1,29.656825,-82.98392778,38,2,5,1,60,1,0,60
122641,10,30,2,19,27.89407778,-82.76253333,1,3,1,1,20,1,0,45
122642,10,30,2,20,25.78158889,-80.33615556,12,3,1,2,55,1,0,55
122643,11,3,6,6,27.58085833,-81.81857222,12,2,1,2,60,1,0,60
122644,11,5,1,23,26.39421389,-80.18789444,42,3,1,1,80,1,0,45
122645,10,22,1,20,28.05431389,-82.35383611,12,3,1,2,30,0,0,55
122646,11,2,5,2,25.96901944,-80.2061,12,3,10,2,80,1,0,45
122647,11,5,1,9,27.99008611,-82.744925,12,1,1,2,45,0,0,45
122648,11,7,3,7,30.42825556,-84.19084444,11,4,1,1,55,1,0,55
122649,11,7,3,19,28.55306111,-81.38899444,15,3,1,1,998,0,0,40
122650,11,8,4,23,30.37858889,-81.69910833,8,2,1,2,999,0,0,30
122651,10,21,7,23,26.20451389,-80.10846389,8,2,1,1,64,0,0,45
122652,10,27,6,19,29.20715,-81.02064444,8,3,1,1,998,0,0,35
122653,10,28,7,15,30.97646944,-85.64645278,32,1,1,1,45,1,0,45
122654,11,7,3,6,26.67135,-80.63821389,12,1,1,2,45,0,0,45
122655,10,30,2,15,25.86856389,-80.226075,12,1,1,2,30,1,0,30
122656,11,5,1,19,30.10426111,-82.66414722,12,2,1,2,65,1,1,45
122657,11,5,1,16,30.40758056,-82.21081944,32,1,1,1,45,1,0,45
122658,11,1,4,20,27.85921667,-82.69775833,9,3,1,1,55,0,0,55
122659,11,7,3,18,28.24015833,-82.18520556,8,3,1,1,35,0,0,35
122660,10,27,6,23,27.56189722,-80.3684,12,2,1,2,50,1,1,50
122661,9,23,7,19,27.78087778,-82.69995,12,5,1,2,20,0,0,35
122662,10,28,7,10,29.12068056,-82.21846944,12,1,1,2,45,0,0,45
122663,10,29,1,6,30.48181389,-84.30649167,33,3,1,1,998,2,0,45
122664,10,25,4,16,30.64545278,-87.04688333,9,1,1,1,30,0,0,30
122665,10,29,1,1,30.81085833,-86.62845278,34,2,1,1,65,1,1,35
122666,10,31,3,21,28.24521944,-80.67941111,35,2,1,1,55,1,0,55
122667,11,5,1,0,29.73831667,-82.47750278,42,2,1,1,77,1,0,70
122669,11,8,4,18,25.89996944,-80.16064167,12,3,1,2,35,0,0,35
122670,10,31,3,23,29.59641944,-82.22818056,59,2,1,1,55,1,0,55
122671,11,4,7,3,25.84843333,-80.17318333,8,3,1,1,15,0,0,15
122672,11,6,2,17,25.84863889,-80.15323333,12,1,1,2,10,0,0,30
122673,10,27,6,12,27.64638611,-82.523625,34,1,1,1,65,1,0,65
122674,11,1,4,12,30.43563333,-83.49139722,8,1,1,1,65,0,0,60
122675,8,17,5,14,28.80075,-81.61383611,12,1,1,2,55,1,0,45
122676,11,10,6,1,28.81100278,-81.74037778,42,3,1,1,75,1,1,45
122677,11,7,3,21,26.750175,-80.05636944,8,3,1,1,35,0,0,35
122678,11,1,4,5,27.44576389,-82.47467778,9,2,1,1,50,0,0,50
122679,10,28,7,10,30.670875,-86.99949167,12,1,1,2,20,0,0,55
122680,10,30,2,12,26.26756667,-80.12718611,12,1,10,3,65,1,0,65
122681,10,27,6,23,28.36082222,-82.63606111,12,2,1,2,15,1,1,45
122682,11,1,4,22,26.089625,-80.21256667,24,3,10,1,55,1,0,65
122683,11,5,1,1,25.53328889,-80.37059722,12,3,1,2,80,1,1,65
122684,11,6,2,19,27.192075,-80.25531667,12,3,1,3,80,1,0,35
122685,10,21,7,20,27.99673333,-82.21049167,8,2,1,1,35,0,0,35
122687,11,2,5,10,27.80619167,-81.31589722,12,1,1,2,998,1,0,98
122688,11,5,1,19,27.897675,-82.34645,59,3,1,1,110,1,1,70
122689,11,12,1,1,30.26031111,-81.49991111,46,3,10,1,45,1,1,45
122690,11,12,1,1,30.28202778,-81.75521667,12,6,10,2,16,1,0,40
122691,10,29,1,19,28.98194167,-82.01008889,12,3,1,2,95,0,1,45
122692,10,29,1,22,27.45825556,-80.40573611,14,3,1,1,65,0,0,70
122693,10,30,2,5,28.34685,-81.65229444,8,2,1,3,55,0,0,55
122694,10,31,3,9,28.04451944,-81.69972222,54,1,1,2,998,0,0,35
122695,11,2,5,19,28.68319722,-80.85317222,9,2,1,1,55,0,0,55
122696,11,5,1,13,30.67878056,-87.18894722,1,1,1,1,20,1,0,20
122697,11,1,4,8,26.70504167,-80.16879722,8,1,1,1,998,0,0,98
122698,11,6,2,19,28.89416389,-81.77239167,12,5,1,2,45,2,0,45
122699,11,8,4,14,29.23191944,-81.96666944,12,1,1,2,55,1,1,55
122700,11,5,1,19,28.99695556,-82.26909444,8,2,1,1,40,0,0,40
122701,11,8,4,18,30.18979722,-85.67436389,1,2,1,2,10,0,0,45
122702,11,11,7,18,30.39818056,-84.28010556,12,3,1,3,998,0,0,45
122703,11,3,6,18,29.89786944,-81.40593056,73,5,1,1,70,1,0,70
122704,11,5,1,8,25.76013333,-80.40080278,8,1,1,1,10,0,0,35
122705,10,29,1,23,27.20880278,-81.80943889,1,2,1,1,98,1,1,60
122706,10,30,2,0,28.45845833,-81.365675,9,2,1,1,45,0,0,45
122707,10,31,3,11,29.47378889,-81.18306667,12,1,1,2,100,1,0,70
122708,10,28,7,12,27.97463333,-82.05556389,12,1,10,2,14,1,0,55
122709,11,4,7,4,27.71250556,-82.303675,12,3,1,2,20,1,1,25
122710,11,4,7,21,30.14996944,-81.35415,9,2,1,1,55,0,0,55
122711,11,4,7,6,26.04395833,-80.36943056,59,2,10,1,35,1,0,25
122712,11,5,1,18,27.28263333,-82.53088889,12,3,1,2,5,0,0,15
122713,11,4,7,7,25.813875,-80.13065556,8,2,2,1,15,0,0,30
122714,11,8,4,18,26.63619444,-81.59813056,12,3,1,2,12,1,0,40
122715,11,9,5,22,30.70759167,-86.38351111,12,2,5,2,55,1,0,55
122716,11,9,5,18,30.71396389,-86.16880278,9,9,98,1,999,0,0,45
122717,11,11,7,0,29.15503611,-81.07561389,30,2,1,1,70,1,0,70
122718,11,12,1,16,26.69763889,-82.063075,42,1,1,1,20,2,0,30
122719,11,10,6,21,26.06646389,-80.20795833,8,2,1,1,40,0,0,45
122720,11,3,6,7,29.06576389,-82.00985,12,1,10,2,45,0,0,45
122721,11,14,3,6,26.76300556,-80.11651944,8,1,2,1,998,0,0,40
122722,9,14,5,19,30.58426389,-84.60978889,8,3,1,1,998,0,0,98
122723,11,14,3,19,29.66760833,-81.47822778,32,2,2,1,50,2,0,40
122724,11,9,5,18,28.15718889,-80.67203611,8,3,1,1,998,0,0,40
122725,11,13,2,6,28.19398056,-80.67197778,12,4,2,2,998,1,0,45
122726,11,3,6,15,30.72790278,-85.216875,38,1,1,1,70,1,0,70
122727,11,14,3,0,30.24758889,-81.79915556,12,3,1,2,15,0,0,45
122728,11,12,1,22,26.14014722,-80.18661389,8,3,1,1,45,0,0,35
122729,11,1,4,6,27.903825,-81.84323889,8,3,1,1,5,0,0,35
122730,10,29,1,17,27.68381667,-82.47349167,12,1,1,2,25,1,0,60
122731,10,29,1,6,27.70821111,-82.26482778,12,2,1,3,60,4,0,60
122732,11,2,5,11,27.92569167,-82.33158889,12,1,1,2,50,0,0,25
122733,11,7,3,11,30.07218611,-82.63956111,12,1,1,2,35,1,0,35
122735,11,12,1,22,28.11564722,-80.62154722,59,3,1,2,70,1,1,40
122736,11,15,4,18,27.73478889,-82.39624167,8,5,1,2,45,0,0,45
122737,10,24,3,21,27.62819722,-82.47337222,8,2,1,1,70,0,0,70
122738,9,6,4,11,27.82481111,-82.64686944,12,1,1,2,35,1,0,40
122739,11,9,5,19,30.2036,-81.78115556,12,3,1,2,15,0,0,35
122740,11,10,6,18,26.59101111,-80.039025,8,3,1,1,998,0,0,35
122741,11,11,7,19,26.44230556,-80.08319167,8,3,1,1,45,0,0,25
122742,11,11,7,6,28.47600556,-82.50816667,12,4,5,2,30,1,0,30
122743,11,8,4,19,25.76980833,-80.32855833,8,3,1,1,45,0,0,45
122744,11,11,7,21,28.59236389,-81.41407222,12,2,1,2,998,0,0,50
122745,10,29,1,23,26.20364167,-80.14481667,8,3,1,1,40,0,0,45
122746,11,8,4,20,26.42025556,-81.81153333,12,3,1,2,100,1,0,50
122747,11,15,4,13,28.65899444,-80.86691389,12,1,10,2,70,1,0,70
122748,11,16,5,18,27.99101944,-82.41404722,8,3,10,3,35,0,0,45
122749,11,16,5,21,28.12291389,-82.76119722,8,2,1,1,25,0,0,35
122750,11,18,7,20,28.00856111,-82.56249722,8,3,1,1,35,0,0,35
122751,11,11,7,23,28.51931111,-82.51458333,42,2,1,1,45,2,0,45
122752,11,17,6,23,28.84438889,-82.34456111,8,3,10,3,35,0,1,35
122753,11,3,6,0,26.15441111,-81.37753056,12,2,1,2,70,1,0,70
122754,11,7,3,19,28.31386944,-81.46763611,8,3,1,1,45,0,0,45
122755,11,8,4,0,26.52144167,-81.57553056,1,3,1,1,85,1,1,60
122756,11,10,6,19,28.23085833,-80.69911944,8,3,1,2,40,0,0,40
122757,11,11,7,20,28.35625556,-80.93242222,1,2,2,1,60,1,0,60
122758,11,10,6,18,28.20679722,-80.59698333,8,3,1,1,35,0,0,35
122759,11,14,3,19,27.26916944,-82.48388611,8,3,2,1,40,0,1,45
122760,11,15,4,17,26.62273333,-80.25588056,35,2,2,1,998,1,0,40
122761,11,16,5,5,26.36325,-81.59338611,12,4,10,2,60,1,0,55
122762,11,15,4,6,30.52073056,-87.31261111,42,1,2,1,50,1,0,70
122763,11,19,1,17,29.63286667,-82.33944167,12,5,1,3,65,1,0,45
122764,11,15,4,19,26.69699722,-80.05410278,8,3,2,1,35,0,0,35
122765,11,18,7,1,30.76010556,-86.60784722,42,2,1,1,55,1,1,55
122766,11,18,7,18,30.18964722,-85.70066111,12,3,1,2,50,1,0,45
122767,11,13,2,10,29.2737,-81.90261944,38,1,1,1,55,1,0,55
122768,10,13,6,18,28.11251389,-82.46082778,12,5,1,4,45,2,0,45
122769,11,11,7,20,27.77060833,-82.76685278,8,3,1,1,5,0,0,25
122770,11,11,7,20,26.66372778,-80.67854167,8,2,1,1,45,0,0,45
122771,11,12,1,18,29.72270278,-82.25950556,12,2,1,2,60,1,0,60
122772,11,12,1,7,27.29873889,-82.46473889,12,1,10,2,45,1,1,45
122773,11,12,1,19,29.41421111,-82.55126944,1,2,10,1,100,1,1,65
122774,11,16,5,17,30.20529167,-85.82836389,12,3,1,2,45,0,1,45
122775,11,17,6,18,29.02163889,-82.070325,8,2,10,1,40,0,0,40
122776,10,31,3,8,26.24515556,-80.13062222,15,1,1,1,5,0,0,10
122777,11,17,6,18,26.00846667,-80.27524167,12,3,10,2,30,1,0,45
122778,11,20,2,16,28.05623333,-82.31917222,12,1,1,2,10,0,0,35