ST_CASE,MONTH,DAY,DAY_WEEK,HOUR,LATITUDE,LONGITUD,HARM_EV,LGT_COND,WEATHER,VE_FORMS,TRAV_SP,DEATHS,DR_DRINK,VSPD_LIM
122779,11,13,2,19,30.56058056,-87.26144722,12,2,2,3,45,0,0,45
122780,1,2,2,22,28.05319167,-81.734075,12,3,1,2,998,1,0,98
122781,11,3,6,20,28.46735278,-81.56116389,33,1,1,2,45,1,1,45
122782,10,5,5,3,29.49035,-82.75519722,8,2,1,1,999,0,0,25
122783,11,3,6,23,27.79230278,-82.74562222,33,3,1,1,73,1,1,35
122784,11,20,2,8,28.89168056,-82.54458056,12,1,1,2,10,1,0,25
122785,11,4,7,19,27.44626667,-82.50940833,8,5,1,1,45,0,0,45
122786,11,12,1,19,25.59543611,-80.37205556,30,5,1,1,35,2,0,40
122787,11,20,2,17,28.63534167,-81.41493333,8,5,1,1,45,0,0,45
122788,11,22,4,9,26.05664444,-81.69966667,9,1,1,1,45,0,0,45
122789,11,15,4,18,27.89403889,-82.70068333,9,3,1,1,45,0,0,45
122790,11,6,2,17,29.110275,-82.22548333,12,1,1,2,70,0,0,50
122791,11,16,5,12,27.66491944,-82.36111111,12,1,2,2,5,1,0,50
122792,11,20,2,11,28.29108889,-82.18785,12,1,1,2,25,0,0,30
122793,11,23,5,16,25.78317778,-80.17552778,24,1,1,1,15,1,0,30
122794,11,23,5,15,30.42752778,-81.71154444,12,1,1,3,25,0,0,40
122795,11,25,7,14,25.79115833,-80.24218056,42,1,1,1,35,1,0,35
122796,11,13,2,11,28.96264167,-81.96595278,8,1,10,1,10,0,0,15
122797,11,23,5,20,25.83023611,-80.27356111,12,3,1,2,30,0,0,35
122798,11,19,1,23,28.49548333,-81.45908889,9,3,1,1,55,0,0,50
122799,11,14,3,11,29.17181944,-81.86378056,12,1,2,2,55,1,1,55
122800,11,5,1,6,26.36838056,-80.11931111,33,1,1,1,70,1,0,65
122801,11,3,6,20,28.32376111,-81.34595278,12,2,1,2,70,1,1,35
122802,11,14,3,7,28.42977222,-80.759325,12,1,2,2,20,1,0,55
122803,11,16,5,20,29.26716111,-82.1936,24,2,2,2,70,1,0,70
122804,11,17,6,14,26.70618611,-80.08168333,8,1,1,1,998,0,0,0
122805,11,8,4,2,25.71535278,-80.38468333,31,3,1,1,100,2,0,40
122806,11,25,7,13,26.64271389,-80.05546389,14,1,1,1,998,1,0,25
122807,11,26,1,6,29.65412778,-82.37237222,42,3,10,1,45,1,0,35
122808,11,6,2,23,28.48428056,-81.39676389,12,3,1,2,15,1,0,45
122809,11,16,5,20,26.66883889,-80.07062222,12,3,1,7,70,1,0,65
122810,11,16,5,8,28.40366111,-81.44533056,33,1,2,1,40,1,0,40
122811,11,15,4,17,28.95716944,-81.78533611,12,1,2,2,55,1,0,55
122812,11,17,6,15,28.25574444,-82.44920278,12,1,2,2,45,1,0,45
122813,11,18,7,22,26.61705,-81.69058056,8,2,1,1,45,0,0,45
122814,11,18,7,13,30.05539444,-81.91626667,12,1,1,2,25,1,0,25
122815,11,20,2,22,28.44806944,-82.53983056,43,3,1,1,65,1,1,45
122816,11,20,2,19,27.71844722,-82.33524722,8,3,1,1,45,0,0,45
122817,11,21,3,20,27.82231389,-82.72840556,8,3,1,1,30,0,0,45
122818,11,22,4,3,29.27439444,-82.13229167,38,2,1,1,70,1,0,40
122819,11,22,4,13,28.44558889,-81.36508889,33,1,10,1,45,1,0,45
122820,11,23,5,1,26.62734167,-81.80470833,12,3,1,2,70,1,0,70
122821,11,19,1,19,28.33677778,-82.62469722,8,3,1,2,50,0,0,50
122822,11,21,3,1,26.23106111,-80.16036667,33,3,1,1,1,1,0,45
122824,11,26,1,20,28.0016,-80.69699722,8,2,2,1,40,0,0,40
122825,11,26,1,20,27.97960556,-82.45360556,7,3,10,1,50,0,1,50
122826,11,20,2,11,28.48843889,-80.7741,12,1,1,2,25,1,0,25
122827,11,18,7,14,29.18641111,-82.05373056,12,1,1,2,20,1,0,45
122828,11,10,6,18,30.45612222,-84.37322222,8,2,1,1,45,0,0,45
122829,11,18,7,5,28.15801111,-81.79154167,42,2,10,1,998,1,0,70
122830,11,19,1,15,30.43246111,-86.87414444,34,1,1,1,55,1,0,45
122831,11,23,5,18,26.95190556,-82.35311111,12,3,1,2,30,0,1,45
122832,11,3,6,22,25.49967222,-80.41226944,12,3,1,2,35,0,0,40
122833,11,9,5,18,28.22514167,-82.45775,8,3,1,3,50,0,0,50
122834,11,22,4,20,28.44761111,-82.5403,12,3,1,2,55,1,1,45
122835,11,23,5,8,27.03396667,-80.39719444,12,1,1,2,55,1,0,55
122837,11,26,1,23,27.84978056,-82.37543056,8,2,1,1,999,0,0,45
122838,11,10,6,3,28.40375278,-82.58192222,38,2,1,1,30,1,0,30
122839,11,16,5,20,26.37097222,-81.80790278,12,3,10,4,77,0,1,50
122840,11,21,3,0,26.17017778,-80.22010278,8,3,10,1,60,0,0,65
122841,11,3,6,19,29.19606944,-82.14196944,8,2,1,1,40,0,0,35
122842,11,23,5,19,26.23708333,-80.15401667,12,2,1,2,1,1,0,45
122843,10,26,5,22,26.10716389,-80.28185278,8,3,1,1,65,0,0,65
122844,11,6,2,10,27.30058889,-82.53216667,8,1,1,1,15,0,0,25
122845,11,22,4,21,27.84734167,-82.70001111,8,3,1,1,40,0,0,40
122846,11,22,4,19,26.34552778,-81.78760833,8,2,2,2,40,0,0,30
122847,11,25,7,18,28.66641389,-81.42909722,8,2,2,1,45,0,0,45
122848,11,28,3,6,27.42563056,-82.54668056,8,2,1,1,45,0,0,45
122849,11,22,4,18,29.25683889,-81.11666667,33,2,10,1,45,1,0,45
122850,11,27,2,18,27.47364444,-82.62051389,8,3,1,1,40,0,0,40
122851,12,1,6,8,28.25656111,-81.29246944,42,1,1,1,70,1,0,25
122852,11,12,1,5,25.75312222,-80.26695833,26,2,1,1,45,1,0,15
122853,12,1,6,1,30.25966111,-81.74115,8,3,1,1,998,0,0,40
122854,11,26,1,22,28.19686389,-82.69867222,8,2,1,1,45,0,0,45
122855,11,17,6,17,28.47068333,-81.71724722,12,1,1,2,15,0,0,55
122856,11,21,3,4,28.24285556,-81.21656667,12,2,1,2,5,0,0,55
122857,11,22,4,3,28.29171111,-81.24299444,9,2,1,1,45,0,0,45
122858,11,23,5,21,28.53875556,-81.45628889,12,3,1,2,60,1,0,40
122859,11,23,5,17,30.23771667,-82.55855,1,1,1,1,100,1,0,45
122860,11,22,4,7,27.337575,-80.32598056,12,1,1,2,45,0,0,45
122861,12,2,7,11,26.04593889,-80.23154722,12,1,1,2,15,0,0,45
122862,4,24,2,1,27.080825,-81.07066111,32,2,1,1,130,1,1,30
122863,11,15,4,20,30.53573611,-87.38597222,12,3,2,2,25,0,0,45
122864,11,16,5,15,28.06736389,-82.72127222,12,1,10,2,45,1,0,45
122865,11,18,7,4,25.81508611,-80.20633611,8,3,1,1,55,0,0,55
122866,11,24,6,6,26.06286944,-80.16416111,12,3,10,2,6,0,1,65
122867,12,1,6,14,28.24606944,-81.29909722,9,1,1,1,40,0,0,40
122868,12,3,1,8,27.86573056,-82.32653889,12,1,10,2,20,0,0,45
122869,11,30,5,18,27.46251389,-82.59780278,12,3,1,2,20,0,1,40
122870,11,12,1,23,28.00856389,-82.29035833,12,3,1,2,70,1,0,70
122871,11,11,7,8,27.99612778,-82.50720278,8,1,1,1,49,0,0,45
122872,11,12,1,0,28.4525,-81.2269,42,6,8,1,100,1,1,70
122873,11,17,6,23,30.54223056,-84.67695556,1,2,1,1,65,1,0,45
122874,11,26,1,17,29.22446111,-82.12344722,53,2,2,1,45,1,1,45
122875,11,27,2,6,30.13053056,-81.83026667,8,3,10,6,70,0,0,70
122876,11,27,2,6,27.99591667,-82.42037222,9,3,10,1,25,0,0,25
122877,11,25,7,16,30.43693056,-85.21912222,42,1,1,1,60,1,0,60
122878,11,29,4,18,28.54450278,-81.40898611,8,3,1,2,40,0,0,40
122879,12,2,7,19,30.75175278,-85.55077222,8,3,2,1,45,0,0,45
122880,11,18,7,10,24.71276111,-81.08855556,9,1,1,1,12,0,0,45
122881,11,28,3,4,28.19607222,-81.58424722,12,2,10,2,998,1,1,55
122882,11,26,1,15,26.69205556,-80.16593889,12,1,2,2,20,0,0,50
122883,11,30,5,16,28.35636667,-80.792225,59,1,1,1,70,1,1,70
122884,12,2,7,1,27.89355833,-82.53025,8,3,1,1,49,0,0,55
122885,12,3,1,20,28.054675,-82.44226111,9,3,1,2,998,0,0,98
122886,12,4,2,7,25.86390833,-80.31482222,12,1,1,2,10,0,0,30
122887,12,5,3,6,27.974725,-82.02848611,9,1,1,1,45,0,0,45
122888,12,7,5,12,30.32753333,-81.6771,12,1,1,2,998,1,0,30
122889,12,3,1,4,25.83208056,-80.21551944,8,3,1,1,35,0,0,35
122890,12,4,2,14,29.19743611,-81.01575,12,1,1,3,15,1,0,40
122891,11,27,2,22,26.76125833,-80.07163611,8,3,1,1,30,0,0,35
122892,12,2,7,13,28.36151944,-81.36865556,33,1,1,1,45,1,0,45
122893,11,11,7,13,29.06869167,-81.25543889,12,1,1,5,65,0,0,55
122894,11,21,3,16,27.81133333,-82.75391111,12,1,1,2,15,1,1,30
122895,11,26,1,19,25.49978056,-80.44621389,40,3,1,1,45,1,1,45
122896,11,28,3,0,30.1487,-82.67256111,42,2,1,1,75,1,0,70
122897,11,30,5,22,28.11801389,-81.90790278,46,3,1,1,50,1,0,50
122898,10,22,1,17,25.73695278,-80.254125,12,1,1,2,998,0,0,25
122899,12,6,4,22,27.65212778,-82.67641111,12,3,1,2,90,0,0,65
122900,12,2,7,2,28.04662222,-82.1041,9,2,1,2,45,0,0,45
122901,12,3,1,15,26.89490556,-82.01450278,12,1,1,2,60,0,0,35
122902,11,29,4,15,27.33792778,-82.47628889,9,1,1,2,30,0,0,45
122903,12,5,3,6,27.28389167,-82.48376389,9,1,1,1,30,0,0,40
122905,6,24,7,14,26.03967778,-80.208675,12,1,10,2,15,0,0,35
122906,10,23,2,10,28.3471,-81.65875556,12,1,1,3,45,0,0,45
122907,10,6,6,21,27.32666389,-82.56201667,9,3,1,1,998,1,0,35
122908,10,28,7,4,30.31704167,-81.73645556,12,3,1,3,55,0,1,55
122909,11,11,7,18,25.68733056,-80.3534,8,2,1,1,45,0,0,45
122910,11,21,3,22,27.91668611,-82.76685833,8,3,1,2,40,0,0,45
122911,11,28,3,6,28.22995,-81.652875,12,1,1,2,998,1,0,65
122912,12,2,7,0,27.99468333,-82.05583611,8,3,1,1,50,0,0,50
122913,12,4,2,3,30.69756944,-85.01211111,11,2,10,1,45,1,0,45
122915,11,25,7,21,28.058475,-81.78269722,12,3,1,2,998,0,0,45
122916,12,10,1,4,26.30441944,-80.15260278,12,3,1,3,45,1,0,45
122917,11,21,3,21,25.46621389,-80.47431667,8,2,1,1,45,0,0,45
122918,12,12,3,19,26.132075,-80.18634722,12,3,1,2,998,0,0,35
122919,11,19,1,7,26.12604722,-80.14346111,33,1,1,1,25,1,0,98
122920,11,11,7,3,28.28673889,-81.35536111,8,3,1,1,20,0,0,45
122921,11,12,1,4,29.05058611,-82.16771944,8,2,10,1,998,0,0,70
122922,11,18,7,12,30.61829444,-86.962775,7,1,1,2,5,0,0,25
122923,11,25,7,4,26.1391,-80.21916944,12,3,1,3,93,0,0,65
122924,11,25,7,2,28.99844444,-80.93295,1,2,1,1,30,1,0,30
122925,11,28,3,3,28.36785278,-81.41186389,42,3,1,1,40,1,0,40
122926,11,29,4,5,26.64049722,-81.80136389,12,2,10,2,100,1,0,70
122927,11,29,4,5,28.87610833,-81.28298333,1,3,1,1,70,1,0,70
122928,12,1,6,21,27.82836389,-82.67953889,8,2,1,1,40,0,0,45
122929,12,2,7,9,30.49413333,-84.44478056,42,1,2,1,70,1,0,70
122930,12,2,7,21,27.91976111,-82.49281944,38,3,1,1,55,1,0,55
122931,12,3,1,0,28.17524167,-81.48285278,12,3,1,2,25,0,0,30
122932,11,28,3,18,27.82466667,-82.69978056,8,3,1,1,45,0,0,45
122933,11,27,2,23,29.90046944,-82.13671944,12,3,1,2,60,0,0,60
122934,12,4,2,18,25.79682778,-80.38608056,8,3,1,2,70,0,0,70
122935,11,29,4,18,29.36531111,-82.13706667,8,2,1,4,60,0,0,60
122936,12,7,5,5,30.48401667,-81.78509444,12,2,1,2,15,0,0,60
122937,12,7,5,9,29.28253056,-82.44496111,12,1,1,3,35,1,0,10
122938,12,7,5,2,29.97151111,-82.10163056,33,2,1,1,55,1,0,55
122939,12,1,6,17,30.60361111,-87.14885,12,2,10,2,15,0,0,45
122940,12,5,3,7,30.53366389,-86.44003333,59,1,1,1,60,1,0,45
122941,12,7,5,13,28.09133056,-82.45155,12,1,1,2,10,1,0,45
122944,12,2,7,0,26.13819167,-80.10395,8,2,1,1,999,0,0,98
122945,12,5,3,11,28.90293333,-81.76651111,12,1,1,2,2,0,0,45
122946,12,8,6,19,26.44647222,-80.06147222,12,3,1,2,35,1,0,35
122947,12,9,7,2,26.65791944,-81.84564167,8,3,1,1,45,0,0,45
122948,12,10,1,14,28.555275,-81.11187778,9,1,10,1,45,0,0,45
122949,12,12,3,18,26.68217222,-81.882475,8,3,1,1,45,0,0,45
122950,12,11,2,20,27.8647,-82.21283056,30,2,1,1,60,1,1,35
122951,12,9,7,21,26.69280556,-80.14031111,12,3,1,2,998,1,0,45
122952,12,11,2,9,30.21621667,-82.37328611,12,1,1,3,60,0,0,60
122953,12,6,4,21,27.38881667,-82.45579167,12,3,1,3,10,1,0,45
122954,11,15,4,12,25.83023611,-80.28955556,30,1,2,1,45,1,0,45
122955,12,8,6,18,27.446425,-82.45196389,42,2,1,1,40,1,1,25
122956,12,10,1,19,27.89936944,-82.37043333,8,6,2,1,40,0,0,35
122957,10,30,2,20,25.93102778,-80.27643611,8,2,1,1,35,0,0,30
122958,12,12,3,18,26.56274167,-81.97403056,8,3,1,1,5,0,0,45
122959,12,11,2,17,28.54608611,-81.52244167,8,5,1,1,10,0,0,10
122960,4,5,4,5,26.15761111,-80.10116111,8,2,1,1,20,0,0,30
122961,1,18,4,21,26.12227778,-80.15001111,8,3,1,1,35,0,0,35
122962,2,10,6,21,26.14945,-80.15427778,8,3,1,1,35,0,0,35
122963,3,12,1,19,26.16949722,-80.11864722,8,5,1,1,40,0,0,45
122964,9,26,3,1,28.36471944,-81.51588889,8,6,1,1,60,0,0,60
122965,10,1,1,5,26.16588889,-80.16021111,42,3,2,1,65,1,0,65
122966,10,8,1,15,27.96318889,-82.68026944,12,1,1,3,68,1,0,60
122967,10,11,4,15,25.89993333,-80.15655833,12,1,1,2,40,1,0,30
122968,10,13,6,12,26.16649444,-80.82795833,21,1,10,1,70,1,0,70
122969,10,21,7,11,26.00735556,-80.36512222,9,1,1,1,0,0,0,25
122970,10,5,5,12,28.17218333,-80.67193611,15,1,10,1,998,0,0,98
122971,11,18,7,12,28.84013889,-81.68656667,12,1,1,2,40,1,0,25
122972,11,30,5,17,29.01608611,-80.93819167,9,3,1,3,30,0,0,45
122973,12,14,5,18,29.05483889,-81.29602222,12,3,10,2,6,0,0,30
122974,12,15,6,22,29.22649722,-81.03121667,12,3,1,3,80,0,0,45
122975,12,7,5,3,28.38578056,-81.50158889,33,3,1,1,30,1,0,30
122976,12,14,5,6,28.37340278,-82.64734167,9,2,1,1,40,0,0,40
122977,12,4,2,23,28.52410833,-81.35166111,12,3,1,3,15,0,0,35
122978,12,11,2,17,28.46788611,-81.39664722,59,1,1,1,40,1,0,40
122979,12,9,7,15,28.08577222,-82.45951389,9,1,1,1,10,0,0,20
122980,12,14,5,17,30.52043056,-84.05423056,12,5,10,2,45,1,0,55
122981,11,22,4,17,27.58690278,-80.39475278,12,3,1,2,20,0,0,45
122982,11,18,7,21,27.96311111,-82.80316111,12,3,1,2,70,1,1,45
122983,12,7,5,21,28.19846667,-82.64535,12,3,1,2,55,0,1,55
122984,12,9,7,18,28.92740278,-82.59296111,12,2,1,2,55,2,0,55
122985,12,13,4,19,29.149925,-82.05434722,38,2,10,1,30,1,0,30
122986,12,16,7,12,30.09028333,-81.519825,25,1,2,1,130,1,0,65
122987,12,13,4,19,30.32043333,-85.00838611,1,2,1,1,60,1,0,45
122988,12,18,2,4,30.34991111,-81.73101667,8,2,1,2,35,0,0,40
122989,11,26,1,10,27.06813611,-81.96579167,12,1,1,2,60,1,0,55
122990,7,8,7,20,26.20854167,-80.20770556,8,7,8,2,1,0,0,45
122991,12,7,5,16,28.28053889,-82.71558889,12,1,1,2,10,0,0,45
122992,10,25,4,15,29.48459167,-81.56389722,12,1,1,2,20,1,1,60
122993,10,19,5,13,25.45281667,-80.48341111,38,1,1,1,80,1,0,35
122994,11,29,4,18,27.95082778,-80.65843333,8,3,1,1,5,0,0,98
122995,10,18,4,20,28.89841944,-82.58071944,15,3,1,1,35,0,0,35
122997,12,10,1,18,25.94670556,-80.20935278,12,5,1,2,75,0,1,30
122998,12,4,2,14,28.14135833,-82.74721667,9,1,1,1,30,0,0,35
122999,11,23,5,21,26.11188611,-80.28465278,30,3,1,1,998,1,0,45
123000,11,24,6,23,30.16841111,-81.85155,33,2,1,1,45,2,0,45
123002,12,1,6,19,29.08348611,-81.06839444,8,2,1,1,40,0,0,55
123003,12,7,5,5,28.55289722,-81.41631111,8,3,1,1,35,0,0,45
123004,12,8,6,12,28.95128611,-81.25677778,42,1,1,1,35,1,0,70
123005,12,14,5,13,30.1751,-85.64762222,12,1,1,2,25,1,0,45
123006,12,16,7,15,26.21555556,-80.13114444,14,1,1,1,35,1,0,35
123007,12,18,2,19,26.19209167,-80.20385278,8,3,1,1,45,0,0,45
123008,7,24,2,16,27.79181389,-82.69592222,12,1,1,3,74,0,0,40
123009,12,19,3,21,26.18646944,-80.19225833,8,5,1,1,45,0,0,45
123010,12,19,3,20,28.04291111,-82.33370278,30,3,1,1,40,0,1,40
123011,12,15,6,17,26.20300556,-81.80035,12,3,10,2,60,0,0,45
123012,11,27,2,19,27.85205833,-81.585675,12,5,1,2,998,0,0,65
123013,12,11,2,21,27.91473611,-80.62308611,8,2,1,3,999,0,0,98
123014,12,12,3,18,26.65703611,-81.79966111,12,1,1,3,70,0,0,70
123015,12,13,4,20,30.46445,-87.25038889,8,3,1,1,40,0,0,40
123016,12,16,7,20,28.02068056,-80.57228056,12,2,2,2,20,0,0,0
123017,11,27,2,16,30.30751667,-81.77471944,31,1,1,1,45,1,0,35
123018,12,18,2,0,26.73400278,-80.08993611,33,3,1,1,40,1,0,40
123019,12,3,1,18,28.07454722,-80.63790278,8,3,1,1,40,0,0,40
123020,12,15,6,18,27.91075556,-82.29392222,8,2,10,1,45,0,0,45
123021,12,17,1,17,26.76215,-81.40941944,12,5,10,2,15,2,0,35
123022,12,19,3,16,29.67081111,-82.38165833,1,1,1,2,80,1,0,45
123023,12,8,6,14,27.46296111,-80.34988056,12,1,1,2,40,1,0,25
123024,12,19,3,17,26.28253889,-81.59296944,1,1,1,1,25,1,0,20
123025,12,17,1,6,25.76465278,-80.25429444,8,3,2,1,20,0,0,30
123026,12,23,7,1,29.13720833,-80.99825556,30,3,1,1,71,1,0,45
123027,11,18,7,23,29.39928333,-81.644825,12,2,1,2,30,2,1,45
123028,12,23,7,21,29.124,-82.03335,12,2,1,2,50,2,1,50
123029,11,30,5,17,30.43035,-81.75856389,8,2,1,1,55,0,0,55
123030,12,23,7,21,28.21091111,-82.29711944,8,2,1,1,35,0,0,35
123031,12,25,2,4,30.16405278,-82.68067222,12,3,1,2,100,1,0,70
123032,12,11,2,8,29.45917222,-82.41253611,12,1,1,3,65,0,0,60
123033,12,13,4,22,29.47475,-82.88807778,38,2,1,1,45,1,1,45
123034,12,14,5,17,29.75091111,-82.98420278,12,5,1,2,55,0,0,60
123035,12,8,6,19,28.05428889,-80.67926111,24,2,1,1,70,1,0,70
123036,12,16,7,7,28.10929722,-82.14414444,1,4,2,1,60,1,0,60
123037,12,21,5,18,29.67392778,-82.32208056,8,3,1,1,45,0,0,40
123038,12,19,3,16,26.36986389,-81.01591667,1,1,1,1,65,1,0,55
123039,12,21,5,18,26.18829444,-80.17115833,12,2,1,2,35,0,0,35
123040,12,21,5,17,25.74809167,-80.25201944,12,1,1,2,20,0,0,25
123042,12,21,5,3,26.71581389,-80.08179167,8,3,1,1,998,0,0,98
123043,12,3,1,16,28.7143,-81.86078056,12,1,1,2,45,0,0,55
123044,12,4,2,0,29.35908889,-82.50429167,59,2,10,1,75,1,0,60
123045,12,8,6,18,29.95146944,-81.30435833,8,2,2,1,50,0,1,50
123046,12,19,3,7,26.41844167,-81.42716111,9,1,1,1,35,0,0,35
123047,12,30,7,16,30.58505556,-84.56585556,12,1,1,2,20,0,0,0
123048,12,23,7,12,28.314875,-82.3252,42,1,1,1,70,1,1,70
123049,12,24,1,17,30.35199444,-81.58149167,8,3,1,1,54,0,0,40
123050,12,23,7,15,25.91272222,-80.20993611,12,1,1,2,45,0,0,55
123051,12,24,1,3,27.26915278,-82.32216944,1,2,1,1,30,1,0,30
123052,12,24,1,18,26.10232222,-80.26240833,12,3,1,2,65,0,0,65
123053,12,25,2,20,27.74858056,-82.33497778,12,3,10,2,25,1,0,55
123054,11,29,4,19,26.70503611,-81.74464444,12,3,1,2,30,0,0,45
123055,12,8,6,19,27.928,-82.33164444,12,3,1,2,70,1,0,70
123056,12,8,6,7,27.07010278,-82.42208889,12,1,10,2,25,1,0,45
123057,12,8,6,15,30.14897222,-83.16410833,38,1,1,1,70,1,1,35
123058,12,10,1,0,30.35187778,-81.55456667,52,3,1,1,100,1,1,65
123059,12,11,2,23,29.18665,-82.20586667,8,3,1,1,70,0,0,45
123060,12,11,2,20,30.17933056,-81.70164167,8,3,1,1,40,0,0,40
123061,12,1,6,19,30.45819444,-87.23880278,8,2,2,1,40,0,0,40
123062,12,12,3,13,28.67838889,-81.89636944,12,1,1,2,15,3,0,45
123063,12,11,2,8,28.15280833,-81.47410556,42,1,1,1,30,1,0,30
123064,12,13,4,19,30.06098333,-81.92263889,12,2,10,2,70,1,0,25
123065,12,13,4,1,27.42911944,-81.41791944,12,3,10,2,55,0,0,55
123066,12,14,5,22,28.37310833,-80.70037222,12,2,1,2,10,0,0,0
123067,12,9,7,11,29.12792222,-82.03745278,12,1,1,3,45,1,0,45
123068,12,17,1,17,30.38781111,-87.07975,12,2,1,3,10,1,0,45
123069,12,18,2,12,30.67448333,-81.90248889,12,1,1,2,15,1,0,45
123071,12,8,6,23,29.33559167,-82.60201111,12,2,1,2,55,0,1,55
123072,12,17,1,21,30.28508889,-85.6544,8,2,1,1,35,0,0,35
123073,12,9,7,12,25.94496944,-80.17102222,8,1,1,1,10,0,0,30
123074,8,28,2,3,26.06583333,-80.20788333,9,3,1,1,45,0,0,45
123075,12,17,1,1,27.94180833,-82.48297778,15,3,2,1,5,0,0,30
123076,12,18,2,14,28.01980278,-82.44346111,12,1,1,2,998,0,0,30
123077,12,9,7,22,26.68529167,-81.86978611,42,2,1,1,50,1,0,50
123078,12,9,7,22,27.76263056,-82.33511944,12,3,1,2,20,0,0,55
123079,12,10,1,18,28.07657222,-82.45129167,8,5,1,1,998,0,0,45
123080,12,25,2,21,28.22064444,-80.67623056,33,2,10,1,70,1,0,40
123081,12,3,1,17,28.76886389,-82.63249722,42,5,10,1,25,1,0,25
123082,11,13,2,20,27.46284722,-80.30751389,30,3,1,1,65,1,0,35
123083,12,5,3,4,24.66485,-81.50569444,20,2,1,1,40,1,0,45
123084,11,26,1,4,26.42499722,-80.17159722,12,6,1,2,30,1,1,65
123085,12,2,7,20,26.08506111,-80.20305556,5,2,1,4,60,1,0,65
123086,12,7,5,18,30.09777778,-83.608625,12,2,1,2,60,1,1,45
123087,12,7,5,23,27.93821111,-82.01771944,59,2,1,1,998,1,0,45
123088,12,7,5,17,26.64913056,-81.94111111,8,5,1,1,40,0,0,40
123089,12,3,1,10,27.79094167,-82.72854167,44,1,1,1,15,1,0,45
123090,12,9,7,14,26.97971667,-82.15603056,12,1,1,2,10,0,0,40
123091,12,10,1,18,30.12491944,-84.386125,12,2,2,2,55,1,1,55
123094,12,3,1,1,25.44812222,-80.45908056,8,3,1,1,998,0,0,99
123095,12,8,6,8,28.35243056,-81.67601667,12,1,1,2,25,0,0,55
123096,12,27,4,22,30.75335,-86.56413333,12,3,1,2,25,0,0,35
123097,12,27,4,12,26.64281667,-80.05641667,8,1,1,1,998,0,0,35
123098,12,10,1,2,27.65107222,-80.38337778,8,3,1,1,45,0,1,45
123099,12,14,5,7,26.28423889,-81.75413056,1,1,10,3,65,1,0,45
123100,12,14,5,16,29.62685278,-82.39261667,8,1,10,1,45,0,0,70
123101,12,15,6,6,27.74391667,-82.38202222,1,4,10,1,70,1,0,70
123102,12,17,1,13,29.487725,-81.18595556,33,1,10,1,60,1,1,45
123103,12,15,6,11,30.40783333,-81.649525,12,1,2,3,35,1,0,40
123104,12,18,2,1,28.39176667,-81.496925,33,3,1,1,50,1,1,30
123105,12,13,4,13,26.78026667,-82.03810556,12,1,10,2,15,1,0,30
123106,12,14,5,1,28.67311944,-81.4805,12,3,1,2,45,1,1,45
123107,12,22,6,20,26.25465,-80.22893056,42,3,1,2,998,1,0,45
123108,12,22,6,16,30.63363333,-81.85588056,1,1,10,1,65,1,1,65
123109,12,22,6,22,28.48901389,-82.38350833,1,2,1,1,45,1,0,45
123110,12,21,5,21,25.975025,-80.14761944,8,3,1,1,45,0,0,30
123111,12,19,3,21,25.84676389,-80.2186,8,5,1,1,30,0,0,40
123112,12,19,3,21,26.27511944,-80.11376667,12,3,1,2,1,0,0,45
123113,12,22,6,22,27.84494444,-82.38157778,8,3,1,1,40,0,0,50
123114,12,18,2,18,29.97632778,-81.634025,12,5,1,3,45,1,1,45
123115,12,7,5,18,28.40400556,-81.69771111,12,5,1,3,6,1,0,55
123116,12,13,4,18,29.66284167,-81.66008333,8,2,10,1,10,0,0,30
123117,12,19,3,4,28.60466667,-81.38665833,12,3,1,2,85,1,0,60
123118,12,19,3,19,30.93026111,-85.97878889,12,2,1,2,35,0,0,35
123119,12,13,4,22,28.61752778,-81.20778889,12,3,1,2,80,1,0,50
123120,12,14,5,3,29.48707778,-81.578375,1,2,10,1,65,1,1,25
123121,12,15,6,6,28.55179167,-81.50487778,8,3,1,1,10,0,0,40
123122,12,16,7,4,28.60791111,-80.81856389,1,2,1,1,35,1,0,55
123123,12,13,4,21,30.18888333,-81.73921944,8,3,1,1,35,0,0,45
123124,12,20,4,8,26.12153056,-80.21783611,12,1,10,2,75,1,0,65
123125,12,17,1,21,26.68253889,-81.87908889,12,3,1,3,40,0,1,40
123126,12,21,5,2,29.34393333,-81.14178333,8,2,1,1,60,0,0,60
123127,12,22,6,3,30.43057222,-83.58117222,14,2,1,1,70,1,0,70
123128,12,19,3,20,28.09214167,-80.85575556,12,2,1,2,65,1,0,65
123129,12,23,7,9,29.27591667,-82.15205833,12,1,1,2,15,1,0,15
123130,12,19,3,14,25.77544167,-80.21471111,12,1,1,2,45,1,0,30
123132,12,21,5,10,25.72931667,-80.4124,12,1,1,4,998,0,0,35
123133,12,22,6,9,27.44775,-82.57548333,12,1,10,2,15,1,0,40
123134,12,25,2,0,28.07996667,-80.60353333,8,3,1,1,998,0,0,98
123135,12,25,2,0,28.27312778,-82.72268889,8,3,1,1,50,0,0,45
123136,12,20,4,17,28.56833056,-81.26641667,12,1,1,3,15,1,0,50
123137,1,31,3,8,28.25055,-81.31243056,8,1,1,1,45,0,0,45
123138,12,18,2,18,27.43433333,-81.36321389,12,2,1,2,10,0,0,55
123139,12,25,2,21,30.16806944,-81.713175,9,3,10,1,25,0,0,25