ST_CASE,MONTH,DAY,DAY_WEEK,HOUR,LATITUDE,LONGITUD,HARM_EV,LGT_COND,WEATHER,VE_FORMS,TRAV_SP,DEATHS,DR_DRINK,VSPD_LIM
123140,12,22,6,8,26.51990278,-81.94184444,12,1,10,2,42,1,0,45
123141,12,19,3,5,27.224025,-80.40206944,42,2,1,1,70,1,0,70
123142,12,19,3,20,27.52260556,-82.595375,8,2,1,2,35,0,0,35
123143,12,26,3,9,28.78413056,-81.97890278,12,1,10,2,50,1,0,70
123144,12,29,6,23,26.66499167,-80.06543611,8,3,1,1,25,0,0,25
123145,12,29,6,22,25.74661667,-80.21979444,12,3,1,2,998,0,0,98
123146,12,23,7,0,29.60422222,-81.45853611,34,2,1,1,30,1,1,25
123147,12,23,7,0,28.459275,-82.54926667,8,2,1,1,40,0,0,40
123148,12,26,3,18,30.11425556,-82.04814722,8,2,1,4,55,0,0,55
123149,12,24,1,18,27.97483889,-81.98890556,15,3,1,1,998,0,1,40
123150,12,26,3,18,29.19701944,-82.141875,12,3,1,2,10,0,0,45
123151,12,26,3,6,26.75385,-81.02144444,12,2,10,3,65,1,0,65
123152,12,21,5,19,28.89213611,-82.52463611,12,3,1,2,50,0,0,50
123153,12,27,4,22,27.87124167,-82.61176944,8,3,2,2,50,0,0,50
123154,12,26,3,15,28.53400556,-82.48476111,19,1,1,1,55,1,0,55
123155,12,24,1,18,26.72236111,-81.80172778,1,2,1,1,45,1,1,45
123157,12,17,1,1,28.59745278,-81.29107222,33,3,2,1,45,1,1,45
123158,12,30,7,10,29.00246111,-81.30253889,8,1,1,1,40,0,0,45
123159,12,16,7,1,25.92836111,-80.19227778,8,2,2,1,40,0,0,35
123160,12,31,1,2,29.96015,-81.44596111,14,2,1,1,70,1,1,70
123161,12,17,1,17,28.38843611,-80.60583056,33,5,1,1,70,1,1,40
123162,12,18,2,20,26.14868333,-80.11997778,8,3,1,1,40,0,0,40
123163,12,30,7,22,26.61381111,-81.81138333,9,2,1,1,50,0,0,98
123164,12,31,1,15,30.39095278,-81.67924167,12,1,1,2,20,0,0,35
123166,12,31,1,21,28.35762222,-80.63574722,12,2,1,2,100,1,1,55
123167,12,21,5,12,28.79156111,-81.34768056,12,1,1,3,65,0,0,65
123168,12,25,2,18,27.47152778,-82.56296389,8,3,1,1,40,0,0,40
123169,12,31,1,21,26.63103333,-80.12290278,8,3,5,1,998,0,0,40
123170,12,7,5,23,25.74803611,-80.32008333,12,3,1,3,998,0,1,35
123171,12,12,3,13,30.219525,-85.64925278,8,1,1,3,45,0,0,45
123172,12,31,1,17,27.99870556,-80.63074444,12,1,1,2,90,1,1,70
123173,12,22,6,20,26.66411111,-80.70531111,8,2,1,1,40,0,0,45
123174,12,16,7,13,25.92603056,-80.15396667,30,1,2,1,45,2,0,45
123175,12,28,5,8,28.33006667,-81.83336111,42,1,2,1,998,1,0,60
123176,12,29,6,6,27.89418611,-82.74606667,9,4,1,1,30,0,0,45
123177,12,30,7,20,28.20028333,-82.43385556,59,3,1,1,45,1,0,45
123178,12,31,1,10,29.06355,-80.94487778,12,1,1,2,10,1,0,30
123179,12,26,3,3,28.14751667,-81.87273889,12,2,1,3,50,0,0,70
123180,12,29,6,6,26.243775,-80.16494167,8,3,1,1,998,0,0,98
123181,8,31,5,17,27.85076667,-82.03183056,12,1,2,2,55,1,0,55
123182,12,24,1,16,27.96086389,-82.20316111,57,1,1,1,50,2,0,45
123183,11,28,3,11,28.013125,-81.97492778,9,1,10,1,45,0,0,45
123184,12,28,5,19,27.17762778,-81.87315,9,2,2,1,45,0,0,55
123185,12,31,1,16,28.75891111,-82.29331944,12,1,1,2,35,0,1,35
123186,12,31,1,20,25.87485,-80.21421111,8,3,1,1,998,0,0,25
123187,12,25,2,21,27.82301111,-80.55521111,8,2,10,1,70,0,0,70
123188,12,29,6,12,27.50018889,-81.79075,9,1,1,1,50,0,0,55
123189,12,30,7,10,27.41287222,-81.45226389,9,1,1,1,55,0,0,60
123190,12,31,1,0,29.29269444,-83.02911389,42,2,1,1,65,1,1,55
123191,12,8,6,8,25.74968333,-80.34374167,12,1,1,2,998,1,0,30
123192,12,23,7,11,27.97729722,-81.75790556,12,1,1,2,998,1,0,25
123193,1,29,1,20,28.24903889,-81.31750278,59,3,1,1,35,1,1,35
123194,1,27,6,22,27.33881944,-82.53771111,8,3,1,1,30,0,0,45
123195,12,29,6,17,27.15789722,-80.70768056,9,2,1,1,55,0,0,55
123196,12,31,1,11,28.04485833,-80.54675,12,1,1,3,40,1,0,40
123197,12,4,2,6,27.29281667,-80.36633611,33,1,1,1,70,1,0,40
123198,12,31,1,17,30.443375,-84.40608056,12,5,1,2,10,1,1,15
123199,12,27,4,15,27.94718056,-82.32838611,12,1,1,2,60,4,0,60
123200,12,24,1,1,27.74259444,-82.42085833,12,2,1,2,25,0,0,55
123201,11,7,3,22,30.17361667,-82.67963056,34,2,1,1,35,1,1,35
123202,11,9,5,2,27.26685278,-80.37110278,33,3,1,1,60,1,1,45
123203,11,17,6,14,29.37358056,-81.17791111,34,1,2,1,65,1,1,65
123204,12,25,2,7,27.41581667,-80.32599167,42,3,10,1,40,1,0,40
123205,12,28,5,7,30.450225,-84.33227778,12,4,10,2,998,0,0,0
123206,12,30,7,20,28.11338056,-82.03766111,12,2,1,2,998,1,0,45
123207,12,31,1,23,29.68411111,-83.33229167,12,2,1,2,60,0,1,55
123208,12,31,1,21,27.97013611,-81.62898333,34,2,5,1,998,1,0,60
123209,12,10,1,3,25.96768333,-80.26238611,12,3,10,2,0,0,0,30
123210,12,15,6,17,28.02248333,-81.69799722,34,3,1,1,998,1,0,98
123211,12,20,4,19,26.1466,-80.34134444,8,3,1,1,40,0,0,45
123212,12,29,6,9,25.92329722,-80.29298333,8,1,1,1,20,0,0,45
123213,12,4,2,18,25.80901667,-80.22562778,8,1,1,1,998,0,1,98
123214,12,30,7,4,28.00234167,-82.32407222,24,3,1,1,55,1,1,50
123215,12,29,6,16,28.06991667,-81.74600278,12,1,10,2,10,1,0,35
123216,12,30,7,14,30.51968333,-87.21366389,12,1,1,2,60,0,0,35
123217,12,31,1,4,28.61464167,-81.41479167,12,3,1,2,25,0,1,25
123219,12,29,6,18,28.10658056,-81.63809167,12,5,1,3,20,1,0,45
123220,12,24,1,17,29.86685,-81.31855,12,3,10,3,15,1,0,45
123221,12,30,7,2,25.82113611,-80.20634722,8,2,1,2,55,0,1,55
123222,11,9,5,20,27.32814722,-80.37153611,14,3,1,1,35,1,1,40
123223,10,30,2,8,27.49549722,-82.58341389,12,1,1,3,40,1,0,40
123224,10,31,3,19,25.76508611,-80.24175833,8,3,1,1,999,0,0,98
123225,11,6,2,8,28.32844722,-82.21661111,12,1,1,3,45,0,0,45
123226,11,12,1,13,29.07416667,-82.64422778,42,1,1,1,65,1,0,65
123227,11,17,6,15,25.80909167,-80.23971111,12,1,1,3,15,1,0,98
123228,11,23,5,0,25.92738056,-80.222875,12,3,1,2,55,1,0,55
123229,11,29,4,10,28.83973889,-82.01761944,12,1,1,2,10,0,0,35
123230,11,30,5,19,25.89957778,-80.215375,12,3,1,2,35,1,0,35
123231,12,4,2,18,29.88981667,-81.34378611,8,3,1,1,999,0,0,35
123232,12,8,6,21,28.11762222,-80.62740278,12,3,1,2,998,1,0,98
123234,12,10,1,17,28.60188333,-81.36403333,8,3,10,1,3,0,0,15
123235,12,8,6,21,28.55286667,-81.40026389,8,3,1,1,40,0,0,40
123236,12,31,1,18,28.57772222,-81.46772778,12,1,1,2,70,0,0,40
123237,12,31,1,1,28.33287778,-81.52940833,8,3,1,1,50,0,0,45
123238,10,18,4,19,25.68413611,-80.429875,8,3,1,1,30,0,0,40
123239,11,19,1,22,28.25378611,-81.54787222,12,2,1,2,55,1,0,55
123240,12,17,1,18,28.42406111,-81.70899167,1,2,1,10,55,1,0,55
123241,12,24,1,2,25.70000278,-80.41460833,12,3,1,2,998,1,0,45
123242,12,31,1,17,25.91034722,-80.17530833,8,1,1,1,30,0,0,40
123243,12,6,4,9,26.52821944,-81.85700278,12,1,1,2,5,1,0,45
123244,12,31,1,14,30.43612222,-85.08307778,1,1,1,1,60,2,0,60
123245,1,27,6,23,27.33742222,-82.49588889,8,3,1,1,45,0,0,45
123246,11,14,3,22,28.6656,-81.49899167,1,3,10,1,30,1,0,30
123247,11,23,5,0,27.31916389,-82.52971944,8,3,1,1,998,0,0,98
123251,12,10,1,18,26.22606389,-80.18469444,12,2,1,2,998,1,0,45
123252,9,8,6,16,28.81627778,-81.84777778,8,1,10,1,55,0,0,45
123253,11,22,4,19,27.41943056,-80.37764722,8,2,1,1,45,0,0,45
123254,11,28,3,16,27.41090833,-80.33680278,12,1,1,2,40,0,0,40
123255,12,17,1,19,27.71228056,-82.377,8,2,1,1,45,0,0,45
123256,12,28,5,19,28.52702778,-81.42639167,8,3,1,1,998,0,0,30
123257,2,25,7,18,26.18814722,-80.17523056,12,3,1,2,20,0,0,45
123258,8,2,4,0,27.30373056,-80.32612778,33,3,1,1,45,1,0,45
123259,9,14,5,16,30.05996667,-81.87790278,12,1,10,3,10,1,0,45
123260,10,31,3,6,26.419125,-81.81161111,9,3,1,1,50,0,0,50
123261,11,10,6,18,26.23513056,-80.155375,8,2,1,1,1,0,0,45
123262,11,18,7,17,26.16856667,-80.31033333,8,3,1,1,1,0,0,40
123263,11,18,7,14,26.21518889,-80.13196667,12,1,1,2,998,1,0,98
123265,12,10,1,8,24.57535833,-81.73188333,9,1,1,1,5,0,0,25
123266,12,13,4,20,28.67317778,-81.50188056,8,3,1,1,35,0,0,35
123267,12,15,6,12,26.20833333,-80.27274444,12,1,1,2,15,1,0,40
123268,12,18,2,14,26.12423611,-80.18625278,9,1,1,1,1,0,0,40
123269,12,19,3,17,28.14023611,-82.63669444,12,5,1,2,30,1,0,35
123270,12,22,6,19,25.6726,-80.36776389,12,3,1,4,40,1,0,40
123271,12,30,7,2,27.05690833,-80.31295833,42,2,1,1,55,1,0,55
123272,12,30,7,2,26.16581111,-80.16635556,8,3,1,1,1,0,0,45
123273,12,9,7,14,27.83757222,-82.63857778,12,1,1,2,72,0,0,45
123274,12,31,1,23,28.12294444,-82.74014444,12,3,10,2,140,1,0,55
123275,12,26,3,18,27.3052,-80.25755,9,2,1,1,999,0,0,25
123276,12,6,4,7,26.65127222,-80.09612778,12,1,1,2,998,0,0,45
123277,12,24,1,4,30.49639444,-87.23027222,12,3,10,3,65,1,0,65
123278,12,15,6,19,28.82006389,-81.72235556,8,2,1,1,45,0,0,45
123280,6,21,4,22,27.98615833,-81.97319444,12,2,10,2,55,0,1,45
123281,10,13,6,0,27.97866111,-81.66497222,34,2,1,1,998,1,1,55
123282,9,22,6,18,29.88325556,-81.55995833,42,5,1,1,80,1,0,45
123283,5,6,7,14,25.58035833,-80.36799444,30,1,1,1,45,1,0,45
123284,5,29,2,20,25.53660833,-80.40053889,8,2,1,1,30,0,0,30
123285,10,4,4,23,28.81117222,-81.29121111,38,3,1,1,40,1,0,45
123286,12,21,5,0,29.18313611,-81.07872222,8,6,1,1,55,0,0,55
123287,12,22,6,3,28.07623333,-82.19656667,34,2,1,1,65,1,1,45
123288,12,20,4,12,28.8747,-81.26954722,30,1,10,1,70,1,0,70
123289,1,31,3,20,25.65492778,-80.4488,12,3,1,3,40,0,0,40
123291,11,18,7,20,26.273775,-80.18306389,8,3,1,1,50,0,0,45
123292,12,10,1,17,28.485725,-81.45901389,12,5,2,2,30,1,0,50
123293,6,22,5,3,25.86791111,-80.25079167,8,3,1,1,998,0,0,40
123294,5,6,7,1,28.357,-80.69612778,15,3,1,1,45,0,0,45
123295,12,28,5,21,28.81084167,-81.68338333,12,2,1,2,10,0,0,25
123296,11,21,3,12,25.93548333,-80.12174444,8,1,1,1,10,0,0,20
123297,12,10,1,11,27.43012778,-80.31734167,42,1,1,1,25,1,0,25
123298,12,14,5,10,27.47261111,-81.44753056,38,1,1,1,50,1,0,50
123299,10,15,1,10,27.94658333,-81.59482778,12,1,1,2,998,1,0,55
123300,1,26,5,9,26.28973611,-80.11948611,12,1,10,2,1,1,0,40
123301,1,19,5,18,30.38799444,-86.41036389,8,2,1,1,50,0,0,45
123303,11,12,1,20,28.02401389,-81.92489444,8,3,1,1,15,0,0,45
123304,11,13,2,19,25.79145556,-80.20696111,8,3,2,1,998,0,0,30
123305,11,14,3,5,26.18827778,-80.17521667,15,3,1,1,15,0,0,35
123306,5,17,4,3,26.10686667,-80.16636944,9,3,1,1,998,0,0,40
123307,3,11,7,1,26.11945,-80.12525278,8,3,1,1,999,0,0,35
123308,10,7,7,21,25.87458611,-80.24288889,9,6,2,2,998,0,0,35
123309,3,10,6,19,26.65250833,-81.92220556,5,1,1,1,10,1,0,30
123310,7,12,4,21,26.78338889,-80.05583333,8,3,1,1,35,0,0,35
123311,10,22,1,5,28.2952,-81.40415278,39,3,1,1,65,1,0,30
123312,3,18,7,22,26.78098333,-80.07775556,8,3,1,2,45,0,0,45
123313,8,17,5,10,28.56803611,-81.45194722,33,1,1,1,30,1,1,30
123314,10,21,7,2,26.11978056,-80.16897222,12,3,1,4,85,1,0,65
123315,5,23,3,14,25.92129167,-80.18590556,14,1,1,1,35,1,0,35
123316,6,13,3,0,25.58693056,-80.36167778,12,2,1,2,998,1,0,45
123317,6,22,5,21,25.45558611,-80.47510556,8,3,1,1,50,0,0,45
123318,9,5,3,19,25.74039722,-80.39658333,8,1,1,1,998,0,0,30
123319,3,31,6,22,28.78105,-80.88218056,34,2,1,1,55,1,0,45
123320,1,30,2,16,30.48280278,-85.66426667,1,1,1,1,15,1,0,45
123321,3,30,5,8,25.92641111,-80.31483889,33,1,1,1,35,1,0,35
123322,10,29,1,22,24.55676944,-81.78134722,9,3,1,1,20,0,0,20
123323,7,17,2,13,28.13865,-81.48338333,33,1,10,1,999,1,0,98
123324,8,13,1,14,27.60889722,-80.38380833,12,1,1,2,55,0,0,45
123325,8,22,3,9,28.02535278,-82.499475,9,1,1,1,5,0,0,40
123326,9,16,7,1,26.12085,-80.20428056,8,3,1,2,998,0,0,45
123327,10,5,5,8,27.91286111,-82.12688889,12,1,1,2,55,1,0,50
123328,7,1,7,5,25.84783333,-80.19697222,8,3,1,1,40,0,0,45
123329,3,21,3,16,28.49716111,-82.53471944,12,1,1,3,10,1,0,45
123330,3,13,2,16,26.56458056,-81.853,12,1,10,3,70,1,1,45
123331,6,3,7,16,28.00405,-81.702225,33,1,10,1,998,0,0,45
123332,6,19,2,7,25.92907778,-80.13433611,8,1,1,1,40,0,0,35
123333,2,17,6,10,26.00201667,-80.14272778,12,1,1,2,35,1,1,35
123334,10,31,3,20,25.86951944,-80.19978056,12,3,1,2,60,1,0,45
123335,4,7,6,14,27.94861111,-81.97119167,12,1,1,2,998,1,0,55
123336,10,9,2,1,26.11337222,-80.25034167,8,2,1,1,45,0,0,45
130001,1,1,1,18,33.68111667,-84.17561944,8,3,1,1,998,0,0,35
130002,1,1,1,2,33.7014,-84.11760556,12,2,1,2,0,1,0,70
130003,1,1,1,13,33.69361944,-84.09506944,12,1,1,2,998,1,0,45
130004,1,1,1,1,33.55359167,-84.26653611,8,2,5,1,998,0,0,45
130005,1,2,2,16,34.05174444,-84.78127222,12,5,10,2,998,1,0,35
130006,1,3,3,7,33.81875833,-84.17041667,42,2,5,1,998,1,0,45
130007,1,1,1,2,31.58941389,-81.913425,42,2,5,1,998,1,0,45
130008,1,4,4,5,33.71941944,-84.34946111,8,3,2,1,998,0,0,45
130009,1,3,3,18,33.58933056,-84.42541944,8,2,2,1,998,0,0,45
130010,1,6,6,2,33.76394444,-84.23228056,8,3,1,1,998,0,0,65
130011,1,3,3,9,34.10982222,-83.57376667,8,1,5,1,998,0,0,45
130012,1,6,6,8,31.15458611,-83.50309722,12,1,1,2,998,1,0,55
130013,1,7,7,14,33.83594167,-84.16029444,12,1,1,2,998,1,0,45
130014,1,8,1,8,33.894875,-84.264675,24,1,1,1,998,1,1,65
130015,1,3,3,0,34.53519167,-83.54513333,35,2,2,1,998,1,0,40
130016,1,1,1,1,32.42997778,-82.92146667,42,2,5,1,998,1,1,55
130017,1,6,6,18,33.41072222,-82.00658056,8,2,1,1,998,0,0,45
130018,1,5,5,23,31.59263333,-82.90277222,32,2,1,1,998,1,1,55
130019,1,6,6,19,33.36433889,-82.03891111,8,2,1,1,998,0,0,55
130020,1,5,5,23,33.38188333,-84.30711111,34,3,1,1,998,1,1,45
130021,1,5,5,6,31.77438056,-82.73978889,30,2,5,1,998,1,0,55
130022,1,4,4,7,34.33210556,-84.10650278,12,4,2,4,998,1,0,55
130023,2,16,5,7,33.77156667,-85.01896111,35,1,1,1,998,1,0,45
130024,2,18,7,22,33.91013889,-84.47841944,12,2,1,2,0,1,0,65
130025,2,23,5,17,33.682975,-84.34744722,12,1,10,2,998,1,0,45
130026,2,26,1,18,33.47620556,-82.08639444,12,2,1,3,998,1,0,65
130027,3,3,6,13,30.93241111,-84.00261389,12,1,1,2,998,0,0,65
130028,3,4,7,23,34.82598056,-84.84505833,35,2,1,1,998,1,1,55
130029,3,5,1,0,34.296625,-83.83892778,33,2,1,1,998,1,0,35
130030,3,6,2,8,34.16873611,-84.16059722,12,1,1,2,998,1,0,65
130031,3,7,3,22,33.80115833,-84.20610833,12,3,1,2,998,1,1,45
130032,3,9,5,1,33.69813611,-84.32444444,12,3,8,2,998,0,1,35
130033,1,10,3,15,32.82078056,-83.68928056,12,1,1,3,998,0,0,45
130034,2,7,3,19,33.95173611,-84.14598333,8,2,1,1,998,0,0,45
130035,2,13,2,12,33.75976667,-84.48220556,14,1,1,1,998,0,0,60
130036,3,1,4,5,33.916125,-83.39593333,12,2,10,2,998,1,0,65
130037,3,7,3,19,34.94645833,-85.28423889,8,2,1,3,998,0,0,55
130038,3,8,4,7,34.06043611,-85.07334722,12,1,1,2,998,1,0,55
130039,3,8,4,20,33.70281667,-84.15260833,12,3,10,3,998,1,0,45
130040,3,9,5,19,30.73168611,-83.38383611,32,2,1,1,998,1,1,55
130041,3,10,6,9,34.60854167,-83.68263056,34,1,10,1,998,1,0,55
130042,3,11,7,6,30.67704722,-84.01396667,8,2,1,1,998,0,0,55
130043,3,11,7,14,32.04827222,-81.15589444,59,1,1,1,998,1,0,25
130044,3,4,7,15,33.26782778,-84.80433611,12,1,1,3,998,0,0,70
130045,3,6,2,15,33.51896944,-84.36086389,12,1,1,2,998,0,0,35
130046,3,9,5,13,33.77030278,-83.70071667,8,1,1,1,998,0,0,45
130047,3,10,6,8,34.47429444,-84.8871,42,1,10,1,998,1,0,45
130048,3,11,7,0,33.03668056,-84.35907778,42,2,1,2,998,1,1,50
130049,1,7,7,10,32.413325,-82.04320833,59,1,1,1,998,1,0,45
130050,1,17,3,19,34.04881944,-84.58825,12,2,10,2,998,1,0,40
130051,2,9,5,19,33.88734722,-84.30856944,8,3,2,1,998,0,0,45
130052,2,17,6,7,33.42911111,-82.18913889,1,1,10,1,998,1,0,55
130053,2,19,1,0,31.22318889,-82.6325,42,2,1,1,998,1,0,55
130054,2,27,2,18,33.66141667,-83.92771389,12,2,1,2,998,1,0,45
130055,3,1,4,12,34.01607222,-83.49305833,12,1,1,2,998,0,0,55
130056,3,3,6,0,77.7777,777.7777,8,2,2,1,998,0,0,45
130058,3,9,5,21,33.58751389,-84.92087222,32,2,2,1,998,1,0,45
130059,2,22,4,22,34.03847778,-84.52831111,12,3,10,2,998,0,0,45
130061,3,11,7,22,33.20834167,-83.99868889,12,2,1,2,998,1,0,45
130062,3,12,1,17,31.60114444,-81.87331667,12,1,10,2,998,0,0,45
130063,3,15,4,6,33.30825833,-84.789375,8,2,1,1,998,0,0,70
130064,3,15,4,13,31.22255278,-81.84770556,8,1,1,1,998,0,0,45
130065,3,15,4,21,33.93453333,-83.3146,12,2,1,2,998,1,1,45
130066,3,15,4,21,32.78652778,-83.70241667,8,3,1,1,998,0,0,40
130067,3,16,5,20,33.74072778,-84.15535278,8,2,1,1,998,0,0,40
130068,3,16,5,23,33.91908333,-84.92936667,12,2,10,2,998,1,0,65
130069,3,17,6,0,32.557775,-83.90432778,8,2,1,1,998,0,0,45
130070,3,18,7,6,31.16315278,-81.59596111,1,2,10,1,998,1,0,55
130071,3,18,7,17,34.24544167,-84.46720278,12,1,1,2,998,0,1,70
130072,3,18,7,19,33.32706667,-83.99464722,38,2,1,1,998,1,0,45
130073,3,18,7,22,34.17405556,-84.98070556,42,2,1,1,998,1,0,45
130074,3,18,7,23,33.61618889,-84.458575,12,3,1,2,998,1,0,35
130075,3,19,1,3,31.25326667,-82.30429167,30,2,1,1,998,1,0,55
130076,3,19,1,14,33.72664167,-84.41818611,12,1,1,4,998,0,1,35
130077,3,20,2,13,33.6942,-84.52067778,33,1,1,2,998,1,0,35
130078,3,20,2,14,33.731525,-83.96986111,53,1,1,1,998,1,0,45
130079,3,20,2,15,32.60371667,-82.22703056,12,1,1,2,998,1,1,55
130080,3,21,3,10,34.20281111,-83.56010833,12,1,1,2,998,0,0,60
130081,3,21,3,11,31.892725,-81.87097222,53,1,1,1,998,1,0,45
130082,3,23,5,22,33.75308333,-84.50585278,42,3,1,1,998,1,0,35
130083,3,24,6,0,31.17489722,-81.69300278,18,2,1,1,998,1,1,25
130084,3,24,6,3,31.57531389,-84.17642222,33,3,1,1,998,1,0,35
130085,3,24,6,5,33.89119167,-84.75430278,8,2,1,1,998,0,0,45
130086,3,24,6,21,33.02581667,-85.02369167,8,3,1,1,998,0,0,35
130087,3,24,6,22,34.28455278,-85.22614444,12,3,1,2,998,0,1,45
130088,3,24,6,22,33.19401667,-84.28506944,12,2,1,2,998,1,1,45
130089,3,27,2,3,33.65310833,-84.36751667,12,2,2,2,998,1,0,35
130091,1,1,1,9,32.70304722,-84.81964167,59,1,1,1,998,1,0,55
130092,1,1,1,19,33.90008333,-84.27749444,8,1,1,2,998,0,0,35
130093,1,3,3,10,30.98803611,-84.41909444,12,1,10,2,998,0,0,55
130094,1,3,3,18,33.680575,-84.37827222,8,2,2,1,998,0,0,35
130095,1,4,4,13,34.32265,-85.17225,12,1,1,3,998,0,0,55
130096,1,5,5,7,33.57006667,-84.575075,12,3,1,2,998,1,0,40
130097,1,5,5,19,33.75636944,-84.16547222,8,2,1,1,998,0,0,35
130098,1,6,6,17,34.55759444,-83.28517222,12,2,1,3,998,1,1,45
130099,1,6,6,19,33.89826111,-83.46608056,42,2,1,1,998,1,0,45
130100,1,7,7,0,33.18252222,-83.43925833,12,2,10,2,998,1,0,55
130101,1,7,7,1,33.67390556,-84.03865,8,2,1,1,998,0,0,45
130102,1,7,7,7,34.42129444,-83.36517222,53,4,10,1,998,1,0,55
130103,1,7,7,9,34.05879444,-84.58743889,8,1,1,1,998,0,0,35
130104,1,7,7,10,32.8666,-85.02181111,34,1,1,1,998,1,0,55
130105,1,8,1,6,33.322475,-84.289475,8,2,1,1,998,0,0,55
130106,1,8,1,9,31.64795833,-83.38481944,12,1,1,3,998,0,0,0
130107,1,8,1,10,32.75434444,-83.71190556,34,1,1,1,998,2,0,70
130108,1,8,1,18,33.44066111,-82.11697222,12,2,1,4,998,0,0,55
130109,1,8,1,21,33.78822222,-84.24895556,8,3,2,1,998,0,0,35
130110,1,9,2,1,32.13909444,-83.75819167,8,2,1,1,998,0,0,70
130111,1,9,2,1,33.028625,-83.21670833,40,2,10,1,998,1,0,45
130113,1,9,2,9,33.96611944,-84.25491667,33,1,1,2,998,0,0,45
130114,1,9,2,17,32.57735556,-83.66318333,30,1,1,1,998,1,0,45
130115,1,9,2,17,31.52925278,-83.49953333,8,1,1,1,998,0,0,55
130116,1,9,2,19,31.83230556,-81.25474167,12,2,1,2,998,1,0,55
130117,1,9,2,23,33.653425,-84.39586389,8,3,1,1,998,0,0,55
130118,1,10,3,15,33.71548333,-84.34953889,12,1,1,2,998,1,0,35
130119,1,10,3,19,34.35643611,-82.92211667,8,2,1,1,998,0,0,30
130120,1,11,4,3,33.95601111,-83.76892222,12,2,1,2,998,0,0,45
130121,1,11,4,7,32.50334167,-81.76355278,8,1,1,1,998,0,0,55
130122,2,24,6,18,31.35912222,-83.48601389,12,1,1,2,998,1,0,55
130123,3,23,5,22,32.55345278,-84.905375,12,3,1,2,998,0,0,45
130124,3,26,1,8,33.9099,-84.36448333,14,1,10,1,998,1,0,55
130125,3,27,2,4,33.30894444,-84.78899167,8,2,2,1,998,0,0,70
130126,1,21,7,4,33.49675278,-84.34421667,12,2,1,2,998,1,1,45
130127,1,11,4,18,33.45514722,-82.00740833,9,3,1,1,998,0,0,35
130128,1,21,7,15,33.515775,-82.00431389,24,1,10,1,100,1,0,55
130129,1,21,7,20,30.794,-81.65989722,8,3,1,1,998,0,0,70
130130,1,21,7,20,33.83550833,-84.20043611,12,2,2,2,998,1,1,45
130131,1,12,5,4,33.69948056,-84.08683333,8,2,2,1,998,0,0,70
130132,1,12,5,16,31.43054722,-82.81459167,1,1,1,1,998,1,0,35
130133,1,22,1,0,34.12716111,-84.00011667,10,3,2,1,998,1,0,35
130134,1,22,1,1,33.73452222,-84.32301111,24,3,2,1,998,1,1,60
130135,1,13,6,2,33.76109722,-84.29265556,33,3,10,1,998,1,1,35
130136,1,13,6,15,31.10663611,-83.46872778,32,1,10,1,998,1,0,55
130137,1,13,6,21,33.91601111,-84.02148889,8,2,1,1,998,0,0,45
130138,1,13,6,23,33.83157778,-84.79879167,42,2,1,1,998,1,0,45
130139,1,23,2,3,31.57618611,-81.88198889,35,2,10,1,998,1,0,55
130140,1,22,1,6,33.06536389,-84.93871944,42,2,2,1,998,1,0,70
130141,1,14,7,8,34.93529722,-84.37408333,42,1,10,1,998,2,0,55
130142,2,27,2,9,32.82292222,-83.68337778,12,1,1,2,998,0,0,98
130143,1,23,2,1,32.50636667,-83.41568333,42,2,1,1,998,1,0,55
130144,1,14,7,15,30.71329722,-84.66248611,12,1,1,2,998,2,1,55
130145,1,13,6,22,33.737975,-84.25564722,12,3,1,2,998,1,0,45
130146,2,1,4,12,33.96571111,-84.99414722,12,1,10,2,998,1,0,65
130147,2,21,3,3,33.85537222,-84.24671111,12,2,1,2,998,0,0,35
130148,3,5,1,9,33.50497778,-84.76609722,1,1,1,1,998,1,0,45
130149,3,17,6,14,32.82789722,-85.03507778,12,1,2,3,998,1,0,55
130150,1,23,2,6,33.74734444,-84.71942222,12,2,10,2,0,1,0,70
130151,3,19,1,2,33.79585833,-84.39234722,39,3,1,2,998,1,0,45
130152,3,24,6,22,34.76131667,-84.95310278,8,3,1,1,998,0,0,45
130153,3,25,7,11,31.67929722,-81.39161667,8,1,1,1,998,0,0,70
130154,3,25,7,15,34.21729167,-84.1512,12,1,10,2,998,0,0,25
130155,1,23,2,11,34.50288611,-84.89002222,32,1,10,1,998,1,0,35
130156,1,14,7,18,33.38610833,-84.49714444,42,2,1,1,998,1,0,45
130158,1,15,1,0,34.91791667,-83.85733056,40,3,1,1,998,1,0,45
130159,1,15,1,2,33.93299722,-83.34961667,33,3,1,1,998,2,1,40
130160,1,23,2,15,33.43515,-84.77555833,1,1,1,1,998,1,0,45
130161,3,24,6,18,33.49738889,-85.129725,1,1,1,1,998,1,0,45
130162,3,26,1,16,33.74960833,-82.39175278,12,1,10,2,998,1,0,55
130163,3,26,1,17,33.11718333,-82.03136944,12,1,1,2,998,1,0,55
130164,3,27,2,4,33.90221111,-84.24160556,8,2,2,1,998,0,0,35
130165,1,23,2,16,33.03900278,-85.02469444,12,1,1,2,998,1,0,30
130166,3,27,2,21,34.03510556,-84.67978333,12,2,10,2,998,1,0,55
130167,1,16,2,2,33.76623889,-84.38728611,8,3,1,1,998,0,0,55