ST_CASE,MONTH,DAY,DAY_WEEK,HOUR,LATITUDE,LONGITUD,HARM_EV,LGT_COND,WEATHER,VE_FORMS,TRAV_SP,DEATHS,DR_DRINK,VSPD_LIM
130168,1,23,2,16,34.90345,-85.31627778,12,1,1,2,998,0,0,40
130169,1,16,2,8,32.02583889,-81.27029722,24,1,1,1,998,1,0,70
130171,1,16,2,19,34.62603056,-83.58231389,35,2,10,1,998,1,1,55
130172,1,17,3,6,31.35625833,-82.902975,42,4,1,1,998,1,0,55
130173,1,17,3,18,32.66204722,-83.61916944,12,5,1,2,998,1,0,55
130174,1,25,4,3,34.55298889,-84.93216389,24,2,2,1,998,1,0,70
130175,1,30,2,2,33.71663333,-84.13675833,42,3,2,1,998,1,0,45
130176,3,27,2,22,34.17138333,-84.13289444,52,2,1,1,998,1,0,35
130177,1,25,4,0,32.82814722,-83.70936944,14,2,1,1,998,1,0,45
130178,1,17,3,20,33.91793611,-84.26681111,8,2,5,1,998,0,0,35
130179,1,17,3,21,32.68598611,-83.740425,8,2,1,1,998,0,0,70
130180,1,18,4,0,33.16693611,-85.03883333,12,2,5,2,998,1,1,65
130181,1,18,4,6,30.952275,-84.26510556,59,2,5,1,998,1,0,55
130182,1,18,4,18,31.98058889,-81.28690833,12,3,1,2,0,0,0,55
130183,1,18,4,21,34.08844167,-84.58762778,8,3,10,1,998,0,0,45
130184,1,18,4,21,33.88378333,-84.289275,12,2,2,2,998,0,0,35
130185,1,18,4,22,33.71356944,-84.14651944,12,2,1,3,998,1,0,35
130186,1,19,5,12,32.19085,-82.22077222,12,1,10,2,998,1,0,55
130187,1,19,5,14,34.25452778,-85.17616667,8,1,1,1,998,0,0,35
130188,1,19,5,22,32.03743611,-81.21498056,12,2,1,2,998,2,1,45
130189,1,19,5,23,33.75838889,-84.37896944,8,3,1,1,998,0,0,55
130190,1,19,5,23,33.40802222,-84.46494722,33,2,1,1,998,2,0,35
130191,1,20,6,15,34.51428889,-85.35322778,42,1,1,1,998,1,1,35
130192,1,20,6,18,34.33058889,-83.90634722,42,5,1,1,998,1,1,30
130193,1,20,6,19,32.81848056,-83.66279444,8,3,1,1,998,0,0,45
130194,1,25,4,7,33.50098611,-82.7073,8,2,2,1,998,0,0,70
130195,1,25,4,10,33.83400278,-84.3103,42,1,10,1,998,1,0,40
130196,1,24,3,17,32.36933889,-81.24117222,12,1,1,3,998,1,0,55
130197,3,15,4,19,32.44337222,-84.95386111,12,1,1,2,998,0,0,30
130198,3,26,1,19,34.48470556,-83.33896111,12,1,10,2,998,0,0,55
130199,3,28,3,16,30.82568056,-83.90331667,12,1,2,2,998,1,0,65
130200,3,28,3,22,31.18633611,-83.40688889,1,2,10,1,998,1,0,35
130201,3,29,4,4,34.56997778,-85.15604722,42,2,1,1,998,1,0,55
130202,3,29,4,18,34.05478611,-83.40981111,12,1,1,2,998,1,0,65
130203,3,31,6,12,33.87039444,-84.03803611,38,1,1,1,998,1,1,45
130204,3,31,6,14,34.09491111,-83.312125,19,1,10,1,998,1,0,55
130205,4,1,7,6,34.86073611,-84.00443056,12,2,2,2,998,2,0,40
130206,4,1,7,6,33.78838056,-84.23225,8,3,1,1,998,0,0,45
130207,4,1,7,19,33.926075,-84.74799444,12,1,1,2,998,0,1,55
130208,4,1,7,21,34.27090278,-85.22261111,12,3,1,2,998,0,0,40
130209,4,1,7,22,34.779925,-85.00093333,24,2,1,1,998,1,0,70
130210,4,2,1,6,33.73503056,-84.21486944,8,3,1,1,998,0,0,45
130211,1,25,4,12,31.12595,-83.95349167,12,1,10,2,998,1,0,55
130212,1,25,4,22,31.17722778,-83.77657778,12,2,2,2,998,0,0,35
130213,1,26,5,3,33.71541667,-84.26200556,12,3,1,2,998,0,0,65
130214,1,29,1,4,32.051075,-81.15319167,8,2,1,1,998,0,0,98
130215,2,21,3,2,33.71635,-84.39816389,25,3,1,1,998,1,0,55
130216,1,31,3,6,30.79015,-82.0418,12,1,5,2,998,0,0,55
130217,1,26,5,14,31.16066944,-81.48471944,12,1,1,2,998,0,0,25
130218,1,26,5,17,34.54194722,-84.51770833,24,1,1,1,998,1,0,65
130219,1,26,5,23,33.86808889,-84.65481944,1,3,10,1,998,1,1,35
130220,3,16,5,23,33.8144,-84.56168056,12,3,1,2,998,0,1,45
130221,3,25,7,10,33.95342222,-84.23367222,12,1,1,2,998,1,0,45
130222,3,28,3,4,32.5156,-84.91998611,34,2,5,1,998,1,0,55
130223,3,30,5,12,33.38969722,-82.02700833,12,1,1,2,998,0,0,0
130224,3,31,6,12,32.09532778,-83.79699444,12,1,1,2,998,1,0,35
130225,4,3,2,13,32.08153611,-82.8861,59,1,2,1,998,1,0,55
130226,4,3,2,20,33.35322222,-81.98305833,9,2,2,1,998,0,0,55
130227,1,27,6,16,34.19992222,-83.69015,34,1,1,1,998,1,1,45
130228,2,11,7,18,34.78281667,-84.82071389,12,1,10,2,998,0,0,50
130229,2,11,7,18,33.07842222,-83.19751111,35,2,2,1,998,1,0,55
130230,1,27,6,20,34.46816111,-85.26750556,6,2,1,1,998,1,0,55
130231,2,11,7,22,33.49802222,-84.63816944,42,2,2,1,998,1,0,45
130232,2,12,1,0,33.74761389,-84.34942778,8,3,2,1,998,0,0,35
130233,2,12,1,4,33.827325,-84.56325,8,2,2,1,998,0,0,45
130234,2,13,2,0,32.42258056,-84.95473889,8,3,1,1,998,0,0,30
130235,2,13,2,0,33.97768333,-84.03418333,8,2,1,1,998,0,0,45
130236,2,13,2,13,34.1772,-84.51025,24,1,1,2,998,1,1,70
130238,2,14,3,16,34.02673333,-85.22021667,12,1,1,3,998,0,0,55
130239,2,14,3,18,34.26066111,-85.16891389,12,2,1,3,998,1,1,35
130240,2,14,3,21,32.03206389,-84.785125,42,2,1,1,998,1,0,35
130241,2,15,4,2,31.58391111,-81.4295,12,2,1,2,998,1,0,70
130242,2,15,4,6,33.90246389,-84.24116111,8,2,1,1,998,0,0,45
130243,2,15,4,22,32.54953333,-83.08543333,32,2,1,1,998,1,1,35
130244,2,15,4,22,33.87954722,-84.27235,8,2,1,2,998,0,0,65
130245,2,16,5,19,34.01763889,-85.20663889,12,2,10,2,998,1,0,25
130246,2,16,5,20,33.81774167,-84.25211944,8,2,1,1,998,0,0,65
130247,2,17,6,2,34.05179722,-83.99385833,46,3,2,1,998,1,1,45
130248,2,17,6,7,34.22558056,-83.05243611,12,4,2,2,998,1,0,55
130249,2,19,1,16,33.49005,-82.65878056,1,1,1,1,998,1,0,70
130250,2,20,2,7,32.14206111,-81.19202778,12,1,1,2,998,1,0,45
130252,2,20,2,9,32.45383611,-81.39428889,57,1,1,1,998,1,0,65
130253,2,20,2,15,32.804075,-81.97686944,42,1,1,1,998,1,0,55
130254,3,25,7,3,33.69667222,-84.41098611,12,2,1,2,998,0,0,55
130255,3,28,3,21,33.39532222,-84.76191944,8,2,10,1,998,0,0,55
130256,4,4,3,10,33.01323333,-84.42596389,34,1,10,1,998,1,1,55
130257,4,5,4,8,34.89598056,-83.60608889,42,1,1,1,998,1,0,45
130258,1,31,3,18,30.80058611,-81.70359167,8,5,1,1,998,0,0,45
130259,1,27,6,20,33.31506389,-85.14990556,12,2,1,2,998,0,0,55
130260,1,28,7,15,34.38695556,-83.66045833,12,1,10,2,998,1,1,35
130261,1,28,7,20,33.81009167,-84.09777222,12,3,1,2,998,1,0,40
130262,2,22,4,5,33.98982222,-84.54818611,24,2,10,1,998,1,1,65
130263,1,29,1,0,33.25230833,-81.95568333,19,2,1,1,998,2,0,45
130264,1,29,1,23,33.62937222,-84.47337222,8,2,2,1,998,0,0,35
130265,3,24,6,15,33.89882222,-84.16143889,12,1,1,2,998,1,0,35
130266,4,5,4,22,33.41255,-84.16441111,59,2,1,1,998,1,0,70
130267,4,6,5,0,33.77938889,-84.60702778,8,2,1,1,998,0,0,45
130269,4,7,6,8,34.49025,-84.96600556,32,4,2,1,998,1,0,45
130270,4,9,1,21,33.74201389,-84.08389444,12,2,1,2,998,0,1,45
130271,1,30,2,3,33.90181111,-84.46591111,42,2,2,1,52,1,0,35
130272,1,30,2,20,34.24886389,-85.17066944,15,3,10,1,998,0,0,35
130273,2,21,3,3,33.80649444,-84.2504,5,2,10,1,998,1,0,65
130274,2,21,3,20,34.07741111,-84.72860833,12,2,10,2,998,1,1,55
130275,2,21,3,10,31.45934167,-84.118025,12,1,1,2,998,1,0,35
130276,2,21,3,14,34.44360278,-84.93569722,12,1,10,2,998,1,0,45
130277,2,21,3,19,32.05336667,-81.25643889,8,2,1,1,998,0,0,70
130278,2,22,4,3,32.47640278,-81.80139167,12,2,1,3,998,0,0,45
130279,2,20,2,20,33.09113611,-84.892275,35,2,10,1,998,1,0,55
130280,4,8,7,11,33.16089167,-84.30808611,12,1,2,2,998,0,1,55
130281,4,8,7,23,30.80879167,-81.63838889,5,2,1,1,998,1,0,25
130282,4,9,1,3,33.92144167,-84.19163611,8,3,10,1,998,0,0,45
130283,4,9,1,4,33.32523056,-84.01313889,8,2,1,2,998,0,0,55
130284,4,9,1,6,33.39659444,-84.13930278,12,4,10,2,998,1,1,55
130285,4,11,3,18,34.08948056,-84.53418611,25,1,1,1,998,1,0,70
130287,2,22,4,14,33.87302778,-84.17359444,12,1,1,2,16,1,0,45
130288,2,13,2,3,33.96016111,-83.79053333,12,2,1,2,998,0,1,65
130289,2,23,5,0,34.193925,-84.46251111,42,2,1,1,998,1,0,45
130290,2,23,5,0,31.10160278,-82.23278611,1,2,1,1,998,1,0,65
130291,3,27,2,0,33.79491667,-84.39199722,8,2,2,1,998,0,1,55
130292,4,4,3,22,31.593325,-84.92184722,1,2,1,1,998,1,1,35
130293,4,10,2,8,34.14467222,-83.52564722,42,1,1,1,998,1,0,55
130294,4,11,3,15,33.68812222,-84.30416389,42,1,1,2,998,1,0,65
130295,4,12,4,16,31.27726111,-82.31621944,32,1,1,1,998,1,0,45
130296,4,1,7,23,33.55346389,-84.26760278,12,3,1,2,998,0,0,45
130297,4,2,1,18,34.96819722,-84.32943333,11,1,1,1,998,1,0,30
130298,4,9,1,22,33.403175,-84.31236389,12,2,1,2,998,2,0,55
130299,4,11,3,13,34.87763611,-85.503075,10,1,1,1,0,1,0,30
130300,4,12,4,5,34.03253889,-85.25001389,8,2,1,1,998,0,0,35
130301,4,16,1,7,31.50554722,-82.84826667,1,1,1,1,998,1,0,30
130302,2,23,5,3,32.67468889,-83.47740556,8,2,1,1,998,0,0,70
130303,2,24,6,1,31.16904167,-81.491575,14,2,1,1,998,1,0,25
130304,2,24,6,2,31.83629167,-81.48202778,12,2,1,2,998,2,1,55
130305,2,24,6,10,33.71507222,-82.65384167,12,1,1,2,998,1,0,55
130306,1,31,3,18,33.753425,-84.233475,8,2,1,1,998,0,0,45
130307,4,4,3,2,33.61999444,-84.46240278,21,2,5,1,998,1,0,65
130308,4,13,5,8,33.38268333,-85.27605,1,1,2,1,998,1,0,35
130309,4,14,6,3,33.46418611,-84.21114167,12,3,1,2,998,0,0,65
130310,4,14,6,7,33.75776111,-84.47011944,52,1,10,1,998,1,0,60
130311,4,15,7,0,31.35137778,-83.93214722,34,2,1,1,998,1,1,55
130312,4,16,1,4,34.1822,-82.97049167,12,2,2,2,998,0,1,55
130313,4,17,2,1,34.09943333,-83.70585,59,2,1,1,998,1,0,55
130314,4,17,2,5,34.05606389,-85.23292222,8,2,1,1,998,0,0,60
130315,4,17,2,16,33.72921944,-84.75066111,12,1,1,2,998,1,1,45
130316,4,17,2,19,33.79525833,-84.22584167,8,1,1,1,998,0,0,45
130317,4,18,3,19,33.722875,-84.92440278,8,1,1,1,998,0,0,70
130318,2,24,6,19,32.17698333,-81.46857222,8,2,1,1,998,0,0,55
130319,2,24,6,22,34.55148333,-84.93063056,8,2,10,1,998,0,0,70
130320,2,24,6,1,33.63538056,-84.40116389,8,2,1,1,998,0,0,65
130321,2,25,7,11,32.51409167,-84.92471111,1,1,10,2,998,1,0,55
130322,2,25,7,3,33.82808611,-84.16584722,53,2,10,1,998,1,0,35
130323,2,25,7,8,32.54940556,-81.52077222,12,1,1,2,998,2,1,55
130324,2,25,7,9,33.02022778,-84.98015833,12,1,2,3,998,0,0,55
130325,4,19,4,13,32.00492222,-81.28300278,25,1,1,1,998,1,0,70
130326,3,30,5,14,34.21131389,-83.78818889,12,1,1,4,998,0,0,45
130327,4,5,4,2,32.86251667,-83.64913889,8,2,1,1,998,0,0,98
130328,4,15,7,19,30.71418611,-83.34175278,42,5,1,1,998,1,1,35
130329,4,16,1,23,32.09275,-81.25971667,8,2,10,1,998,0,0,45
130330,4,17,2,5,33.61176667,-83.82536944,12,2,1,2,998,0,0,45
130331,4,17,2,10,31.65725556,-84.08887778,32,1,1,1,998,1,0,55
130332,4,19,4,19,33.67687778,-83.72930278,1,1,1,1,998,1,1,45
130333,4,20,5,9,34.58184722,-83.68548889,12,1,1,2,998,0,0,55
130334,4,20,5,19,33.62203611,-82.47994167,32,1,1,1,998,1,0,55
130335,4,20,5,21,32.64131111,-83.64150278,12,2,1,2,998,1,1,45
130336,4,21,6,7,32.82661667,-81.94058056,12,1,5,2,998,1,0,45
130337,4,21,6,21,33.71536389,-85.21884722,8,2,1,1,998,0,0,55
130338,4,22,7,3,34.34772222,-85.17240833,34,3,10,1,998,1,0,55
130339,4,22,7,12,33.31511944,-85.10052222,35,1,1,1,998,1,0,65
130340,4,23,1,12,32.47850278,-84.979375,12,1,1,2,998,0,0,30
130341,4,23,1,21,30.97700833,-84.03694167,12,2,1,2,998,1,0,65
130342,4,24,2,7,32.86302222,-83.73699722,8,1,10,1,998,0,0,45
130343,2,25,7,16,34.5654,-85.31479167,35,1,2,1,998,1,1,35
130344,2,25,7,19,34.98460278,-83.91338889,35,2,2,1,998,1,1,40
130345,2,26,1,0,34.07845556,-84.08333889,12,2,1,2,998,1,0,35
130346,2,26,1,3,34.18851944,-83.59003056,1,2,10,1,998,1,0,70
130347,3,20,2,14,30.85138056,-83.28065556,8,1,1,1,998,0,0,35
130348,3,30,5,4,33.00221944,-85.01446944,12,3,1,2,998,1,0,45
130349,4,16,1,1,33.89052222,-84.19516389,12,3,1,2,998,3,1,45
130350,4,21,6,15,34.45140556,-84.45104722,12,1,1,2,998,1,0,35
130351,4,22,7,0,34.24869722,-84.78137778,1,2,10,1,998,1,0,70
130352,4,22,7,11,33.8261,-84.70439167,42,1,1,1,998,1,1,40
130353,4,24,2,4,34.82611667,-84.83718889,12,2,1,2,998,0,0,55
130354,4,24,2,12,32.38102778,-83.35463889,42,1,1,1,998,1,0,35
130355,4,26,4,0,34.38588889,-84.93486667,8,2,10,1,998,0,0,45
130356,4,26,4,5,32.43589444,-82.70589167,12,2,1,2,998,0,0,70
130357,4,26,4,17,33.49003333,-82.09282778,59,1,10,1,998,1,0,35
130358,4,28,6,16,31.53850556,-84.31577778,42,1,1,1,998,1,0,55
130359,4,29,7,2,34.92937778,-85.22302778,42,2,1,1,998,1,0,40
130360,2,26,1,3,33.77859167,-84.24210556,12,3,1,2,0,0,0,65
130361,2,10,6,11,33.41336389,-81.97312778,24,1,10,1,998,1,0,65
130362,2,26,1,3,33.27641944,-83.89773611,42,2,10,1,998,1,0,50
130363,2,10,6,13,31.16005556,-83.679075,34,1,2,1,998,1,0,55
130364,1,7,7,6,33.73048611,-84.3925,8,4,1,1,998,0,0,55
130365,2,26,1,4,33.83058889,-84.33869722,5,2,1,2,998,0,0,65
130366,2,10,6,15,31.43498056,-84.97721667,42,1,10,1,998,1,0,55
130367,2,27,2,14,33.88457222,-83.16611389,12,1,10,2,998,1,0,55
130368,2,10,6,16,34.57082222,-83.28316111,12,1,10,3,998,0,1,45
130369,2,10,6,16,34.28072222,-83.882375,12,1,1,2,998,1,0,45
130370,2,10,6,21,32.59736667,-84.44843889,59,2,2,1,998,1,1,65
130371,2,10,6,21,34.507875,-83.84752778,18,2,1,1,998,1,0,50
130372,2,27,2,15,34.41343611,-84.027,12,1,10,3,998,1,0,55
130373,2,27,2,22,34.53633889,-83.77458889,1,2,10,1,998,1,0,55
130374,3,14,3,17,33.87290278,-84.29031389,12,1,1,3,998,0,0,45
130375,3,28,3,2,33.4245,-83.84976944,1,3,5,1,998,1,0,55
130376,4,11,3,17,32.60375833,-83.74809167,12,1,1,2,998,0,0,55
130377,4,14,6,21,32.43864167,-81.76298889,12,3,1,2,998,0,0,50
130378,4,15,7,8,34.05552222,-84.00569722,12,1,1,2,998,1,0,70
130379,4,18,3,5,33.93769722,-84.49904167,12,2,1,4,0,0,0,65
130381,4,28,6,17,32.95630833,-81.82888333,1,1,1,1,998,1,0,25
130382,4,26,4,5,33.61869167,-84.43385833,1,2,1,1,998,1,0,65
130383,4,27,5,21,32.550175,-84.78419167,42,2,10,2,998,1,0,65
130384,4,28,6,12,33.50628056,-82.18436667,12,1,1,2,998,0,0,45
130385,4,8,7,15,33.56733611,-83.760675,12,1,2,2,998,0,0,55
130386,4,28,6,23,34.08789722,-84.57589444,8,3,1,1,998,0,0,45
130388,4,29,7,21,31.79953889,-82.67198056,32,2,2,1,998,1,0,55
130389,4,30,1,20,31.62291667,-84.23351389,34,3,1,1,998,1,0,45
130390,5,1,2,14,30.82919444,-83.99243611,42,1,10,1,998,1,0,98
130391,2,19,1,20,33.70211389,-84.11615278,9,3,1,1,998,0,0,45
130392,2,24,6,21,33.94954167,-83.41101389,8,2,2,1,998,0,0,40
130393,4,12,4,4,33.82766944,-84.45928889,50,2,10,1,998,1,0,45
130394,4,21,6,13,34.03328611,-84.10645278,12,1,1,2,998,0,1,45
130395,5,1,2,6,32.12243611,-82.79195833,12,1,1,2,998,0,0,55
130396,5,2,3,21,33.81060278,-84.03816667,8,2,10,1,998,0,0,45
130397,5,2,3,21,34.21851389,-84.50670278,8,2,1,1,998,0,0,45
130398,5,3,4,3,33.44985833,-81.93378056,8,2,1,1,998,0,0,65
130399,5,3,4,13,34.219,-84.84328611,12,1,1,2,998,1,0,55
130400,2,1,4,0,33.57013056,-84.31146111,8,2,2,1,998,0,0,40
130401,2,1,4,1,33.614825,-83.59395833,42,2,10,1,998,1,0,55
130402,2,12,1,20,33.55298333,-84.56144444,25,2,1,3,998,1,0,70
130403,3,11,7,14,32.84953333,-83.74065,24,1,1,1,998,1,0,70
130404,4,29,7,15,31.50380278,-83.72229444,8,1,10,1,998,0,0,65
130405,5,2,3,14,34.59206944,-83.60265833,12,1,1,5,998,0,1,55
130406,3,17,6,21,33.76269722,-84.25808333,8,3,1,1,998,0,0,45
130407,3,18,7,12,33.83018889,-84.42607778,39,1,1,1,998,1,0,70
130408,4,19,4,5,33.74413611,-84.38750556,8,2,1,1,998,0,0,55
130409,4,30,1,3,33.68838333,-84.39949722,24,3,2,1,998,1,0,55
130410,5,3,4,17,34.19860833,-84.14062222,12,1,1,2,998,0,0,25
130411,5,3,4,21,34.58979167,-85.03684444,34,2,1,1,998,1,1,55
130412,5,6,7,2,33.70281944,-84.15469722,12,3,1,2,80,1,1,40
130413,5,6,7,4,33.72979444,-85.16771944,32,2,1,1,998,1,0,55
130414,5,6,7,16,32.13286389,-81.51526111,42,1,10,1,998,1,1,30
130415,5,6,7,22,34.11346944,-84.33799167,30,2,1,1,998,1,1,45
130416,5,6,7,23,33.458225,-84.29320278,12,2,1,2,998,1,1,45
130417,5,7,1,0,32.86209444,-83.59179722,8,2,1,1,998,0,0,45
130419,5,7,1,12,34.48625833,-83.97469722,42,1,10,1,998,1,0,55
130420,2,10,6,5,33.65514167,-84.18403889,12,2,10,2,998,1,1,35
130421,2,10,6,5,33.92345,-84.01749444,12,3,2,2,998,1,0,45
130422,2,10,6,1,33.67268611,-84.3374,1,2,2,1,998,1,1,25
130423,2,9,5,0,33.56915,-82.23253056,1,2,1,1,998,1,0,25
130424,2,9,5,4,32.37581667,-82.1084,12,2,10,2,998,0,0,70
130425,2,8,4,23,32.4904,-84.91741111,31,2,1,1,998,1,0,40
130426,2,8,4,16,33.62006944,-84.53285556,12,1,1,2,998,1,0,55
130427,2,1,4,6,34.02966111,-83.59431111,12,1,10,2,998,1,0,50
130428,2,1,4,9,33.37976111,-82.13053056,12,1,1,3,998,1,0,55
130429,2,1,4,14,34.39352778,-83.213225,42,1,10,1,998,1,0,55
130430,2,1,4,16,30.87233056,-84.0837,32,1,10,1,998,1,0,65
130431,2,1,4,20,32.08917778,-83.76738333,8,2,1,1,998,0,0,35
130432,2,2,5,12,31.07629444,-84.07991667,12,1,10,2,998,1,0,65
130433,2,2,5,16,34.38206944,-85.02681944,42,1,2,1,998,1,1,65
130434,2,2,5,18,34.09343056,-83.35597778,34,2,2,1,998,1,1,50
130435,2,2,5,23,34.13605,-84.10043611,8,2,2,2,998,0,0,45
130436,2,3,6,15,34.75295,-83.92319167,34,1,1,1,998,1,0,35
130437,2,3,6,17,31.69988889,-83.25051111,12,1,1,3,998,1,0,0
130438,2,4,7,0,33.69359722,-84.51882222,8,2,1,1,998,0,0,35
130439,2,4,7,1,31.59039444,-84.19209167,33,3,10,1,998,1,0,30
130440,2,4,7,1,33.22204722,-84.61171667,53,2,1,1,998,1,0,45
130441,2,4,7,4,34.08574444,-84.96925833,32,2,10,1,998,1,0,65
130442,2,4,7,6,33.74323333,-84.37379722,12,3,1,2,998,0,0,55
130443,2,4,7,23,33.85311111,-84.246125,8,2,1,1,998,0,0,65
130444,2,8,4,14,32.42853611,-81.78689722,12,1,1,3,998,0,0,35
130445,2,6,2,14,34.26830278,-83.27347778,42,1,1,1,998,1,0,55
130446,2,6,2,13,33.49341667,-82.08248056,39,1,1,1,998,1,0,65
130447,4,6,5,21,33.69714444,-84.41429167,25,3,1,1,998,1,0,55
130448,4,30,1,20,33.42889722,-84.6125,14,3,1,1,998,1,0,15
130449,5,5,6,0,32.6225,-83.74319722,12,3,1,2,998,1,0,70
130451,5,7,1,17,34.76855556,-84.96621944,33,1,1,1,998,1,0,25
130452,5,8,2,20,34.96486944,-85.29668611,1,1,10,1,998,1,0,35
130453,2,5,1,0,30.91570833,-83.65949167,32,2,1,1,998,1,0,55
130454,2,5,1,2,33.93514444,-84.08014722,12,3,1,2,998,0,1,40
130455,2,5,1,19,32.816025,-83.70189722,9,2,1,1,998,0,0,45
130456,2,5,1,21,34.07849167,-84.00171944,42,3,1,1,998,1,1,25
130457,2,6,2,1,32.52163333,-84.889225,33,3,1,1,998,1,0,35
130459,2,6,2,9,32.50003611,-84.89363889,12,1,1,2,998,1,0,45
130460,2,6,2,21,33.985825,-84.02451389,8,3,1,1,998,0,0,45
130461,2,22,4,13,33.48273056,-84.43509444,12,1,1,2,998,1,0,45
130462,4,8,7,19,32.85065556,-84.78748056,35,3,2,1,998,1,0,45
130463,5,6,7,14,33.84212222,-83.72831944,12,1,1,2,998,1,0,45
130464,5,11,5,6,31.87591944,-83.48880278,12,1,1,2,998,1,0,55
130465,4,13,5,23,33.46094167,-84.50921111,12,2,10,2,998,1,0,45
130466,5,2,3,20,30.857525,-83.26357222,8,3,1,1,998,0,0,45
130467,5,6,7,13,33.7945,-84.47429444,12,1,1,3,998,1,0,40
130468,5,7,1,16,31.38101389,-81.70268333,12,1,1,2,998,1,0,55
130469,5,9,3,7,32.88713056,-81.59251111,12,1,1,2,998,0,1,55
130470,5,9,3,13,34.33941667,-84.15801389,35,1,1,1,998,1,1,55
130471,5,10,4,17,34.33361667,-84.04575278,12,1,10,2,998,1,0,35
130472,5,11,5,7,32.45593889,-81.70424167,12,1,5,2,998,1,0,55
130473,5,11,5,22,31.97935833,-81.07965833,9,2,1,1,998,0,0,40
130474,5,12,6,0,34.60388611,-84.71218889,8,2,1,1,998,0,0,55
130475,5,12,6,1,31.44764722,-83.52546944,8,2,10,1,999,0,0,35
130476,5,12,6,16,31.66765,-83.35341111,42,1,10,1,998,1,0,55
130477,5,12,6,20,33.99131667,-83.66855278,12,5,1,2,998,1,0,55
130478,5,13,7,5,34.26809167,-85.27545,12,2,10,2,998,1,0,0
130479,5,13,7,13,34.26216667,-85.29506944,12,1,1,3,998,1,0,55
130480,5,13,7,14,32.57026667,-82.27747222,12,1,10,3,998,1,0,55
130481,5,13,7,21,31.80095,-81.39231111,12,1,1,2,998,1,0,45
130482,5,14,1,1,34.00599722,-85.02635278,24,2,1,1,998,1,0,55
130483,5,14,1,13,34.90599167,-85.07716389,24,1,1,1,998,1,0,55
130484,5,14,1,23,33.32693333,-84.29170278,8,2,10,1,998,0,0,55
130485,5,15,2,22,30.90165556,-83.26623056,12,2,1,2,998,2,0,45
130486,5,16,3,4,34.24298333,-84.76738889,24,2,1,1,998,1,1,70
130487,5,17,4,4,33.72264722,-84.16479722,12,3,10,2,998,0,0,45
130488,5,17,4,9,33.826025,-84.32374722,8,1,1,1,998,0,0,45
130489,3,1,4,11,33.40186389,-84.22513333,12,1,10,3,998,1,0,45
130490,3,1,4,19,31.99296111,-81.10368611,33,2,1,1,998,1,1,25
130491,3,2,5,1,33.83120278,-84.21731111,12,3,1,2,998,0,0,35
130492,3,1,4,5,30.75050278,-83.21763056,12,3,1,2,998,0,0,45
130493,3,1,4,19,34.47292222,-84.92273333,8,2,10,1,998,0,0,45
130494,3,1,4,20,32.30022778,-84.78034722,12,3,10,2,998,1,0,98
130495,3,2,5,12,30.83815833,-81.67828333,12,1,1,2,998,1,0,45
130496,3,2,5,17,34.9095,-85.28018889,12,1,10,2,998,1,0,35
130497,3,3,6,0,33.69092222,-84.19150278,33,3,10,1,998,1,0,30
130498,3,3,6,4,33.899225,-84.05005278,33,2,10,1,998,2,0,45
130499,3,3,6,10,33.79561944,-84.77070556,12,1,2,2,998,1,0,45
130500,3,3,6,19,31.10046389,-81.81328333,42,5,1,1,998,1,0,45
130501,3,3,6,20,33.54395556,-84.36836667,8,1,1,1,998,0,0,98
130502,3,5,1,6,33.98348333,-84.34104167,42,2,1,1,998,1,1,65
130503,3,5,1,10,32.651625,-83.77020833,42,1,1,1,998,1,0,45
130504,3,6,2,2,33.211875,-84.82547778,12,2,1,2,998,0,1,70
130505,3,1,4,5,31.88029722,-81.39461111,8,2,1,1,998,0,0,55
130506,3,31,6,20,33.86140556,-84.30982222,8,2,1,1,998,0,0,40
130507,4,27,5,17,31.20679722,-82.33690556,12,1,6,2,998,1,0,35
130508,5,4,5,5,34.18525833,-83.89945556,12,2,1,2,998,0,0,45
130509,5,4,5,16,33.99025,-83.35565556,33,1,1,1,998,1,0,45
130510,5,5,6,0,33.54965556,-84.2551,8,2,1,1,998,0,0,35
130511,5,6,7,13,33.99832222,-83.36414444,59,1,10,2,998,1,0,50
130512,5,14,1,17,31.99308611,-80.84669722,8,1,1,1,998,0,0,10
130513,5,16,3,13,34.63383333,-84.97628056,18,1,10,1,998,1,0,70
130514,5,17,4,0,32.22311389,-83.75783333,12,2,10,2,998,1,0,55
130515,5,17,4,6,32.86517222,-81.96001389,12,1,10,2,998,0,0,65
130516,5,17,4,18,34.67913333,-83.42810833,42,1,10,1,998,1,1,45
130517,5,17,4,21,31.28951111,-84.30608333,12,2,10,2,998,3,0,55
130518,5,18,5,5,30.92965556,-84.60506389,12,2,5,2,998,1,0,35
130519,5,18,5,16,33.55064167,-83.35489444,21,1,10,1,998,1,0,70
130520,5,18,5,22,33.46305278,-82.49129722,8,3,10,1,998,0,0,45
130521,5,18,5,22,33.68343333,-84.31045,24,2,1,2,998,1,0,65
130522,5,19,6,0,32.61826667,-83.67167222,8,2,10,1,998,0,0,40
130523,5,19,6,5,32.33139444,-81.58941389,12,2,2,2,998,0,0,55
130524,5,19,6,22,33.79389722,-84.18477222,35,2,1,1,998,1,0,35
130525,5,20,7,17,34.62848611,-84.09852778,1,2,10,1,998,1,1,45