ST_CASE,MONTH,DAY,DAY_WEEK,HOUR,LATITUDE,LONGITUD,HARM_EV,LGT_COND,WEATHER,VE_FORMS,TRAV_SP,DEATHS,DR_DRINK,VSPD_LIM
130526,5,20,7,19,32.28404444,-84.03114722,1,1,1,1,998,1,0,35
130527,5,20,7,21,33.72312778,-84.16899722,8,2,1,1,998,0,0,45
130528,5,21,1,4,33.90788889,-84.47650833,8,2,1,1,998,0,0,65
130529,5,21,1,20,33.65287778,-84.15947778,34,2,1,1,998,1,1,35
130530,5,22,2,12,33.99119722,-85.24800278,12,1,10,2,998,0,0,55
130531,5,24,4,10,33.15759444,-82.45634722,12,1,1,2,998,0,0,55
130532,5,24,4,16,32.86232778,-83.57200278,12,1,1,2,998,0,0,35
130533,5,25,5,3,32.86118889,-83.6458,24,2,1,1,998,1,0,55
130534,5,25,5,5,33.7177,-84.09344444,8,2,1,2,998,0,0,45
130535,5,27,7,18,34.09583056,-84.62393889,12,1,1,2,998,0,0,98
130536,5,27,7,19,32.01426389,-81.07004167,14,5,10,1,998,1,0,15
130537,5,5,6,5,33.61738333,-84.45033056,72,2,1,4,0,0,0,65
130538,5,10,4,15,32.24736111,-82.32563333,12,1,1,2,998,1,0,55
130539,5,15,2,14,33.90332778,-84.48811111,12,1,1,3,998,0,0,45
130540,5,22,2,20,31.08819167,-84.26070556,12,2,2,2,998,1,0,55
130541,5,24,4,2,34.34946111,-83.75911667,12,2,1,2,998,1,0,65
130542,5,24,4,15,31.73331389,-83.24061389,12,1,1,2,998,0,0,20
130543,5,27,7,15,31.18828333,-83.45460556,1,1,1,1,998,1,0,70
130544,5,27,7,21,33.73171667,-84.38789722,12,3,10,4,998,1,0,30
130545,5,27,7,23,33.72304167,-84.42218333,21,3,1,1,998,1,0,40
130546,5,20,7,2,33.16617778,-84.46360556,42,2,1,1,998,1,0,45
130547,5,20,7,22,33.72119167,-84.38968333,12,3,2,2,998,1,0,35
130548,5,28,1,1,33.48901667,-83.91698056,12,2,10,2,998,0,1,55
130549,5,28,1,3,33.49328889,-82.08282222,25,3,1,1,90,1,0,45
130550,5,28,1,14,32.26012778,-82.44679722,1,1,1,1,998,1,0,35
130551,5,28,1,21,33.92929444,-84.74052778,12,2,1,2,998,2,1,55
130552,5,30,3,16,30.67731111,-83.79161667,1,1,1,1,998,1,0,55
130553,5,31,4,8,31.77469167,-82.27699722,42,1,1,1,998,1,1,55
130554,5,31,4,16,30.79447778,-84.56140556,32,1,2,1,998,1,1,55
130555,5,17,4,18,31.23599167,-81.50837222,1,1,2,1,998,1,0,70
130556,5,21,1,23,32.56975278,-84.91212778,42,3,1,1,998,2,0,45
130557,5,26,6,22,33.8609,-83.95459722,12,2,1,3,998,1,1,55
130558,5,27,7,9,34.25647222,-85.11691389,59,1,1,1,110,1,0,45
130559,5,27,7,21,30.73729167,-84.45840278,12,3,1,2,998,1,1,65
130560,5,28,1,4,34.3374,-84.84530833,8,2,1,1,999,0,0,98
130561,5,29,2,3,33.72140556,-84.85178889,12,2,1,2,998,0,0,70
130562,5,31,4,12,32.47515556,-84.91661667,12,1,10,2,998,0,0,35
130563,5,31,4,22,33.23269444,-84.14440556,38,2,1,1,998,1,0,50
130564,6,1,5,14,32.89778889,-82.67422778,1,1,1,1,998,1,0,35
130565,6,1,5,20,32.07361667,-81.07488889,12,1,1,2,998,0,1,35
130566,6,2,6,6,33.82393056,-84.14844167,42,4,1,1,998,1,1,65
130567,6,2,6,15,31.92835278,-84.55666111,45,1,1,1,998,1,0,65
130568,6,3,7,6,33.81837778,-84.25142778,42,1,1,1,998,1,0,65
130569,6,3,7,12,34.42974444,-84.92019444,8,1,1,1,998,0,0,70
130570,6,3,7,17,33.42910278,-82.04566944,15,1,1,1,998,0,0,45
130571,6,4,1,1,33.698975,-84.26523056,1,3,1,1,998,1,0,65
130572,4,28,6,18,34.22181389,-84.82270556,12,1,1,2,998,1,0,30
130573,6,2,6,19,34.01386111,-84.55502778,8,1,1,1,998,0,0,35
130574,6,2,6,20,34.60934167,-84.06563333,59,1,1,1,998,1,1,40
130575,6,3,7,1,33.68328056,-84.51270278,12,3,1,2,998,2,0,35
130576,6,3,7,16,34.224525,-83.31180278,38,1,1,1,998,1,0,45
130577,6,4,1,3,33.45108889,-83.95309444,42,2,1,1,998,1,0,45
130578,6,4,1,16,33.63479444,-84.21345278,42,1,10,1,998,1,1,45
130579,6,7,4,5,32.736825,-83.73366667,1,3,1,1,998,1,0,45
130580,1,1,1,1,33.84556944,-84.53700278,42,2,10,1,998,1,0,45
130581,4,12,4,12,32.50810833,-84.56140278,8,1,1,1,998,0,0,55
130582,4,14,6,12,34.89785833,-84.00461111,59,1,2,1,998,1,0,55
130583,6,3,7,23,31.59261111,-81.32275556,1,2,1,1,998,1,1,55
130584,6,5,2,0,33.29353611,-84.29148333,12,2,1,2,998,1,0,55
130585,6,7,4,15,32.74383333,-83.15793056,42,1,1,1,998,1,0,65
130586,6,6,3,12,33.54448333,-83.84441111,12,1,1,2,998,1,0,0
130587,6,6,3,23,32.53241944,-84.955625,12,3,1,2,998,0,0,0
130588,6,7,4,10,32.48591111,-84.54802222,38,1,1,1,998,1,0,55
130589,6,9,6,3,33.84898889,-84.22439167,8,3,1,1,999,0,0,45
130590,6,10,7,1,31.70234167,-83.651625,33,3,1,1,998,1,1,35
130591,5,14,1,17,33.71212222,-84.27164167,8,1,1,1,998,0,1,45
130592,6,4,1,0,34.07576389,-83.44676944,42,2,1,1,998,1,1,45
130593,6,6,3,15,33.07688611,-84.94858889,10,1,1,1,998,1,0,45
130594,6,7,4,16,32.74057778,-84.37120278,1,1,1,1,998,1,0,55
130595,6,8,5,9,31.03039444,-82.77740833,12,1,1,2,998,1,0,45
130596,6,8,5,22,32.06352778,-81.03301111,1,2,2,1,998,1,0,45
130597,6,9,6,15,30.96572778,-84.56775,1,1,1,1,998,1,1,55
130598,6,10,7,2,32.943525,-82.80504167,7,3,1,1,998,1,1,45
130599,6,10,7,19,33.39805833,-84.76526389,12,1,1,2,998,1,0,45
130600,4,24,2,0,33.75806667,-84.35229444,30,3,10,1,998,1,0,35
130601,6,1,5,20,32.15790278,-81.36408056,12,5,1,4,998,1,0,55
130602,6,5,2,19,33.57046667,-84.78898333,12,1,1,2,998,1,0,55
130603,6,8,5,5,33.20142778,-84.28754167,42,2,1,1,998,1,0,55
130604,6,10,7,13,33.2394,-84.99798056,42,1,1,1,998,1,0,35
130605,6,10,7,19,32.9429,-82.80676667,1,1,1,1,998,1,1,45
130606,6,10,7,20,31.65688333,-83.36075278,1,1,1,1,998,2,1,55
130607,6,10,7,21,33.42319444,-82.05862222,12,2,1,6,998,0,1,65
130608,6,11,1,8,34.20526667,-83.03116667,53,1,1,1,998,1,0,35
130609,6,11,1,12,33.44492222,-83.90255833,42,1,2,1,998,2,0,55
130610,5,18,5,0,33.76545,-84.52990556,8,6,1,1,998,0,0,55
130611,6,5,2,18,32.19483889,-81.47838611,12,1,1,2,998,1,0,70
130612,6,6,3,21,33.72985278,-84.56509722,17,2,1,1,998,1,0,45
130613,6,10,7,0,33.77110278,-84.35945556,12,3,1,2,998,1,0,35
130614,6,10,7,16,34.204225,-85.35103889,12,1,1,2,998,1,1,55
130615,6,11,1,19,33.68106389,-84.39632222,12,1,10,2,998,0,0,35
130616,6,12,2,7,32.67264722,-83.72128889,12,1,1,2,998,1,0,55
130617,6,13,3,4,33.36886667,-85.01565556,42,2,10,1,998,1,0,45
130618,6,13,3,15,33.69098333,-84.51386389,8,1,1,1,998,0,0,35
130619,6,13,3,19,34.44698889,-84.65493889,1,1,1,1,998,1,1,55
130620,6,13,3,19,34.61773889,-84.81983889,42,1,1,1,998,1,0,45
130621,6,14,4,5,31.77321667,-83.96963056,42,1,5,1,998,1,0,55
130622,5,24,4,19,33.34331111,-82.05630556,12,5,1,2,998,1,0,55
130623,5,30,3,23,33.58616111,-85.091025,12,3,1,2,998,0,0,0
130624,6,14,4,6,34.27847778,-83.46496944,34,4,1,1,998,2,0,65
130625,6,14,4,6,33.26315833,-83.90779722,42,4,1,1,998,1,0,55
130626,6,14,4,12,32.84701111,-83.79935556,30,1,10,1,998,1,0,45
130627,6,15,5,0,32.52744722,-84.24395,35,2,10,1,998,1,0,45
130628,6,15,5,6,30.83627222,-83.26446111,12,1,10,4,998,0,0,45
130629,6,15,5,10,32.13076944,-85.03195,18,1,2,1,998,1,0,55
130630,6,16,6,3,33.67653333,-84.32184167,14,3,1,1,998,1,1,55
130631,6,16,6,4,33.69820556,-84.44710556,33,3,10,1,998,1,0,55
130632,5,7,1,13,32.38354722,-82.991175,12,1,1,2,998,1,0,35
130633,5,23,3,19,33.94945,-84.08282778,12,1,1,2,998,0,0,45
130634,6,12,2,21,33.59961667,-84.344975,59,2,1,1,998,1,0,35
130635,6,13,3,13,33.93833056,-84.03394167,12,1,1,3,998,0,0,45
130636,6,16,6,6,34.48271667,-84.42267222,1,1,10,1,998,1,0,45
130637,6,16,6,9,34.09024444,-82.78313056,42,1,1,1,998,1,0,55
130638,6,16,6,15,32.89504722,-83.679925,12,1,1,2,0,1,0,70
130639,6,16,6,22,33.80463611,-84.24999167,31,1,1,1,998,1,0,65
130640,6,16,6,22,33.66368056,-84.35067778,12,3,1,2,998,1,0,55
130641,6,17,7,0,31.17622778,-84.71089167,8,3,10,1,998,0,0,55
130642,6,17,7,6,33.94903056,-83.29955278,12,1,1,2,998,0,0,45
130643,6,17,7,9,32.61122778,-83.74290833,8,1,1,1,998,0,0,70
130644,6,17,7,12,34.45328333,-85.25129444,32,1,1,1,998,1,0,65
130645,6,17,7,18,33.80381667,-84.10665833,12,1,1,2,998,1,0,35
130646,6,17,7,19,33.76179722,-84.48839722,42,1,1,1,998,1,0,60
130647,6,17,7,21,32.39953611,-82.059875,8,2,1,1,998,0,0,35
130648,6,17,7,23,32.63401667,-82.37418889,12,2,1,2,998,1,0,55
130649,6,17,7,23,33.35713611,-82.04462222,8,2,1,1,998,0,0,55
130650,6,18,1,4,33.75208889,-83.30228333,12,2,1,2,998,1,1,55
130651,6,18,1,16,34.74689722,-84.90995,43,1,10,1,998,1,1,45
130652,6,18,1,19,31.29287222,-81.95759167,12,1,10,3,998,0,1,55
130653,6,18,1,23,31.57138611,-83.85398889,32,2,1,1,998,1,0,55
130654,6,19,2,9,33.86680556,-84.81984444,8,1,10,1,998,0,0,45
130655,6,19,2,15,33.499375,-83.97866667,12,1,10,2,998,0,0,55
130656,6,20,3,15,34.55973889,-83.57586389,1,1,2,1,998,1,0,55
130657,6,21,4,22,33.60221111,-83.65839167,8,2,2,1,998,0,0,70
130658,6,22,5,12,31.14790278,-82.59111389,42,1,10,1,998,1,1,45
130659,6,22,5,20,33.83449444,-84.21346389,24,1,1,1,998,1,0,65
130660,6,22,5,20,33.5252,-84.03540556,12,2,10,2,998,1,0,55
130661,6,22,5,22,32.53450278,-82.90100278,8,2,2,1,998,0,0,35
130662,6,23,6,6,31.92168333,-83.84633889,34,3,10,1,998,1,0,65
130663,6,2,6,22,33.91568889,-83.38924722,12,2,1,2,998,1,0,65
130664,6,10,7,1,34.03799167,-84.57808611,14,2,1,1,998,2,0,65
130665,6,22,5,1,33.47319722,-84.66440833,12,2,2,2,0,1,1,70
130666,6,22,5,6,34.05687222,-83.99279444,25,1,2,2,998,1,0,70
130667,6,20,3,7,32.50408889,-82.94286389,12,1,10,2,998,0,0,45
130668,6,23,6,10,34.82421389,-85.37295278,18,1,1,1,998,1,0,45
130669,6,24,7,16,34.05299722,-84.59427222,14,1,1,1,998,1,0,65
130670,6,24,7,17,32.44112222,-81.78638889,12,1,1,2,998,1,0,30
130672,6,25,1,21,33.91280833,-84.59380278,8,2,10,1,998,0,0,45
130673,6,25,1,23,33.90539722,-84.08449722,12,2,2,2,998,0,0,50
130674,6,26,2,4,34.47699722,-83.04669444,12,2,10,3,998,1,0,70
130675,6,26,2,19,33.97789444,-85.10520833,1,1,1,1,998,1,0,45
130676,6,26,2,19,32.50785,-84.95177222,33,1,1,1,998,1,0,60
130677,6,27,3,3,34.01933333,-84.32595833,12,2,1,2,998,0,0,65
130678,6,29,5,18,33.85679722,-84.1985,24,1,1,1,998,1,0,45
130679,6,1,5,15,34.41700556,-84.93563333,12,1,1,2,998,1,0,35
130680,6,21,4,20,34.11350833,-84.73198889,1,5,10,1,998,1,0,45
130681,6,23,6,10,32.57774167,-83.89317222,12,1,1,2,998,1,0,55
130682,6,24,7,20,33.88885,-84.76645278,1,3,1,1,998,1,0,25
130683,6,25,1,0,32.32699444,-83.76612222,1,3,1,3,998,1,0,70
130684,6,28,4,12,34.39481111,-84.91883056,24,1,1,1,998,1,0,70
130685,7,1,7,2,33.82250278,-84.18786111,12,2,1,2,998,1,1,45
130686,7,2,1,5,33.07186111,-84.28208333,34,2,10,1,998,1,0,45
130687,5,24,4,19,34.82621944,-84.8311,42,1,1,1,998,1,0,55
130688,6,19,2,13,33.89883056,-84.49466944,12,1,10,3,998,0,0,45
130689,6,24,7,9,32.31019167,-84.49470278,59,1,1,1,998,1,0,55
130690,6,26,2,19,33.80365,-85.17683889,12,1,1,2,998,0,0,45
130691,6,27,3,21,34.28364722,-83.85436667,8,2,1,1,998,0,0,30
130692,6,30,6,21,33.56482778,-84.52044167,8,2,10,1,998,0,0,45
130693,7,1,7,1,31.17166944,-81.72205,5,2,1,1,998,1,0,45
130694,7,1,7,21,34.03201944,-83.80857222,42,2,10,1,998,1,0,35
130695,7,1,7,21,33.00133611,-85.14155,53,2,1,1,998,1,1,45
130696,7,2,1,16,31.50581111,-84.20875556,12,1,1,2,998,0,0,55
130697,7,2,1,21,33.681225,-84.22980278,8,3,1,1,998,0,0,45
130698,6,23,6,11,32.23839444,-81.99789722,59,1,1,1,998,1,0,55
130699,7,2,1,1,33.75066389,-84.45401667,12,3,1,2,998,1,0,60
130700,7,3,2,0,33.69353333,-84.40310556,8,2,10,1,998,0,0,55
130701,7,3,2,15,33.63731667,-85.193625,39,1,10,1,998,1,0,45
130702,7,3,2,17,32.89717778,-84.39501667,12,1,1,2,998,0,0,55
130703,7,4,3,3,33.72727778,-84.14975556,1,2,1,1,998,1,1,35
130704,7,4,3,6,33.31607222,-84.65281389,32,1,1,1,998,1,0,55
130705,7,4,3,12,33.01486944,-82.78937778,12,1,2,2,998,0,0,55
130706,7,4,3,14,34.27154444,-85.23162778,12,1,1,2,998,0,0,40
130707,7,5,4,1,33.83411667,-84.00828333,9,2,5,1,998,0,0,45
130708,7,5,4,18,34.26424444,-84.05006111,12,1,1,2,998,0,0,40
130709,7,5,4,23,32.76817222,-83.66003611,8,2,10,1,998,0,0,55
130710,7,6,5,13,34.08401111,-84.57534722,12,1,1,2,998,1,0,45
130711,7,6,5,16,32.74411944,-83.72524167,42,1,10,1,998,1,0,45
130712,7,6,5,18,32.44838056,-84.93552778,12,1,1,2,998,1,0,35
130713,7,7,6,12,34.87604722,-83.71880278,12,1,1,3,998,0,0,55
130714,7,8,7,21,33.10558889,-83.25168333,8,3,1,1,998,0,0,45
130715,7,9,1,2,33.76300556,-84.25752778,16,3,10,1,998,1,1,45
130716,7,9,1,14,34.44908611,-84.88626944,12,1,10,2,998,0,0,55
130717,7,10,2,7,33.63051944,-83.97866389,12,1,2,2,998,1,0,45
130718,7,10,2,8,33.469475,-84.37516111,12,1,2,2,998,1,0,45
130720,7,1,7,21,33.70435556,-84.46428056,15,2,1,1,998,0,0,35
130721,7,5,4,22,31.38328333,-81.43321667,9,2,2,1,998,0,0,35
130722,7,8,7,1,33.91834444,-84.59726667,33,2,1,1,998,1,1,45
130723,7,10,2,10,31.35544167,-84.06831111,12,1,10,2,998,1,0,55
130724,7,10,2,12,31.14918333,-81.99152778,12,1,1,2,998,2,0,45
130725,7,10,2,12,32.34581111,-81.21395,34,1,2,1,998,1,0,45
130726,7,10,2,21,33.85865278,-84.43411667,25,3,1,1,998,1,0,65
130727,7,11,3,16,32.39791389,-83.32205,12,1,1,3,998,0,0,55
130728,7,11,3,21,32.964275,-83.81843611,1,2,1,1,998,1,0,70
130729,7,12,4,1,33.82921667,-84.19619722,8,3,1,1,998,0,0,45
130730,7,12,4,6,33.88004722,-84.26581389,12,1,1,3,998,1,0,35
130732,6,30,6,14,33.85900278,-84.08158611,12,1,2,2,998,0,0,45
130733,7,1,7,17,33.93243889,-83.78956389,7,1,10,1,998,1,0,25
130734,7,3,2,20,31.596525,-84.11595833,8,1,1,1,998,0,0,35
130735,7,8,7,21,33.68641111,-84.49125833,8,3,1,2,998,0,0,35
130736,7,10,2,1,33.56896111,-84.32608333,12,3,1,2,998,0,0,65
130737,4,19,4,12,32.54371111,-83.57386389,12,1,1,2,998,0,0,40
130738,5,31,4,12,33.0086,-83.35979722,32,1,1,1,998,1,0,55
130739,7,12,4,13,32.47201667,-84.89234167,12,1,1,2,998,0,0,35
130740,7,12,4,21,33.42133056,-82.02085278,12,2,10,2,998,2,0,45
130741,7,13,5,18,34.02271944,-84.13779722,12,1,1,2,998,0,0,45
130742,7,13,5,21,33.44100278,-82.13044722,12,2,1,3,998,1,0,55
130743,7,14,6,21,33.93991389,-83.49464167,8,2,1,1,998,0,0,45
130744,7,14,6,22,34.03326944,-83.98726111,8,2,1,1,998,0,0,45
130746,7,15,7,21,32.05116667,-81.15287222,8,2,10,1,998,0,0,45
130747,7,16,1,4,33.91884167,-84.789075,32,2,1,1,998,1,0,45
130748,7,16,1,8,33.13048056,-84.01261111,8,2,1,1,998,0,0,70
130749,7,16,1,14,33.84069444,-84.21334444,12,1,1,2,998,1,1,45
130750,7,16,1,15,34.45853056,-83.60833889,12,1,10,2,998,2,0,65
130751,7,16,1,16,33.14860556,-84.24876389,7,1,1,1,998,1,0,60
130752,7,16,1,22,33.49301111,-82.63286389,12,2,1,2,998,0,0,70
130753,7,16,1,22,33.72073889,-84.57396667,42,2,1,1,998,1,0,35
130754,7,17,2,12,34.59963056,-84.92691944,12,1,98,2,998,1,0,55
130755,7,18,3,2,33.77411111,-84.31454167,12,2,1,2,998,0,0,35
130756,7,18,3,15,33.8431,-84.24751389,12,1,1,2,998,1,0,65
130757,7,19,4,7,33.47636944,-84.37758889,35,1,1,1,998,1,0,40
130758,7,19,4,19,31.5537,-83.49121667,42,1,10,1,998,1,0,55
130759,7,20,5,11,31.85831389,-83.55838333,10,1,1,1,998,2,0,55
130760,6,21,4,22,33.64353056,-84.39971944,42,2,2,1,998,2,0,65
130761,7,20,5,12,34.34363056,-84.75063889,35,1,1,1,998,1,1,55
130762,7,20,5,20,34.52198611,-84.48513056,42,2,10,1,998,1,1,45
130763,7,21,6,9,34.80890556,-83.74378611,42,1,1,1,998,1,0,45
130764,7,19,4,17,33.61445833,-84.99625278,12,1,1,2,998,0,0,55
130765,7,22,7,3,33.68318056,-85.01824722,1,2,1,1,998,1,0,45
130766,7,22,7,18,33.58759722,-85.05586389,12,1,1,2,998,1,0,35
130767,7,21,6,14,31.96766667,-84.13655556,42,1,1,1,998,1,0,55
130768,7,22,7,20,33.97457222,-83.365,12,3,1,2,998,0,0,98
130769,7,23,1,0,33.83188889,-84.33565833,12,2,1,5,0,0,0,65
130770,7,23,1,9,31.91595,-81.04409722,9,1,1,1,998,0,0,25
130771,7,23,1,13,34.19350556,-83.43148333,12,1,1,2,998,0,0,65
130772,7,23,1,18,33.91304167,-84.905475,1,1,1,1,65,1,0,65
130773,7,23,1,20,34.20889167,-83.78908889,12,1,1,2,998,1,0,25
130774,7,24,2,6,33.60621667,-83.93162778,35,2,10,1,998,1,0,35
130775,7,23,1,3,33.33263056,-84.29433056,12,2,10,2,998,1,0,55
130776,7,24,2,16,32.21621111,-83.16620833,38,1,1,1,998,1,0,55
130777,7,24,2,21,34.24384722,-84.77433056,12,5,1,2,998,0,0,55
130779,7,26,4,16,31.78209722,-81.49170278,42,1,1,1,998,1,0,45
130780,7,26,4,23,33.77580833,-84.55574167,8,2,1,1,998,0,0,35
130781,7,28,6,1,33.64433889,-84.39915278,12,2,1,2,998,4,1,65
130782,7,28,6,4,32.46580556,-84.98001389,31,3,1,1,998,1,0,35
130783,7,29,7,11,34.08318611,-84.62184444,12,1,1,2,998,1,0,45
130784,7,30,1,0,32.82888889,-83.56150278,12,2,10,2,998,1,0,45
130785,7,23,1,13,30.97072778,-84.73333056,12,1,10,2,998,0,0,55
130786,7,27,5,13,34.22009722,-84.03894722,35,1,1,1,998,2,0,25
130787,7,27,5,22,33.66939722,-84.54763611,12,2,1,2,998,0,0,55
130788,7,28,6,14,33.56680278,-83.87190833,9,1,1,1,998,0,0,45
130789,7,28,6,19,33.98449722,-83.689475,34,1,10,1,998,1,0,40
130790,7,28,6,22,32.20224167,-83.26546111,12,2,10,2,998,1,1,45
130792,7,29,7,5,33.15908333,-83.32932778,53,2,10,1,998,1,0,45
130793,7,29,7,20,33.69613056,-84.04125278,12,5,1,3,998,1,0,45
130794,7,30,1,1,32.07869167,-83.08215556,32,2,10,1,998,1,1,55
130795,6,20,3,4,31.599675,-81.42205,12,2,10,2,0,1,1,70
130796,6,23,6,19,33.43509722,-84.70998611,24,1,10,1,135,1,0,70
130798,6,24,7,21,30.87985278,-83.93198056,8,2,1,1,999,0,0,45
130799,6,24,7,23,32.30262778,-82.48756111,35,2,1,1,998,1,0,55
130800,6,24,7,23,33.35303611,-84.66681667,34,2,10,1,998,1,1,45
130801,6,25,1,1,32.61071667,-83.80829167,42,2,1,1,998,1,1,50
130802,6,25,1,1,31.42826111,-83.19399167,1,2,1,1,998,1,1,35
130803,6,27,3,22,33.91540833,-83.5209,42,2,1,1,998,1,0,45
130804,6,29,5,21,31.22199722,-81.85123333,12,2,1,3,998,2,0,45
130805,6,30,6,3,30.89539722,-83.26868611,12,2,1,2,998,0,1,45
130806,7,22,7,2,33.51966389,-84.24690556,12,2,1,2,998,0,0,65
130807,6,29,5,15,31.73549444,-84.40289444,59,1,1,2,998,1,1,65
130808,7,9,1,14,31.81938056,-81.36028056,12,1,1,2,998,1,0,70
130809,7,23,1,18,33.78400556,-84.61078889,12,1,1,2,998,1,0,45
130810,7,26,4,0,32.57338333,-82.92916389,34,2,1,1,998,1,1,45
130811,7,26,4,23,32.87652778,-85.065475,12,2,1,2,998,0,0,55
130812,7,27,5,15,33.82214722,-84.57316667,12,1,10,2,998,0,0,45
130813,7,28,6,2,31.61695556,-81.87453056,33,3,1,1,998,1,0,45
130814,7,28,6,20,33.74549167,-84.51753333,12,5,1,2,998,1,1,30
130815,7,30,1,1,30.70506389,-83.10510556,8,2,1,1,998,0,0,55
130816,7,30,1,17,34.10829444,-84.9544,34,1,1,1,998,1,0,35
130818,7,31,2,0,33.42866944,-84.36863333,8,2,1,1,999,0,0,45
130819,7,31,2,7,33.79155278,-84.40562222,12,1,1,2,68,1,0,35
130820,7,31,2,9,34.90046944,-83.391925,12,1,10,2,998,1,0,55
130821,7,31,2,20,34.07155556,-83.10255833,12,1,1,2,998,0,0,45
130822,7,31,2,22,33.82511111,-84.57580278,8,2,1,1,998,0,0,40
130823,8,1,3,1,33.63181389,-84.98601667,8,2,1,1,998,0,0,60
130824,8,1,3,4,33.27069444,-84.29036389,8,2,1,1,998,0,0,45
130825,8,1,3,7,34.31899167,-82.98299444,8,1,1,1,998,0,0,55
130826,8,1,3,9,33.95631667,-83.60692222,12,1,1,2,998,0,0,65
130827,8,1,3,11,32.1732,-81.47608611,12,1,1,3,998,0,0,55
130828,8,1,3,23,33.879275,-84.27236944,8,2,1,1,998,0,0,99
130829,8,2,4,3,32.47550278,-84.94698889,42,3,1,1,998,1,0,30
130830,8,2,4,6,33.68123889,-82.48701944,1,4,10,1,998,1,1,55
130831,6,24,7,3,34.89673611,-85.08131111,34,2,10,1,998,1,0,70
130832,8,14,2,13,33.73978056,-84.21799722,12,1,10,2,998,1,0,45
130833,7,31,2,12,33.78630278,-84.39080556,8,1,1,1,998,0,0,55
130834,8,13,1,17,34.80388889,-83.74293056,42,1,1,1,998,1,0,45
130835,8,12,7,22,32.80989444,-83.72563333,8,3,10,1,998,0,0,70
130836,8,11,6,15,33.43890278,-82.00045556,8,1,1,1,998,0,0,45
130837,8,11,6,9,34.23889444,-84.77679167,12,1,10,2,998,1,0,50
130838,8,11,6,6,32.40649722,-84.54183056,7,2,1,1,998,1,0,55
130839,8,11,6,5,33.43309722,-82.013525,23,3,1,1,998,1,1,45
130840,8,9,4,23,33.61981667,-84.54517222,8,2,10,2,998,0,0,55
130841,8,8,3,23,33.61866111,-84.55975,12,2,1,3,998,3,1,45
130842,8,13,1,6,33.93302222,-84.02843056,12,2,1,2,998,1,0,45
130843,8,8,3,20,32.01079722,-81.06529444,16,2,2,1,998,1,0,35
130844,8,13,1,17,33.30326667,-84.24744167,31,1,1,1,998,1,1,45
130845,8,14,2,12,32.94460278,-84.39169444,38,1,1,1,998,1,0,55
130846,8,15,3,6,33.93938333,-83.98151944,8,4,1,1,998,0,0,45
130847,8,16,4,3,33.70769722,-84.204,12,3,1,2,998,0,0,65
130848,8,8,3,16,33.88009167,-83.84813056,12,1,10,3,998,1,0,45
130849,8,8,3,11,31.04752778,-81.547325,1,1,1,1,998,1,0,55
130850,8,8,3,8,33.48098611,-82.01061111,8,1,1,1,998,0,0,35
130851,8,7,2,23,33.53809444,-84.24594722,8,2,1,1,998,0,0,35
130852,8,7,2,13,31.65961389,-85.02436944,42,1,1,1,998,1,1,55
130853,8,7,2,9,33.71551944,-84.25281667,30,1,1,2,998,1,0,45
130854,8,7,2,9,33.12114444,-84.33203889,12,1,1,2,998,0,0,55
130855,8,7,2,6,34.06879444,-84.50268611,8,4,1,1,998,0,0,45
130856,8,6,1,19,32.65366389,-84.25475278,12,1,2,2,998,0,0,55
130858,8,6,1,11,33.67133056,-84.27865833,12,1,1,2,998,1,0,45
130859,8,6,1,10,32.85490278,-84.9429,12,1,1,2,998,0,0,55
130860,8,5,7,21,33.89516944,-84.21261111,8,2,1,1,998,0,0,35
130861,8,5,7,18,33.10668889,-83.66509167,42,1,1,1,998,1,0,45
130862,8,5,7,17,34.46589167,-85.33098333,12,1,1,2,998,0,0,55
130863,8,5,7,17,34.51453889,-83.49408889,42,1,1,1,998,1,1,25
130864,8,5,7,16,33.58713333,-83.91204167,31,1,1,1,998,1,0,45
130865,8,5,7,16,33.70895278,-84.09270556,12,1,1,3,998,1,1,45
130866,8,5,7,14,32.43373611,-83.30463611,12,1,10,2,998,1,0,55
130867,4,25,3,13,32.57848611,-83.70045833,12,1,1,2,998,1,0,35
130868,4,28,6,15,32.59366389,-83.61366389,12,1,1,2,998,1,0,45
130870,8,2,4,10,33.66793333,-83.98574167,12,1,1,2,998,1,0,45
130871,8,2,4,16,33.56598889,-83.93883611,12,1,1,2,998,0,0,45
130872,8,2,4,18,33.49641667,-83.95171667,12,1,1,3,998,1,0,55
130873,8,2,4,23,33.71428611,-84.27264722,5,3,1,1,998,1,0,45
130874,8,3,5,3,30.70547778,-84.14486111,34,2,1,1,998,1,0,65
130875,8,3,5,17,33.70858611,-84.12938889,42,1,2,1,998,1,0,45
130876,8,3,5,18,33.15743333,-82.45629444,12,1,10,2,998,0,0,55
130877,8,4,6,7,32.91881944,-84.24912778,1,1,2,1,998,1,0,55
130878,8,4,6,14,34.22152222,-84.46859444,12,1,1,3,998,1,0,50
130879,8,4,6,16,33.48133056,-81.99794444,8,1,1,1,998,0,0,35
130880,8,4,6,19,33.68420833,-84.66222222,42,1,1,1,998,1,0,45
130881,8,4,6,22,33.30408056,-83.95799444,12,3,10,2,998,0,0,35