ST_CASE,MONTH,DAY,DAY_WEEK,HOUR,LATITUDE,LONGITUD,HARM_EV,LGT_COND,WEATHER,VE_FORMS,TRAV_SP,DEATHS,DR_DRINK,VSPD_LIM
130882,8,5,7,2,34.02063333,-84.31955833,12,3,10,2,998,0,1,45
130883,8,5,7,4,33.79848889,-84.39271944,24,3,1,1,998,1,0,55
130884,8,14,2,11,32.78633889,-83.49910278,42,1,1,1,998,2,0,55
130885,8,15,3,15,33.54785278,-83.16870833,12,1,2,2,998,1,0,70
130886,8,15,3,20,33.751425,-84.39098056,12,2,1,2,998,0,0,35
130887,8,17,5,7,34.40412778,-84.91931389,12,1,1,3,998,0,0,70
130888,8,17,5,15,34.10515833,-85.36122222,12,1,1,2,998,1,0,55
130889,8,19,7,5,31.66429722,-81.86277222,8,2,1,1,998,0,0,50
130890,8,19,7,6,34.95166111,-85.27308889,34,4,1,1,998,1,0,55
130891,6,12,2,22,33.73082778,-84.19376944,12,2,1,2,998,1,0,0
130893,8,18,6,17,32.80858333,-83.67139444,12,1,1,2,998,0,0,35
130894,8,19,7,0,34.22084444,-84.88038333,12,2,1,2,998,1,0,0
130895,8,20,1,0,31.71907778,-84.44497222,35,2,1,1,998,1,1,55
130896,8,20,1,18,30.91110556,-83.38374722,32,1,1,1,998,1,0,45
130897,5,22,2,7,33.16684444,-84.09641667,12,1,2,3,998,0,0,55
130898,5,28,1,23,33.24959722,-84.8064,12,2,10,3,998,1,0,70
130899,6,5,2,7,33.4632,-84.67310278,34,1,1,1,998,1,1,70
130900,7,2,1,12,33.65910278,-85.14462778,42,1,1,1,998,1,0,55
130901,7,3,2,16,34.65903889,-84.55748889,1,1,10,1,998,1,0,10
130902,7,6,5,12,34.88891389,-84.22351944,12,1,1,2,998,1,0,35
130903,7,7,6,0,34.31967778,-83.40967778,32,2,10,1,998,1,1,55
130904,7,7,6,21,30.834775,-81.56458333,42,3,1,1,998,1,1,35
130905,7,8,7,0,31.74985833,-82.48953056,34,2,10,1,998,1,1,55
130906,7,8,7,15,34.95861111,-84.42521944,15,1,1,1,998,0,1,30
130907,7,8,7,16,33.54900556,-84.25361111,12,1,1,2,998,0,0,45
130908,7,9,1,12,34.79278056,-84.88906944,8,1,10,1,998,0,0,55
130909,7,9,1,13,31.72208611,-83.55118611,35,1,10,1,998,1,0,55
130910,1,20,6,4,33.51258333,-82.49069722,12,2,1,2,998,1,1,70
130911,7,11,3,9,30.802825,-81.69076944,9,1,1,1,998,0,0,35
130912,7,11,3,22,32.02053611,-83.21706667,1,2,1,1,998,1,1,55
130913,7,12,4,7,33.20541111,-84.21985,12,1,1,2,998,0,0,45
130914,7,15,7,1,32.40693333,-84.06493889,1,2,1,1,998,1,1,55
130915,7,18,3,7,33.70582778,-84.28982222,12,1,1,2,998,0,0,25
130916,7,18,3,23,33.52176389,-85.25841389,8,2,1,1,998,0,0,45
130917,7,15,7,22,32.65449167,-83.74398611,12,2,1,7,998,0,0,70
130918,7,22,7,22,33.40021389,-84.72529722,8,2,1,1,998,0,0,55
130919,7,29,7,14,31.96325556,-81.32554722,1,1,2,2,998,1,0,70
130920,7,9,1,19,32.07684444,-82.26990556,1,1,1,1,998,1,1,55
130921,8,5,7,1,33.78877778,-84.19567222,8,3,1,1,998,0,0,40
130922,8,5,7,23,34.77129444,-84.79625,44,3,1,1,998,1,0,35
130923,8,9,4,6,33.61230833,-84.29616111,12,2,1,4,998,0,0,65
130924,8,12,7,22,31.49568333,-81.35968889,34,2,1,1,998,1,1,55
130925,8,16,4,21,31.98115556,-81.16597778,8,2,2,1,998,0,0,45
130926,8,16,4,22,31.68719167,-81.7947,12,2,10,2,998,1,0,65
130927,8,18,6,12,34.52171944,-83.20513333,42,1,1,1,998,1,1,55
130928,8,18,6,21,32.2307,-81.64008056,42,2,10,1,998,2,0,70
130929,8,19,7,4,33.73581944,-84.41867222,42,3,1,1,998,1,0,25
130930,8,21,2,1,33.61428889,-83.83070278,12,3,1,2,998,1,0,70
130931,8,22,3,14,32.44279722,-81.75285278,12,1,1,2,998,3,0,45
130932,8,22,3,20,33.61021389,-83.78439444,24,1,1,2,998,0,0,70
130934,8,23,4,20,33.95248611,-84.05788889,12,3,1,3,998,0,0,45
130935,8,24,5,8,31.08416944,-84.87661667,12,1,1,2,998,1,0,55
130936,8,24,5,19,31.11705278,-83.31038611,35,1,1,1,998,1,0,55
130937,8,26,7,6,33.91078333,-84.12068333,53,3,1,1,998,1,0,45
130938,8,26,7,7,33.46476667,-84.16060278,42,2,1,1,998,1,0,35
130939,8,27,1,5,33.81266667,-84.04184444,9,2,1,1,998,0,0,45
130940,8,27,1,11,33.96437778,-84.22438333,42,1,1,1,998,1,0,45
130941,8,28,2,9,31.50757222,-83.99711111,12,1,1,2,998,1,0,55
130942,8,28,2,9,31.79978333,-81.43300833,12,1,1,3,998,1,0,45
130943,7,31,2,19,34.64787778,-84.2884,42,1,1,1,998,1,1,15
130944,8,16,4,7,33.86195833,-83.97078889,12,1,1,2,998,1,0,55
130945,8,18,6,21,34.61717222,-83.57238889,9,2,1,1,998,0,0,55
130946,8,20,1,0,32.05193333,-81.09965278,8,2,1,1,999,0,0,35
130947,8,20,1,1,33.79577222,-84.39271667,8,3,1,1,998,0,0,60
130948,8,21,2,17,33.81668611,-84.81467778,12,1,1,2,998,0,0,45
130949,8,28,2,22,32.45160556,-83.31263611,1,2,10,1,998,1,0,35
130950,8,29,3,20,33.54006389,-83.84623611,12,1,10,3,998,1,0,55
130951,8,10,5,21,33.90497222,-84.56452778,8,2,1,1,998,0,0,35
130952,8,22,3,17,34.28011667,-83.87758333,12,1,1,2,998,1,0,45
130953,6,25,1,0,33.53035,-84.19798611,8,2,1,1,999,0,0,55
130954,7,29,7,15,34.71959167,-84.81639444,14,1,1,1,998,1,0,55
130955,8,22,3,23,33.07871389,-84.92230278,12,2,1,2,998,0,0,70
130956,8,23,4,2,33.886525,-84.26635556,12,2,1,2,998,1,0,65
130957,8,23,4,7,33.81277778,-84.30735278,12,1,1,2,998,1,0,45
130958,8,24,5,3,33.77338333,-84.62989444,12,2,1,2,998,1,0,70
130960,8,24,5,21,33.67106944,-84.46181667,8,3,1,1,999,0,0,35
130961,8,25,6,8,32.67258056,-84.93583333,12,1,1,2,998,1,0,50
130962,8,25,6,16,34.11218056,-85.17296111,12,1,1,2,998,1,0,40
130963,8,25,6,20,33.66991389,-84.27924722,8,2,1,2,999,0,0,98
130964,8,26,7,4,33.62287778,-84.17372222,8,2,1,1,998,0,0,55
130965,8,26,7,11,34.42741389,-83.64571667,12,1,1,2,998,1,0,65
130967,8,26,7,19,33.61953333,-84.80939167,42,1,1,1,998,1,0,55
130968,8,26,7,22,33.83823333,-84.51159722,12,2,1,2,998,1,0,45
130969,8,26,7,23,34.37896944,-84.02446944,12,2,1,2,998,1,0,45
130970,8,27,1,5,32.74076389,-83.6554,8,2,1,1,998,0,0,98
130971,8,27,1,15,31.99618056,-81.26590833,18,1,1,1,998,1,0,55
130972,8,27,1,20,32.8497,-83.75928611,12,2,1,2,998,0,0,55
130973,8,29,3,10,33.45420833,-84.56844722,12,1,1,2,998,1,0,35
130974,8,29,3,13,34.07499444,-84.61928611,42,1,10,1,999,1,0,65
130975,8,29,3,15,30.68299167,-83.226,12,1,1,3,998,1,0,70
130976,8,29,3,16,32.02543056,-83.42660833,35,1,2,1,998,1,0,55
130977,8,31,5,9,34.81539444,-85.24120833,12,1,1,2,998,1,0,45
130978,8,7,2,8,33.854575,-84.78284444,12,1,10,2,998,1,0,50
130980,8,15,3,8,33.93453056,-84.54514722,12,1,1,2,998,0,0,45
130981,8,31,5,14,32.81150833,-83.64020556,12,1,1,2,0,0,0,45
130982,8,31,5,15,32.89702778,-85.13208056,32,1,1,1,998,1,0,70
130983,9,1,6,6,34.22330278,-84.48394167,12,2,1,2,998,1,0,35
130984,9,1,6,20,33.855675,-84.29534722,12,2,1,2,998,2,0,45
130985,9,1,6,20,34.52836944,-83.32205556,12,2,1,2,998,1,0,55
130986,9,1,6,22,33.4896,-82.657425,42,2,1,1,998,1,1,65
130987,9,1,6,23,33.74356944,-84.39190278,25,3,1,1,998,1,1,55
130988,9,2,7,13,33.65108333,-84.18700278,35,1,1,1,998,1,0,45
130989,9,2,7,15,32.89423611,-83.36008056,12,1,1,2,998,1,0,0
130990,9,2,7,17,34.85205278,-84.1238,59,1,1,1,998,1,1,45
130991,9,2,7,19,32.460925,-81.47146944,30,1,1,1,998,1,1,98
130993,9,2,7,23,33.68383889,-84.21346944,8,3,1,1,998,0,0,45
130994,9,3,1,3,33.70331111,-84.16722778,12,2,1,2,998,1,0,70
130995,9,3,1,13,33.76186389,-84.16410278,12,1,1,2,998,0,0,45
130996,9,4,2,0,34.15105556,-83.63665,12,2,1,2,998,1,0,55
130997,9,4,2,1,33.68389444,-84.56646944,24,2,1,1,998,1,0,35
130998,9,4,2,3,33.96449722,-84.10148333,12,2,1,2,998,0,0,55
130999,9,4,2,11,34.69431389,-84.02702222,30,1,1,1,998,1,0,35
131000,9,4,2,17,33.67975278,-84.44383889,33,1,1,1,998,2,1,35
131001,9,4,2,19,32.58345278,-82.80603056,12,1,1,2,998,1,0,98
131002,9,5,3,11,34.168725,-83.07803056,59,1,1,1,998,1,0,55
131004,9,6,4,8,34.27567222,-83.2031,12,1,1,2,998,1,0,55
131005,9,6,4,2,33.404875,-82.00608333,8,3,10,1,998,0,0,45
131006,9,6,4,8,34.17616667,-84.82873889,12,1,1,3,998,0,0,45
131007,9,6,4,19,33.91450556,-83.31161111,12,1,1,2,998,1,0,45
131008,9,6,4,21,33.53238889,-84.36650556,8,3,1,1,998,0,0,45
131009,9,7,5,20,32.84470833,-83.63261667,8,2,10,1,998,0,0,30
131010,9,8,6,2,34.59178889,-84.31059167,35,2,1,1,998,1,0,45
131011,9,2,7,7,33.44146111,-84.17833611,53,1,1,1,998,0,0,15
131012,9,7,5,20,34.25013611,-83.98006667,12,2,1,2,998,0,1,55
131013,9,8,6,7,34.37311389,-83.08540833,12,1,10,2,998,1,0,35
131016,9,9,7,0,33.12545833,-84.00700556,1,2,1,1,998,1,0,70
131017,9,9,7,11,32.90706389,-83.29347222,12,1,1,2,998,1,0,45
131018,9,9,7,17,33.92658056,-84.05539167,5,1,10,2,998,1,0,45
131019,9,9,7,17,33.53934444,-85.26854722,53,1,1,1,998,1,0,45
131020,9,9,7,17,33.68999167,-84.49559167,42,1,1,1,998,1,0,55
131021,9,9,7,19,31.13463056,-84.15581944,7,5,10,1,998,1,0,35
131022,9,9,7,20,33.44114167,-84.73902222,8,2,1,1,998,0,0,55
131023,9,12,3,16,33.93455278,-83.31459722,42,1,10,1,998,1,0,45
131024,9,14,5,6,34.33245556,-85.08393056,12,2,10,2,998,0,0,65
131025,8,23,4,12,34.94630556,-83.75438611,33,1,1,1,998,1,0,35
131026,9,8,6,19,34.33245833,-85.08388056,12,1,1,2,998,0,0,35
131027,9,10,1,19,33.27450278,-84.29120833,12,1,1,2,998,0,0,45
131028,9,10,1,16,34.86773889,-85.54366944,32,1,1,1,998,1,0,55
131029,9,10,1,23,32.07432778,-81.09849722,9,3,1,1,999,0,0,25
131030,9,11,2,8,33.97319444,-83.85306944,12,1,1,2,998,1,0,65
131031,9,8,6,8,34.63021389,-83.61463333,12,1,1,2,998,1,0,55
131032,9,13,4,14,34.05203889,-84.08871667,12,1,1,2,998,1,0,45
131033,9,13,4,18,34.51255833,-83.55761389,8,1,1,1,998,0,0,65
131034,9,14,5,11,30.628875,-83.17585833,12,1,1,2,998,1,0,70
131035,9,15,6,20,33.33999722,-83.65099167,33,2,1,1,998,1,1,35
131036,9,15,6,20,31.60469722,-81.90928889,8,3,10,1,998,0,0,35
131037,9,12,3,6,32.67560833,-83.47909444,14,2,1,1,998,1,0,65
131038,9,15,6,21,33.57203333,-84.33105278,12,2,10,2,998,1,0,65
131039,9,15,6,23,31.293525,-83.47711111,34,2,10,1,998,1,1,70
131040,9,16,7,7,34.35842778,-84.44701667,30,1,1,1,998,1,1,25
131041,9,17,1,0,31.99858056,-80.98006111,42,2,1,1,998,1,1,25
131042,9,17,1,0,34.03223056,-84.5277,12,3,2,2,998,1,1,45
131043,9,17,1,14,34.446775,-84.70201111,12,1,1,5,998,0,1,45
131044,8,31,5,5,33.66776389,-84.34019722,8,3,1,1,998,0,0,45
131045,9,11,2,23,33.19424167,-84.05863889,12,2,1,2,998,0,0,70
131046,9,15,6,18,33.68180833,-85.02523889,12,1,10,2,998,1,1,55
131047,9,16,7,8,33.72189167,-84.50261111,8,1,2,2,0,0,0,65
131048,9,17,1,8,34.81563611,-84.66733889,42,1,2,1,998,1,0,45
131049,9,18,2,17,33.96053333,-84.58549167,42,1,10,1,998,1,0,35
131050,8,26,7,20,31.5367,-81.44469444,12,2,10,2,998,1,1,70
131051,9,14,5,8,33.48439444,-81.99324722,12,1,1,2,998,0,1,35
131052,9,15,6,14,34.78288889,-84.80719722,12,1,1,2,998,1,0,50
131053,9,18,2,16,32.37858333,-81.65799444,12,1,1,2,998,0,0,35
131055,9,19,3,21,34.69438889,-85.21767778,8,2,1,1,998,0,0,55
131056,8,31,5,16,33.77432778,-84.56979444,42,1,1,1,998,1,0,65
131057,9,19,3,22,32.08841111,-84.24034722,12,2,1,2,998,1,0,45
131058,9,20,4,15,34.80365278,-85.05509167,8,1,1,1,998,0,0,50
131059,9,20,4,19,30.9657,-83.6502,32,2,1,1,998,1,0,55
131060,9,21,5,1,34.52398056,-84.47206944,1,2,1,1,998,1,0,45
131061,9,21,5,6,34.82030833,-85.24089722,8,2,1,1,998,0,0,45
131062,9,22,6,18,33.59650278,-82.32048333,34,1,1,1,998,1,0,55
131063,9,22,6,21,33.24369444,-81.94920278,12,2,1,2,998,1,0,55
131064,9,24,1,8,33.91779722,-84.92228889,1,1,1,1,998,1,0,35
131065,9,8,6,22,34.26927778,-84.46661667,42,2,1,1,998,1,1,70
131066,9,14,5,22,34.53401667,-83.32218889,33,2,1,1,998,1,0,55
131067,9,15,6,16,34.26776111,-85.10481111,53,1,1,1,998,1,0,35
131068,9,17,1,19,32.19864167,-82.31392778,12,5,10,2,998,0,0,45
131069,9,21,5,4,33.942,-83.716025,12,2,1,3,998,3,0,55
131070,9,22,6,21,32.18871389,-81.33221111,8,2,1,1,998,0,0,55
131071,9,23,7,6,33.8096,-83.79731111,12,2,1,6,998,0,0,55
131072,9,23,7,7,34.08319444,-83.25303611,30,1,1,1,998,2,0,55
131073,9,24,1,0,32.72893611,-83.28643611,1,2,1,1,998,1,0,35
131074,9,24,1,14,31.92636389,-81.33328889,12,1,1,2,998,1,0,0
131075,9,24,1,16,31.88888333,-84.2862,34,1,1,1,998,1,0,35
131076,9,24,1,17,32.06429444,-83.21080556,42,1,1,1,998,1,0,55
131077,9,25,2,10,33.51089167,-84.27766111,42,1,1,1,998,1,0,45
131079,9,25,2,6,33.32689444,-84.51214167,12,2,1,2,998,0,0,55
131080,9,27,4,0,33.73809444,-84.65059722,53,2,1,1,998,1,0,40
131081,9,27,4,20,32.37097222,-81.81350833,1,2,10,1,998,1,0,55
131082,9,28,5,15,33.78946944,-85.29632778,12,1,1,2,998,1,0,55
131083,9,28,5,18,32.32421389,-81.73425278,32,5,10,1,998,1,0,55
131084,9,29,6,0,33.78176944,-84.11441944,14,2,1,1,998,1,1,15
131085,9,29,6,7,33.87435556,-84.01788333,12,1,1,2,998,1,0,45
131086,9,30,7,1,31.16898889,-82.26360278,14,2,1,1,998,1,0,35
131087,9,23,7,11,30.75188333,-83.56240556,12,1,1,2,998,0,0,45
131088,9,25,2,6,34.34129722,-85.172375,12,3,1,2,998,0,0,55
131089,9,25,2,19,31.63711944,-84.10863333,12,1,1,2,998,0,0,55
131090,9,26,3,22,31.901925,-81.36688056,59,2,10,1,998,1,1,55
131091,9,29,6,13,34.4542,-85.25240278,12,1,1,2,998,1,0,65
131092,9,30,7,2,31.31607222,-81.47688889,12,2,1,2,998,0,1,70
131093,9,28,5,16,34.003275,-84.47353889,42,1,10,1,998,1,0,35
131094,9,30,7,3,33.67999722,-84.31550556,12,3,1,5,998,1,0,65
131095,9,30,7,16,33.62969167,-84.41579167,14,1,1,3,998,1,0,65
131096,9,30,7,16,34.726,-83.80855,1,1,1,2,998,1,0,45
131097,9,30,7,18,33.09535833,-85.22197222,42,1,1,1,998,1,0,25
131098,10,1,1,13,33.88139167,-83.93888056,12,1,1,2,998,0,0,45
131099,10,3,3,7,34.16901944,-83.74675278,12,3,1,2,998,0,0,55
131100,10,4,4,3,33.70324444,-84.27051111,8,2,1,1,998,0,0,45
131101,10,2,2,7,31.60372778,-81.88918889,8,1,1,1,998,0,0,35
131102,10,3,3,12,33.88416667,-84.73181389,12,1,1,4,998,1,0,45
131103,10,3,3,20,34.12763056,-84.25665278,8,2,1,1,998,0,0,45
131104,10,4,4,6,33.14156389,-82.03636944,12,2,1,2,998,0,0,45
131105,10,4,4,9,32.76243056,-84.4564,42,1,1,1,998,1,0,55
131106,10,4,4,17,33.70366667,-84.15751389,8,3,1,1,998,0,0,40
131107,10,6,6,13,33.21803333,-82.37884167,12,1,1,2,998,1,0,35
131108,10,9,2,18,34.28034722,-83.17643611,32,1,1,1,998,1,1,45
131109,10,9,2,19,32.11341389,-82.79064722,1,5,1,1,998,1,0,35
131110,10,1,1,23,32.51999444,-83.74311389,12,2,1,2,998,1,0,70
131111,10,2,2,12,30.88885556,-84.88403333,12,1,1,2,998,1,0,55
131112,10,3,3,20,33.77151389,-84.43753333,12,3,1,2,998,1,0,35
131113,6,29,5,12,33.86616667,-84.68535,12,1,1,3,998,1,0,45
131114,10,1,1,22,32.28874444,-83.44307222,9,2,1,2,998,0,0,45
131115,10,4,4,19,30.97673611,-83.41263889,35,2,1,1,998,1,0,50
131116,10,4,4,23,32.46417222,-84.89639722,8,2,1,1,998,0,1,35
131117,10,5,5,16,33.97524167,-85.00519444,12,1,10,2,998,1,0,40
131118,10,6,6,6,33.69646667,-84.60709444,12,2,1,2,998,1,0,50
131119,10,7,7,0,33.69478889,-84.32236944,9,3,1,1,998,0,0,35
131120,10,7,7,19,33.41939722,-82.0274,9,3,1,1,998,0,0,45
131121,10,7,7,20,33.40775278,-82.03778611,8,2,1,1,998,0,0,40
131122,10,8,1,6,33.75399444,-84.7065,12,2,1,2,998,0,1,70
131123,10,8,1,9,34.19690833,-84.53100556,42,1,1,1,998,1,0,45
131124,10,8,1,23,32.7939,-83.6654,12,3,1,3,998,1,0,70
131125,10,9,2,7,31.00288611,-83.33936944,42,4,1,1,998,1,0,55
131126,10,9,2,20,33.45020278,-85.12442222,12,2,1,3,998,1,1,65
131127,10,2,2,20,33.90700556,-84.56153056,8,2,1,1,998,0,0,45
131128,10,6,6,13,34.40874167,-83.99681944,12,1,10,2,998,1,0,65
131129,10,8,1,3,33.95160833,-84.11078056,30,2,1,1,998,1,1,35
131131,10,11,4,6,32.63833611,-83.7437,12,2,10,2,998,0,0,70
131132,10,13,6,19,33.45204722,-82.05721111,8,2,2,1,998,0,0,45
131133,10,14,7,5,31.12592778,-83.43462222,14,2,1,1,998,1,1,70
131135,9,24,1,10,33.10788333,-83.94476111,34,1,1,1,998,1,0,55
131136,10,8,1,22,33.36697778,-84.57378611,42,2,1,1,998,1,0,40
131137,10,11,4,18,33.46081944,-82.50714167,9,2,2,1,998,0,0,35
131138,10,14,7,13,32.92918611,-83.22962222,42,1,10,1,998,1,0,55
131139,10,16,2,1,33.83761389,-84.31196944,8,3,1,1,999,0,0,40
131140,10,4,4,16,33.57181111,-84.46291389,8,1,1,1,998,0,0,25
131141,10,13,6,19,34.91300278,-85.12630278,8,3,2,1,998,0,0,20
131142,10,15,1,1,33.48619722,-84.3405,12,2,1,2,998,0,0,45
131143,10,13,6,22,33.42165833,-82.06311389,8,2,2,1,998,0,0,45
131144,9,30,7,17,32.49358056,-82.63895833,1,1,1,1,998,1,0,55
131145,10,2,2,20,34.00250556,-83.59639722,12,2,1,2,998,1,0,55
131146,10,6,6,1,33.71762222,-84.41811389,8,3,1,1,998,0,0,35
131147,10,13,6,6,33.80113611,-84.20631667,8,3,10,1,998,0,0,45
131148,10,13,6,22,32.80851111,-83.72492222,8,2,2,1,998,0,0,70
131149,10,14,7,5,31.51729167,-82.65339167,1,2,10,1,998,1,1,55
131150,10,15,1,0,33.82450833,-84.35221944,8,3,1,1,998,0,0,35
131151,10,15,1,5,32.73131944,-84.22781944,12,2,1,2,998,0,1,65
131152,10,15,1,5,33.51899167,-84.24661667,12,2,1,5,998,1,0,65
131153,10,15,1,15,32.96404722,-85.11015556,42,1,10,1,998,1,0,45
131154,10,15,1,19,31.52212222,-81.37403333,1,3,10,1,998,1,1,45
131155,10,16,2,16,33.26284167,-84.21719722,35,1,1,1,998,1,0,45
131156,10,16,2,7,31.76368333,-83.67323889,12,1,1,2,998,1,0,70
131157,10,17,3,2,33.30655278,-84.77484722,8,2,1,1,998,0,0,55
131158,9,20,4,10,32.38283333,-83.62575833,9,1,1,1,998,0,0,45
131159,10,13,6,22,32.47088611,-83.05079167,1,2,10,1,998,1,1,55
131160,10,14,7,14,33.80218333,-84.19376111,12,1,1,3,998,0,0,45
131161,10,17,3,7,34.95140278,-85.31058889,12,1,1,2,998,1,0,55
131162,10,17,3,8,33.56005,-85.16300278,12,1,1,3,998,1,0,55
131163,10,17,3,13,30.75979167,-83.28079722,12,1,1,4,998,1,0,70
131164,10,18,4,8,32.14478611,-81.4174,12,1,1,2,998,0,0,70
131165,10,18,4,11,33.77298333,-84.2869,12,1,1,2,998,0,0,35
131166,10,18,4,18,33.73691111,-84.84201111,1,1,1,1,998,1,0,45
131167,8,14,2,1,33.44699722,-82.02438056,12,2,1,2,998,1,1,35
131168,10,13,6,19,34.14408611,-84.5131,12,3,2,2,998,0,0,40
131169,10,17,3,18,33.72851944,-83.78450278,12,1,1,2,998,0,0,45
131170,10,18,4,19,34.10213333,-83.58206111,12,3,1,2,998,0,1,40
131171,10,19,5,13,34.13205278,-84.52576667,8,1,1,1,998,0,0,70
131172,8,14,2,19,32.14156111,-81.23403333,35,1,1,1,998,1,0,45
131173,10,19,5,15,33.79633056,-83.74161667,12,1,1,2,998,0,0,0
131174,10,20,6,14,34.52862778,-84.396375,12,1,10,2,998,1,0,55
131176,10,20,6,15,34.03751389,-85.27013611,32,1,1,1,998,1,0,45
131177,10,10,3,21,31.20432778,-82.32605556,12,2,1,2,998,0,1,55
131178,10,20,6,20,32.98493611,-83.21201667,1,2,1,1,998,1,0,65
131179,10,20,6,22,34.1505,-83.44008056,12,2,10,2,998,1,0,65
131180,10,20,6,23,31.699075,-84.44169722,42,2,1,1,998,1,0,55
131181,10,21,7,2,34.74924167,-84.91170833,42,2,10,1,998,1,0,45
131182,10,21,7,5,34.22647222,-83.90430556,8,2,1,1,998,0,0,45
131183,10,21,7,14,34.82773333,-84.30383333,12,1,1,2,998,1,0,55
131184,10,21,7,19,34.28346667,-83.865075,33,2,1,1,998,1,1,45
131185,10,21,7,21,32.5428,-82.86409444,12,2,1,2,998,1,1,40
131186,10,22,1,2,33.74143611,-84.41718889,12,3,1,2,998,1,0,60
131187,8,10,5,12,33.58779722,-83.16739167,53,1,1,1,998,1,0,45
131188,8,28,2,20,33.9288,-84.49470278,8,2,8,1,998,0,0,35
131189,10,20,6,22,33.90162222,-84.48961667,12,3,1,2,998,1,0,45
131190,10,21,7,22,33.53018056,-82.92371944,1,2,1,1,998,1,0,70
131191,10,22,1,2,33.48188333,-82.08446389,34,3,1,1,998,1,1,65
131192,10,22,1,2,33.45020278,-82.03361111,8,3,1,1,998,0,1,45
131193,10,22,1,7,33.16974444,-83.81278333,12,2,1,2,998,0,0,55
131194,10,22,1,14,32.4732,-83.70368333,12,1,1,3,998,1,0,45
131195,10,23,2,13,33.54763333,-84.13765278,12,1,1,2,998,1,0,55
131196,10,24,3,3,34.32393889,-84.35279722,12,3,1,2,998,1,0,55
131197,10,25,4,12,34.89315556,-84.26179444,12,1,1,2,998,1,0,55
131198,10,10,3,15,31.29349167,-82.82679722,12,1,1,2,998,1,0,55
131199,10,20,6,19,33.9189,-84.26829167,8,2,1,1,999,0,0,35
131200,10,24,3,17,34.238425,-84.92601389,42,1,1,1,998,1,0,50
131201,10,25,4,2,32.38160556,-83.4095,42,2,1,1,998,1,1,55
131202,10,25,4,21,33.88672778,-84.74033889,8,3,1,1,998,0,0,45
131203,10,26,5,5,32.55595278,-83.83165278,8,2,1,1,998,0,0,55
131204,10,26,5,15,32.30341389,-81.93600556,12,1,1,2,998,1,0,55
131205,10,27,6,1,34.21077778,-84.97232222,12,2,1,2,998,1,1,65
131206,10,27,6,11,32.75003889,-85.01726111,1,1,1,1,998,1,0,70
131207,10,29,1,14,34.70704722,-84.87659722,42,1,1,1,998,2,1,50
131208,8,11,6,11,32.180175,-82.5555,12,1,1,3,998,1,0,55
131210,10,19,5,6,33.86409167,-84.30942222,8,2,1,2,998,0,0,45
131211,10,19,5,18,30.69977778,-84.526425,54,1,10,2,998,0,0,55
131212,10,20,6,8,33.929925,-83.69983333,42,1,1,1,998,1,0,45
131213,10,26,5,9,34.22530278,-84.08835278,8,1,1,1,998,0,0,25
131214,10,27,6,19,34.17923056,-84.15618611,12,2,1,2,998,1,1,45
131215,10,28,7,13,34.00878333,-84.01218056,33,1,1,1,998,1,0,40
131216,10,28,7,18,33.92119444,-84.86398333,59,1,1,1,998,1,0,45
131217,10,28,7,19,31.92299167,-83.84425,12,2,1,3,998,0,0,40
131218,10,28,7,22,34.41123333,-83.03062222,8,2,10,1,998,0,0,55
131219,10,29,1,17,31.50068889,-83.42991389,8,1,1,1,998,0,0,55
131220,10,29,1,23,33.83704722,-84.378025,8,3,1,1,998,0,0,35
131221,10,30,2,0,34.17909722,-84.15652222,38,2,10,1,998,1,1,45
131222,10,31,3,19,34.12987778,-85.08453056,34,2,1,1,998,1,1,40
131223,9,15,6,22,33.17571389,-83.7972,42,2,10,1,998,1,0,55
131224,9,23,7,3,32.57129444,-84.96171111,8,3,1,1,998,0,0,45
131225,10,2,2,22,33.70561389,-84.84610833,53,2,1,1,998,1,0,45
131226,10,3,3,21,33.35996389,-84.64926944,8,2,1,1,998,0,0,45
131227,10,21,7,15,32.07626111,-83.06501389,42,1,1,1,998,1,0,35
131228,10,22,1,2,32.74396389,-83.69095833,35,3,1,1,998,1,0,98
131229,10,23,2,18,34.73131667,-84.82028611,53,5,10,1,998,1,0,55
131230,10,24,3,5,33.7137,-85.03948889,8,2,1,4,998,0,0,70
131231,10,28,7,10,30.79159444,-83.66056389,12,1,1,2,998,2,0,65
131232,10,29,1,13,34.91953611,-83.38544167,12,1,1,2,998,0,0,45
131233,10,29,1,17,34.27270278,-85.26844167,14,1,1,1,998,1,0,45
131234,10,25,4,17,34.53906667,-83.98410278,34,1,1,1,998,1,0,30
131235,10,28,7,17,33.40646667,-83.64126667,12,1,1,3,998,1,1,55
131236,10,30,2,15,34.97956111,-85.14488056,12,1,2,2,998,1,1,35
131237,10,30,2,19,33.93770278,-84.08991944,8,3,1,1,998,0,0,40
131238,10,31,3,6,33.84105278,-84.97676667,12,2,1,3,998,1,0,45
131239,10,31,3,16,33.68110278,-84.39769167,8,1,1,1,998,0,0,35
131240,10,31,3,23,33.71165,-84.21764722,12,2,1,2,57,4,1,65
131241,11,1,4,16,32.55310556,-83.42652778,12,1,1,3,998,1,1,55
131242,11,2,5,0,33.71393056,-84.23586389,24,2,1,2,998,1,1,65