ST_CASE,MONTH,DAY,DAY_WEEK,HOUR,LATITUDE,LONGITUD,HARM_EV,LGT_COND,WEATHER,VE_FORMS,TRAV_SP,DEATHS,DR_DRINK,VSPD_LIM
131243,11,2,5,7,34.32623333,-84.71782222,12,1,1,2,998,1,0,55
131244,11,2,5,20,34.02121667,-83.32090556,8,2,1,1,998,0,0,55
131245,11,2,5,23,33.59870833,-84.39012222,8,2,1,1,998,0,0,65
131246,11,3,6,3,31.06753611,-81.62851389,12,2,1,2,998,1,0,70
131247,11,3,6,6,33.73211944,-84.4137,8,3,1,1,998,0,0,35
131248,11,3,6,17,32.54845278,-82.90115,42,1,1,1,998,1,0,35
131249,11,3,6,19,33.57666667,-84.38201944,8,1,1,1,998,0,0,35
131250,11,3,6,19,34.91949722,-85.30508056,8,2,1,1,998,0,0,35
131251,11,3,6,21,31.6647,-81.89058056,53,2,1,1,998,1,1,35
131252,11,3,6,21,34.25265278,-85.182975,32,2,1,1,998,1,0,35
131253,11,4,7,6,33.01334167,-81.98004722,12,2,1,2,998,1,0,65
131254,11,4,7,13,34.97278056,-85.31021944,12,1,1,2,998,1,0,35
131255,11,4,7,17,31.77751111,-81.37870833,1,1,1,1,998,1,0,65
131256,11,4,7,18,34.30450556,-85.174725,12,1,1,2,998,0,0,55
131257,11,4,7,18,33.29469722,-83.68029722,30,2,1,1,998,1,0,45
131258,11,4,7,19,33.687575,-85.11380833,12,1,1,2,998,1,0,70
131259,11,4,7,19,33.65135,-84.15682778,8,2,1,1,998,0,0,55
131260,11,4,7,20,32.82125833,-83.69614167,8,3,1,1,998,0,0,98
131261,11,4,7,23,34.55730278,-83.28496944,53,2,1,1,998,1,1,45
131262,11,5,1,19,31.1729,-81.491325,8,3,1,1,998,0,0,35
131263,11,5,1,20,33.74933333,-84.19736667,8,2,1,1,998,0,0,45
131264,11,6,2,16,34.52655278,-83.99051389,12,1,1,2,998,1,0,45
131265,11,6,2,19,33.77283056,-84.28733611,8,3,1,1,998,0,0,35
131266,11,7,3,5,33.27961111,-84.14685,8,2,1,1,998,0,0,45
131267,11,7,3,18,31.11288889,-83.14418889,12,2,1,2,998,1,0,55
131268,11,7,3,20,33.87824722,-84.27315278,5,3,1,1,998,1,0,65
131269,11,8,4,2,33.6874,-84.50012778,12,2,1,2,998,1,0,65
131270,11,8,4,6,32.08974167,-81.15444444,9,1,1,1,45,0,0,45
131271,11,8,4,14,34.60275833,-83.68087222,12,1,1,2,998,0,0,45
131272,11,8,4,15,34.57259444,-84.30480278,42,1,1,1,998,1,0,55
131273,11,8,4,16,32.44631667,-84.92926389,12,1,1,2,998,0,0,35
131274,11,9,5,14,32.86903056,-85.16271944,59,1,10,1,998,1,0,70
131275,11,11,7,12,33.94919444,-83.31139167,42,1,2,1,998,1,1,50
131276,11,13,2,7,31.70343611,-83.353,31,1,1,1,998,1,1,35
131277,11,13,2,14,31.97118889,-81.91849444,31,1,10,1,998,1,0,55
131278,9,12,3,20,32.62290278,-83.70896944,30,3,1,1,998,2,0,45
131279,10,28,7,21,33.54023611,-84.38645,8,3,1,1,998,0,0,45
131280,10,29,1,5,33.844425,-84.48726944,12,2,1,3,0,0,1,55
131281,10,29,1,19,34.08549167,-83.99418056,12,3,1,3,998,1,1,70
131282,11,2,5,12,33.82336111,-84.48729722,12,1,1,2,998,2,0,45
131283,11,4,7,3,31.16445278,-81.59657778,59,2,1,1,998,1,1,55
131284,11,4,7,19,34.11478056,-83.99460556,12,3,1,3,998,1,0,45
131285,10,4,4,14,33.48483056,-82.10215,12,1,1,2,998,1,0,45
131286,11,1,4,18,33.54231944,-84.40201944,42,3,1,1,998,1,0,35
131287,11,4,7,15,31.12618611,-83.95184444,12,1,1,2,998,0,0,55
131288,11,7,3,16,33.59088611,-83.89240278,42,1,1,1,998,1,0,45
131289,11,7,3,19,30.93301667,-84.64415,12,2,1,2,998,1,0,55
131290,11,8,4,17,33.61509722,-84.51533056,12,1,1,2,998,1,0,45
131291,11,8,4,16,33.77181389,-84.43993056,19,1,1,1,998,1,0,35
131292,11,4,7,0,33.84908611,-84.32181111,8,3,1,1,998,0,1,45
131293,11,8,4,16,32.08684167,-81.15937222,12,1,1,2,998,0,0,45
131294,11,9,5,17,33.59420833,-83.6308,42,5,1,1,998,1,0,70
131295,11,9,5,19,30.76028333,-81.60596944,8,2,1,1,998,0,0,55
131296,11,10,6,0,33.97266111,-83.39660556,8,2,1,1,998,0,0,65
131297,11,11,7,1,33.91341944,-84.39508056,12,2,2,3,998,0,0,65
131298,11,11,7,14,32.86473056,-83.69783333,53,1,10,1,998,1,0,98
131299,11,13,2,2,33.38615,-82.00426389,8,2,1,1,998,0,0,45
131300,11,13,2,5,31.55949722,-84.09459722,8,2,10,1,998,0,0,45
131301,11,13,2,11,30.83507222,-83.981275,12,1,1,2,998,0,0,35
131302,11,13,2,14,34.02661667,-83.32245833,12,1,1,2,998,1,0,45
131303,11,14,3,17,33.452525,-84.35852778,12,1,1,2,998,1,0,35
131304,11,14,3,4,33.87291111,-84.62523889,8,2,1,1,998,0,0,45
131305,11,14,3,17,33.994525,-83.38027222,8,5,1,1,998,0,0,55
131306,11,14,3,20,33.686025,-84.49688889,8,2,1,1,998,0,0,35
131307,11,15,4,1,33.71588333,-84.42578611,8,2,1,1,999,0,0,40
131308,11,15,4,16,33.42888889,-82.06048889,33,1,1,1,998,1,0,35
131309,11,15,4,22,33.78987222,-84.38776667,15,3,1,1,998,0,0,35
131310,11,16,5,10,30.7812,-84.05456944,12,1,2,2,998,0,0,65
131311,11,16,5,18,33.43912222,-82.01780278,8,2,1,1,998,0,0,45
131312,11,17,6,0,33.38233611,-82.12652222,42,2,1,1,998,1,1,55
131313,11,17,6,3,33.84371944,-82.95029167,34,2,1,1,998,1,1,55
131315,11,17,6,19,31.13656389,-83.39182778,12,2,10,2,998,0,0,55
131316,11,17,6,21,34.11114167,-82.87867222,33,2,1,1,998,1,1,25
131317,11,17,6,23,34.11003333,-84.44938611,53,2,1,1,998,1,1,45
131318,11,18,7,8,34.59753333,-83.46168333,53,1,1,1,998,1,1,55
131319,11,18,7,0,32.421975,-84.94652778,8,2,1,1,998,0,0,45
131320,11,18,7,18,34.01495556,-83.91063333,8,2,1,1,998,0,0,40
131321,11,18,7,19,33.308875,-84.29119722,12,2,1,2,998,1,1,55
131322,11,19,1,18,33.24040278,-84.81031944,12,2,1,2,998,0,0,70
131323,11,19,1,3,33.89509444,-84.23864167,12,3,1,2,998,0,0,45
131324,11,19,1,6,33.24970833,-84.46575278,8,2,1,1,998,0,0,55
131325,11,20,2,1,30.85693333,-83.33510278,12,2,1,2,0,0,0,70
131326,11,20,2,12,32.19549444,-81.30063611,12,1,10,2,998,1,0,55
131327,11,20,2,18,31.41846667,-83.38123333,12,2,10,2,998,1,0,55
131328,11,20,2,19,34.07149167,-83.13722778,11,2,1,1,998,1,0,35
131329,11,21,3,3,33.58213889,-85.115775,18,2,2,1,998,1,0,55
131330,11,21,3,7,32.12194167,-81.38289722,7,1,2,1,998,1,0,70
131331,10,25,4,9,34.22559167,-84.48134444,7,1,1,1,70,1,0,70
131332,11,22,4,13,33.79987778,-84.62673889,15,1,10,1,998,0,0,45
131333,11,23,5,0,32.48612222,-84.89655556,38,3,1,1,998,1,0,35
131334,11,23,5,5,33.40786111,-84.15675556,12,2,1,4,998,0,0,70
131335,11,23,5,15,31.13891944,-83.90069167,12,1,1,2,998,0,0,55
131336,11,23,5,18,33.39666111,-84.756125,8,2,1,1,998,0,0,55
131337,11,23,5,18,33.1277,-81.84138889,34,2,1,1,998,1,1,55
131338,11,23,5,21,31.24358611,-81.703,42,2,1,1,998,1,1,35
131339,11,23,5,22,33.45826667,-84.15309722,8,2,1,1,998,0,0,45
131340,11,23,5,23,32.47529167,-82.83101111,12,2,10,2,998,1,1,70
131341,11,24,6,0,32.05338056,-81.10615556,12,3,10,2,998,1,0,35
131342,11,24,6,11,34.28470556,-85.21105278,12,1,1,2,998,1,0,45
131343,11,24,6,19,31.973225,-82.29955278,32,2,1,1,998,1,1,55
131344,11,24,6,22,34.25284722,-82.90107222,53,2,1,1,998,1,0,55
131345,11,24,6,22,33.27564167,-81.95725278,8,2,1,1,998,0,0,55
131346,11,25,7,0,33.74018056,-84.34926111,12,3,1,2,998,1,0,35
131347,11,25,7,5,33.61287778,-84.51943333,8,3,1,1,998,0,0,45
131348,11,25,7,6,33.90110556,-84.27137778,12,2,1,4,0,0,0,65
131349,11,25,7,9,31.12621389,-83.95169722,12,1,1,2,998,1,0,55
131350,11,25,7,99,31.59695,-82.98598889,1,2,1,1,998,1,0,35
131351,11,25,7,17,32.84501667,-83.63647778,12,1,1,2,998,1,1,25
131352,11,26,1,1,33.84398056,-84.27070556,40,3,1,1,998,1,0,35
131353,11,26,1,18,32.00356111,-81.12176389,8,2,2,1,998,0,0,45
131354,11,26,1,20,33.60708333,-83.9729,12,1,1,5,998,1,0,45
131355,11,27,2,6,32.93483611,-84.33711111,8,2,1,1,998,0,0,35
131356,11,27,2,13,32.87458889,-83.66299167,12,1,1,5,998,0,0,70
131357,11,27,2,14,32.32394444,-83.32833333,12,1,1,2,998,1,1,45
131358,11,27,2,16,34.54191944,-83.83222222,12,1,10,3,998,1,0,45
131359,11,27,2,22,34.268975,-85.21468056,9,3,1,1,998,0,0,40
131360,11,28,3,15,31.47693611,-83.51953056,12,1,1,2,998,0,0,45
131361,11,28,3,23,34.66029444,-84.38525556,42,2,1,1,998,1,0,55
131362,11,29,4,18,31.69270556,-83.26945,12,2,1,2,998,1,0,25
131363,11,30,5,6,34.46538889,-84.45836667,12,2,1,2,998,1,0,55
131364,11,30,5,4,33.80617222,-84.18684167,8,3,1,1,998,0,0,45
131365,11,30,5,23,34.82760556,-84.97439444,34,2,1,1,998,1,0,35
131366,12,1,6,0,32.21507222,-82.40445556,8,2,1,1,39,0,0,45
131367,12,1,6,14,31.48587222,-82.86173611,12,1,1,2,998,1,1,55
131368,12,1,6,17,31.66411389,-82.20645,12,2,8,2,998,1,1,55
131369,12,2,7,6,30.99720278,-81.66400833,1,1,10,1,998,1,0,70
131370,12,2,7,14,31.37546667,-83.40734444,1,1,2,1,998,1,1,55
131371,12,2,7,19,34.54941389,-83.46152778,8,2,5,1,998,0,0,45
131372,12,2,7,3,33.58482778,-84.38014444,42,2,1,1,998,4,0,65
131373,12,2,7,23,32.04459444,-81.26288611,12,2,10,2,998,1,0,50
131374,12,3,1,17,31.33609722,-82.13890278,42,1,2,1,998,2,1,55
131375,12,3,1,3,33.53176667,-82.98083611,32,2,2,1,100,1,0,70
131376,12,3,1,15,34.80879167,-84.911025,30,1,10,1,998,2,1,50
131378,12,4,2,9,34.69195833,-84.509175,12,1,1,2,998,1,0,55
131379,12,4,2,9,33.72606667,-84.16714722,12,1,1,2,998,0,0,45
131380,12,4,2,14,33.13906667,-84.88490278,12,1,1,2,998,1,0,70
131381,12,5,3,2,33.59805833,-84.66921111,42,2,1,1,998,1,0,55
131382,12,5,3,17,32.96231667,-83.58088889,12,2,1,2,998,2,0,65
131383,12,6,4,0,34.48413611,-83.55703333,35,3,1,1,998,2,0,45
131384,12,6,4,1,34.08012778,-84.67085833,8,2,1,1,998,0,0,70
131385,12,6,4,1,33.92050833,-84.31660556,52,3,1,1,998,1,0,65
131386,12,6,4,7,34.85050833,-85.17098611,34,4,10,1,998,1,1,50
131387,12,6,4,17,34.30629722,-85.17384444,12,1,1,2,998,0,0,55
131388,12,6,4,17,33.38259444,-84.57752222,12,3,1,3,998,1,0,50
131389,12,4,2,18,31.53079167,-83.841125,8,2,1,1,998,0,0,35
131390,12,7,5,5,33.45147222,-82.06263056,8,2,1,1,998,0,0,45
131391,12,7,5,9,33.87528333,-84.76106111,12,1,1,2,998,0,0,0
131392,12,7,5,18,32.04218333,-81.19041389,12,2,1,2,998,0,0,45
131393,12,7,5,18,33.90669722,-84.00340556,12,2,1,2,998,1,0,45
131394,12,7,5,21,30.63794444,-83.183825,8,2,1,3,998,0,0,70
131395,12,8,6,0,33.76376667,-84.22324167,12,2,1,2,998,0,0,45
131397,12,8,6,13,33.48427222,-82.12295,12,1,1,2,998,1,0,65
131398,12,8,6,14,33.89073889,-84.26164722,1,1,1,1,998,1,0,35
131399,12,8,6,18,31.25663056,-81.49011111,12,2,1,3,998,0,0,45
131400,12,8,6,20,33.66770833,-84.27979722,8,2,1,1,999,0,0,45
131401,12,9,7,18,30.88274722,-83.25738056,8,2,1,1,999,0,0,45
131402,12,9,7,20,32.034925,-81.13312222,12,2,1,3,998,1,0,55
131403,12,9,7,22,33.82361667,-84.23632222,12,2,1,2,998,0,1,60
131404,12,10,1,0,32.07070278,-81.20282222,12,2,1,2,998,1,1,55
131405,12,10,1,2,33.68281667,-84.214775,8,2,2,1,999,0,0,45
131406,12,10,1,21,33.84709444,-84.34219722,33,3,2,1,998,1,1,40
131407,12,10,1,22,32.551075,-84.86001111,8,2,2,1,998,0,0,65
131408,12,11,2,1,34.9243,-85.5283,35,2,10,1,998,2,0,55
131409,12,11,2,7,34.01094722,-85.06418889,8,4,1,1,998,0,0,55
131410,12,11,2,16,33.11283056,-81.97255278,12,1,1,4,998,0,0,35
131411,12,11,2,18,32.82523611,-83.70727778,12,5,1,3,998,0,0,45
131413,12,12,3,11,32.55730833,-82.33637778,12,1,1,2,998,1,0,35
131414,12,12,3,15,34.78275,-84.78480833,12,1,1,2,998,1,0,50
131415,12,13,4,18,33.90291944,-84.82836944,42,2,1,1,998,1,0,45
131416,12,14,5,19,33.74710278,-84.28875278,8,2,1,1,998,0,0,35
131417,12,14,5,20,33.61960833,-84.47322222,8,2,1,1,998,0,0,45
131418,12,15,6,6,33.8653,-84.28786389,12,3,1,2,0,1,0,65
131419,1,25,4,0,33.611575,-84.47183056,33,3,10,1,998,1,0,45
131420,12,10,1,2,32.09508611,-81.23663056,12,2,2,2,998,0,0,70
131421,12,12,3,11,33.68939722,-84.61499167,42,1,1,1,998,1,0,55
131422,12,12,3,15,34.13273333,-84.11478611,33,1,1,1,998,1,1,45
131423,12,12,3,17,33.62206389,-83.99517778,12,2,1,2,998,1,0,45
131424,12,14,5,20,33.44009722,-82.1146,9,2,1,1,998,0,0,55
131425,12,14,5,21,33.48217778,-82.08416667,31,3,1,1,998,1,0,45
131426,12,15,6,5,33.74600833,-84.41753333,12,2,1,2,998,0,0,35
131427,12,15,6,14,34.47398056,-84.04612222,12,1,1,2,998,1,0,50
131428,12,15,6,15,33.78259722,-84.69960278,53,1,1,1,998,1,0,35
131429,12,15,6,23,30.85800278,-82.02259722,32,3,1,1,998,1,1,35
131430,12,15,6,23,33.25451389,-82.75519444,42,2,1,1,998,1,0,55
131431,12,16,7,4,34.27186667,-84.45407778,8,2,1,1,998,0,1,45
131432,12,17,1,0,33.89949722,-84.26879444,8,2,2,1,998,0,1,65
131433,12,18,2,14,31.2774,-82.38561944,23,1,1,1,998,1,1,45
131434,11,7,3,16,33.75374722,-84.74330556,8,1,1,1,998,0,0,30
131435,12,2,7,16,33.40220278,-82.06326667,33,1,10,1,998,1,0,40
131436,12,6,4,14,32.55125278,-84.77306667,12,1,1,3,998,0,0,65
131437,12,7,5,8,31.10347778,-83.77866944,12,1,1,2,998,0,0,55
131438,12,8,6,18,34.08952222,-84.533925,12,2,1,3,998,1,0,70
131439,12,10,1,2,33.76993056,-84.54008889,12,2,2,2,115,1,1,60
131440,12,10,1,2,33.71423611,-84.39718889,8,2,1,1,999,0,0,30
131441,12,13,4,18,33.78919722,-84.5745,8,2,1,1,998,0,0,40
131442,12,15,6,14,34.61153889,-83.30199444,42,1,1,1,998,1,1,45
131443,12,18,2,20,34.07745556,-84.72868333,12,2,1,2,998,1,0,55
131444,12,8,6,21,33.59481111,-84.42903333,12,3,1,2,998,0,0,45
131445,12,15,6,19,32.85604722,-84.97621111,12,2,1,2,998,0,0,55
131446,12,16,7,16,32.00810556,-81.23746389,12,1,10,3,998,0,0,45
131447,12,20,4,18,33.43896111,-82.01320556,12,3,1,2,998,1,0,45
131448,12,20,4,18,33.94076111,-83.49728056,8,3,1,1,998,0,0,55
131449,9,29,6,18,34.21159167,-84.96953611,12,1,1,2,998,1,0,65
131450,11,18,7,17,30.96997222,-83.08296944,12,1,1,2,998,0,0,55
131451,11,23,5,0,32.20802778,-83.53489167,32,2,1,1,998,1,1,55
131452,12,14,5,20,33.68647222,-84.20186111,8,3,1,1,999,0,0,45
131453,12,15,6,4,33.74550833,-84.34960833,45,3,1,1,998,1,0,65
131454,12,15,6,18,31.75579722,-81.43043889,1,2,10,1,998,1,0,35
131455,12,16,7,10,33.70539722,-84.42811667,9,1,1,1,998,0,0,40
131456,12,17,1,2,32.82308056,-83.65695,12,3,2,2,998,1,0,50
131457,12,17,1,19,31.24419167,-81.54530278,8,3,1,1,998,0,0,35
131458,12,17,1,22,33.52869444,-84.36342222,8,3,1,2,998,0,0,45
131459,12,18,2,14,33.35113333,-82.99565833,42,1,1,1,998,1,0,55
131460,12,19,3,18,30.91261944,-84.22773056,8,2,1,1,998,0,0,55
131462,12,19,3,22,34.08667222,-84.50866389,30,2,1,1,998,2,0,45
131463,12,20,4,5,33.6877,-84.57311944,42,2,1,1,998,1,0,55
131464,12,20,4,12,32.85149444,-84.77180556,42,1,10,1,998,2,0,45
131465,12,20,4,14,34.56955278,-84.70772222,12,1,1,2,998,1,0,55
131466,12,20,4,22,33.232625,-84.23702222,7,3,1,2,998,0,0,55
131467,12,21,5,4,34.14768889,-83.97418889,8,2,1,1,998,0,0,45
131468,12,21,5,6,34.76327778,-84.967825,8,3,1,1,998,0,0,25
131469,12,21,5,11,34.22536111,-84.75196944,42,1,1,1,65,1,0,70
131470,12,22,6,11,32.12383889,-83.797925,38,1,10,1,998,1,0,55
131471,12,22,6,13,33.61641667,-84.472775,15,1,1,1,998,0,0,40
131472,12,22,6,17,33.83433889,-84.85420278,53,2,1,1,998,1,1,45
131473,12,23,7,4,33.59446667,-84.54964722,12,2,1,2,998,1,0,45
131474,12,23,7,10,31.09274167,-84.78437222,12,1,1,2,998,1,1,55
131475,12,23,7,12,33.90297778,-85.02301111,30,1,1,1,998,1,1,35
131476,12,23,7,15,33.78385833,-84.36798611,30,1,1,1,998,1,0,30
131477,12,23,7,15,33.49429444,-82.08534167,23,1,1,1,998,1,0,45
131478,12,23,7,15,34.08772778,-84.590175,12,1,1,3,998,1,0,0
131479,12,24,1,9,31.34286111,-81.81789444,12,1,10,2,998,0,0,55
131480,12,24,1,13,33.806875,-84.18591389,12,1,1,2,998,0,0,45
131482,12,24,1,21,32.4231,-83.12811944,32,2,1,1,998,1,0,55
131483,12,24,1,22,33.98456111,-83.95316944,12,2,2,3,998,1,0,55
131484,12,25,2,3,33.80116667,-84.20628611,8,2,2,1,998,0,0,45
131485,12,25,2,3,33.74036111,-84.28888333,8,2,2,1,998,0,0,45
131486,12,25,2,13,33.48828056,-84.82274167,43,1,2,1,998,1,1,45
131487,12,25,2,13,34.25789722,-84.32515833,12,1,2,2,998,0,0,45
131488,12,25,2,20,31.68849167,-84.3097,12,2,2,2,998,1,0,65
131489,12,20,4,17,33.41523333,-84.020225,12,2,1,3,998,1,0,45
131490,12,25,2,22,33.3999,-82.06039444,8,3,2,1,998,0,0,40
131491,12,26,3,15,33.04229167,-84.94709722,12,1,1,2,998,0,0,55
131492,12,27,4,18,34.01005,-83.3467,8,2,1,1,998,0,0,50
131493,12,28,5,9,33.03654167,-83.99928333,12,1,1,2,998,1,0,55
131494,12,29,6,8,31.37356389,-82.83871944,12,1,1,2,998,1,0,55
131495,12,29,6,19,30.80866111,-81.73966389,8,2,1,1,998,0,0,55
131496,12,30,7,7,33.67458889,-84.32426667,8,1,1,1,998,0,0,65
131497,12,30,7,17,32.3469,-81.97106111,1,1,1,1,998,1,0,70
131498,12,31,1,4,33.83039722,-84.22295556,12,2,1,2,998,0,0,65
131499,12,31,1,20,33.56231389,-82.10460278,12,2,1,2,998,1,0,35
131500,10,21,7,20,34.09919167,-84.03648056,12,3,1,3,998,0,0,45
131501,10,28,7,6,34.45355,-84.13502778,12,2,1,2,998,1,0,55
131502,11,4,7,4,31.99698333,-82.00837778,1,2,1,1,998,1,1,55
131504,12,23,7,23,31.35425,-81.445275,1,2,10,1,998,1,1,55
131505,12,24,1,14,31.57779167,-82.85112222,12,1,10,2,998,1,0,55
131506,12,27,4,13,32.06559167,-83.46818611,42,1,10,1,998,1,0,55
131507,12,28,5,18,33.90721389,-84.67819722,43,2,1,1,998,1,0,45
131508,12,30,7,18,34.00858333,-84.559675,8,2,1,1,998,0,0,70
131509,10,8,1,21,32.82566944,-83.57221111,8,2,1,1,998,0,0,55
131510,10,21,7,13,34.94139722,-83.38777222,12,1,1,2,998,0,0,55
131511,12,17,1,2,33.93862222,-84.09018611,42,2,2,1,998,1,0,35
131512,12,17,1,20,32.90599722,-83.68715,8,2,1,1,998,0,0,98
131513,12,21,5,13,34.64665833,-83.44947778,12,1,1,3,998,1,0,65
131514,12,28,5,14,32.08248889,-81.28064167,12,1,1,2,998,1,0,45
131515,9,25,2,21,34.03187222,-84.66252222,9,2,1,1,998,0,0,55
131516,11,4,7,4,31.99020278,-81.99999722,8,2,1,1,998,0,0,55
131517,8,13,1,20,33.02654444,-85.07230833,8,2,1,1,998,0,1,35
131518,9,25,2,10,33.321675,-83.49826389,42,1,1,1,998,1,1,55
131519,10,30,2,22,33.94611111,-84.6248,12,3,1,2,998,0,0,45
131520,11,27,2,1,33.80308333,-84.02181667,43,2,2,1,998,1,1,45
131527,5,7,1,1,31.03379722,-83.91744722,1,2,1,1,998,1,1,35
131532,4,20,5,13,33.80138056,-84.40162222,14,1,1,1,998,1,0,55
131533,6,25,1,2,33.93344444,-84.18083889,8,2,1,1,999,0,0,45
131534,8,6,1,17,33.48111667,-84.167075,42,1,2,1,998,1,0,45
131535,8,15,3,1,32.07261389,-81.13599444,5,2,1,1,998,1,0,98
131536,8,24,5,10,34.31250833,-83.78784722,57,1,1,1,998,1,0,65
131537,8,26,7,11,34.46545278,-85.26849722,12,1,1,2,998,1,0,0
131538,6,23,6,15,32.18415556,-81.20043056,12,1,1,4,998,0,0,70
131540,8,23,4,9,31.40788611,-81.43124722,42,1,1,1,998,1,0,55
131541,9,5,3,19,30.73781944,-81.54615,42,5,1,1,998,1,0,35
131543,12,2,7,3,33.224275,-83.39893056,34,2,5,1,998,1,1,35
131546,12,26,3,11,30.69287222,-83.23730556,12,1,1,3,998,0,0,70
131547,9,26,3,17,33.76654722,-85.1575,58,1,1,1,75,1,0,45
131548,12,5,3,22,33.43792222,-83.38889444,12,2,1,2,998,0,0,55
131549,12,9,7,7,34.54209444,-83.8249,34,1,2,1,998,1,0,55
131550,7,14,6,19,32.02875556,-81.11009722,30,1,10,1,998,1,0,40
131552,7,16,1,22,33.49304444,-82.63288889,12,2,1,2,0,0,0,98
131553,11,9,5,18,30.85448056,-82.0125,8,3,1,1,998,0,0,0
150001,1,2,2,5,21.38233611,-157.7404972,8,3,1,1,998,0,0,25
150002,1,14,7,5,19.51332778,-154.9629194,8,2,1,1,998,0,0,45
150003,1,13,6,22,19.52950556,-155.0167722,1,2,1,1,998,1,1,25
150004,1,28,7,2,21.30905,-157.8495639,12,3,1,2,998,0,1,25
150005,1,29,1,18,21.39275,-157.8133111,35,3,2,1,998,1,0,98
150006,1,31,3,17,21.40672778,-157.7582139,9,1,10,1,998,0,0,30
150007,1,15,1,9,21.28853889,-157.8344194,12,1,1,3,998,1,0,25
150008,2,10,6,22,20.90628056,-156.4870667,12,3,10,2,999,0,1,30
150009,2,14,3,5,21.36627222,-157.8437194,8,3,2,2,998,0,0,45
150010,2,5,1,3,19.92186944,-155.8604806,30,7,1,1,998,2,1,45
150011,2,15,4,6,21.29645556,-157.849925,8,3,1,1,998,0,0,25
150012,2,14,3,16,21.34706667,-157.8610611,12,1,10,2,998,1,0,25
150013,2,17,6,20,21.52628056,-157.8347972,39,3,2,1,998,1,0,35
150014,2,18,7,21,21.38675833,-157.9980361,12,3,1,2,998,1,1,25
150016,2,25,7,22,21.34966667,-157.9266889,33,3,1,1,998,1,0,15
150017,3,5,1,23,21.57464444,-157.8779028,5,3,98,1,998,1,1,35
150018,3,12,1,0,21.3232,-157.86155,24,3,1,1,998,1,1,45
150019,2,26,1,19,19.44630833,-154.8559472,35,2,2,1,998,1,1,25
150021,4,3,2,19,20.80923056,-156.6055444,8,2,1,1,999,0,0,45
150022,4,4,3,23,20.88676389,-156.4652528,8,3,1,1,999,0,0,30
150023,4,5,4,4,20.750525,-156.4525111,8,2,1,1,999,0,0,20
150024,4,9,1,18,21.52032222,-158.2278111,12,1,1,2,998,1,0,35
150025,4,15,7,1,21.40295278,-157.8073056,25,3,10,1,998,1,1,45
150026,4,15,7,2,21.32348333,-157.8621,24,3,1,1,998,1,0,45
150027,4,15,7,16,21.426375,-157.9955889,12,1,1,2,70,1,1,35
150028,4,4,3,14,19.71978611,-156.0042417,35,1,1,1,998,1,1,35
150029,4,25,3,19,21.28259722,-157.7145528,33,3,1,1,75,1,0,35
150030,4,25,3,21,21.34279444,-157.9355056,9,2,1,1,998,0,0,35
150031,4,29,7,23,21.32707778,-157.8852639,8,3,1,1,998,0,0,35
150032,4,30,1,1,21.33499167,-158.0482194,33,3,1,1,998,1,1,30
150033,4,30,1,8,21.37609722,-158.0273611,5,1,1,1,80,1,0,25
150034,3,26,1,21,22.07613056,-159.3181361,8,3,2,1,998,0,0,25
150035,4,20,5,18,19.55828056,-154.9905806,8,5,1,1,998,0,0,45
150036,5,4,5,5,21.48941389,-158.0352667,12,4,10,2,998,0,0,25
150037,5,12,6,20,21.28294167,-157.7151528,9,3,1,1,998,0,0,35
150038,5,14,1,22,21.69329722,-158.0189583,31,2,1,1,100,1,0,35
150039,3,7,3,22,19.69046667,-156.0227944,46,6,1,1,998,1,0,25
150040,5,14,1,20,19.488225,-155.1513806,8,2,2,1,998,0,1,55
150041,6,4,1,2,21.34099167,-158.0018611,35,2,10,1,100,1,1,40
150042,6,6,3,8,20.83583056,-156.6424417,9,1,1,1,51,0,0,45
150043,6,15,5,23,21.38904444,-157.9427806,31,3,1,1,998,1,1,55
150044,4,27,5,19,20.87672222,-156.6783278,8,3,1,1,998,0,0,0
150045,5,29,2,14,20.92853611,-156.3663861,12,1,1,2,15,1,0,20
150046,6,18,1,11,19.72550833,-156.0337139,1,1,1,1,998,1,0,35
150047,7,27,5,11,20.85461389,-156.4211639,9,1,1,1,998,0,0,45
150048,8,2,4,3,20.90445278,-156.6856583,12,2,1,2,998,1,1,40
150049,8,2,4,13,21.32385556,-157.679,9,1,1,1,998,0,0,25
150050,8,3,5,15,21.38873611,-157.9417444,12,1,1,4,55,0,0,45
150051,8,7,2,17,21.37767222,-157.9270833,14,1,1,1,50,0,0,45
150052,7,11,3,21,21.34088056,-158.0743056,33,3,1,1,998,1,0,35
150053,8,10,5,0,21.38420278,-158.1483444,33,3,1,1,998,1,1,30
150054,8,6,1,11,21.48874722,-158.0376611,8,1,1,1,998,0,0,25
150055,8,13,1,21,21.33313611,-157.8907417,8,2,1,1,998,0,0,35
150056,8,15,3,21,21.35110278,-158.0883639,33,3,1,1,998,1,0,25
150057,8,21,2,17,21.521675,-158.0721833,5,1,1,2,998,1,0,25