ST_CASE,MONTH,DAY,DAY_WEEK,HOUR,LATITUDE,LONGITUD,HARM_EV,LGT_COND,WEATHER,VE_FORMS,TRAV_SP,DEATHS,DR_DRINK,VSPD_LIM
150058,8,22,3,20,21.42690556,-158.0012639,18,3,1,1,998,1,0,98
150059,8,13,1,20,19.11846111,-155.83415,39,2,10,1,998,1,1,55
150060,9,7,5,16,21.29947222,-157.8531083,12,1,1,3,40,1,0,35
150061,8,12,7,19,22.202825,-159.3754667,12,2,1,2,998,0,0,50
150062,9,13,4,22,21.37624167,-158.0259139,30,3,1,1,998,1,1,25
150063,9,11,2,2,21.39901667,-158.0098444,33,3,1,1,75,1,1,25
150064,9,2,7,0,19.69583889,-155.0683861,30,2,1,1,998,1,1,35
150065,9,22,6,19,20.88405,-156.4275861,8,2,2,1,999,0,0,98
150066,9,20,4,19,21.39832778,-158.0062944,26,3,1,2,998,1,0,55
150067,9,19,3,2,20.79650833,-156.4859944,38,2,1,1,999,1,1,35
150068,10,3,3,1,20.871175,-156.5104139,33,2,1,1,998,1,0,30
150069,9,27,4,4,21.98824167,-159.3467278,8,2,10,1,998,0,1,50
150070,10,7,7,0,20.87693889,-156.4542639,33,3,1,1,998,1,1,35
150071,10,11,4,22,21.33490556,-157.9189972,25,3,1,1,998,1,0,98
150072,9,29,6,19,19.70725556,-155.061125,43,6,10,1,998,1,0,35
150073,10,3,3,9,19.70891667,-155.1342583,9,1,1,1,998,0,0,35
150074,10,19,5,19,21.34592222,-158.1219306,42,3,1,1,998,1,1,25
150075,10,4,4,22,21.33546944,-157.8689722,12,3,1,2,998,1,0,30
150076,10,27,6,5,21.32153889,-157.855475,8,4,1,1,998,0,0,25
150077,10,30,2,6,21.28929722,-157.8422222,8,4,1,1,998,0,0,35
150078,10,24,3,19,21.35715556,-158.1301833,12,3,1,2,998,1,0,45
150080,11,4,7,16,21.50058333,-158.0233611,8,1,1,1,998,0,0,35
150081,11,13,2,7,21.32515278,-157.8619194,8,1,1,1,998,0,0,25
150082,11,15,4,1,21.47124167,-157.8448194,30,3,1,1,998,1,1,35
150083,11,12,1,2,19.46868889,-155.8877167,1,2,1,1,998,1,1,55
150084,11,21,3,21,21.32429722,-157.8820667,12,3,1,3,998,1,0,35
150085,12,2,7,23,21.30660833,-157.8503333,12,3,1,3,998,1,1,55
150086,12,3,1,17,21.27482778,-157.6993444,12,5,1,2,998,0,0,35
150087,12,4,2,14,21.46561944,-158.2147361,9,1,1,1,998,0,0,25
150088,12,8,6,3,20.86706111,-156.3807306,35,2,1,1,999,1,1,45
150090,12,31,1,21,21.44130278,-157.8321694,42,3,1,1,998,1,0,35
150091,7,24,2,15,21.37712222,-157.7831444,12,1,98,3,998,1,0,98
150094,7,23,1,1,20.76882778,-156.4588139,8,2,1,1,998,0,0,20
160001,1,9,2,9,42.63936389,-114.4389944,1,1,10,1,998,1,0,70
160003,1,3,3,6,43.43612778,-116.0626333,8,4,1,1,998,0,0,80
160004,1,5,5,12,46.47150278,-116.7738667,12,1,10,2,998,1,1,65
160005,1,2,2,7,43.69468056,-116.7097389,1,4,1,1,998,1,0,65
160006,1,24,3,6,42.79618889,-112.3498917,12,2,10,2,998,1,0,80
160007,1,27,6,6,43.82493611,-111.2020611,12,2,11,3,998,0,0,65
160008,1,21,7,8,43.41055556,-112.1009,12,1,10,2,998,1,1,55
160009,2,4,7,13,42.74143611,-114.8385333,1,1,1,1,998,1,0,25
160010,3,1,4,11,43.65061667,-116.5930861,1,1,1,1,998,1,0,50
160011,2,17,6,13,42.58865,-113.3264889,32,1,1,1,998,2,0,80
160012,2,17,6,23,42.88924722,-112.4318556,12,2,1,3,998,1,1,65
160013,2,24,6,19,42.53238333,-113.8324028,12,2,1,3,998,0,1,55
160014,2,14,3,16,44.08469722,-116.1144944,12,5,1,2,998,1,0,50
160015,2,19,1,0,43.66303056,-116.5285361,35,2,1,1,998,1,1,55
160016,2,22,4,4,47.60984444,-116.6929444,42,2,10,1,998,1,1,45
160017,3,4,7,16,42.67628611,-113.5892917,10,1,10,1,998,1,1,55
160018,2,9,5,20,43.39874722,-111.9912444,1,2,10,1,998,1,1,35
160019,3,1,4,17,47.76977778,-116.9702111,12,2,10,2,998,1,0,55
160020,3,10,6,14,43.88364167,-111.7379528,12,1,1,2,998,0,0,65
160021,2,23,5,14,44.04958333,-111.4780111,12,1,1,2,998,1,0,65
160022,3,24,6,4,46.33630278,-116.6055194,12,2,4,2,998,1,0,45
160023,3,16,5,10,43.62662778,-111.9238028,12,1,1,2,998,1,0,50
160024,1,17,3,13,43.45879444,-116.3544889,10,1,1,1,998,1,1,45
160025,3,12,1,15,43.28500278,-116.9884333,12,1,2,2,998,1,0,65
160027,3,22,4,9,42.59349444,-114.729525,12,1,10,2,998,1,0,45
160028,3,26,1,16,43.216525,-112.3483806,12,1,1,2,998,1,1,80
160029,1,23,2,12,43.62042778,-116.2039639,8,1,1,1,998,0,1,30
160030,3,17,6,14,42.56577222,-114.4924083,12,1,1,2,998,0,0,25
160031,2,9,5,17,43.662075,-116.8226889,12,5,1,2,998,0,0,50
160032,4,1,7,15,47.71279167,-116.9167306,1,1,10,1,998,1,0,55
160033,3,19,1,0,43.19911667,-115.7967194,1,2,1,1,998,1,0,80
160034,3,28,3,13,46.44753056,-116.8816389,24,1,1,1,998,1,0,65
160035,4,4,3,14,43.577675,-112.0724278,1,1,10,1,998,1,0,80
160036,4,10,2,12,42.62486389,-114.7685694,1,1,1,1,998,1,0,35
160037,4,10,2,15,42.56626667,-113.7384361,35,1,1,1,998,1,1,80
160038,4,11,3,5,43.85763056,-116.9543417,12,2,10,2,998,1,0,65
160039,4,11,3,13,43.595875,-116.1885361,12,1,1,2,998,1,0,25
160040,1,9,2,18,43.62481667,-116.3746444,8,3,2,1,998,0,0,40
160041,4,5,4,7,43.60434444,-116.6829278,12,1,1,3,998,1,0,50
160042,4,23,1,15,43.26845278,-114.306575,12,1,1,2,998,1,0,65
160043,4,1,7,17,43.55956389,-116.56935,12,1,1,2,998,1,1,98
160044,4,19,4,20,43.55955833,-116.5645083,30,1,2,1,998,1,0,35
160045,3,19,1,15,43.65231667,-116.5331833,12,1,10,2,998,0,0,50
160046,3,27,2,15,47.74450278,-116.7946528,12,1,10,2,998,1,1,35
160047,4,12,4,20,42.91379167,-112.4663472,30,3,1,1,998,1,0,35
160048,4,14,6,15,43.65230833,-116.5331889,12,1,1,2,998,0,0,35
160049,4,14,6,14,43.73800278,-116.8410167,12,1,1,2,998,1,0,65
160050,5,4,5,14,47.74905556,-116.7783194,43,1,2,1,998,1,1,35
160051,3,17,6,17,43.60473333,-116.4182194,12,1,1,2,998,1,0,25
160052,5,7,1,99,46.92190278,-116.8806667,31,2,1,1,998,1,1,55
160053,5,11,5,12,47.31628611,-116.5731889,12,1,1,2,998,0,0,25
160054,4,29,7,20,43.59371944,-116.3800611,38,5,1,1,998,1,0,65
160055,3,15,4,17,43.71004167,-116.458375,12,1,1,2,998,1,0,55
160056,5,3,4,17,47.70213889,-116.8091028,12,1,1,3,998,2,0,35
160057,5,13,7,13,43.87294722,-116.9545389,12,1,1,2,998,2,0,45
160058,5,21,1,15,47.72641389,-116.6509889,12,1,1,2,998,0,1,55
160059,5,14,1,9,43.04866111,-115.9908889,12,1,10,2,998,3,0,65
160060,5,15,2,16,47.54845556,-116.2715583,8,1,10,1,998,0,0,40
160061,5,28,1,22,43.43487222,-112.0822083,12,2,1,2,998,0,1,55
160062,6,5,2,13,42.72969722,-114.5091,8,1,1,1,998,0,0,25
160063,6,6,3,19,43.74741667,-114.2930861,35,1,1,1,998,1,1,35
160064,6,3,7,18,47.80460556,-116.6505,42,5,1,1,998,1,1,35
160065,5,17,4,21,43.75365,-116.702675,12,5,1,2,998,0,0,55
160066,5,19,6,13,44.05806111,-116.9033222,12,1,1,2,998,1,0,55
160067,5,27,7,18,43.59411389,-116.4495778,25,1,1,2,998,1,0,65
160068,6,3,7,23,46.38068611,-116.9762528,8,3,1,1,998,0,0,35
160070,6,22,5,11,43.54548056,-112.0609,9,1,1,1,998,1,0,50
160071,6,25,1,0,42.913,-112.4992833,8,2,1,1,998,0,0,80
160072,6,10,7,99,45.47363333,-116.3054056,17,9,99,1,998,4,0,65
160073,6,7,4,17,44.05602778,-116.1284694,16,1,2,1,998,1,0,55
160074,6,15,5,6,43.57231944,-116.5681194,12,1,1,3,998,1,1,35
160075,6,21,4,10,42.22519722,-114.5329722,1,1,1,1,998,1,1,50
160076,6,23,6,18,47.27213056,-116.5864167,1,1,1,1,998,1,0,25
160077,4,30,1,99,43.403475,-113.6272806,1,2,1,1,998,1,0,65
160078,7,8,7,19,42.54299444,-114.4989944,38,1,1,1,998,1,1,50
160079,7,10,2,20,42.57713889,-114.2904472,38,5,1,1,998,1,1,55
160080,2,18,7,20,43.67381111,-116.2124139,38,2,1,1,998,1,1,35
160081,7,7,6,8,43.64118889,-111.8640833,9,1,1,1,998,0,0,50
160082,7,17,2,16,43.56806111,-112.0038139,12,1,1,2,998,0,0,50
160083,7,5,4,13,43.63357222,-116.6830111,12,1,1,2,998,0,0,35
160084,7,9,1,10,43.68787222,-116.334275,12,1,1,2,998,0,0,55
160085,7,9,1,21,42.59335,-114.7060722,31,2,1,1,998,1,1,60
160086,6,1,5,10,42.632525,-113.7247944,1,1,10,1,998,1,0,45
160087,7,2,1,13,44.33248889,-116.0571111,1,1,1,1,998,1,0,45
160088,7,16,1,16,47.759425,-116.9087917,46,1,1,2,998,1,0,45
160089,7,12,4,21,42.12277778,-111.3361111,25,5,1,1,998,1,1,50
160090,3,12,1,14,43.58261944,-116.1999917,12,1,1,2,998,0,1,40
160091,5,1,2,17,43.61870556,-116.2146444,8,1,1,1,998,0,0,30
160092,7,15,7,11,42.56242222,-114.318525,14,1,1,1,998,1,0,60
160093,7,15,7,20,43.06485833,-114.3876194,1,5,1,1,998,1,1,65
160094,7,18,3,11,46.21363611,-115.5385944,12,1,1,2,998,1,0,50
160095,7,19,4,99,44.627575,-115.7435417,42,1,1,1,998,1,1,50
160096,7,28,6,2,46.62555833,-116.9927722,12,2,1,2,998,1,0,65
160097,7,31,2,0,46.5063,-116.3342361,32,2,1,1,998,1,1,35
160098,7,18,3,9,43.77873333,-115.478375,1,1,1,1,998,1,1,35
160099,7,15,7,11,48.35723333,-116.553725,10,1,1,1,998,3,0,35
160100,7,27,5,9,47.76777778,-116.8726806,12,1,1,2,998,1,0,45
160101,7,29,7,21,45.25438889,-114.3208222,42,2,1,1,998,1,1,35
160102,7,6,5,12,46.45700833,-115.0600722,12,1,1,2,998,0,0,50
160103,7,18,3,12,42.93515,-112.8481833,12,1,1,2,998,0,0,45
160104,7,22,7,14,42.60506389,-113.82905,12,1,1,2,998,1,0,65
160105,7,26,4,8,48.36884167,-116.5473806,31,1,1,1,998,1,1,60
160106,7,27,5,6,43.55700556,-112.4479194,12,4,10,4,998,1,0,70
160107,7,27,5,12,43.49625556,-112.0529861,8,1,1,1,998,0,0,65
160108,8,3,5,10,43.624175,-116.2092361,8,1,1,1,998,0,0,25
160109,8,3,5,10,42.72400278,-114.4554444,12,1,1,2,998,1,1,55
160110,5,15,2,14,43.64846111,-116.354225,9,1,10,1,998,0,0,55
160111,7,28,6,14,43.663175,-116.5933611,12,1,1,3,998,0,0,55
160112,8,3,5,21,45.61200278,-116.2777139,12,2,10,2,998,0,0,65
160113,8,8,3,15,44.05763056,-116.9491028,10,1,1,1,998,1,0,20
160114,8,10,5,0,47.79972778,-116.8508389,38,2,1,1,998,1,0,45
160115,8,9,4,14,42.94852222,-112.4360667,12,1,1,4,998,0,0,80
160116,8,13,1,0,48.72640278,-116.188375,42,2,1,1,998,1,0,35
160118,7,6,5,17,47.81178056,-116.8976556,8,1,1,1,998,0,0,35
160119,7,9,1,16,43.54180278,-116.1591556,12,1,1,2,998,0,0,35
160120,8,3,5,10,43.57588611,-116.4338917,12,1,1,2,998,1,0,50
160121,8,11,6,12,43.63641389,-111.9366306,12,1,1,2,998,0,0,70
160122,8,23,4,8,43.89091667,-116.95405,12,1,1,2,998,1,0,65
160123,8,26,7,14,42.61806111,-114.3767083,1,1,10,1,998,1,1,80
160124,8,12,7,20,43.86596111,-116.7772194,31,1,1,1,998,1,0,80
160125,6,25,1,21,42.03984444,-111.8570222,3,5,1,1,998,1,1,35
160126,8,25,6,6,42.54322778,-113.4692583,38,4,1,1,998,1,0,80
160127,8,26,7,2,42.62303056,-114.4705361,1,2,1,1,998,2,1,50
160128,8,27,1,23,42.96184444,-112.4666444,39,2,1,1,998,1,1,50
160129,8,14,2,23,43.52198056,-112.0580472,43,2,1,1,998,1,1,35
160130,8,16,4,11,43.66642222,-116.69295,12,1,1,2,998,0,0,25
160131,8,7,2,11,42.57753611,-113.4475056,35,1,1,1,998,1,0,80
160132,9,1,6,15,42.59924167,-114.3394306,12,1,10,2,998,1,1,70
160133,9,1,6,21,43.85614167,-111.278175,12,2,1,2,998,4,0,65
160134,7,29,7,22,47.71623611,-117.0018,12,3,1,2,998,1,1,45
160135,9,9,7,10,42.57629444,-114.0576167,52,1,1,1,998,1,0,80
160136,9,7,5,14,44.58589167,-116.7368361,1,1,1,1,998,1,0,55
160137,8,7,2,15,46.58127778,-114.6107389,1,1,10,1,998,1,0,50
160138,8,26,7,10,43.58114722,-116.2558306,12,1,1,5,998,0,0,65
160139,9,12,3,12,43.88652778,-111.6763944,12,1,1,2,998,1,0,25
160140,9,10,1,3,42.76749722,-114.5203361,1,2,1,1,998,1,1,25
160142,9,15,6,1,42.57637778,-113.9387472,18,2,1,2,998,1,0,65
160143,9,17,1,19,43.88366944,-111.7379167,12,5,1,2,998,0,0,55
160144,9,18,2,20,43.93651111,-112.2139139,49,2,1,1,998,0,0,50
160145,9,17,1,13,46.40663889,-117.0124222,14,1,1,1,998,1,0,25
160146,9,23,7,19,42.57645278,-114.2633833,18,5,1,1,998,0,0,65
160147,9,23,7,0,45.02443611,-113.9188833,1,2,1,1,998,1,0,65
160148,9,21,5,12,43.37180278,-111.2392972,12,1,10,2,998,1,1,65
160149,5,31,4,7,44.19756667,-116.9194222,12,1,1,2,998,1,0,65
160150,8,22,3,15,44.16958056,-115.268125,42,1,1,1,998,1,0,60
160151,9,18,2,0,43.28018889,-112.2928528,1,2,1,1,998,2,1,80
160152,10,3,3,6,42.61708611,-111.9753583,8,2,2,1,998,0,0,65
160153,8,5,7,17,43.84018333,-115.5363389,1,1,1,1,998,1,0,25
160154,8,6,1,23,43.60446389,-116.6732389,8,3,1,1,998,0,0,55
160155,10,7,7,17,43.93035556,-115.6799833,32,5,1,1,998,1,0,30
160156,10,7,7,17,43.93415833,-116.7724611,42,1,1,1,998,1,0,50
160157,8,11,6,11,47.58790556,-116.2631194,5,1,1,1,998,1,0,35
160158,10,14,7,20,43.19695,-112.4747889,12,2,1,2,998,0,0,55
160159,10,8,1,15,44.07420833,-115.6667833,17,1,1,1,998,1,0,40
160160,7,4,3,22,43.38652222,-116.5335833,9,2,1,1,998,0,0,35
160161,10,3,3,10,43.82419167,-116.4780861,12,1,2,2,998,1,0,65
160162,10,6,6,6,42.95838056,-115.4811472,12,2,1,2,998,1,0,80
160163,10,9,2,12,42.42296389,-114.0496833,1,1,1,1,998,1,1,55
160164,10,10,3,13,43.8909,-116.9540472,12,1,2,2,998,1,0,65
160165,9,13,4,4,42.47499167,-114.06935,12,2,10,2,998,0,0,55
160166,9,16,7,99,42.54758611,-114.0004972,8,2,1,1,998,0,1,55
160167,7,17,2,18,43.04464167,-116.2721694,1,1,1,1,998,1,0,98
160168,10,19,5,6,43.45381667,-112.0675639,12,2,1,6,998,1,0,35
160169,10,18,4,16,43.60736667,-116.6057056,8,1,1,1,998,0,0,35
160170,6,10,7,23,43.63446111,-116.3343833,8,3,1,1,998,0,0,35
160171,10,13,6,7,42.72393056,-114.4428528,12,4,1,2,998,4,0,55
160172,10,27,6,17,42.92401389,-114.6930444,12,1,1,2,998,2,0,65
160173,9,26,3,21,43.86260278,-116.5781833,12,2,1,2,998,2,1,55
160174,10,2,2,8,44.44519444,-116.7971083,12,1,1,2,998,1,0,65
160175,10,19,5,6,47.98767222,-116.8791556,24,2,10,2,998,1,0,60
160176,10,22,1,15,43.57552222,-116.6659194,1,1,1,1,998,1,0,50
160177,9,27,4,7,47.78803611,-116.7929667,9,1,10,1,998,0,0,45
160178,10,19,5,0,43.66278056,-116.3344333,12,3,1,2,998,0,1,35
160179,10,21,7,21,43.97466389,-116.8937389,21,2,1,1,998,2,0,45
160180,10,29,1,10,42.28773056,-111.3983083,12,1,1,2,998,0,0,35
160181,11,5,1,14,44.48906667,-111.3429583,12,1,10,2,998,2,0,65
160182,10,21,7,0,42.85138611,-114.8324944,31,2,1,1,998,1,1,80
160184,10,18,4,18,43.85066667,-116.7512528,43,1,1,1,998,1,1,50
160185,10,25,4,19,43.59340556,-116.4199278,8,2,1,1,998,0,0,65
160186,11,6,2,10,45.14316667,-116.2886361,12,1,2,2,998,1,0,65
160187,11,14,3,17,43.12655556,-115.7438694,8,5,1,1,998,0,0,65
160188,11,17,6,7,43.63335278,-116.7130722,12,1,5,3,998,0,0,35
160189,9,30,7,1,43.75030833,-115.9850944,1,3,1,1,998,1,1,15
160190,10,24,3,14,47.41717222,-116.6434639,42,1,2,1,998,1,0,55
160191,11,4,7,9,47.70141944,-116.8360111,16,1,2,1,998,1,0,35
160192,11,8,4,18,42.56406389,-114.3017944,12,2,1,2,998,1,0,65
160193,11,22,4,23,43.45060278,-111.4027278,31,2,1,1,998,1,0,55
160194,11,14,3,15,42.72070833,-114.4432833,1,1,1,1,998,1,0,55
160195,11,26,1,20,44.180725,-114.9265444,42,2,1,1,998,1,1,65
160196,11,29,4,18,43.69575833,-116.7131444,12,2,1,2,998,0,0,65
160197,10,10,3,17,43.60732778,-116.3547611,33,1,1,4,998,1,0,55
160198,10,24,3,15,46.43199722,-116.9957917,1,1,10,1,998,1,0,45
160199,10,25,4,22,42.36470833,-113.3698056,8,2,6,1,998,0,1,65
160200,10,28,7,6,42.48589167,-113.3925944,1,2,1,1,998,1,1,80
160201,11,4,7,19,42.60509722,-113.7216139,8,2,10,1,998,0,0,45
160202,11,10,6,15,47.78813889,-116.7881806,9,1,10,1,998,0,0,45
160203,11,20,2,4,42.54816944,-114.3588722,8,2,1,1,998,0,0,55
160204,11,27,2,7,42.90918611,-112.5518083,12,1,5,35,998,0,0,80
160205,12,4,2,7,43.83826389,-112.2322972,12,2,10,2,998,1,1,65
160206,12,6,4,11,43.193,-112.3536806,12,1,1,2,998,1,0,30
160207,12,1,6,15,47.31813333,-116.5950306,42,1,4,1,998,1,0,55
160208,12,12,3,4,43.05438333,-115.7322472,1,2,1,1,998,1,0,65
160209,12,16,7,16,43.025825,-115.7458583,12,2,5,2,998,0,0,35
160210,8,9,4,1,43.59889167,-116.7924778,24,2,1,1,998,1,0,55
160211,8,19,7,23,44.91236389,-116.0926278,8,2,10,1,998,0,1,20
160212,9,13,4,10,47.98499444,-116.8785306,43,1,1,1,998,1,0,60
160213,12,3,1,19,42.54021667,-111.4194083,12,2,11,2,998,1,0,65
160214,12,6,4,7,43.65352222,-116.5628306,34,1,10,1,998,1,0,45
160215,12,7,5,7,43.604,-116.7039611,1,1,10,1,998,1,0,55
160216,12,10,1,16,43.62791944,-111.9433861,24,5,10,2,998,2,0,70
160217,9,25,2,12,45.22893056,-113.8954833,1,1,1,1,998,1,0,65
160218,7,31,2,1,43.63065556,-116.3343917,8,2,1,1,998,0,0,40
160219,8,26,7,16,46.83825556,-116.1863333,42,1,1,1,998,1,1,35
160220,9,28,5,18,42.57764444,-114.4416472,8,5,1,1,998,0,0,35
160221,10,7,7,20,46.39551111,-117.0367306,12,3,1,2,998,1,1,35
160222,12,1,6,19,43.27286389,-115.8761806,12,2,1,2,998,0,0,80
160223,12,8,6,1,43.551675,-116.1286583,42,3,4,1,998,1,0,35
160224,12,24,1,14,43.00363889,-114.4797028,30,1,10,1,998,1,1,50
160225,12,29,6,14,42.74257778,-113.4342361,10,1,1,1,998,2,0,55
160226,9,10,1,4,43.37693333,-114.2670333,31,2,1,1,998,1,1,55
160227,12,10,1,19,43.6457,-116.6980806,8,2,2,1,998,0,0,30
160228,12,24,1,11,42.87088333,-112.8620472,12,1,1,2,998,1,0,60
160229,12,26,3,8,43.51166667,-116.1453194,1,1,4,1,998,1,0,80
160230,11,7,3,18,42.64455,-111.9019917,12,2,10,2,998,1,0,65
160231,10,31,3,11,43.61925556,-116.3916,12,1,1,3,998,0,0,35
160232,11,15,4,22,43.43666389,-111.9898889,38,2,1,1,998,1,1,50
160233,12,5,3,17,43.59709444,-116.6616806,8,2,1,1,998,0,0,20
160234,12,9,7,0,43.50460833,-112.0540361,1,3,1,1,74,2,1,35
160235,11,6,2,17,42.58543056,-114.4602778,12,3,2,3,998,1,0,35
160236,9,30,7,20,43.62671944,-111.8840806,12,2,1,2,998,1,0,40
160238,12,22,6,18,43.61447778,-116.3344528,8,3,2,1,998,0,0,40
160239,12,31,1,23,43.66317222,-116.5128389,12,2,1,2,998,1,0,50
160240,12,25,2,18,47.999575,-116.8723389,12,2,1,2,998,1,0,45
160241,12,5,3,6,43.60534444,-116.5894583,9,2,10,1,998,0,0,35
160242,10,24,3,18,43.02713889,-112.3675306,1,1,1,1,998,1,1,45
160243,12,15,6,10,43.48713889,-111.9815222,8,1,1,1,998,0,0,98
160244,10,21,7,16,43.48821944,-116.3544444,12,1,1,2,998,1,0,45
160245,11,25,7,20,43.71926111,-116.3197722,8,2,1,1,998,0,0,55
160246,7,17,2,11,46.82230833,-115.8071556,1,1,1,1,998,1,0,35
160247,6,17,7,17,46.82255278,-116.198625,1,1,1,1,998,1,0,98
160248,9,9,7,12,43.46192222,-113.56325,12,1,1,2,998,0,0,98
160249,11,20,2,19,43.673675,-116.2898778,8,2,1,1,998,0,0,45
170001,1,1,1,2,41.86566667,-87.87761111,33,3,1,1,998,1,0,25
170002,1,1,1,3,41.79863611,-87.80316944,24,3,2,1,998,1,1,55
170003,1,1,1,7,42.11028333,-89.30123333,12,4,5,2,998,1,0,55
170004,1,1,1,17,41.55091111,-87.85284722,12,3,1,2,998,1,0,45
170005,1,2,2,1,41.76198611,-87.67350556,8,3,1,1,998,0,1,98
170006,1,2,2,2,42.42102778,-87.855,12,3,1,2,998,1,0,45
170007,1,2,2,16,42.00738056,-89.00060833,12,1,1,2,998,1,0,55
170008,1,2,2,19,37.57448333,-89.02842222,1,2,2,1,998,1,0,55
170009,1,2,2,16,40.14211667,-88.26955,53,2,5,1,998,1,1,35
170010,1,2,2,21,37.45027778,-89.38242222,12,2,2,3,998,1,0,55
170011,1,2,2,22,41.75086389,-87.62585833,8,3,5,2,998,0,0,98
170012,1,2,2,23,41.60173611,-88.16344444,34,2,5,1,998,1,1,65
170013,1,3,3,5,41.73629167,-87.62480556,8,3,2,1,998,0,0,98
170014,1,3,3,7,42.07313611,-87.83964167,12,1,2,2,998,1,0,35
170015,1,4,4,17,39.72888056,-90.266675,12,2,1,2,998,1,0,30
170016,1,4,4,17,41.88579444,-87.62703333,21,3,2,1,998,1,0,30
170017,1,5,5,13,39.58984722,-89.65499722,12,1,1,3,60,0,0,55
170018,1,5,5,17,42.01900556,-87.74567222,8,3,10,1,998,0,0,35
170019,1,6,6,15,40.00602778,-88.30401667,12,1,1,2,998,1,0,70
170020,1,6,6,15,38.90001667,-90.14345556,33,1,1,2,998,1,0,30
170021,1,6,6,18,42.30291389,-89.14516111,12,2,1,2,998,0,0,55
170022,1,6,6,20,41.08535556,-87.62035833,8,2,1,1,998,0,0,40
170023,1,8,1,18,42.01264167,-87.67492222,12,3,1,3,998,0,0,25
170024,1,8,1,20,38.88844722,-90.17491111,8,2,1,1,998,0,0,40
170025,1,9,2,1,41.36242222,-88.47916111,1,6,1,1,998,1,1,55
170026,1,9,2,4,42.39802778,-87.93045,12,2,1,2,998,1,1,55
170027,1,9,2,19,41.6265,-87.64139722,8,2,1,1,998,0,0,35
170028,1,9,2,23,42.40561111,-90.38511111,12,2,5,3,998,0,0,55
170030,1,10,3,0,41.85118056,-87.63080556,25,3,1,1,998,1,1,55
170031,1,10,3,7,42.29528611,-88.93469167,12,4,1,2,998,1,0,45
170032,1,10,3,12,40.3386,-88.52688333,12,1,1,2,998,1,0,55
170033,1,10,3,15,37.49755278,-89.26215556,33,1,1,1,998,1,0,45
170034,1,10,3,21,42.36901944,-87.94180556,8,3,1,1,998,0,0,99
170035,1,10,3,23,41.60990833,-89.06111944,12,2,1,3,998,1,1,70
170036,1,10,3,23,41.88490278,-87.71530556,8,3,1,1,998,0,0,30
170037,1,11,4,9,37.76129167,-88.51274722,34,1,1,1,998,1,0,45
170039,1,12,5,20,42.15363056,-88.262325,8,2,1,1,998,0,0,45
170040,1,13,6,2,41.75479167,-88.31514167,21,3,4,1,108,1,1,25
170041,1,13,6,12,41.60942222,-87.58042222,24,1,1,5,998,1,0,55
170042,1,15,1,5,41.69284444,-87.59798333,8,3,1,1,998,0,0,55
170043,1,15,1,10,40.78005,-89.68904444,12,1,1,3,998,0,0,45
170044,1,16,2,17,41.46639444,-88.0795,12,3,2,4,998,0,0,55
170045,1,16,2,18,42.36384722,-88.78386667,42,2,1,1,998,2,1,55
170046,1,17,3,16,38.73183889,-89.72221389,12,1,1,2,998,0,0,55
170047,1,18,4,3,41.79826667,-88.288025,12,3,1,2,998,1,1,60
170048,1,18,4,9,42.00667778,-88.04574167,12,1,10,2,998,1,0,45
170049,1,19,5,1,41.70266389,-87.52813333,12,3,2,2,998,1,0,98
170050,1,19,5,20,42.07079444,-87.85362222,8,2,2,1,35,0,0,40
170051,1,20,6,15,41.48837778,-87.69840278,8,1,1,1,998,0,0,30
170052,1,20,6,19,40.74065556,-88.79538333,12,2,1,2,998,1,0,55
170053,1,20,6,22,41.91229722,-87.66764444,12,3,1,2,998,1,0,30
170054,1,21,7,3,41.61722222,-90.16974722,31,2,1,1,998,1,1,55
170055,1,21,7,7,42.29471944,-88.85469167,12,1,1,2,998,0,0,55
170056,1,21,7,14,42.05406667,-87.85505,12,1,1,3,998,1,0,25
170057,1,22,1,2,42.00355,-88.02662222,12,3,4,2,998,1,1,60
170058,1,22,1,3,41.82258333,-87.72616667,12,2,1,3,998,1,1,55
170059,1,22,1,18,41.65188611,-87.87591111,12,3,1,2,998,1,0,40
170060,1,23,2,4,41.831825,-87.74353611,8,3,1,1,998,0,0,40
170061,1,23,2,17,39.15185833,-89.42828611,1,5,1,1,998,1,1,55
170062,1,23,2,9,42.22011389,-88.99901389,12,1,10,3,998,1,0,65
170063,1,23,2,13,41.77853611,-87.735075,8,1,1,1,998,0,0,98
170064,1,23,2,18,41.60094722,-87.64190556,12,3,1,3,998,1,0,35
170065,1,23,2,19,37.16146111,-88.68593889,8,2,1,1,998,0,0,45
170066,1,23,2,22,39.81895278,-89.64322222,12,3,1,2,998,1,1,30
170067,1,24,3,7,39.62212778,-90.29546111,12,4,1,2,998,0,0,55
170068,1,24,3,13,38.96560556,-89.14400556,12,1,1,2,30,0,0,70
170069,1,2,2,20,41.85852778,-88.11973333,8,3,1,1,998,0,0,35
170070,1,25,4,4,41.43420833,-88.74664722,34,2,4,1,998,1,1,55
170071,1,25,4,8,39.71228889,-88.97433333,32,3,4,1,998,1,0,55
170072,1,25,4,19,42.48697222,-89.66826111,35,2,4,1,998,1,1,55