ST_CASE,MONTH,DAY,DAY_WEEK,HOUR,LATITUDE,LONGITUD,HARM_EV,LGT_COND,WEATHER,VE_FORMS,TRAV_SP,DEATHS,DR_DRINK,VSPD_LIM
170073,1,25,4,20,41.89544444,-87.72614444,8,2,2,1,998,0,1,30
170074,1,26,5,6,40.79951111,-89.81168611,24,2,4,2,998,1,0,70
170075,1,26,5,11,41.90427222,-88.12029167,8,1,1,2,998,0,0,45
170076,1,26,5,12,41.87585278,-87.75482222,8,1,4,1,998,0,0,20
170077,1,26,5,23,41.50605,-87.76353056,1,3,1,1,998,1,0,45
170078,1,27,6,1,40.90030278,-87.86618611,45,2,1,1,998,1,0,55
170079,1,27,6,3,38.620725,-90.087775,14,3,1,1,998,1,1,65
170080,1,27,6,0,40.03923889,-88.60003889,35,3,1,1,998,1,1,45
170081,1,27,6,17,41.88174722,-87.75231667,8,2,4,2,998,0,0,30
170082,1,27,6,21,40.41813889,-90.61865556,12,2,1,2,998,1,0,55
170083,1,27,6,21,41.92551944,-88.47646667,34,2,1,1,998,1,1,35
170084,1,28,7,5,40.62221667,-89.36339444,38,2,1,1,100,1,0,70
170085,1,28,7,23,38.66062778,-90.10644167,14,2,1,1,998,0,1,65
170086,1,30,2,8,41.77681389,-88.11951389,12,1,1,2,998,1,0,40
170087,1,30,2,13,41.90365,-87.91981667,20,1,1,2,998,1,0,45
170088,1,30,2,18,41.758125,-87.62468333,12,2,1,2,998,0,0,25
170089,1,30,2,19,38.71673333,-90.14930556,12,2,1,2,998,0,0,25
170090,1,31,3,0,41.73461389,-88.25264167,39,3,1,1,59,1,1,35
170092,1,31,3,22,38.30883056,-89.75095278,1,2,1,1,998,1,0,98
170093,2,6,2,17,38.58453889,-89.934025,3,1,1,1,998,1,1,99
170094,2,1,4,12,41.76296667,-88.15337222,8,1,1,1,998,0,0,30
170095,2,2,5,5,41.73682222,-87.59448611,12,2,1,2,998,1,0,30
170096,2,2,5,10,41.32238611,-87.95896389,12,1,1,2,998,0,0,55
170097,2,2,5,13,41.57071944,-87.61336944,8,1,1,1,998,0,0,25
170098,2,2,5,18,41.78634444,-89.69358333,9,3,1,1,998,0,0,20
170099,2,2,5,18,38.72770556,-89.55717222,34,2,1,1,998,1,0,55
170100,2,3,6,21,42.41266667,-88.12513056,12,3,1,2,998,0,0,40
170101,2,4,7,2,41.76316944,-88.34969167,12,3,1,2,998,0,0,35
170102,2,4,7,2,41.87511667,-87.69368611,42,3,1,1,998,1,0,55
170103,2,4,7,9,41.83058611,-87.79151111,8,1,1,1,998,0,0,25
170104,2,4,7,19,41.50907778,-90.51496667,12,2,1,2,998,0,0,30
170105,2,4,7,23,41.71896667,-87.62503611,12,3,1,2,998,1,0,55
170106,2,5,1,1,41.60231389,-87.58355556,25,3,1,1,998,1,1,55
170107,2,5,1,3,38.60925,-90.11469444,42,2,1,1,998,1,1,45
170108,2,5,1,3,41.83288889,-87.607425,12,3,1,2,998,1,0,45
170109,2,6,2,0,41.79124722,-87.84166944,30,3,1,1,998,1,1,45
170110,2,6,2,6,41.92368333,-87.88420833,43,1,1,1,998,1,0,35
170111,2,6,2,17,41.79100556,-87.65475,8,3,1,1,998,0,0,30
170112,2,7,3,1,42.42275833,-88.17896667,1,3,1,1,998,1,1,25
170113,2,7,3,2,41.73393056,-87.65208611,8,3,1,1,998,0,0,98
170114,2,7,3,9,42.20888333,-89.08258889,12,1,1,2,998,1,1,40
170115,2,8,4,5,41.74349722,-87.80686111,38,2,1,1,998,1,0,20
170116,2,8,4,9,41.67001389,-87.67603889,14,1,1,1,998,1,0,20
170117,2,8,4,19,41.76605278,-88.31304444,12,2,1,2,998,1,0,35
170118,2,9,5,17,42.22873611,-88.330075,12,3,2,3,998,1,1,35
170119,2,10,6,16,42.10143333,-88.78337222,12,1,1,3,998,0,0,55
170120,2,10,6,17,38.45971111,-90.22812778,12,5,1,2,998,0,0,35
170121,2,11,7,2,41.88240278,-88.03316944,43,3,1,1,999,1,1,60
170122,2,12,1,14,41.63560556,-87.71056389,12,1,1,2,998,0,0,25
170123,2,12,1,14,41.50893611,-88.14313611,12,1,1,2,75,1,0,65
170124,2,13,2,3,41.64774444,-88.14124722,12,2,1,3,998,0,0,65
170125,2,13,2,5,39.41676944,-88.129925,12,2,1,2,998,1,0,55
170126,2,13,2,17,42.05529444,-87.73240278,8,5,1,1,998,0,0,35
170127,2,13,2,21,41.90907222,-87.79519167,8,3,1,1,998,0,0,30
170128,2,14,3,14,41.805075,-87.87209167,8,1,2,1,998,0,0,30
170129,2,15,4,18,42.093375,-88.03184444,42,3,1,1,998,1,0,25
170130,2,16,5,5,42.03388611,-87.67270556,8,3,10,1,998,0,0,25
170131,2,16,5,7,42.05480833,-89.62682778,12,1,11,3,998,0,0,55
170132,2,16,5,18,38.65854167,-90.05290278,8,2,1,1,998,0,0,45
170133,2,17,6,12,77.7777,777.7777,24,1,1,1,998,1,0,55
170135,2,17,6,18,41.70160556,-87.75969444,12,3,1,2,998,1,0,35
170136,2,18,7,0,41.47723333,-87.67659444,42,3,1,1,998,1,1,30
170137,2,18,7,0,40.12016944,-88.46305556,31,2,1,1,998,2,1,70
170138,2,18,7,8,41.91686944,-87.75506944,12,1,1,2,998,1,0,98
170139,2,18,7,23,40.830775,-89.86945556,34,2,1,1,998,1,1,55
170140,2,18,7,22,41.71159444,-87.64308889,30,3,1,1,998,3,0,30
170141,2,19,1,3,41.72809444,-87.98195556,38,3,1,1,998,1,1,55
170142,2,19,1,3,41.60476111,-87.58313889,12,3,1,2,998,2,0,55
170143,2,19,1,8,40.83933056,-89.35551667,12,1,1,2,998,1,0,55
170144,2,19,1,21,41.98305833,-87.78671667,19,2,1,1,998,1,0,30
170146,2,20,2,14,41.86760833,-87.62574167,8,1,1,1,998,0,0,30
170147,2,20,2,15,38.58419722,-90.03725556,12,1,1,2,998,1,0,35
170148,2,21,3,1,39.84136667,-89.04705278,35,2,1,1,998,1,1,70
170149,2,21,3,5,42.41986111,-89.09906111,42,2,1,1,998,1,0,55
170150,2,21,3,5,41.60079444,-87.60638611,12,3,1,2,998,0,0,35
170152,2,22,4,4,41.69205556,-88.04540278,8,2,2,2,998,0,0,45
170153,2,23,5,18,41.142025,-88.83570833,8,2,1,1,998,0,0,35
170154,2,24,6,6,38.43938611,-89.14565556,42,4,1,1,998,1,0,65
170155,2,24,6,9,39.062475,-88.68525,34,1,1,1,70,1,0,70
170156,2,24,6,23,41.87981667,-87.804675,8,3,4,1,998,0,0,30
170157,2,25,7,0,42.0692,-87.86689444,8,2,4,1,998,0,0,60
170158,2,25,7,5,42.03569444,-87.960675,12,3,1,2,998,1,0,40
170159,2,25,7,11,41.58202222,-87.66908333,8,1,1,1,998,0,0,20
170160,2,25,7,16,41.17742222,-87.82301944,30,1,1,1,998,1,1,30
170161,2,25,7,19,41.8724,-87.88283333,12,3,1,2,998,1,0,30
170162,2,26,1,5,41.79781389,-87.63091944,25,3,1,1,998,1,1,45
170163,2,26,1,17,39.92936944,-91.39647778,1,1,1,2,998,1,0,30
170164,2,27,2,20,42.24788889,-88.40302222,12,3,1,2,998,1,0,55
170166,3,1,4,13,39.70135278,-90.26713611,34,1,1,1,998,1,0,55
170167,3,1,4,14,41.81959722,-87.82140278,8,1,1,1,998,0,0,30
170168,3,2,5,10,42.14608889,-88.13595278,33,1,10,1,998,2,0,25
170170,3,2,5,21,38.77073056,-89.714275,12,2,2,2,998,0,1,55
170171,3,3,6,1,41.60630556,-87.736475,39,3,1,1,998,1,0,35
170172,3,3,6,2,39.72035,-89.58083611,53,2,1,1,998,1,1,45
170173,3,4,7,14,38.61082222,-89.98508056,12,1,1,4,998,0,0,45
170174,3,4,7,20,40.14481389,-91.22412778,12,3,1,2,998,1,1,99
170175,3,5,1,4,39.92054722,-89.04623611,12,2,1,2,998,0,0,55
170176,3,5,1,9,42.10656944,-88.49601944,12,1,1,2,998,0,0,55
170177,3,5,1,23,41.63701944,-87.53033611,8,2,2,1,998,0,0,45
170178,3,5,1,18,41.829825,-87.82895,12,2,1,2,998,1,0,35
170179,3,6,2,11,42.27972778,-89.08865278,12,1,1,2,998,1,0,30
170180,3,6,2,15,42.453875,-90.46446389,1,1,1,1,998,1,1,55
170181,3,6,2,17,40.22092222,-88.18255,12,1,1,2,998,0,0,55
170182,3,7,3,5,41.22737778,-88.071225,12,2,1,2,998,0,0,55
170183,3,7,3,22,41.52811944,-87.68537222,39,2,1,1,998,1,0,40
170184,3,7,3,23,42.30005278,-89.72329722,42,2,1,1,998,1,1,55
170185,3,9,5,8,42.04805,-87.83272778,8,1,10,1,998,0,0,35
170186,3,9,5,18,41.82818889,-87.68441111,8,2,2,1,998,0,0,30
170187,3,10,6,10,38.49141389,-89.59868333,42,1,1,1,998,1,0,70
170188,3,10,6,20,37.94456944,-89.768475,1,2,1,1,998,1,1,55
170189,3,11,7,7,39.86391389,-88.31043889,34,4,1,1,998,1,1,55
170190,3,11,7,19,42.002475,-88.17903611,8,2,1,1,998,0,0,45
170191,3,12,1,3,42.10153056,-89.09555556,1,2,1,1,998,1,1,30
170192,3,14,3,7,40.22911944,-89.82547222,12,1,1,2,998,1,0,55
170193,3,15,4,6,41.55913889,-88.07050833,12,4,1,2,998,1,0,45
170194,3,16,5,13,41.86632222,-87.71188056,12,1,1,4,998,1,0,30
170195,3,17,6,13,41.8356,-87.75364722,8,1,1,1,998,0,0,30
170196,3,17,6,22,41.77466667,-87.80237222,12,3,1,2,998,0,1,35
170197,3,18,7,4,41.62265833,-87.60743611,12,3,1,2,998,0,0,35
170198,3,19,1,8,41.32379167,-87.88147778,12,1,1,3,998,0,0,45
170199,3,19,1,11,41.84925833,-87.63189167,8,1,1,1,998,0,0,40
170200,3,19,1,19,37.41453333,-89.19736111,35,2,1,1,998,1,0,55
170201,3,19,1,20,42.04833611,-87.80620556,8,2,1,1,35,0,1,30
170202,3,19,1,21,42.37844444,-88.1688,8,2,1,1,998,0,0,45
170203,3,19,1,22,41.79095556,-89.72207222,8,2,1,1,998,0,0,40
170204,3,20,2,1,41.57905278,-87.65978889,33,3,1,1,998,2,1,35
170205,3,20,2,18,41.7,-88.65253889,12,1,1,3,998,1,0,55
170207,3,21,3,14,38.77513611,-88.09453611,12,1,2,2,998,0,0,45
170209,3,21,3,17,38.77255833,-90.04371944,1,1,1,1,998,1,0,65
170210,3,21,3,18,40.22307778,-88.52249722,42,1,2,1,998,1,0,70
170211,3,21,3,19,41.99029167,-87.71403889,12,3,1,2,998,0,0,40
170212,3,22,4,6,41.72313056,-87.94385833,8,2,1,1,998,0,0,55
170214,3,22,4,18,37.88024722,-88.69277778,42,1,10,1,998,1,0,55
170215,3,23,5,16,37.23730833,-89.15703611,12,1,1,4,998,1,0,70
170216,3,24,6,20,41.734425,-87.7992,8,5,2,1,998,0,0,40
170217,3,24,6,20,41.81957222,-88.02885833,33,3,2,1,998,1,1,45
170218,3,25,7,1,41.88314722,-87.64843889,8,3,2,1,999,0,0,30
170219,3,25,7,7,41.96095,-87.64636944,12,1,2,2,998,1,0,45
170220,3,25,7,5,42.06220556,-88.29257778,12,2,4,2,998,0,1,45
170221,3,25,7,21,42.40459444,-87.85509722,12,2,1,2,998,1,0,30
170222,3,26,1,21,41.65911111,-87.60348889,12,3,1,2,998,0,0,35
170223,3,27,2,20,41.81743056,-87.74299722,24,3,1,2,998,2,0,55
170224,3,28,3,6,39.62993611,-90.473225,12,4,1,2,998,0,0,45
170225,3,28,3,16,40.091875,-91.15684722,42,1,1,1,998,1,1,55
170226,3,28,3,18,39.76227778,-89.59081667,42,1,1,1,998,1,0,30
170227,3,29,4,5,41.91703611,-87.74615556,8,2,1,1,998,0,0,30
170228,3,29,4,21,41.74213611,-87.713125,12,3,1,4,998,1,0,35
170229,3,30,5,99,38.57361389,-89.05016944,12,2,1,2,998,1,1,55
170230,3,30,5,5,42.49782778,-89.42081111,12,2,1,2,998,0,0,55
170231,3,30,5,8,40.47552222,-90.07735556,12,1,1,2,998,0,0,55
170232,3,30,5,20,39.84588889,-88.94971389,12,3,1,2,998,1,0,35
170233,3,30,5,20,41.95970556,-87.79538611,30,3,1,1,998,1,0,35
170234,3,31,6,10,41.51408056,-88.99355556,34,1,99,1,998,1,1,55
170235,4,1,7,3,37.77782222,-89.18539444,1,2,1,1,998,1,1,55
170236,4,1,7,10,37.66580556,-89.23330278,42,1,1,1,998,1,0,55
170237,4,1,7,17,39.47084444,-89.18103333,12,1,1,2,998,1,0,55
170238,4,2,1,7,40.4796,-88.9926,12,1,1,2,998,1,1,30
170239,4,3,2,17,41.78785833,-88.00171111,1,1,10,1,60,1,0,25
170240,4,3,2,19,41.80705833,-88.2541,33,1,1,2,998,1,0,35
170241,4,4,3,23,40.59724444,-90.08483611,11,3,1,1,998,1,0,55
170242,4,6,5,5,41.95902222,-89.09378056,35,2,1,1,998,1,1,55
170243,4,6,5,13,39.86131944,-88.92679722,12,1,1,2,998,1,0,45
170244,4,6,5,20,41.74753333,-88.24694722,12,3,1,3,998,0,1,35
170245,4,7,6,0,41.79461667,-87.62562778,12,3,1,2,998,0,0,25
170246,4,7,6,2,37.72482778,-89.22195556,8,2,1,1,998,0,0,30
170247,4,7,6,12,40.30596667,-88.98768333,12,1,1,2,68,0,0,65
170248,4,8,7,7,41.46272222,-88.26110556,24,1,1,1,998,1,0,65
170249,4,8,7,14,40.78833889,-89.86985556,33,1,1,1,998,1,0,45
170250,4,8,7,19,42.14485,-87.95854444,8,2,1,1,998,0,0,35
170252,4,8,7,21,41.87670278,-87.75506667,8,3,1,1,998,0,0,30
170253,4,8,7,22,41.87023611,-87.88458889,46,3,1,1,998,1,0,55
170254,4,8,7,22,41.83131944,-87.78131111,30,3,1,1,74,1,0,30
170255,4,9,1,16,42.04502222,-88.40387778,34,1,1,1,998,1,0,55
170256,4,9,1,18,40.50231111,-89.60685833,42,1,1,1,998,1,0,55
170257,4,9,1,19,40.85988333,-90.31530556,11,5,1,1,998,1,0,55
170258,4,10,2,2,41.66105,-87.66267222,25,3,1,1,998,1,0,55
170259,4,10,2,11,42.28676389,-89.38781111,1,1,1,1,998,1,0,65
170260,4,10,2,12,41.28595278,-88.37253333,12,1,1,3,998,1,1,55
170261,4,10,2,14,42.36728056,-88.08986667,12,1,1,2,998,1,0,60
170262,4,11,3,10,42.200725,-89.59509722,12,1,1,2,998,1,0,30
170263,4,12,4,12,41.75693889,-87.95487222,12,1,1,2,998,1,0,40
170264,4,12,4,12,41.566225,-88.18135833,25,1,1,1,998,1,0,35
170265,4,12,4,20,39.17258056,-88.36286389,12,2,1,2,998,1,0,55
170266,4,13,5,13,41.01871667,-88.52896944,1,1,1,1,998,1,0,70
170267,4,14,6,5,41.84446111,-87.6327,25,3,1,3,998,1,1,45
170268,4,14,6,6,40.48743056,-90.83845,35,1,1,1,998,1,0,55
170269,4,14,6,15,41.22850833,-89.20171667,12,1,1,2,998,1,1,55
170270,4,14,6,15,41.94601111,-87.85546111,9,1,1,1,998,0,0,40
170271,4,14,6,19,41.73307778,-87.60478611,8,1,1,1,998,0,0,30
170272,4,14,6,23,41.54393889,-88.17956944,12,2,1,2,998,1,1,40
170273,4,15,7,3,38.76107778,-90.09941389,30,2,1,1,998,1,1,55
170274,4,15,7,5,40.62407778,-89.76131944,11,4,1,1,998,1,1,55
170275,4,15,7,7,41.44563056,-87.670925,12,1,1,2,998,2,1,40
170276,4,15,7,11,41.32110556,-88.76156111,1,1,1,1,998,1,0,45
170277,4,15,7,13,42.405875,-89.86565278,1,1,1,1,998,1,0,55
170278,4,15,7,15,42.25170556,-88.95550278,5,1,1,1,998,1,0,45
170279,4,16,1,2,41.67712778,-87.66225278,39,3,2,1,998,1,0,55
170280,4,16,1,3,37.58814722,-88.99977222,8,2,2,1,998,0,0,70
170281,4,16,1,17,41.88198333,-87.73557222,12,1,1,2,998,0,0,30
170282,4,16,1,17,41.87950278,-88.60156667,12,1,2,2,998,1,0,55
170283,4,17,2,12,42.38743889,-89.07840556,42,1,6,1,998,1,0,55
170284,4,17,2,18,40.31087222,-89.25236389,12,1,1,2,63,0,0,55
170285,4,18,3,5,42.01053056,-88.26924444,8,4,1,1,998,0,0,30
170286,4,18,3,11,41.56434722,-87.63628333,12,1,1,3,94,0,0,35
170287,4,18,3,14,39.80853889,-89.70622778,12,1,1,2,998,1,0,55
170288,4,18,3,17,41.68572222,-88.0046,12,1,1,2,113,0,0,45
170289,4,18,3,21,42.457525,-88.13196667,42,2,1,1,998,2,1,25
170290,4,19,4,0,38.77882778,-89.56404722,42,2,1,1,998,1,1,55
170291,4,20,5,9,41.68689444,-87.83505556,19,1,1,1,998,1,0,20
170292,4,20,5,23,41.50189444,-87.74234444,5,3,1,1,998,1,1,55
170293,4,21,6,22,41.6226,-87.637625,8,2,1,1,998,0,0,35
170294,4,21,6,9,41.81628333,-87.96321111,8,1,1,1,10,0,0,25
170295,4,21,6,15,41.89934444,-87.88379444,12,1,10,2,998,1,0,30
170296,4,21,6,18,40.53104167,-89.02761944,12,1,1,2,998,1,0,45
170297,4,21,6,22,41.83194167,-87.60640278,8,3,1,1,998,0,0,45
170298,4,22,7,1,42.29031389,-88.89987778,42,2,1,1,998,1,1,45
170299,4,22,7,2,42.29640278,-89.14503056,42,3,1,1,998,1,1,55
170300,4,22,7,4,40.30509444,-89.69686389,34,2,1,1,998,1,0,55
170301,4,22,7,17,40.79718333,-89.52215833,12,1,1,2,998,1,1,55
170302,4,22,7,22,42.35949722,-87.87811944,8,3,1,1,998,0,0,45
170303,4,23,1,19,39.84657778,-88.92638333,12,2,1,3,998,0,1,35
170304,4,23,1,20,40.48538611,-89.2749,24,2,1,1,998,1,1,55
170305,4,23,1,21,37.08360556,-89.169575,8,2,1,1,998,0,0,35
170306,4,24,2,2,42.00476667,-89.02100833,12,2,1,3,998,1,0,70
170307,4,24,2,5,37.49931667,-89.10606111,12,2,1,2,998,2,0,70
170308,4,24,2,7,41.40496944,-89.010275,1,1,1,1,998,1,0,55
170309,4,24,2,9,41.97051111,-88.60142778,12,1,1,2,998,2,0,55
170310,4,24,2,13,41.99021389,-87.72900556,8,1,1,1,998,0,0,35
170311,4,25,3,15,42.46399167,-88.10688333,12,1,1,2,998,1,0,45
170312,4,25,3,17,40.49480278,-89.93595,35,5,1,1,998,1,1,55
170313,4,26,4,7,40.64081944,-90.271925,12,1,1,2,998,0,1,55
170314,4,26,4,18,41.93399444,-87.69889167,43,1,1,1,998,1,0,55
170315,4,27,5,7,40.6784,-89.0508,1,1,1,1,998,1,0,99
170316,4,27,5,8,41.32242222,-87.95903056,12,1,1,2,0,1,0,55
170317,4,27,5,15,42.06105278,-88.05746111,12,1,1,5,998,0,0,70
170318,4,28,6,17,42.24060833,-88.85150556,12,1,1,2,998,1,0,55
170319,4,28,6,15,38.21421944,-88.98645,12,1,1,2,998,1,0,55
170320,4,28,6,16,40.45923611,-89.02775,8,1,1,1,998,0,0,70
170321,4,28,6,21,39.80138056,-89.70626111,8,3,1,1,998,0,0,55
170322,4,29,7,8,41.62259722,-87.66135833,12,1,1,6,998,0,0,35
170323,4,30,1,5,41.89484444,-87.76544167,12,4,1,2,998,1,0,30
170324,4,30,1,16,38.57056944,-89.93848889,18,1,1,1,998,1,0,35
170325,4,30,1,20,40.11154722,-88.00990278,12,2,2,2,998,1,1,50
170326,4,30,1,23,41.79121944,-87.80976944,12,3,2,2,998,1,0,35
170327,5,1,2,5,40.81963889,-88.69253889,12,4,1,2,998,1,0,70
170328,5,1,2,10,39.51388333,-89.64523611,12,1,7,4,998,0,0,70
170329,5,1,2,10,39.51388333,-89.64523333,12,1,7,2,998,1,0,70
170330,5,1,2,10,39.51388333,-89.64523333,12,1,7,3,998,1,0,70
170331,5,1,2,10,39.51388056,-89.64523333,12,1,7,2,998,2,0,70
170332,5,1,2,10,39.51388611,-89.64523056,12,1,7,3,998,1,0,70
170333,5,1,2,15,39.79501111,-89.65343889,12,1,1,2,50,0,0,30
170334,5,2,3,17,39.75723333,-89.57673611,8,1,1,1,998,0,0,0
170336,5,3,4,1,41.80653333,-87.72367778,14,3,1,1,998,1,1,35
170337,5,4,5,16,40.70017778,-89.17589444,42,1,1,1,998,1,1,55
170338,5,4,5,17,42.28943333,-88.999575,12,1,1,3,998,1,0,45
170339,5,4,5,21,38.62380556,-88.97615,12,3,1,2,80,0,1,45
170340,5,5,6,23,42.0344,-87.76133333,8,3,1,1,998,0,0,25
170341,5,5,6,23,41.92755556,-87.96484167,12,3,1,2,998,0,0,99
170342,5,6,7,1,41.71414722,-87.65068333,24,3,1,1,998,1,0,55
170343,5,6,7,4,41.90977778,-87.73980556,12,3,1,2,998,0,0,30
170344,5,6,7,11,39.79426389,-89.66815556,12,1,1,2,998,1,1,35
170345,5,6,7,12,41.808525,-87.68437222,8,1,2,2,998,0,0,25
170346,5,6,7,20,41.62426944,-87.79575833,1,2,1,1,998,1,0,45
170347,5,7,1,1,41.77372222,-87.626,25,3,1,1,998,1,0,55
170348,5,7,1,1,41.74594167,-87.85110278,1,3,1,1,998,1,0,35
170349,5,7,1,2,41.899325,-87.69675833,9,2,1,1,998,0,0,30
170350,5,7,1,17,41.84524167,-88.30567222,12,1,1,2,998,0,1,40
170351,5,7,1,18,41.43229722,-90.54114167,12,1,1,2,998,1,1,45
170353,5,7,1,23,42.30633889,-88.00446944,12,3,1,2,998,0,1,45
170354,5,8,2,17,40.12828611,-87.95893333,24,1,1,1,998,2,1,55
170355,5,9,3,20,41.88321389,-88.20918333,8,3,1,1,30,0,0,30
170356,5,10,4,0,41.72609722,-87.62481389,12,3,1,3,998,0,0,55
170357,5,10,4,6,38.36169722,-89.02774444,42,9,1,1,998,1,0,70
170358,5,10,4,17,41.62279444,-87.57061667,12,1,1,2,998,0,0,0
170359,5,10,4,20,41.92504167,-88.72360833,12,2,1,2,998,1,1,35
170360,5,11,5,11,40.81563889,-88.60417222,35,1,1,1,998,1,0,55
170361,5,11,5,14,41.81638333,-87.92549167,8,1,1,1,998,0,0,25
170362,5,11,5,20,41.52798611,-88.06536944,12,3,1,2,998,1,1,30
170363,5,13,7,3,39.42121111,-89.12375,12,2,5,2,998,1,1,55
170364,5,13,7,99,39.363275,-87.70951944,42,2,1,1,998,1,1,55
170365,5,13,7,12,41.09847778,-88.95029722,1,1,1,1,998,1,1,55
170366,5,13,7,16,41.67483056,-87.55928333,12,1,1,4,998,1,0,40
170367,5,13,7,21,42.05415833,-87.89808889,12,3,1,2,998,1,0,40
170368,5,14,1,21,38.8768,-90.015,12,2,2,2,998,1,0,50
170369,5,15,2,6,41.90747778,-87.89025,12,1,1,2,998,0,0,40
170370,5,15,2,19,41.93596944,-88.63043056,5,1,1,1,998,1,0,55
170371,5,15,2,20,40.55935,-88.90905556,59,2,1,1,998,1,0,70
170372,5,15,2,23,41.87286667,-87.90915833,25,3,1,1,998,1,0,45
170373,5,16,3,13,41.72694722,-88.37527778,12,1,1,2,998,0,0,45
170374,5,16,3,22,42.13879444,-87.94649167,12,3,1,3,998,4,0,35
170375,5,17,4,1,39.79931111,-88.12143611,32,2,1,1,998,1,1,55
170376,5,18,5,13,39.83401944,-89.60463889,12,1,1,2,998,0,0,35
170377,5,18,5,13,40.26629444,-88.66588611,1,1,1,1,998,1,0,70
170378,5,18,5,14,40.3024,-88.1618,33,1,1,1,998,1,0,35
170379,5,18,5,14,41.49155833,-87.65849722,12,1,1,2,998,2,0,40
170380,5,18,5,17,41.99281389,-87.98898889,12,1,1,2,998,0,0,40
170381,5,18,5,22,42.33741389,-87.88586944,9,2,1,1,998,0,0,45
170382,5,18,5,23,41.83469444,-87.68675,8,3,1,1,998,0,0,55
170383,5,19,6,17,41.940625,-89.28286111,32,1,1,1,998,1,1,55
170384,5,20,7,18,41.42083611,-87.60805,58,1,1,1,998,1,0,55
170385,5,21,1,2,42.18391944,-88.07756944,43,3,1,1,998,1,1,20
170386,5,21,1,7,42.3982,-88.0657,12,1,1,2,998,0,0,45
170387,5,21,1,10,40.49345278,-87.89753056,32,1,1,1,998,1,0,55
170388,5,21,1,20,38.57118889,-90.10756389,8,2,1,1,998,0,0,40
170389,5,22,2,10,39.21366389,-90.38669444,12,1,1,3,998,0,0,55
170390,5,22,2,11,38.64893889,-88.04368333,12,1,1,2,70,2,0,30
170391,5,23,3,16,41.82953333,-88.32073056,9,1,1,1,998,0,0,45
170393,5,25,5,9,38.51206389,-89.65163611,8,1,1,1,998,0,0,70
170394,5,25,5,14,39.76538611,-89.75330833,9,1,1,1,998,0,0,40
170395,5,27,7,18,37.99488056,-88.68315556,1,1,1,1,998,1,1,55
170396,5,27,7,13,41.31030556,-89.12648889,12,1,1,2,998,1,0,55
170397,5,27,7,16,39.43303056,-88.95514167,42,1,1,1,998,1,0,55
170398,5,28,1,4,41.69399444,-87.65946667,12,3,1,3,998,1,1,55
170399,5,28,1,19,41.93775,-89.76914444,12,1,1,2,998,0,0,55
170400,5,28,1,22,41.83314167,-87.95564444,8,2,1,2,998,0,0,55
170401,5,28,1,22,41.86612222,-87.71958333,8,3,1,1,998,0,0,98
170402,5,28,1,23,42.32686667,-89.5928,42,2,1,1,998,2,0,55
170403,5,29,2,2,42.45105833,-88.21338889,8,2,1,1,998,0,0,50
170404,5,29,2,7,41.52835278,-87.65175556,12,1,1,2,998,1,0,25
170405,5,29,2,15,41.73443333,-88.46965833,30,1,1,1,998,1,0,40
170406,5,29,2,21,41.50604722,-87.69139444,41,2,1,2,998,1,0,40
170407,5,29,2,23,38.62561667,-90.16244167,1,3,1,2,998,1,1,35
170408,5,29,2,23,41.6475,-87.71864167,15,3,1,1,998,0,0,40
170409,5,30,3,0,41.85741667,-87.71025833,8,3,1,1,998,0,0,98
170410,5,30,3,14,38.08186667,-89.07289722,9,1,1,1,998,0,0,55
170411,5,30,3,15,40.57241944,-88.36603889,30,1,1,1,998,1,0,55
170412,5,31,4,14,37.49299444,-89.11339722,35,1,1,1,998,1,0,55
170413,6,1,5,5,38.7937,-90.06693611,12,1,1,2,998,0,0,25
170414,6,1,5,10,37.86925,-88.52223889,1,1,1,1,998,1,0,45
170415,6,1,5,14,38.55916944,-89.88081111,1,1,1,1,998,1,0,55
170416,6,1,5,22,42.04820556,-88.10718611,9,2,1,1,998,0,0,35
170417,6,2,6,3,41.960875,-87.93970556,12,3,1,2,998,0,1,30
170418,6,2,6,14,37.44146389,-88.66871111,32,1,1,1,998,1,0,55
170419,2,18,7,12,41.71937222,-88.16741944,12,1,1,2,998,0,0,40
170421,5,22,2,0,38.60671667,-90.17157222,12,3,1,2,70,0,0,30
170422,6,2,6,12,42.16908611,-87.82623889,9,1,1,1,998,0,0,99
170423,6,2,6,21,41.70549722,-87.74015278,1,3,1,2,998,1,0,35
170424,1,4,4,19,41.70306667,-87.642775,8,3,1,1,998,0,0,98
170425,1,10,3,0,41.78654167,-87.68461667,42,3,1,1,998,1,0,98
170426,5,6,7,21,40.12430833,-87.85527222,1,2,1,2,998,1,1,70
170427,6,2,6,21,37.81484167,-88.53953333,35,2,1,1,998,1,1,55
170428,6,3,7,5,41.8524,-89.7092,1,4,1,1,998,1,1,55
170429,6,3,7,9,41.22699444,-88.24496667,12,1,1,2,998,0,0,55
170430,6,3,7,13,42.0197,-87.94815278,25,1,1,1,998,1,0,70
170431,6,2,6,14,42.24293889,-88.85656944,8,1,1,1,998,0,0,25
170432,6,3,7,16,38.51954722,-89.92415278,12,1,1,2,998,0,0,40
170433,1,12,5,19,38.76140833,-90.09968056,12,2,1,2,998,1,0,55
170434,1,22,1,1,41.80513333,-87.63092222,12,3,1,3,998,0,1,55
170435,1,7,7,11,41.35878889,-89.441375,5,1,98,1,998,1,0,55
170437,2,3,6,23,41.71335278,-87.60286667,25,3,1,1,998,1,0,55