ST_CASE,MONTH,DAY,DAY_WEEK,HOUR,LATITUDE,LONGITUD,HARM_EV,LGT_COND,WEATHER,VE_FORMS,TRAV_SP,DEATHS,DR_DRINK,VSPD_LIM
170797,9,8,6,15,38.6102,-90.0927,12,1,1,2,998,0,0,30
170798,9,26,3,18,40.14573056,-87.63552778,12,1,1,2,998,0,0,30
170799,9,26,3,15,41.85984444,-87.92690278,12,1,1,2,998,1,0,60
170800,9,8,6,14,39.80919722,-88.87792778,12,1,1,2,998,1,0,35
170801,9,26,3,14,41.68535556,-88.06784167,18,1,1,2,998,1,1,55
170802,9,8,6,18,41.50474444,-90.54153056,12,5,1,2,998,0,0,30
170803,9,26,3,9,41.86396667,-88.05226667,12,1,2,3,998,1,0,40
170804,9,8,6,21,42.10930278,-88.36073611,33,2,1,1,998,1,1,45
170805,9,8,6,22,42.3703,-87.8612,8,2,1,1,998,0,0,30
170806,9,26,3,20,42.11339167,-87.93673611,8,2,1,2,998,0,0,40
170807,9,8,6,23,40.67145,-89.55291111,8,3,1,1,35,0,0,40
170808,9,9,7,21,40.45333611,-90.65734167,5,3,1,1,998,1,0,30
170809,9,9,7,14,42.48173333,-88.15000556,12,1,1,2,998,0,0,30
170810,9,9,7,20,41.87422778,-87.72045278,8,3,1,1,998,0,0,30
170811,9,9,7,21,42.00009444,-87.72335278,12,3,1,2,998,0,0,35
170812,9,9,7,23,40.65527222,-87.59198889,35,2,1,1,998,1,1,55
170813,9,10,1,15,42.41003333,-87.82485833,12,1,1,2,998,0,0,40
170814,9,11,2,6,42.4291,-88.8945,1,2,2,1,998,1,1,55
170815,9,12,3,23,42.23334167,-87.97701944,8,2,2,1,998,0,0,35
170816,9,13,4,18,38.32319722,-90.24461389,24,1,1,1,998,1,0,55
170817,9,14,5,12,40.38501667,-89.96127222,12,1,1,2,998,1,1,55
170818,9,25,2,19,38.91575833,-90.15192778,12,5,1,2,998,0,0,45
170819,9,14,5,13,41.8569,-88.17472222,12,1,1,2,998,0,0,50
170820,9,25,2,16,41.99032778,-88.46473056,12,1,1,2,998,1,0,45
170821,9,14,5,22,42.00824444,-87.93291111,12,3,1,2,998,1,0,40
170822,9,25,2,15,41.82736111,-87.69470833,12,1,1,2,998,0,0,30
170823,9,25,2,2,42.04379722,-87.832725,8,3,1,1,998,0,0,35
170824,9,24,1,22,41.87704444,-88.61572222,8,2,1,2,0,0,0,70
170825,9,15,6,3,38.70621389,-89.80934722,12,2,1,2,998,1,1,55
170826,9,24,1,21,39.00278333,-88.88778333,12,2,1,2,998,1,1,70
170827,9,15,6,8,42.26490833,-89.01122778,9,1,1,1,998,0,0,45
170828,9,24,1,17,42.34145,-87.87341111,12,1,1,2,998,0,0,35
170829,9,24,1,3,40.46255833,-89.00313889,42,2,1,1,998,1,1,30
170830,9,15,6,10,42.28401667,-89.39788889,12,1,1,2,998,1,0,65
170831,9,23,7,18,41.76005,-87.82755556,12,1,1,2,998,1,0,45
170832,9,23,7,2,42.4766,-89.14991944,98,2,2,1,107,1,1,55
170833,9,23,7,1,41.06956389,-89.87018889,42,2,1,1,998,1,0,55
170834,9,15,6,13,42.46755833,-87.85447222,12,1,1,2,998,1,0,45
170835,9,22,6,20,41.24813056,-88.23266667,73,2,1,1,998,1,0,55
170836,9,22,6,19,39.84517222,-88.91276667,12,2,8,2,998,1,1,40
170837,9,15,6,19,41.96968889,-87.86185,12,3,1,2,998,0,0,40
170838,9,22,6,14,42.27689722,-88.78362222,12,1,1,2,998,0,0,55
170839,9,22,6,8,38.37201944,-88.55304167,32,2,1,1,998,1,0,55
170840,9,15,6,23,42.36984167,-89.02810833,33,3,1,1,998,1,1,45
170841,9,22,6,7,39.98188889,-88.16125,12,1,1,2,998,1,0,55
170842,9,16,7,14,38.57230833,-90.18794167,12,1,1,2,998,0,0,40
170843,9,22,6,5,38.06569167,-88.92404444,12,2,1,2,998,0,1,55
170844,9,16,7,16,37.98528889,-88.94240278,24,1,1,1,998,3,0,55
170845,9,21,5,22,41.78673056,-87.61578333,8,3,99,1,998,0,0,30
170846,9,16,7,18,38.85695,-87.98981389,1,2,1,1,998,1,1,55
170847,9,21,5,20,39.84809444,-88.97279722,8,2,2,1,998,0,0,30
170848,9,21,5,13,41.85141389,-87.63196389,8,1,2,1,998,0,0,40
170849,9,17,1,2,41.88884167,-87.65894722,38,2,1,1,998,1,0,98
170850,9,21,5,0,42.03648333,-88.29062222,9,2,1,1,998,0,1,30
170851,10,1,1,1,42.41495278,-88.652325,12,2,1,3,998,0,1,55
170852,9,17,1,3,42.0509,-87.8868,10,2,2,1,998,1,0,35
170853,9,17,1,22,41.95051667,-87.64423889,43,3,1,2,998,1,0,45
170854,9,20,4,19,39.85104444,-88.95615,8,3,1,1,998,0,0,30
170855,9,20,4,16,40.9546,-90.93114167,12,1,1,2,998,0,0,55
170856,9,17,1,16,38.47643333,-88.94325,12,1,1,2,998,1,0,55
170857,10,1,1,2,41.92450833,-87.726825,15,3,1,1,998,0,0,98
170858,9,19,3,15,38.45899444,-88.94200556,12,1,1,2,998,1,0,55
170859,9,18,2,1,42.13237778,-88.1082,5,2,1,1,998,1,0,45
170860,10,1,1,3,41.90919167,-87.77465833,33,3,1,1,998,1,0,98
170861,9,18,2,6,42.0254,-88.1289,12,1,1,2,998,0,0,40
170862,10,1,1,10,39.80242222,-89.65077222,14,1,1,1,998,1,0,30
170863,9,18,2,7,41.9904,-87.69944167,12,1,1,2,998,0,0,30
170864,10,1,1,15,41.47805833,-88.08011667,12,1,1,2,998,0,0,55
170865,9,18,2,12,41.65758611,-88.23488056,12,1,1,2,998,1,1,55
170866,10,1,1,15,42.38362778,-88.06293889,12,1,1,2,998,1,0,40
170867,10,1,1,16,42.23233611,-87.85478333,12,1,1,3,998,1,0,45
170868,10,1,1,17,41.71699167,-88.00399167,18,1,1,1,998,1,0,99
170869,10,1,1,18,40.67590833,-89.62313333,9,5,1,1,998,0,0,30
170870,10,1,1,22,38.63915,-89.97041111,12,3,1,2,998,1,0,99
170871,10,2,2,0,37.93614444,-89.05850278,34,2,5,1,998,1,0,55
170872,10,2,2,11,41.93421389,-89.05454722,9,1,1,1,40,0,0,40
170873,10,2,2,12,40.529125,-87.89894444,12,1,1,2,998,0,0,55
170874,9,18,2,19,41.51542222,-88.12545,8,5,1,1,998,0,0,30
170875,10,2,2,20,41.57870278,-87.65478611,30,3,1,1,998,1,0,30
170876,9,19,3,20,40.1132,-88.3145,12,3,1,2,998,1,0,55
170877,9,19,3,10,42.16069167,-88.02618056,12,1,2,2,998,1,0,45
170878,10,2,2,22,42.27621111,-89.08168333,42,3,1,1,998,1,1,30
170879,9,29,6,20,39.14086111,-88.43886389,1,2,1,5,998,0,0,55
170880,10,3,3,2,42.02563611,-87.83765833,30,6,1,1,998,1,0,35
170881,10,3,3,14,39.72747222,-89.49828611,12,1,1,2,998,0,0,55
170882,10,4,4,19,41.94776944,-87.76189167,9,3,1,1,998,0,0,98
170883,10,31,3,9,42.48912778,-87.92627222,12,1,4,2,998,0,0,45
170884,10,30,2,20,41.84100556,-87.60975556,12,3,1,2,998,0,0,45
170885,10,4,4,8,41.87433611,-87.73513333,8,1,1,1,998,0,0,98
170886,10,30,2,14,42.10755556,-88.06328611,30,1,1,1,80,1,0,35
170887,10,4,4,10,42.41007778,-89.48129167,12,1,1,3,998,1,0,55
170888,10,30,2,6,41.950875,-87.88564444,8,2,1,2,998,0,0,40
170889,10,4,4,12,41.90363333,-88.06281667,46,1,1,2,998,1,0,45
170890,10,29,1,19,38.68694722,-88.33312778,8,2,2,1,998,0,0,55
170891,10,29,1,13,38.58354722,-89.87365833,12,1,10,2,998,1,0,50
170892,10,4,4,13,39.96109722,-89.64576389,42,1,1,1,998,1,0,55
170893,10,4,4,19,41.48966944,-90.44063611,8,3,1,1,998,0,0,45
170894,10,29,1,7,42.34256111,-88.53406667,42,4,1,1,998,1,1,55
170895,10,29,1,5,38.888825,-90.17730556,12,3,2,2,998,1,0,30
170896,10,11,4,19,40.43603889,-88.99165833,52,3,1,1,998,1,1,55
170897,10,28,7,15,40.45717222,-88.71670278,12,1,10,2,998,1,0,55
170898,10,28,7,4,41.61704167,-87.79481667,12,3,10,2,998,0,0,45
170899,10,27,6,21,41.79523333,-87.68407778,12,3,1,2,998,0,0,30
170900,10,27,6,15,37.74496389,-89.07690833,1,1,2,1,998,1,1,55
170901,10,4,4,23,41.57635278,-87.97758889,12,2,2,2,998,0,1,55
170902,10,27,6,14,41.35364167,-88.81943056,12,1,1,2,998,1,0,45
170903,10,27,6,2,41.85737778,-87.68571111,21,3,2,1,998,1,0,30
170904,10,26,5,19,40.12529167,-87.81458889,12,2,1,2,0,2,0,70
170905,10,26,5,18,41.92956944,-87.86390278,8,2,1,2,998,0,1,30
170906,10,5,5,5,41.78951111,-87.72313333,8,3,2,2,998,0,0,98
170907,10,25,4,19,39.89364167,-88.60848889,12,2,1,2,998,1,0,55
170908,10,5,5,13,40.44486944,-88.59355278,10,1,1,1,998,1,0,55
170909,10,11,4,6,41.19528056,-88.83615278,12,2,1,2,998,1,1,55
170910,10,5,5,19,41.71913889,-88.32005556,8,3,1,1,998,0,0,45
170911,10,11,4,22,41.53664167,-88.15323611,30,3,2,2,100,1,0,40
170912,10,12,5,8,39.77541667,-90.73701389,42,1,1,1,998,1,0,55
170913,10,13,6,5,40.48538611,-91.35574167,52,1,2,1,998,1,0,55
170914,10,13,6,8,42.41107222,-90.25764444,52,1,2,1,998,1,0,55
170915,10,6,6,5,41.79424444,-88.32704722,12,2,1,2,998,0,1,55
170916,10,13,6,13,39.86984722,-89.66438611,12,1,2,3,998,1,0,55
170917,10,6,6,5,41.39890833,-87.75470556,8,2,1,1,998,0,0,55
170918,10,6,6,8,42.11023056,-87.97693056,12,1,1,3,998,1,0,35
170919,10,6,6,11,41.841775,-87.60965,12,1,1,2,998,0,1,98
170920,10,6,6,20,41.85219167,-87.67451389,8,3,1,1,998,0,0,98
170921,10,13,6,18,38.4006,-87.7901,9,5,1,1,60,0,0,55
170922,10,13,6,21,41.71938056,-87.94394444,12,2,2,2,998,0,0,55
170923,10,14,7,4,42.35103611,-87.85361111,8,3,2,1,998,0,0,30
170924,10,14,7,10,41.57916111,-87.55723889,43,1,2,1,998,1,0,30
170925,10,14,7,13,41.65953056,-88.44673889,12,1,2,2,998,1,0,30
170926,10,15,1,19,41.79031111,-87.79029444,9,3,10,1,998,0,0,98
170927,10,15,1,18,39.026475,-89.55654167,35,1,1,1,998,1,1,55
170928,10,16,2,13,39.81700556,-89.64319722,9,1,1,1,998,0,0,35
170929,10,17,3,5,41.89869167,-87.61828889,8,3,1,1,998,0,0,98
170930,10,17,3,21,38.60603611,-88.08448611,1,2,1,1,998,1,1,55
170931,10,17,3,18,38.69301944,-89.95303889,98,5,1,1,998,1,0,99
170932,10,17,3,21,39.17542778,-89.69356389,8,2,1,2,998,0,0,55
170933,10,17,3,22,41.93365556,-88.47924722,1,2,1,1,998,1,1,55
170934,10,18,4,2,37.887675,-89.15554722,32,2,1,1,998,1,1,55
170935,10,18,4,12,38.44372222,-90.12394722,12,1,1,3,998,0,0,55
170936,10,18,4,16,42.37920278,-88.10236389,40,1,1,1,998,1,0,30
170937,10,25,4,18,42.10777778,-89.62753889,12,2,1,2,998,0,1,55
170938,10,25,4,18,41.62096667,-87.64144722,8,2,1,1,998,0,0,35
170939,10,25,4,10,39.71036389,-88.45181667,12,1,2,2,998,0,0,55
170940,10,25,4,7,38.71754722,-89.84697778,12,4,2,2,998,1,0,98
170941,10,26,5,14,38.53360556,-89.97768611,9,1,1,1,998,0,0,40
170942,10,7,7,15,77.7777,777.7777,12,1,1,2,998,1,1,60
170943,10,8,1,1,42.04565833,-89.60694722,34,6,1,1,998,1,1,55
170944,7,2,1,12,40.46403889,-88.94291667,23,1,1,1,998,1,1,30
170945,8,30,4,2,40.90850278,-90.36528056,34,2,1,1,998,1,1,55
170946,9,11,2,6,41.73954722,-87.56606389,18,1,2,1,998,1,0,98
170947,9,23,7,22,39.31777222,-89.26088056,1,2,1,1,998,1,1,55
170948,10,24,3,22,41.87196389,-87.75469167,12,3,2,3,998,0,0,20
170949,10,24,3,21,41.91263333,-88.3296,9,3,1,1,998,0,0,35
170950,10,19,5,16,41.916275,-87.80599444,8,1,2,1,998,0,0,30
170951,10,24,3,20,38.76016667,-90.0341,1,2,1,1,998,1,0,55
170952,10,24,3,5,41.91459167,-87.88410556,9,3,1,1,998,0,0,25
170953,10,20,6,14,38.63017778,-89.03124167,10,1,1,1,998,1,0,55
170954,10,20,6,16,38.634,-89.911475,42,1,1,1,998,1,0,98
170955,10,23,2,19,41.97523611,-87.67933889,9,3,1,1,998,0,1,40
170956,10,20,6,18,40.95805278,-90.38328611,12,1,1,2,998,0,0,0
170957,10,23,2,10,41.94137778,-87.82033056,15,1,1,1,998,0,0,98
170958,10,23,2,6,40.90270278,-89.49426944,8,2,1,1,998,0,0,45
170959,10,20,6,19,41.85035833,-87.67088889,12,5,1,2,998,1,0,98
170960,10,23,2,4,41.39217222,-88.76065,8,2,1,1,998,0,0,55
170961,10,21,7,99,41.55506944,-89.27675,52,2,99,1,998,1,1,55
170962,10,21,7,21,41.6771,-87.6613,33,3,2,1,998,1,0,35
170963,10,23,2,2,41.80680556,-87.77643056,12,3,1,2,998,1,0,55
170964,10,22,1,18,41.50628889,-87.58754167,8,5,1,1,998,0,0,35
170965,10,22,1,18,42.37818889,-88.17086667,12,3,1,2,998,0,0,25
170966,9,20,4,12,42.35175278,-89.79276667,12,1,1,2,998,1,0,55
170967,10,21,7,22,41.771775,-87.69324167,8,2,99,1,998,0,0,30
170968,8,1,3,5,41.48801667,-87.57157778,8,4,1,1,998,0,0,35
170969,11,1,4,4,41.48920833,-87.57754722,12,2,1,2,998,0,0,55
170970,11,1,4,8,39.983175,-90.74176111,12,1,1,2,998,1,0,55
170971,9,27,4,16,40.71287222,-89.03208611,12,1,1,2,998,1,0,70
170972,11,1,4,9,38.326975,-88.88255278,34,1,1,1,998,1,0,55
170973,11,2,5,12,42.04628333,-88.17878056,12,1,1,2,998,0,0,45
170974,11,3,6,2,40.71954722,-89.32879167,1,2,1,1,998,1,0,55
170975,10,8,1,3,38.2389,-89.72531667,12,2,1,2,998,1,1,55
170977,11,3,6,4,37.74906111,-89.21940278,12,3,1,2,998,1,0,45
170978,10,8,1,4,41.84398056,-87.63171944,12,3,1,2,998,1,0,55
170979,11,9,5,17,41.77153056,-87.88383056,8,5,1,1,998,0,0,40
170980,9,28,5,17,41.93152222,-88.77309444,33,1,1,1,998,1,0,30
170981,11,3,6,10,39.72589167,-89.87237778,32,1,1,1,998,1,0,55
170982,10,8,1,6,41.93125278,-87.76990556,8,3,1,1,998,0,0,98
170983,11,3,6,22,38.94975556,-88.20727222,32,2,1,1,998,1,1,55
170984,11,9,5,18,39.48396944,-90.26498056,8,2,1,1,998,0,0,55
170985,10,9,2,15,39.79162778,-88.23970556,12,1,1,3,998,1,0,55
170986,11,10,6,1,40.34887778,-89.97966389,1,2,1,1,998,1,1,55
170987,11,4,7,12,41.84920278,-88.75394167,12,1,1,2,998,1,0,55
170988,11,10,6,1,38.73166111,-90.12407778,21,3,1,1,998,1,1,35
170989,11,20,2,7,41.5063,-87.600625,12,1,1,3,998,1,0,40
170990,11,10,6,3,39.561625,-88.33943611,1,6,1,1,998,1,0,55
170991,11,4,7,14,37.57519444,-88.57490278,12,1,1,2,998,1,0,55
170992,11,20,2,23,41.56185833,-87.90772222,12,2,2,2,998,1,0,50
170993,11,4,7,20,41.66761389,-87.79665556,8,3,1,1,998,0,0,35
170994,11,21,3,16,41.50808611,-88.62828333,11,2,1,2,998,0,0,55
170995,10,14,7,17,41.65757222,-89.25964722,1,1,1,1,998,1,1,55
170996,11,10,6,8,41.85773611,-90.15364444,12,1,1,2,998,0,0,40
170997,11,5,1,12,42.01171111,-87.72857222,12,1,1,4,998,0,0,35
170998,10,22,1,22,41.07249722,-87.72368056,12,2,1,2,998,1,0,55
170999,11,10,6,15,39.94293611,-91.396225,12,1,1,2,998,0,0,30
171000,11,10,6,15,42.21101944,-87.84002222,12,1,1,2,998,0,0,45
171001,10,22,1,5,38.24070833,-89.38014722,32,2,1,1,109,1,0,55
171002,11,21,3,17,41.47508889,-87.5774,8,2,1,1,998,0,0,55
171003,11,23,5,15,39.79984167,-89.68633889,39,1,1,1,998,1,1,40
171004,11,23,5,20,42.29776111,-89.085225,8,2,1,1,998,0,0,30
171005,11,23,5,21,41.86416667,-87.84930278,8,3,1,2,998,0,0,30
171006,10,26,5,10,38.73815833,-89.94738333,12,1,10,2,998,1,0,20
171007,11,23,5,22,38.11504444,-89.85072778,34,2,1,1,998,1,1,55
171008,11,24,6,2,41.6249,-87.75738056,8,2,1,1,998,0,0,35
171009,11,24,6,17,39.47523333,-90.78193889,1,5,1,1,998,1,1,55
171010,11,24,6,18,41.62625556,-87.64141944,15,2,1,1,998,0,0,35
171011,11,5,1,13,41.69278611,-87.60988889,12,1,1,2,998,0,0,35
171012,11,24,6,20,38.44083889,-90.13805,12,2,1,2,998,0,0,55
171013,11,5,1,14,38.38747222,-90.25662222,1,1,1,2,998,0,0,55
171014,11,24,6,21,39.59015,-89.534625,12,2,1,2,998,1,0,55
171015,11,5,1,19,39.01013056,-88.03726667,12,2,1,3,998,0,0,55
171016,11,24,6,21,41.86160556,-87.6447,25,2,1,1,998,1,0,55
171017,11,25,7,1,41.52061111,-87.67459444,25,3,1,1,998,1,0,35
171018,11,5,1,20,41.39087778,-88.34160833,42,2,1,1,998,1,0,50
171019,11,5,1,21,40.48713611,-87.68869444,1,2,1,1,998,1,1,55
171020,11,25,7,1,41.59860833,-88.94186944,30,2,1,1,998,1,1,55
171021,11,5,1,0,41.91461389,-88.74859444,12,6,1,2,998,0,1,30
171022,11,25,7,6,38.98376389,-89.8593,32,2,1,1,998,1,1,55
171023,11,25,7,5,42.34339444,-87.87400278,12,2,1,2,998,1,0,55
171024,11,6,2,21,42.364625,-87.96345833,8,3,1,1,998,0,0,40
171025,11,6,2,13,42.44275833,-87.8548,12,1,1,2,998,0,0,45
171026,11,26,1,7,41.71934722,-87.800075,42,1,4,1,998,1,1,45
171027,11,7,3,4,40.03180556,-88.25514167,9,2,1,1,998,0,0,55
171028,11,26,1,10,41.35623889,-88.84665,12,1,4,3,998,0,0,30
171029,11,7,3,5,41.50617222,-87.62568056,8,2,1,1,998,0,0,35
171030,11,7,3,9,39.99339444,-88.90801111,1,9,1,1,998,1,0,55
171031,11,10,6,23,38.57330833,-90.10997222,8,2,1,1,998,0,0,40
171032,11,7,3,16,40.71541111,-89.51018056,42,1,1,1,998,1,0,50
171033,11,8,4,7,38.54810278,-89.16586389,34,2,1,1,998,1,0,55
171034,11,11,7,18,41.86086944,-87.97059722,8,2,1,1,998,0,0,25
171035,11,8,4,8,39.94218889,-89.34371111,23,1,1,1,998,1,0,55
171036,11,8,4,15,39.44799167,-90.87818611,9,1,1,1,998,0,0,25
171037,11,8,4,15,40.26772778,-88.99931667,11,1,1,1,998,1,0,55
171038,11,10,6,6,40.51684167,-89.05984722,12,1,1,2,998,0,0,55
171039,11,12,1,3,41.11836111,-87.92303056,53,2,1,1,998,1,1,55
171040,11,12,1,10,41.81259444,-88.15782222,12,1,1,2,998,1,0,40
171041,11,19,1,17,39.28502778,-88.46208333,12,2,1,2,998,0,0,70
171042,6,24,7,23,42.38938889,-89.735675,1,6,99,1,998,1,1,55
171043,11,19,1,7,41.62443056,-87.64626944,8,1,1,1,998,0,0,25
171044,11,19,1,5,39.14739722,-89.35049722,12,2,1,2,998,1,0,55
171045,11,12,1,15,38.60759167,-90.07781111,24,1,99,1,998,1,0,55
171046,11,19,1,99,37.08666111,-89.35194167,1,2,1,1,998,1,1,55
171047,7,1,7,17,41.90010556,-88.19274444,8,1,99,1,999,0,0,35
171048,11,12,1,21,41.88555556,-87.72585278,21,3,1,1,998,1,0,98
171049,11,8,4,17,39.38996111,-89.06823889,8,2,1,1,998,0,0,35
171050,7,25,3,8,39.90905556,-88.16057222,12,1,1,2,998,0,0,55
171051,11,27,2,1,41.6724,-87.6624,24,3,1,1,998,1,0,25
171052,11,27,2,12,40.97814722,-88.77243611,1,1,98,1,998,1,0,55
171053,11,28,3,17,38.08121111,-88.60028333,12,5,1,3,998,2,1,55
171054,11,18,7,17,41.909925,-87.854675,15,3,1,1,998,0,0,20
171055,11,29,4,10,37.94411667,-88.93763611,12,1,1,2,998,1,0,55
171056,11,17,6,5,38.71266667,-87.56103056,42,9,99,1,998,2,1,55
171057,11,29,4,10,38.47769722,-90.225,8,1,1,1,998,0,0,65
171058,11,17,6,8,42.465125,-87.92463611,12,1,1,3,998,1,0,50
171059,6,29,5,10,42.06024444,-88.05085278,12,1,1,5,998,0,0,70
171060,11,17,6,18,40.78790833,-89.73821389,12,2,1,2,998,1,0,55
171061,12,1,6,1,39.03093333,-88.79163333,12,2,2,2,998,1,0,70
171062,7,8,7,1,38.70921944,-89.95191667,12,3,1,2,998,0,1,65
171063,11,16,5,5,37.62578889,-88.41298889,42,4,1,1,29,1,0,35
171064,11,17,6,21,39.33618333,-88.80631111,31,2,1,1,998,1,1,55
171065,11,13,2,9,41.58489444,-89.4442,42,1,1,1,998,1,0,99
171066,12,7,5,2,41.92431111,-87.74008889,42,6,1,1,998,1,0,98
171067,11,13,2,11,40.44789722,-89.02245833,45,1,1,1,998,1,0,55
171068,11,17,6,22,41.77412222,-87.72282778,14,3,1,1,998,1,0,30
171069,12,2,7,16,38.50956667,-88.94098889,35,1,10,1,998,1,0,55
171070,12,15,6,3,41.83788889,-87.66185556,33,3,1,1,998,1,0,98
171071,12,17,1,2,41.957125,-87.93377778,24,3,2,1,998,1,0,98
171072,11,13,2,16,41.73346944,-88.26054722,9,1,1,1,998,0,0,35
171073,7,16,1,1,41.7196,-87.77993889,12,3,1,2,998,0,1,30
171074,11,13,2,18,42.39564167,-89.57409167,12,3,1,2,998,1,1,55
171075,11,14,3,15,41.49365,-88.08051111,12,1,1,2,998,0,0,45
171076,7,26,4,10,41.33198889,-88.83988611,30,1,1,2,998,1,0,25
171077,12,1,6,8,37.70506667,-88.574,12,1,1,2,998,1,0,55
171079,11,16,5,9,41.86776944,-87.62058611,12,1,1,2,998,1,0,30
171080,11,14,3,16,42.3075,-88.9793,12,3,1,2,998,1,1,45
171081,12,4,2,12,42.22922222,-88.1692,24,1,1,1,998,1,0,50
171082,12,5,3,1,41.41788889,-90.08448333,42,6,4,1,998,1,0,55
171083,12,13,4,1,37.31777222,-89.16303611,42,6,1,1,998,1,1,55
171085,11,14,3,20,38.86633056,-90.06871389,8,3,1,1,998,0,0,40
171086,11,15,4,22,38.56689444,-90.18322778,42,2,1,1,998,1,0,15
171087,12,1,6,12,41.33744167,-87.78543333,12,1,2,2,998,0,0,55
171088,12,1,6,18,39.60323611,-88.60750556,8,3,2,1,998,0,0,25
171089,12,1,6,20,39.83113056,-89.60066389,12,2,2,2,998,1,1,45
171090,12,2,7,13,41.98248056,-87.78593056,12,1,1,2,998,1,0,55
171091,11,15,4,18,41.46065833,-88.349025,12,2,1,2,998,0,0,55
171092,11,15,4,7,40.82140556,-90.87420833,12,1,1,2,998,1,0,55
171093,12,30,7,18,42.11826389,-87.98873056,8,2,1,1,998,0,0,45
171094,12,30,7,1,37.74315833,-88.42706389,12,2,1,2,998,1,1,55
171095,12,10,1,2,42.10978056,-87.91735833,12,2,1,2,998,0,1,55
171096,12,29,6,21,41.78041667,-87.60592222,12,3,2,5,998,0,0,30
171097,12,10,1,14,38.51957222,-89.92419722,12,1,1,2,998,0,0,45
171098,12,11,2,20,37.86416667,-88.76206389,12,1,1,2,998,1,1,55
171099,12,28,5,23,38.61029444,-90.09284722,12,2,2,3,998,1,0,55
171100,12,3,1,11,41.96289722,-87.71330556,30,1,2,1,998,1,0,98
171101,12,12,3,14,41.86972778,-87.74495278,8,1,1,1,998,0,0,30
171102,12,4,2,5,41.51670278,-88.08127222,12,2,1,2,998,1,0,98
171103,12,12,3,19,41.73509722,-87.58563889,12,2,1,2,998,1,0,98
171104,12,28,5,23,41.71156389,-87.64305556,8,3,2,1,998,0,0,30
171105,12,13,4,7,39.88833889,-89.98485278,12,1,1,2,998,1,0,55
171106,12,28,5,21,41.52071944,-87.63029167,9,2,2,3,998,0,0,40
171107,12,8,6,13,40.55293056,-89.58293056,43,1,1,1,998,1,0,40
171108,12,23,7,2,38.815025,-87.53102778,34,6,2,1,998,2,1,35
171109,12,16,7,10,40.51721389,-88.09270556,34,1,2,1,998,1,0,35
171110,12,4,2,7,37.7471,-89.21908333,12,1,12,2,998,2,0,45
171111,12,28,5,5,37.76311389,-88.83630833,42,2,1,1,998,1,0,35
171112,12,13,4,10,40.88754167,-87.8467,12,1,1,2,998,1,0,55
171113,12,28,5,3,42.30563333,-87.92797778,8,3,1,1,998,0,0,45
171114,12,26,3,23,38.5946,-90.04580278,8,2,1,1,998,0,0,45
171115,12,13,4,21,42.28414444,-89.940175,32,2,1,1,998,1,1,55
171116,12,4,2,19,39.94056389,-89.08635833,12,5,1,2,998,1,0,98
171117,12,25,2,14,40.34110556,-88.16493611,23,1,2,3,998,1,1,55
171118,12,13,4,22,38.61473333,-90.08814167,34,3,1,1,998,1,0,45
171119,12,4,2,20,42.23493056,-87.94622222,1,2,1,1,998,1,1,30
171120,12,14,5,15,41.7517,-88.3756,12,1,1,3,998,1,0,45
171121,12,25,2,0,41.923625,-87.74619444,12,3,1,2,998,1,0,30
171122,7,12,4,19,41.48155278,-89.69734167,12,1,1,2,998,1,0,55
171123,12,24,1,17,42.00314722,-88.18169722,8,3,1,1,998,0,0,40
171124,12,15,6,5,41.87271667,-87.73606944,8,3,1,1,998,0,1,55
171125,12,24,1,15,38.51058889,-89.79300278,12,1,1,2,998,0,1,55
171126,12,4,2,21,41.72193056,-89.44860278,8,2,1,1,998,0,0,55
171127,12,23,7,12,41.88117222,-87.69391111,12,1,10,2,998,0,0,30
171128,12,5,3,2,41.85711389,-87.64415278,8,2,12,2,998,0,0,45
171129,12,23,7,10,38.2715,-88.69032778,1,1,10,1,998,1,0,70
171130,12,23,7,11,38.73389167,-90.14096667,12,1,1,2,998,2,0,55
171131,12,7,5,0,41.88851389,-87.62823056,8,2,1,1,998,0,0,98
171132,12,23,7,1,42.07984167,-87.79169167,42,2,5,1,998,1,0,35
171133,12,3,1,1,42.3939,-88.15568056,8,2,2,1,998,0,0,45
171134,12,7,5,14,37.74341389,-88.54028889,12,1,1,2,998,1,0,45
171135,12,7,5,19,42.08900278,-88.42666944,12,2,1,2,998,1,0,55
171136,12,22,6,17,40.29653333,-89.87358056,12,2,2,2,998,1,0,55
171137,12,8,6,1,41.69836944,-87.65516389,35,3,1,1,998,1,0,55
171138,12,21,5,17,42.23962222,-89.028975,8,2,1,1,998,0,0,40
171139,12,8,6,8,40.89326944,-87.57864444,12,1,1,2,998,1,0,55
171140,12,20,4,11,41.52775278,-88.27395833,12,1,1,2,998,0,0,98
171141,12,8,6,17,39.89091389,-88.97166667,12,6,1,2,998,1,0,40
171142,12,9,7,11,38.21331944,-89.11270833,12,1,1,2,998,2,1,55
171143,12,9,7,8,42.16616111,-88.99856111,12,1,1,2,998,1,0,55
171144,12,8,6,8,41.95969722,-87.75735556,12,1,1,2,998,1,0,98
171145,12,18,2,17,39.73248889,-90.23240556,8,3,1,1,998,0,0,20