ST_CASE,MONTH,DAY,DAY_WEEK,HOUR,LATITUDE,LONGITUD,HARM_EV,LGT_COND,WEATHER,VE_FORMS,TRAV_SP,DEATHS,DR_DRINK,VSPD_LIM
180330,6,5,2,12,40.27386944,-86.20984167,12,1,1,4,998,0,0,55
180331,6,7,4,11,39.76065,-86.65004167,12,1,1,2,998,1,0,40
180332,6,9,6,17,40.59580833,-85.54880833,12,1,1,2,998,1,0,70
180333,6,11,1,11,39.38435278,-87.30516111,42,1,2,1,998,1,0,55
180334,6,9,6,15,39.54195,-87.45438333,12,1,1,2,998,0,0,55
180335,6,8,5,22,41.40235278,-85.74301667,18,2,1,1,998,1,1,55
180336,6,9,6,20,41.33400278,-87.29793611,42,2,10,1,998,1,1,30
180338,4,14,6,6,41.60573056,-87.39988333,10,1,1,1,998,1,0,20
180339,5,21,1,17,39.89952222,-85.88926667,35,1,1,1,998,1,0,55
180340,5,23,3,8,41.15685,-86.60246944,12,1,1,2,998,1,0,55
180341,6,5,2,5,39.66441944,-86.14764444,12,1,1,2,998,0,0,40
180342,6,9,6,22,41.68245556,-86.26404722,12,3,1,2,998,1,1,35
180343,6,12,2,12,38.27601389,-86.06295833,18,1,10,1,998,1,1,35
180344,4,22,7,4,39.41977222,-85.97948333,30,2,10,1,998,1,1,45
180345,6,8,5,20,39.81836944,-86.07846944,12,1,1,3,998,1,1,35
180346,6,3,7,1,40.329325,-87.33398056,34,2,1,1,998,1,1,55
180347,6,13,3,22,39.58642778,-86.288425,17,2,2,1,998,1,0,45
180348,5,27,7,1,39.75413889,-86.14568611,24,2,1,1,998,1,0,5
180349,6,5,2,14,38.26387222,-86.94248056,31,1,1,1,998,1,1,45
180350,6,9,6,16,40.54161111,-85.55043611,12,1,1,2,998,1,0,65
180351,6,17,7,2,41.60871111,-85.84848889,42,3,5,1,998,1,0,35
180352,6,14,4,17,41.22453611,-85.16699722,12,1,1,3,998,0,0,45
180354,6,16,6,20,41.09971389,-85.03142778,30,5,1,1,998,1,0,30
180355,6,19,2,12,39.58510278,-86.13977778,12,1,10,2,998,1,0,35
180356,6,18,1,9,39.43416389,-86.73880278,42,1,1,1,998,1,1,45
180357,3,30,5,0,38.91932222,-87.14381667,52,2,1,1,998,1,0,55
180358,6,10,7,15,41.657425,-85.27708889,1,1,1,1,998,1,0,55
180359,6,4,1,12,39.74553056,-86.09216389,12,1,1,2,998,1,0,30
180360,6,1,5,9,38.68269722,-86.09687222,8,1,1,1,998,0,0,55
180361,5,24,4,15,41.62756389,-87.07705556,12,1,1,2,998,0,0,30
180362,6,17,7,13,39.99176389,-85.78807222,34,1,1,1,998,1,0,70
180363,6,20,3,23,41.55448333,-87.19727778,12,2,1,2,998,0,0,0
180364,6,17,7,17,40.35641111,-85.55861667,12,1,1,2,998,1,0,65
180365,6,21,4,1,41.17174167,-87.19861667,34,2,1,1,998,1,1,55
180366,6,12,2,20,39.92269167,-86.11216111,12,1,1,3,998,0,0,45
180368,6,7,4,16,39.08688333,-86.67927222,12,1,10,2,998,0,0,45
180369,6,23,6,5,40.21890833,-85.55559444,9,2,1,1,998,0,0,55
180370,6,24,7,18,41.54619444,-87.26956111,12,1,1,2,998,1,0,20
180371,6,21,4,17,38.79516389,-85.61445556,42,1,10,1,60,1,0,35
180372,6,24,7,14,39.78176389,-86.04540278,12,1,1,2,998,1,0,35
180373,6,24,7,16,41.54910833,-86.98938056,12,1,1,2,998,0,0,55
180374,6,24,7,4,39.78531667,-86.16640833,14,3,1,1,998,1,1,55
180375,6,15,5,12,41.569725,-87.41313056,33,1,1,1,998,1,0,30
180376,6,18,1,0,39.28513056,-87.12718889,34,2,1,1,998,1,0,55
180377,6,16,6,19,39.46747222,-87.41403056,12,1,1,2,998,1,0,30
180378,6,25,1,23,40.47488333,-86.14893056,33,2,1,1,998,1,0,35
180379,6,28,4,4,41.14674722,-85.21542222,8,2,10,2,0,0,0,45
180380,5,29,2,16,38.33327222,-86.65054444,12,1,1,2,998,0,0,55
180381,6,2,6,11,39.22414444,-85.83117778,12,1,1,2,998,1,0,55
180382,6,29,5,17,41.0989,-85.06569722,8,1,10,1,998,0,0,40
180383,7,1,7,9,37.99381389,-87.54268056,9,1,1,1,998,0,0,30
180384,7,1,7,4,39.97130833,-86.024825,12,2,10,2,57,0,0,35
180385,6,9,6,16,38.73727222,-85.60535556,12,1,1,2,998,0,0,55
180386,6,24,7,15,41.06168333,-86.28052778,43,1,1,1,998,1,0,55
180387,6,25,1,1,39.76836389,-86.11645,9,3,1,1,998,0,0,35
180388,7,4,3,16,41.40558056,-87.25239167,12,1,1,2,998,0,0,40
180389,7,4,3,2,41.07582778,-85.10000556,33,2,1,1,998,1,0,35
180390,6,12,2,23,39.83842778,-86.25610278,12,2,10,2,998,1,1,40
180391,6,20,3,17,37.99219722,-87.54282778,9,1,1,1,998,0,0,30
180392,7,2,1,6,40.01559444,-86.12930833,12,4,10,2,998,1,1,55
180393,7,1,7,14,41.67999444,-86.95979167,12,1,1,2,998,2,0,55
180394,6,21,4,7,41.75390278,-85.4303,12,1,1,2,998,1,0,65
180395,6,19,2,12,39.32936111,-85.44315833,10,1,2,1,998,1,0,55
180396,7,7,6,21,38.27221944,-85.73633889,14,2,1,1,998,1,0,25
180397,6,21,4,20,41.56315278,-87.34622222,1,3,1,1,998,1,0,30
180398,6,30,6,15,39.88881944,-86.21168889,8,1,1,1,998,0,0,45
180399,7,2,1,20,40.16254722,-86.76054444,1,5,2,1,998,1,0,55
180400,7,6,5,3,39.70624722,-86.25578056,34,3,10,1,998,1,1,50
180402,7,7,6,22,41.57449444,-87.35615,42,3,1,1,998,1,0,30
180403,7,9,1,21,39.82333889,-86.20503056,21,6,1,1,998,2,0,55
180404,7,10,2,4,39.67527222,-86.06351389,98,3,1,1,998,1,0,35
180405,7,10,2,5,39.76701944,-86.13533889,8,3,1,1,998,0,0,35
180406,4,27,5,14,39.42677778,-85.01267778,15,1,1,1,998,0,0,30
180407,7,11,3,15,40.07897222,-86.47568333,12,1,1,2,998,1,0,10
180408,7,7,6,21,39.81464167,-86.12164444,12,3,1,3,998,0,0,35
180409,7,11,3,16,38.71599722,-85.47376111,12,1,1,2,998,1,0,40
180410,6,24,7,8,41.66720556,-86.86178333,12,1,1,2,998,0,0,70
180411,7,9,1,12,39.05647778,-85.4712,1,1,1,1,998,1,0,55
180412,7,14,6,4,39.86987778,-85.93494722,12,2,1,2,998,1,0,45
180413,7,15,7,2,41.53518333,-86.92427778,59,2,10,1,998,1,1,55
180414,7,4,3,20,39.70267778,-86.13929722,8,1,1,1,998,0,0,35
180415,7,13,5,23,40.41895,-86.12191667,12,2,1,3,998,1,0,55
180416,6,4,1,20,38.2268,-86.64057222,41,9,1,1,998,1,1,70
180417,7,16,1,20,39.83519444,-86.27056111,30,1,2,1,998,1,1,40
180418,7,17,2,18,39.72133611,-86.13549444,12,1,2,2,998,1,1,25
180419,7,15,7,8,39.62815833,-86.384725,12,1,2,2,998,1,0,45
180420,5,23,3,23,41.30234722,-86.50998889,11,2,1,1,998,1,0,45
180421,7,8,7,13,41.74738611,-85.02785,14,1,1,1,998,0,0,70
180422,7,14,6,22,41.34313333,-85.83160833,35,2,1,1,998,1,1,55
180423,7,7,6,17,41.25014444,-85.52424722,42,1,10,1,998,1,0,55
180424,6,9,6,21,41.54937222,-87.41018611,12,3,1,2,998,0,0,30
180425,7,15,7,14,40.99383333,-87.44996111,1,1,1,1,998,1,0,60
180426,7,13,5,2,41.12701667,-85.37961944,12,2,1,2,998,1,1,60
180427,7,17,2,5,38.06637778,-87.74255278,42,2,2,1,998,1,0,55
180428,7,20,5,10,37.97701944,-87.52931944,52,1,1,1,998,1,0,50
180429,7,20,5,19,39.226125,-86.84525278,32,1,10,1,998,1,0,55
180430,7,22,7,20,40.84450556,-85.525275,1,5,1,1,998,1,1,55
180431,7,6,5,22,41.03384722,-85.33589167,33,3,1,1,998,1,1,30
180432,7,9,1,13,39.78880278,-86.09458333,12,1,1,2,998,1,0,30
180433,7,3,2,17,40.07886389,-85.67776944,9,1,1,1,998,0,0,98
180434,7,4,3,20,39.23416667,-85.01771111,1,1,1,1,998,1,1,45
180435,7,14,6,6,41.05556389,-86.51806389,12,4,5,2,998,1,0,55
180436,7,22,7,18,39.95708611,-85.98418333,12,1,10,2,998,1,0,40
180437,7,24,2,11,39.8504,-84.81942778,12,1,1,2,998,0,0,50
180438,7,24,2,0,41.65617222,-86.32691389,14,2,1,1,998,1,0,65
180440,7,20,5,12,39.07545,-86.75808056,1,9,1,1,998,1,0,45
180441,7,15,7,23,39.81838333,-86.08227222,9,3,1,1,998,0,0,98
180442,7,22,7,20,41.60379167,-87.37363333,8,3,1,1,998,0,0,40
180443,7,6,5,3,41.49102222,-87.48352778,8,3,10,1,998,0,0,45
180444,7,13,5,15,41.53512222,-87.47121389,12,1,1,2,998,1,0,35
180445,7,19,4,12,40.93152222,-85.50950278,12,1,1,2,998,1,0,55
180446,7,9,1,16,41.67289167,-86.21001944,12,1,1,2,998,0,0,30
180447,7,22,7,2,41.4349,-87.35481389,35,3,1,1,998,1,1,30
180448,7,25,3,21,39.82459167,-86.18497222,12,3,10,2,998,0,1,45
180450,7,22,7,15,41.711925,-86.389125,12,1,1,2,998,0,0,55
180451,7,18,3,23,41.56732222,-87.32952222,8,3,1,1,998,0,0,55
180452,7,22,7,2,39.02364444,-87.13568611,98,2,1,1,998,1,0,55
180453,7,24,2,18,37.95106111,-87.54252222,12,1,1,2,998,0,1,40
180454,7,25,3,18,40.00438611,-85.61470833,12,1,1,2,998,1,0,45
180455,7,27,5,2,39.70032778,-86.16886944,8,2,1,1,998,0,0,55
180456,7,29,7,12,40.46166944,-86.16665,32,1,1,1,998,1,1,35
180457,7,30,1,15,39.34322778,-87.27238611,42,1,1,1,998,1,0,55
180458,7,30,1,17,40.41750556,-86.25284722,12,1,1,2,998,0,0,50
180459,7,29,7,21,41.64883889,-86.20169444,8,2,1,1,998,0,0,30
180460,7,28,6,16,38.77963889,-86.461275,17,1,1,1,998,1,1,35
180461,7,15,7,17,40.11110278,-85.652825,12,1,1,2,998,0,0,40
180462,7,23,1,19,40.91539167,-85.58422222,12,1,1,2,998,1,0,55
180463,7,28,6,11,39.48823333,-85.76859444,12,1,2,3,998,1,0,55
180464,7,31,2,9,40.02937222,-87.24347222,30,1,1,1,998,1,0,55
180466,7,29,7,17,40.23641667,-85.01610833,1,1,1,1,998,1,1,55
180467,8,2,4,0,41.62314444,-85.016875,42,2,1,1,998,1,1,35
180468,7,15,7,4,41.73051111,-86.34501111,9,2,2,1,75,0,0,70
180469,7,30,1,17,39.23010833,-86.72328889,35,1,1,1,998,1,0,45
180470,7,28,6,14,39.44614722,-86.38786667,42,1,1,1,998,1,0,45
180471,7,30,1,16,39.91651667,-85.88115,12,1,1,2,998,1,1,55
180472,8,4,6,11,41.07505,-85.33690833,12,1,1,2,998,1,0,45
180473,7,14,6,9,41.07608611,-86.24013889,12,1,1,2,998,1,0,35
180474,7,23,1,14,39.64750278,-86.28827222,1,1,1,1,998,1,0,45
180475,7,4,3,1,38.29022778,-85.72805833,12,3,1,2,998,0,1,35
180476,8,1,3,16,39.55995278,-86.29742222,12,1,1,2,998,1,0,45
180477,8,5,7,15,41.18641667,-86.56315833,12,1,2,2,998,1,0,50
180478,8,5,7,15,39.48407222,-86.41730833,1,1,1,1,998,1,0,45
180479,7,7,6,1,40.57874167,-87.26861389,52,2,1,2,998,1,0,60
180480,7,13,5,14,39.957,-85.99487222,12,1,10,2,998,1,0,40
180481,8,5,7,15,40.04089722,-85.67799444,58,1,1,1,998,1,0,45
180482,7,29,7,18,38.37170278,-86.73881944,35,1,1,1,998,1,0,35
180483,6,22,5,12,38.74746944,-85.38825278,24,1,10,1,998,1,0,30
180484,7,26,4,15,41.72063889,-85.81263333,12,1,10,2,998,0,0,30
180485,8,7,2,19,41.32059167,-85.88400278,9,1,1,1,998,0,0,45
180486,7,24,2,8,40.01965,-85.84316389,12,1,1,2,998,1,0,55
180487,8,5,7,2,39.81474167,-86.15914167,15,3,1,1,998,0,0,98
180488,8,8,3,19,37.97754167,-87.57080556,12,5,1,2,998,1,1,30
180489,8,9,4,5,41.40157778,-86.31404167,53,2,1,1,998,1,0,55
180490,8,10,5,21,38.28697778,-85.749425,33,3,1,1,998,1,0,25
180491,6,3,7,9,41.43521389,-87.41700833,12,1,1,2,998,1,0,0
180492,8,4,6,13,39.41847222,-84.97389722,33,1,1,1,998,1,0,55
180493,8,11,6,17,39.79125833,-85.61268056,12,1,1,2,998,0,1,30
180494,8,11,6,10,39.98675278,-85.38377778,46,1,1,1,998,1,0,60
180495,8,11,6,10,41.13120833,-87.27572222,42,1,2,1,998,1,0,40
180496,8,12,7,8,39.75210556,-86.06389444,34,1,10,1,998,1,0,40
180497,8,12,7,21,41.45781944,-87.36496667,9,2,1,1,998,0,0,45
180498,8,13,1,10,39.70416111,-86.09689167,52,1,1,1,998,1,0,45
180499,8,14,2,1,39.83261944,-86.33581389,8,2,10,1,998,0,0,65
180500,7,30,1,10,41.51103056,-87.31994722,14,1,1,1,998,1,1,65
180501,8,12,7,15,39.11465278,-85.46766944,1,1,10,1,998,1,0,55
180502,8,13,1,19,39.81077778,-86.12828333,9,5,10,1,998,0,0,98
180503,8,12,7,4,39.95570556,-86.00624444,24,2,10,1,998,1,0,55
180504,8,14,2,2,40.43806944,-85.01558611,1,2,1,1,998,1,1,55
180505,8,15,3,14,38.96580833,-86.77905833,1,1,1,1,998,1,0,70
180506,8,15,3,5,41.71600833,-85.55739444,30,2,2,1,998,1,0,40
180507,8,11,6,21,40.547275,-85.67389444,12,5,1,2,998,1,0,35
180508,8,15,3,17,39.78440278,-86.06430833,12,1,10,2,998,1,0,35
180509,8,14,2,16,40.50891111,-85.76122778,42,1,2,1,998,1,0,55
180510,8,20,1,12,39.4675,-87.39304444,1,1,1,2,998,1,0,30
180511,8,5,7,18,38.09365278,-87.69302778,42,1,10,1,998,1,1,35
180512,8,4,6,22,41.686525,-84.97341944,43,2,1,1,998,1,0,50
180513,8,15,3,5,37.96071389,-87.57108056,9,3,1,1,998,0,0,40
180514,8,18,6,8,40.74284444,-86.25954167,12,1,1,2,998,1,0,55
180515,8,20,1,20,40.99679167,-85.22881667,12,5,1,2,998,1,1,55
180516,7,21,6,15,38.73979722,-87.48090556,12,1,1,2,998,0,0,55
180517,8,5,7,8,38.73800556,-85.446,12,1,1,2,998,0,0,50
180518,8,16,4,13,39.31991389,-85.67203333,42,1,1,1,998,1,0,55
180519,8,18,6,23,39.82013333,-85.85200833,25,3,5,4,998,1,0,55
180520,8,21,2,22,37.98029167,-87.57512222,12,3,1,2,998,0,0,30
180521,8,19,7,21,40.26330833,-86.04108611,12,2,10,2,998,0,0,50
180522,8,22,3,19,40.11440278,-86.17402222,12,1,1,2,998,1,0,55
180523,8,22,3,6,40.48944167,-86.27134722,12,4,1,2,998,1,0,55
180524,8,20,1,2,41.04979167,-85.209475,8,2,5,1,998,0,0,35
180525,7,31,2,6,39.65303889,-86.57798056,42,2,10,1,77,1,0,55
180526,8,18,6,9,41.74495278,-86.26390833,12,1,1,2,998,2,0,30
180527,8,3,5,19,39.80065,-86.17980556,8,1,1,1,998,0,0,30
180528,8,24,5,16,40.12001389,-85.94571944,12,1,10,3,998,0,0,55
180529,8,21,2,18,39.69483333,-86.14893333,33,1,1,1,998,1,0,40
180530,8,23,4,12,40.09728056,-85.69196389,9,1,1,1,998,0,0,30
180531,8,25,6,1,40.99092778,-85.02808056,30,2,1,1,998,1,1,55
180532,8,24,5,14,39.72508889,-86.97320833,1,1,1,1,998,1,0,45
180533,8,26,7,19,39.34686111,-87.38021111,42,1,1,1,998,1,1,40
180534,8,24,5,17,40.54092778,-84.96954167,49,1,1,1,998,0,0,55
180535,8,19,7,19,41.67182778,-86.35105,12,2,1,2,998,1,0,40
180536,8,26,7,13,39.92696111,-86.04142778,12,1,1,3,998,1,0,40
180537,8,29,3,15,38.46724167,-85.61558333,20,1,1,3,998,1,0,55
180538,8,28,2,5,40.86565833,-87.34016944,12,2,1,2,998,0,0,55
180539,8,12,7,15,38.418675,-87.00775278,12,1,1,2,998,1,0,55
180540,8,25,6,6,41.09683056,-85.61652778,31,2,1,1,998,1,1,55
180541,7,31,2,14,39.78138056,-86.10954167,9,1,1,1,998,0,0,30
180542,8,12,7,22,39.71969722,-85.57681944,1,2,5,1,998,1,0,55
180543,8,27,1,4,39.54233333,-86.03609722,14,2,1,1,998,1,1,55
180544,8,25,6,16,40.432875,-86.90378333,14,1,1,2,998,1,0,30
180545,9,1,6,11,41.15191389,-84.87435278,34,1,1,1,998,1,0,55
180546,9,1,6,23,41.70245278,-85.93953611,8,3,1,1,998,0,0,98
180547,7,6,5,17,38.33148889,-85.753925,12,1,10,2,70,1,0,65
180548,8,18,6,11,38.93668611,-85.84221667,12,1,1,2,90,0,0,70
180549,7,26,4,21,41.70025,-86.92248611,1,3,1,1,998,1,0,30
180550,9,2,7,22,41.59569444,-87.47487778,9,2,1,1,998,0,0,35
180551,8,11,6,5,38.29620278,-85.83642222,8,2,1,1,998,0,0,30
180552,8,19,7,22,38.67401389,-87.514075,33,3,1,1,998,1,1,30
180553,8,15,3,10,41.57499167,-87.51818333,8,1,1,1,998,0,0,55
180554,9,2,7,13,41.31848333,-87.05479444,12,1,1,2,998,0,0,40
180555,8,4,6,21,40.77762778,-86.45005556,1,2,1,1,998,1,0,98
180556,9,4,2,19,38.14129722,-87.47302778,12,2,1,2,998,0,1,70
180559,8,31,5,10,41.28928056,-87.19946667,12,1,1,2,998,1,0,40
180560,9,4,2,15,39.09375278,-86.20885556,42,1,1,1,998,1,0,45
180561,9,1,6,0,41.25529167,-85.35505833,1,2,1,1,998,1,1,55
180562,8,30,4,12,39.76121944,-86.07021944,12,1,1,2,998,0,0,30
180563,9,6,4,23,38.01928611,-87.36793611,42,2,1,1,998,1,1,30
180564,9,2,7,22,39.73380833,-86.25029167,1,3,1,2,998,0,0,35
180565,9,7,5,9,41.07158333,-84.96227222,12,1,10,2,998,0,0,55
180566,9,2,7,22,39.8062,-86.21105556,8,2,1,1,998,0,0,35
180567,8,30,4,4,39.76882222,-86.11031944,8,3,10,1,998,0,0,98
180568,9,9,7,8,40.18230278,-84.90050556,10,1,10,1,998,1,0,55
180569,7,23,1,17,40.74930278,-86.87505,12,1,1,2,998,0,0,25
180570,9,3,1,3,39.09005833,-87.17104722,1,2,1,1,998,1,1,55
180571,9,6,4,12,39.88190278,-86.24776389,1,1,1,2,998,0,0,40
180572,8,29,3,3,39.86953333,-84.92964167,9,3,1,1,998,0,0,45
180573,9,10,1,17,40.52561389,-86.09198889,12,1,1,2,998,2,0,55
180574,9,10,1,10,39.07205278,-86.62835833,26,1,1,1,998,1,0,70
180575,9,8,6,19,39.56728056,-85.24040278,42,2,1,1,998,1,1,45
180577,9,11,2,7,39.75491111,-86.20976667,54,4,1,2,998,0,0,50
180578,9,10,1,20,41.316725,-86.27570833,12,5,1,2,998,0,1,60
180579,9,12,3,15,41.61076389,-86.65034722,42,1,10,1,998,1,0,45
180580,9,13,4,6,39.77394167,-86.00928889,12,3,5,2,998,0,0,40
180581,8,30,4,13,40.45464444,-85.54942222,12,1,1,5,998,0,0,60
180582,9,13,4,14,39.54099167,-86.05913889,42,1,1,1,998,1,0,40
180583,8,17,5,18,41.14060833,-85.63500278,12,1,2,2,998,1,0,55
180584,9,14,5,13,41.09584722,-84.97470556,12,1,1,3,998,0,0,65
180585,9,16,7,5,41.20291111,-85.21008611,8,2,10,1,998,0,0,55
180586,9,18,2,18,40.98583056,-84.95968611,1,1,1,1,998,1,1,55
180587,9,14,5,21,39.78059167,-86.21311389,8,2,1,1,998,0,0,35
180588,9,18,2,13,40.36824167,-84.90083333,42,1,1,1,998,1,1,55
180589,9,15,6,18,40.88035833,-86.63914444,1,1,1,1,998,1,0,55
180590,9,15,6,17,38.100425,-87.11864722,12,1,1,2,998,1,1,30
180591,7,2,1,22,39.76697222,-86.33681667,8,2,1,1,998,0,0,45
180592,9,10,1,3,41.28534722,-87.35536389,42,2,1,1,60,1,1,30
180593,9,15,6,11,39.12224722,-86.61445278,12,1,1,2,55,0,0,50
180594,9,20,4,15,40.04176667,-86.88668333,12,1,1,2,998,0,0,30
180597,7,14,6,21,38.54521389,-85.66555,42,5,1,1,998,1,0,45
180598,9,22,6,14,40.72181111,-85.62064722,1,1,1,1,998,1,1,55
180600,9,23,7,2,40.7542,-85.57296944,9,2,1,1,998,0,1,60
180601,9,23,7,23,38.75725,-87.10643611,30,2,1,1,998,1,1,55
180602,9,17,1,18,40.24355,-86.68929722,31,1,1,1,998,1,0,60
180603,9,21,5,20,40.707875,-86.71977222,42,2,1,1,998,1,1,55
180604,9,25,2,6,39.39846389,-87.40040556,8,2,1,1,998,0,0,50
180605,9,26,3,3,39.00680556,-85.68140278,1,2,1,1,998,1,0,35
180606,9,19,3,15,39.44154444,-84.972075,24,1,1,2,998,0,0,55
180607,9,21,5,20,39.29146111,-84.87398333,11,2,1,1,998,1,0,55
180608,9,26,3,17,37.92989722,-86.65886667,35,1,1,1,998,1,1,45
180609,9,24,1,22,39.79792222,-85.89752222,30,2,1,1,998,1,1,50
180610,9,22,6,19,38.53453611,-86.17827778,11,5,1,1,998,1,0,45
180611,9,24,1,2,39.77435556,-86.12628056,8,3,1,1,998,0,0,35
180612,9,24,1,19,40.03461667,-86.16498056,5,1,1,1,998,1,1,40
180613,8,29,3,16,40.75725833,-86.30844444,12,1,1,2,998,0,0,35
180614,9,18,2,21,40.46763333,-86.98038056,12,2,1,2,998,0,1,55
180615,9,20,4,17,38.65280833,-85.78348611,1,5,1,1,998,1,0,65
180616,9,24,1,0,39.36217778,-85.49254722,12,2,1,2,998,1,0,70
180617,9,25,2,17,38.39180278,-85.76166111,24,5,1,1,998,2,0,45
180618,9,26,3,12,39.17915833,-86.58308333,12,1,1,2,998,0,0,35
180619,9,23,7,16,41.65633889,-86.26631389,12,1,1,3,998,1,0,35
180620,9,28,5,13,38.65560278,-87.06106944,12,1,1,2,998,2,0,50
180621,9,5,3,8,41.261975,-85.9112,12,1,1,2,998,1,0,55
180622,9,24,1,20,41.24974444,-86.05084722,35,2,1,1,998,1,1,55
180623,9,22,6,11,39.17451944,-85.78319167,12,1,1,2,998,1,0,55
180624,8,26,7,0,41.667625,-85.77251389,12,2,1,2,0,0,0,55
180625,9,4,2,14,41.43969722,-87.31623056,30,1,1,1,998,1,0,45
180626,10,3,3,4,39.44476667,-86.04370278,30,2,1,1,998,1,0,45
180627,9,30,7,21,41.75790556,-86.15719167,43,2,1,1,998,1,0,40
180628,10,2,2,10,41.20838611,-87.19885556,12,1,1,2,998,1,0,0
180629,10,3,3,8,40.37399167,-86.76276667,42,1,1,1,998,1,0,40
180630,9,17,1,3,39.81454722,-86.14350833,33,3,1,1,998,1,1,40
180631,10,1,1,3,41.13808889,-85.135425,8,2,1,1,998,0,0,65
180632,9,30,7,17,39.95229444,-87.456425,33,1,1,1,998,1,0,35
180633,9,28,5,12,40.63971111,-85.69496667,10,1,10,1,998,1,0,55
180634,9,26,3,17,38.00150556,-86.83038333,12,1,1,2,998,0,0,55
180635,9,28,5,10,41.01390556,-87.44972778,12,1,1,3,998,0,0,45
180636,10,2,2,4,38.55255,-86.63553056,1,2,1,1,998,1,0,45
180637,9,26,3,21,39.78218333,-85.9904,12,3,1,2,998,2,0,40
180638,10,3,3,20,41.65513333,-86.21413056,12,3,1,2,998,0,0,30
180639,10,6,6,16,40.74566667,-84.89846944,12,1,1,2,998,0,0,55
180641,9,25,2,18,41.591525,-86.797925,12,5,1,2,998,1,0,45
180643,10,4,4,6,41.13243611,-85.15835278,12,3,1,2,998,0,0,40
180645,10,7,7,22,39.77203056,-86.04669167,8,2,10,1,998,0,0,40
180646,10,8,1,17,41.64563333,-87.01899444,12,1,10,2,998,1,1,55
180648,9,3,1,12,37.96199444,-87.55233333,12,1,1,2,998,1,0,30
180649,9,9,7,15,39.66795278,-87.42828056,1,1,1,1,998,1,0,55
180650,9,26,3,11,37.99664167,-87.46619444,12,1,1,3,998,1,0,40
180651,10,9,2,13,41.57235833,-87.28309722,12,1,1,2,998,1,0,65
180652,10,10,3,11,40.34868611,-86.80284444,12,1,1,2,998,0,0,45
180653,9,23,7,23,39.87371667,-85.46633056,42,2,1,1,998,1,1,25
180654,10,11,4,15,38.05133056,-86.61082778,34,1,1,1,998,1,0,55
180655,10,12,5,19,39.62568611,-86.04459722,12,1,1,2,65,1,0,35
180656,10,7,7,2,39.82093611,-86.04589722,8,2,1,1,998,0,0,40
180657,10,12,5,16,40.50844722,-85.27775278,12,1,1,2,998,2,0,55
180658,9,22,6,23,39.70056111,-86.1545,8,3,1,1,50,0,0,45
180659,10,5,5,18,39.90966111,-86.2696,12,1,2,5,998,0,0,55
180660,10,13,6,2,38.69154722,-85.17921944,30,6,1,1,998,1,0,55
180661,10,1,1,14,40.258175,-86.77116389,12,1,1,2,998,1,0,55
180662,10,13,6,19,39.37528056,-85.98611111,12,2,2,5,998,1,1,60
180663,10,14,7,19,39.79433056,-86.20465556,8,2,10,1,998,0,1,35
180664,10,13,6,4,39.29664722,-85.18232778,12,2,1,2,0,1,0,70
180665,9,16,7,13,38.45375833,-86.18243056,1,1,1,1,43,1,0,50
180666,10,6,6,19,41.66335,-86.08765278,12,3,10,2,998,1,0,45
180667,10,13,6,16,41.60144167,-86.71236944,15,1,2,1,998,0,0,25
180668,10,14,7,18,38.67025278,-85.58057222,1,1,10,1,998,1,1,55
180669,10,16,2,2,39.63953889,-86.15844167,31,3,2,1,998,1,0,45
180670,10,15,1,20,41.45082222,-86.00145556,12,2,1,2,998,0,0,35
180671,9,12,3,1,38.56476389,-85.77864167,8,2,10,1,998,0,0,70
180672,10,16,2,19,39.69143056,-86.26630556,12,5,10,2,998,0,0,40
180673,10,8,1,3,40.40589722,-86.80679722,24,2,1,1,998,1,1,65
180674,10,12,5,3,39.17201667,-86.48422778,30,2,1,1,998,1,1,35
180675,10,17,3,22,38.79906389,-87.02321667,1,2,1,1,998,1,0,55
180676,10,14,7,18,41.34660278,-85.078575,42,1,10,1,55,1,0,50
180677,10,11,4,17,40.443775,-86.86876389,24,1,10,6,998,0,0,50
180678,10,19,5,13,39.46947778,-86.37552778,30,1,2,1,998,1,0,45
180679,10,19,5,20,41.23804444,-86.26146389,8,3,2,1,998,0,0,60
180680,10,19,5,23,39.76414444,-86.30467222,8,3,10,1,998,0,0,45
180681,10,20,6,7,38.04577222,-87.43632222,9,1,1,1,998,0,0,45
180682,10,11,4,15,39.77149722,-86.16705556,12,1,1,2,998,1,0,30
180683,10,22,1,4,39.80116111,-86.26993056,30,3,1,1,998,1,0,40
180684,10,23,2,13,39.76707222,-86.15690556,8,1,1,1,998,0,0,25
180685,9,7,5,19,39.09915,-87.40823611,12,1,1,2,998,0,0,30
180686,10,15,1,12,40.09735833,-85.68043333,12,1,1,3,998,0,0,30
180687,10,22,1,1,39.87898056,-86.09187222,12,3,1,2,998,1,1,45
180688,10,21,7,1,41.73876111,-86.15916667,33,2,5,1,998,1,1,40
180689,10,22,1,6,41.60995833,-87.45237222,12,4,10,2,998,1,1,35
180690,10,23,2,8,40.08090278,-85.97142222,12,1,1,2,998,1,0,50
180691,10,23,2,19,41.13204722,-87.27571944,53,2,1,1,998,1,0,55
180692,9,28,5,4,41.36293333,-85.84483056,12,2,10,2,998,0,0,55