ST_CASE,MONTH,DAY,DAY_WEEK,HOUR,LATITUDE,LONGITUD,HARM_EV,LGT_COND,WEATHER,VE_FORMS,TRAV_SP,DEATHS,DR_DRINK,VSPD_LIM
190169,7,19,4,3,42.01878889,-92.81540278,32,2,1,1,998,1,0,50
190170,6,27,3,8,41.571,-93.73171944,12,1,1,2,998,1,0,35
190171,8,1,3,22,41.59748889,-90.56713056,1,2,1,1,998,1,1,55
190172,7,26,4,15,41.77070833,-96.04845833,12,1,1,2,998,2,1,70
190173,7,22,7,14,41.50827222,-93.78061944,12,1,1,2,998,1,0,70
190175,7,29,7,0,40.77538056,-94.83336667,12,2,1,2,998,1,0,50
190176,8,6,1,2,42.99195,-92.898325,1,2,1,1,998,1,1,35
190177,7,29,7,3,41.51163889,-93.12066667,32,2,1,1,998,1,1,65
190178,8,2,4,16,41.27735833,-91.28305556,34,1,1,1,998,1,0,55
190179,8,3,5,17,42.60664167,-92.16056944,34,1,10,1,998,1,0,55
190180,8,8,3,23,41.61720278,-93.77673611,12,2,10,2,998,0,0,65
190181,8,9,4,14,41.62655556,-90.43938889,12,1,1,2,998,1,0,55
190182,8,4,6,17,40.87297222,-95.46086667,12,1,1,2,998,1,1,45
190183,8,9,4,22,41.61631944,-93.61988333,12,3,1,2,998,0,0,30
190184,8,13,1,23,42.31578333,-90.94525,12,2,1,2,998,1,1,65
190185,8,5,7,21,41.06073056,-94.37248889,14,3,10,1,998,1,0,35
190186,8,11,6,18,42.45080278,-92.23288333,57,1,1,1,998,1,0,65
190187,8,11,6,16,41.69503056,-92.55218056,12,1,1,2,998,1,0,45
190188,6,26,2,7,40.75167778,-92.48571389,49,1,1,1,998,0,0,55
190189,8,8,3,8,41.543525,-95.91746389,12,1,10,2,998,0,0,70
190190,8,15,3,15,41.78018611,-90.25645556,42,1,1,1,998,1,0,25
190191,8,17,5,19,41.26766389,-92.501125,12,1,1,2,0,0,0,55
190192,7,28,6,19,40.92060556,-92.40988056,12,1,1,4,998,0,0,55
190193,8,5,7,15,41.59308333,-93.66638889,54,1,1,2,998,1,0,60
190194,8,16,4,19,41.99383056,-94.60470556,11,2,10,1,998,1,0,55
190195,8,18,6,20,41.50206389,-94.18568056,34,2,1,1,998,1,0,55
190196,8,18,6,21,41.33721667,-92.05250833,12,2,1,2,998,0,1,55
190197,8,21,2,15,41.92173056,-93.14568611,8,1,10,1,998,0,0,65
190198,7,1,7,23,43.20035556,-91.93110833,12,2,10,2,998,1,1,55
190199,8,20,1,22,41.590675,-90.67364722,34,2,1,1,998,1,1,35
190200,8,7,2,19,41.95944167,-91.652975,11,5,1,1,998,1,0,30
190201,8,19,7,9,41.65935556,-93.29224444,34,1,1,1,998,1,0,55
190202,8,13,1,16,41.14725,-93.66629167,34,1,10,1,998,2,1,55
190203,8,17,5,23,41.5419,-93.99610278,20,2,1,1,998,2,0,70
190204,8,21,2,15,41.016125,-92.45613056,12,1,1,2,998,1,0,45
190205,8,20,1,9,43.33122222,-95.64323889,12,1,1,2,998,2,0,55
190206,8,22,3,16,42.00081111,-91.66648056,12,1,1,2,998,1,1,55
190207,8,26,7,4,42.58738611,-94.17808056,1,6,1,1,998,1,1,55
190208,8,26,7,20,40.77161667,-95.742375,11,2,1,1,998,1,0,55
190209,8,29,3,1,41.59066111,-94.20255278,17,2,1,1,998,1,0,35
190210,8,29,3,16,42.44886667,-94.22329167,12,1,1,2,998,0,0,55
190211,8,29,3,23,41.80873333,-90.47464444,1,2,1,1,998,1,0,65
190212,8,30,4,18,43.20419722,-91.41198333,12,1,1,2,998,0,0,55
190213,9,2,7,14,42.57205556,-93.8134,12,1,1,2,998,2,0,55
190214,9,4,2,16,41.27952222,-91.71873611,12,1,1,2,998,1,0,55
190215,9,4,2,6,42.46960833,-94.20266111,12,1,1,2,998,1,0,55
190216,9,5,3,15,43.30988611,-91.15288333,18,1,1,1,998,1,0,55
190217,9,6,4,16,42.16711944,-94.25451389,35,1,1,1,998,1,0,98
190218,7,29,7,19,42.80359722,-91.53522778,5,1,1,1,998,1,0,35
190219,8,28,2,17,41.75939167,-91.23158333,1,1,1,1,998,1,0,55
190220,9,9,7,0,41.33620833,-95.79071389,53,2,1,1,998,1,0,50
190221,9,2,7,3,42.48600278,-93.82325556,59,3,1,1,998,1,1,25
190222,8,9,4,17,40.64001944,-93.87376111,42,1,10,1,998,1,0,70
190223,9,9,7,13,42.62664444,-96.29192778,12,1,1,5,998,1,1,35
190224,7,16,1,1,41.58895,-93.36758611,34,2,1,1,998,1,0,55
190225,9,7,5,12,41.81969444,-92.72753333,12,1,1,2,998,0,0,55
190226,9,18,2,5,41.62057222,-93.57616111,8,3,1,1,998,0,0,60
190227,8,1,3,20,41.60568333,-93.73621389,12,5,2,2,998,0,0,30
190228,9,19,3,14,41.41979444,-93.91288333,35,1,10,1,998,1,0,55
190229,9,9,7,11,41.69526944,-92.45273333,12,1,1,2,998,1,0,70
190230,9,16,7,17,42.16668611,-93.444525,12,1,1,2,998,1,1,55
190231,8,30,4,13,42.28361667,-92.20087222,9,1,1,1,998,0,0,55
190232,9,4,2,6,42.31200278,-91.97787778,24,4,1,1,998,1,0,70
190233,9,22,6,21,41.67345,-94.56224167,12,2,10,2,998,1,1,55
190234,9,27,4,15,41.60039167,-93.58672222,12,1,1,2,998,1,0,35
190235,8,7,2,12,41.64423056,-91.52782222,12,1,1,3,998,1,0,35
190236,9,29,6,20,41.92922778,-91.77897222,8,2,1,1,998,0,0,50
190237,9,30,7,21,41.63063889,-93.54183333,12,3,1,2,998,1,0,35
190238,9,27,4,18,41.55306944,-90.51049167,12,5,1,2,998,1,1,30
190239,9,29,6,7,40.69055,-95.78918611,8,1,1,1,998,0,0,25
190240,10,3,3,19,41.99810556,-91.60410556,12,3,1,2,998,0,1,35
190241,9,10,1,18,41.48677222,-91.55241389,12,1,2,2,998,1,0,55
190242,9,26,3,12,41.60836667,-91.71133056,12,1,10,2,998,0,0,55
190243,8,21,2,16,41.72893056,-95.6338,34,1,1,1,998,1,1,55
190244,9,23,7,20,41.649425,-93.62953333,8,3,1,1,998,0,0,65
190245,10,7,7,16,41.36665,-92.00473056,34,1,10,1,998,1,0,55
190246,8,12,7,22,41.71741111,-93.54623056,5,2,1,1,998,1,0,50
190247,9,29,6,13,42.11461944,-93.38628056,2,1,1,1,998,1,0,55
190248,10,1,1,15,42.77438333,-93.20224722,12,1,1,2,998,0,1,55
190249,10,7,7,13,42.16638611,-93.92901667,32,1,1,1,998,1,0,55
190250,10,8,1,2,41.24011944,-95.414825,35,3,1,1,998,1,1,25
190251,10,7,7,18,41.24136111,-91.13991667,1,2,1,1,998,1,0,55
190252,10,1,1,23,42.9767,-96.00336111,1,2,1,1,998,1,0,65
190253,9,2,7,20,41.65885,-93.53095,1,2,1,2,998,1,0,65
190254,9,22,6,17,43.45794167,-92.75228889,12,1,2,2,998,0,0,55
190255,10,13,6,21,42.49631111,-96.41074444,12,3,2,2,998,0,0,25
190256,8,16,4,17,43.12616389,-91.96129167,20,1,1,1,998,1,0,55
190257,10,17,3,16,41.69473889,-93.05608333,9,1,1,1,998,0,0,25
190258,8,26,7,2,41.75129722,-92.82565,1,2,1,1,998,1,1,55
190259,10,16,2,1,41.54184167,-93.99694167,20,2,1,1,998,1,0,65
190260,10,18,4,6,42.02669444,-96.17531944,12,2,1,2,998,0,1,55
190261,10,20,6,19,41.63655278,-93.53050833,12,3,1,3,998,1,1,45
190262,10,22,1,15,42.70941944,-91.07980833,34,1,1,1,998,1,0,55
190263,10,23,2,2,41.57984167,-90.57122222,46,3,1,1,998,1,0,45
190264,10,27,6,6,41.61483056,-93.78183333,12,2,10,2,998,1,0,45
190266,10,27,6,5,43.39544167,-95.12711944,34,3,2,1,998,1,1,50
190267,10,18,4,8,42.50131111,-94.099,34,1,10,1,998,1,0,55
190268,10,31,3,17,42.04934167,-93.52147778,12,1,1,2,998,0,0,55
190269,10,22,1,1,41.64988889,-93.65011944,12,3,1,2,998,1,1,65
190270,10,29,1,2,41.52131111,-90.58251944,19,3,10,1,998,2,0,25
190271,11,3,6,6,41.23251111,-95.885575,8,3,1,1,998,0,1,65
190272,11,4,7,0,41.30909444,-95.76424444,24,2,1,1,998,1,0,70
190273,11,9,5,0,41.26049444,-92.64241389,58,2,1,1,998,1,0,55
190274,11,11,7,17,42.51549722,-90.63696667,12,2,1,2,998,0,0,55
190275,11,12,1,19,41.60056389,-93.56525833,12,3,1,2,998,0,0,35
190276,11,10,6,1,42.69251667,-91.93375556,34,2,1,1,998,1,1,55
190277,10,23,2,16,41.57734722,-93.56065278,1,1,1,1,998,1,0,25
190278,11,12,1,22,41.65254722,-93.726375,8,2,1,1,998,0,1,65
190279,11,14,3,12,40.827425,-95.47975278,1,1,1,1,998,1,0,55
190280,11,11,7,6,41.44765833,-91.33061944,12,2,5,2,998,0,0,55
190281,11,12,1,16,41.97101944,-91.62920833,8,1,1,1,998,0,1,30
190282,11,17,6,17,41.94163333,-90.62166389,8,2,1,1,998,0,0,65
190283,11,17,6,18,41.93526944,-91.70217778,38,2,1,1,998,1,0,65
190284,11,19,1,18,41.21486111,-95.88975278,8,3,2,1,998,0,0,50
190285,11,19,1,0,42.60680556,-93.90240833,34,2,1,1,998,1,1,55
190286,11,25,7,2,41.60053333,-93.36699722,12,3,10,2,998,1,0,55
190287,11,25,7,12,41.20167778,-91.99316111,12,1,10,2,998,0,0,55
190288,10,21,7,21,41.03926944,-91.96812222,12,2,1,2,998,1,0,55
190289,11,9,5,13,42.49266111,-92.3406,9,1,1,1,998,0,0,35
190290,10,22,1,16,43.04745556,-92.45591667,12,1,1,2,998,0,0,55
190291,11,27,2,16,41.5164,-90.58228056,12,3,1,2,998,0,0,30
190292,11,8,4,17,42.89172222,-94.43475,12,5,1,2,998,0,0,55
190293,11,26,1,19,42.50756389,-96.39339722,34,3,1,1,998,1,0,45
190294,11,30,5,7,42.236475,-91.21019722,35,1,1,1,998,1,0,55
190295,1,3,3,8,40.79533333,-92.57177778,35,1,5,1,998,1,0,55
190296,11,9,5,7,40.71654722,-91.44325833,8,1,1,1,998,0,0,45
190297,11,27,2,12,41.6779,-93.09945,23,1,1,1,998,1,0,55
190298,11,25,7,15,40.81522778,-95.72643056,42,1,4,1,998,1,0,55
190299,12,1,6,21,41.92154444,-91.63718056,12,2,1,2,998,2,1,45
190300,10,3,3,16,41.69576389,-93.60613889,43,1,10,1,998,1,0,25
190301,12,1,6,13,41.02681667,-93.89799167,12,1,1,2,998,1,1,55
190302,12,1,6,19,41.05017222,-94.31808056,12,2,10,2,998,0,0,55
190303,11,18,7,18,41.75618611,-93.82347222,12,2,1,3,998,1,1,55
190304,12,8,6,16,43.40219722,-94.45249444,1,1,1,1,998,1,1,55
190305,10,11,4,13,42.74541111,-93.28235,12,1,10,2,998,1,1,55
190306,12,10,1,14,41.00202222,-92.24829722,34,1,1,1,998,1,0,65
190307,12,6,4,13,41.98855556,-91.682175,12,1,1,2,998,1,0,25
190308,10,7,7,10,42.74991944,-96.38541111,12,1,1,2,998,1,0,0
190309,11,11,7,12,42.00695556,-92.91718889,12,1,1,2,998,1,0,25
190310,12,15,6,0,43.22472778,-91.22910278,34,2,1,1,998,1,1,50
190311,12,16,7,15,41.49690556,-94.72479722,23,1,10,1,998,1,0,70
190312,12,4,2,16,42.03380833,-93.9508,12,1,1,2,998,1,0,55
190313,12,15,6,7,42.71986667,-95.15146111,12,2,8,2,998,2,0,55
190314,12,8,6,4,41.69494444,-91.69841389,42,2,10,1,998,1,0,70
190315,12,20,4,17,42.48113611,-92.32339722,8,3,1,1,998,0,0,35
190316,12,11,2,16,41.90769167,-95.34414444,12,1,1,2,998,1,0,55
190317,12,22,6,6,42.08584167,-91.26915,12,3,10,2,998,2,0,25
190318,12,23,7,19,41.54669167,-93.59691944,12,3,1,2,998,0,0,40
190319,12,25,2,18,41.34443889,-93.97804722,12,2,1,3,998,0,0,55
190320,12,26,3,17,42.31135278,-93.56924444,1,2,10,1,998,1,0,70
190321,12,11,2,19,42.10718056,-93.97036944,12,2,1,2,998,1,0,55
190322,11,23,5,1,41.54361667,-93.60240278,35,2,1,1,998,1,0,25
190323,11,22,4,15,42.63051111,-94.05004444,12,1,1,2,998,0,1,55
190324,12,5,3,15,41.73128889,-92.06556944,12,1,10,2,998,1,0,55
190325,12,22,6,18,42.542,-92.39537778,12,3,1,2,998,0,0,45
190326,12,31,1,16,40.87490556,-93.76758889,42,1,10,1,998,1,0,55
190327,12,8,6,13,41.83445556,-94.24142222,12,1,1,2,998,0,0,55
190328,12,23,7,22,41.52732222,-90.62196944,8,2,5,1,998,0,1,35
190329,12,24,1,3,41.25114722,-95.89065,14,3,2,1,998,0,0,25
190330,12,22,6,18,42.98803611,-96.31271944,12,2,5,2,998,1,0,55
190331,12,23,7,0,41.621225,-93.49266944,42,2,2,1,998,2,1,65
190332,12,9,7,8,40.62773889,-93.83441944,42,1,10,1,998,1,0,55
190333,11,21,3,7,41.49635556,-95.33629167,12,4,1,2,998,0,0,50
200001,1,2,2,2,39.57085833,-95.11746389,1,2,98,1,998,1,0,20
200002,1,2,2,1,38.97231944,-95.26238056,33,3,98,2,998,1,1,35
200003,1,1,1,20,37.60856944,-99.234525,12,2,1,2,0,2,1,65
200004,1,13,6,7,39.76893056,-98.04485833,1,4,5,1,998,1,0,55
200005,1,4,4,17,39.88516111,-95.78153889,12,5,10,2,998,2,0,55
200006,1,16,2,14,37.51321944,-95.79755556,12,1,98,2,998,1,0,65
200007,1,18,4,99,39.98705278,-95.39241944,1,1,2,1,998,1,0,50
200008,1,16,2,9,37.609825,-100.12515,1,1,1,1,998,1,0,55
200009,1,23,2,20,37.34958889,-95.32388056,12,2,1,3,998,2,0,65
200010,1,6,6,8,37.56196389,-100.5645444,12,1,1,2,998,1,0,65
200011,1,9,2,18,39.04178889,-96.76386389,12,3,1,2,998,1,0,75
200012,1,16,2,11,37.19435,-99.93482222,1,1,98,1,998,1,0,65
200013,1,16,2,14,37.30968333,-94.66860833,12,1,1,2,998,1,0,55
200014,1,26,5,8,37.66116944,-97.32633056,12,1,1,2,998,1,0,30
200015,1,31,3,1,38.73843056,-94.83940278,12,2,98,2,998,1,1,35
200016,1,31,3,18,37.610675,-95.892325,12,2,98,2,998,1,1,65
200017,1,12,5,19,37.79618889,-97.13551667,12,3,1,2,998,2,0,55
200018,1,19,5,23,39.03959444,-95.68298889,30,3,98,1,998,1,0,40
200019,1,26,5,7,38.940075,-94.70485556,12,1,98,2,998,2,0,65
200020,1,29,1,7,37.67899722,-97.32678333,25,1,98,1,998,1,1,60
200021,1,29,1,3,38.59210278,-95.10236389,59,2,98,1,998,1,1,55
200022,2,1,4,21,38.150675,-98.08731667,1,2,98,1,998,1,1,60
200023,2,4,7,18,39.46461111,-100.7629861,12,2,1,2,998,1,1,65
200024,2,1,4,4,39.10594722,-94.69885556,12,2,98,2,998,1,0,65
200025,2,9,5,10,38.72447778,-95.82683611,10,1,1,1,998,1,1,55
200026,2,2,5,17,37.6639,-97.64336944,12,2,98,2,998,1,1,55
200027,2,15,4,14,38.37468333,-94.89929167,34,1,98,1,998,1,0,60
200028,2,12,1,2,37.21233889,-100.8716111,1,2,1,1,998,1,0,65
200029,2,5,1,14,37.63184167,-95.74480833,35,1,98,1,998,1,0,65
200030,1,2,2,21,38.91598889,-97.61188611,35,2,5,1,998,1,0,55
200031,2,18,7,3,39.67584444,-100.3165528,1,2,1,1,998,1,1,65
200032,2,16,5,6,38.69582222,-94.92656944,12,2,8,2,998,1,0,55
200034,2,18,7,23,37.21590833,-96.99836667,38,2,98,1,998,1,0,45
200035,3,2,5,7,37.338475,-94.66837778,12,1,10,2,998,1,0,65
200036,2,24,6,15,39.058425,-96.16625278,1,1,3,1,998,1,0,75
200037,2,25,7,12,37.96573889,-98.08761111,12,1,98,2,998,1,0,55
200038,2,11,7,16,39.06375278,-96.44301111,32,1,98,1,998,1,0,75
200039,2,13,2,21,38.38534444,-96.26068333,38,2,1,1,998,1,0,75
200040,3,6,2,3,39.10901667,-94.60833611,23,3,98,1,998,1,1,55
200041,2,20,2,16,39.00768611,-97.16693333,32,1,98,1,998,1,0,55
200042,2,23,5,9,37.88175,-97.71988611,12,1,1,2,998,1,0,70
200043,2,24,6,15,37.861575,-97.32624722,12,1,8,2,998,1,0,75
200044,2,28,3,23,38.93403056,-94.75234722,25,2,98,1,998,1,0,65
200045,2,23,5,7,38.81802222,-94.936325,8,1,98,1,998,0,0,35
200046,3,10,6,13,38.11061389,-97.34515833,12,1,1,2,998,1,0,65
200047,2,4,7,23,39.78554167,-98.21394167,42,3,98,1,998,1,1,20
200048,2,15,4,21,38.89301111,-95.68385,12,2,1,2,998,0,1,70
200049,3,6,2,22,38.34065,-96.29547778,14,2,98,1,998,1,0,75
200050,3,6,2,15,38.34813056,-97.05870833,59,1,6,1,998,1,0,55
200051,3,13,2,16,38.00375,-100.843775,12,1,98,2,998,0,0,55
200052,3,16,5,19,38.97979722,-94.71208333,34,3,2,1,998,1,0,65
200053,3,15,4,22,39.12935,-95.59090278,58,2,1,1,998,1,1,40
200054,3,5,1,20,37.72306111,-97.11688889,12,2,98,2,998,0,0,55
200055,3,17,6,14,37.77978611,-98.50666111,12,1,10,2,998,1,0,65
200056,3,17,6,18,39.39704167,-101.0551889,12,1,1,2,998,1,0,30
200057,3,20,2,8,37.51440556,-94.89293611,12,1,98,2,998,0,0,65
200058,3,23,5,14,38.36226944,-98.59984167,32,1,98,1,998,1,0,55
200059,3,17,6,3,38.05726111,-98.31329444,42,2,98,1,998,1,0,55
200060,2,19,1,18,39.03313889,-95.72473889,8,3,98,1,998,0,0,30
200061,3,21,3,20,38.289675,-98.20191667,12,3,1,2,998,0,0,55
200063,3,23,5,15,38.66385,-95.17358056,24,1,10,1,998,1,0,75
200065,2,15,4,1,38.76309167,-97.61785278,31,2,10,2,998,0,1,75
200066,3,25,7,20,37.85196667,-100.4757222,12,2,1,2,998,1,0,65
200067,3,31,6,18,38.95255,-94.70542778,12,1,6,3,998,1,0,65
200068,2,19,1,17,37.62080556,-97.58384444,32,1,98,1,998,1,1,55
200069,4,5,4,19,37.831,-97.37206944,12,1,98,2,998,1,0,30
200070,3,18,7,1,37.51688611,-97.33400278,12,2,98,2,998,0,0,55
200071,4,3,2,15,37.52789722,-97.33398333,12,1,98,2,998,0,0,50
200072,3,22,4,9,38.74009722,-98.21561389,12,1,5,2,998,1,0,35
200073,3,19,1,7,39.76932778,-96.60601111,53,1,98,1,998,1,0,55
200074,4,3,2,16,37.67345278,-95.106275,34,1,98,1,998,1,0,55
200075,3,30,5,23,37.01315833,-97.08392778,32,2,2,1,998,1,0,55
200076,3,20,2,20,37.67838889,-96.98016389,8,3,2,1,998,0,0,30
200077,4,2,1,18,39.05088333,-96.24482778,31,1,98,1,998,1,1,55
200078,1,28,7,5,37.67640556,-97.40764722,33,3,98,1,998,1,0,30
200079,4,5,4,18,38.40655,-96.30891111,12,1,1,5,998,0,0,65
200081,4,10,2,3,39.07516389,-94.61110556,8,2,98,1,998,0,0,60
200082,4,4,3,14,38.40546389,-98.76819167,12,1,1,2,22,0,0,45
200084,4,17,2,6,38.46586389,-101.7488222,35,4,98,1,998,1,0,65
200085,4,17,2,15,37.04205278,-97.430725,38,1,1,1,998,1,0,65
200086,4,19,4,7,37.61904167,-99.02926944,12,1,1,2,998,1,0,65
200087,2,27,2,9,37.65108056,-97.35263056,12,1,98,4,998,0,0,40
200089,3,23,5,20,38.03500833,-97.91295,8,2,98,1,998,0,0,50
200091,4,10,2,7,38.97516111,-95.26117778,12,1,98,2,998,1,0,30
200092,4,25,3,22,38.35470833,-98.58699722,12,3,2,2,998,1,0,40
200093,4,16,1,0,37.67013889,-97.35270278,33,3,98,1,998,1,0,40
200094,4,20,5,9,39.63988611,-97.33171667,45,1,1,1,998,1,0,55
200095,4,22,7,21,38.99152222,-95.67859167,31,2,98,1,998,1,1,75
200096,4,29,7,22,38.36874722,-96.27258889,12,2,98,2,998,1,0,75
200097,3,5,1,15,39.00250556,-95.01545278,1,1,98,1,998,1,0,50
200098,4,14,6,15,39.43955833,-95.74793333,12,1,98,2,998,1,0,0
200099,4,15,7,16,39.102525,-100.4419167,32,1,6,1,998,1,0,75
200101,4,25,3,5,38.69544722,-97.224925,12,2,10,2,998,1,0,65
200102,4,26,4,10,39.50400833,-95.74810556,12,1,1,2,998,0,1,65
200103,4,13,5,2,37.66651944,-98.06323889,8,2,1,1,998,0,0,65
200104,5,5,6,10,39.14471944,-100.4425667,43,1,1,1,998,1,0,65
200105,5,3,4,10,38.50700278,-98.79996389,42,1,1,1,998,1,0,55
200106,5,8,2,19,38.16935833,-94.82417778,42,1,98,1,998,1,0,65
200108,5,6,7,17,37.69327778,-96.25827778,1,1,98,1,998,1,0,55
200109,5,5,6,18,37.67233333,-97.40075833,34,1,10,1,998,1,0,65
200110,5,12,6,17,37.14116667,-100.9585194,12,1,98,2,998,0,0,55
200111,5,4,5,6,39.3814,-97.08693889,12,4,10,2,998,0,1,65
200113,5,16,3,9,39.02354167,-96.02070556,34,1,98,1,998,1,0,55
200114,5,17,4,15,37.89383611,-99.40784167,12,1,1,2,998,1,0,65
200115,5,12,6,15,39.29212222,-96.75322222,12,1,1,3,998,1,0,65
200116,5,24,4,14,38.28985,-97.66705556,12,1,98,2,998,0,0,55
200117,5,26,6,23,37.04873333,-95.47596111,11,2,98,2,998,3,0,65
200118,5,27,7,21,39.11401111,-94.61608056,25,3,98,1,998,1,0,55
200119,5,28,1,18,37.094275,-97.601025,12,1,98,2,998,1,0,65
200120,5,31,4,22,37.80561389,-98.48826944,34,2,98,1,998,1,1,55
200121,5,14,1,16,38.99839167,-94.76165,12,1,98,3,998,0,1,35
200122,5,6,7,7,39.10611111,-94.72674722,12,1,98,2,115,1,1,70
200124,5,27,7,16,38.85480556,-94.74728056,12,1,1,2,998,1,0,45
200125,5,15,2,2,39.39546944,-98.11630556,32,2,2,1,998,1,0,60
200126,5,29,2,21,37.98762778,-98.05033333,59,2,98,1,998,2,1,65
200127,5,19,6,19,39.25238333,-94.97496667,42,1,98,1,998,1,0,55
200128,5,7,1,1,37.26129444,-97.42084444,31,3,98,1,998,1,1,20
200129,5,28,1,14,37.57751389,-97.20748056,24,1,10,3,998,0,0,45
200130,5,28,1,5,38.84211944,-98.56376111,23,2,99,1,998,1,0,60
200131,6,1,5,2,37.38054444,-99.32521667,8,2,98,1,998,0,0,65
200132,6,10,7,17,39.09421944,-95.79788333,12,1,2,2,998,1,0,40
200133,6,10,7,15,37.84182778,-94.6165,12,1,10,2,998,0,0,65
200134,6,9,6,16,37.17983056,-94.9471,12,1,10,2,998,0,0,65
200136,5,13,7,17,37.59219167,-96.98112222,1,1,98,1,998,1,0,65
200137,6,13,3,18,38.08379722,-100.8288222,38,5,98,1,998,1,0,55
200138,6,4,1,8,37.06156667,-95.67458611,38,1,1,1,998,1,1,55
200139,5,7,1,0,38.90733889,-98.78421944,5,2,98,1,998,1,0,55
200140,6,12,2,7,39.30223333,-99.97713611,32,4,98,1,998,1,0,55
200141,6,13,3,9,37.23983056,-97.02759167,32,1,1,1,998,1,0,65
200143,6,11,1,12,37.04596944,-94.860475,11,1,98,1,998,1,0,55
200144,6,11,1,19,38.10952222,-97.39679444,42,1,98,1,998,1,0,55
200145,6,12,2,17,37.32880556,-100.2555361,12,1,2,2,998,1,0,0
200146,6,14,4,11,38.34658889,-95.7295,12,1,10,3,998,2,0,65
200147,6,22,5,22,37.99331944,-99.89208056,1,2,1,1,998,1,1,55
200149,6,16,6,21,38.59969444,-95.41581944,34,2,98,1,998,1,1,55
200150,6,6,3,17,38.56337778,-94.700425,12,1,98,2,998,1,0,55
200151,6,15,5,1,39.01521667,-94.68648889,12,3,98,2,100,0,1,35
200152,5,4,5,18,37.66958889,-97.34532778,12,1,98,2,998,1,0,30
200154,1,18,4,20,37.66460278,-97.26876389,8,3,98,1,998,0,0,40
200155,5,24,4,22,39.02950833,-95.72840278,8,3,98,2,998,0,0,40
200156,6,18,1,0,38.00516667,-98.76437778,12,3,98,2,998,1,1,30
200157,6,25,1,3,37.63639167,-96.35166111,11,2,98,1,998,1,0,65
200158,7,1,7,21,37.28841111,-95.90968333,8,2,10,1,3,0,0,0
200159,6,21,4,7,38.06238056,-94.80560833,12,1,98,2,998,1,0,65
200160,7,1,7,12,38.21315,-99.0772,1,1,1,1,998,1,0,55
200161,7,7,6,22,39.7593,-99.32744167,8,3,98,1,998,0,0,30
200162,5,6,7,9,37.41177222,-94.70482222,12,1,98,2,998,1,0,0
200163,6,22,5,10,38.87876111,-97.86356111,5,1,98,1,998,1,0,75
200164,6,30,6,16,37.78255278,-98.50016944,12,1,1,2,998,1,0,65
200165,7,9,1,10,39.09886111,-100.4234861,12,1,1,2,998,1,0,75
200166,5,21,1,2,39.10184444,-94.77913056,34,3,98,1,998,1,0,20
200167,3,20,2,15,39.10071667,-94.63548889,8,1,98,2,998,0,0,30
200168,4,29,7,16,39.06234722,-94.64651944,12,1,98,2,998,1,0,30
200169,5,28,1,22,39.08743611,-94.74178056,8,3,98,1,998,0,0,30
200170,7,12,4,20,37.58406944,-99.4666,10,1,1,1,998,1,0,55
200171,7,19,4,16,38.95158889,-94.85325556,12,1,98,2,998,1,0,65
200173,7,15,7,13,38.04255,-97.00556667,12,1,98,2,998,1,0,55
200175,4,9,1,17,38.347575,-98.08604444,34,1,98,1,998,1,0,55
200177,7,26,4,6,38.91876667,-94.66761944,12,4,98,9,998,0,0,45
200178,7,29,7,16,38.05193056,-94.91059444,12,1,2,2,998,2,0,55
200180,7,14,6,10,38.91123889,-101.5784139,1,1,98,1,998,3,0,65
200181,8,4,6,1,37.7662,-99.74213056,1,2,6,1,998,2,1,55
200182,7,20,5,19,37.71520556,-97.32179444,12,1,10,2,998,0,0,60
200183,7,4,3,18,37.59084722,-101.2717389,1,1,98,1,998,2,0,55
200184,7,22,7,5,37.69499444,-97.40930556,8,3,1,1,998,0,0,65
200185,7,25,3,0,38.85088889,-97.61256389,30,3,98,1,998,1,0,30
200186,7,26,4,18,38.95542222,-97.59346944,1,1,98,1,998,1,0,55
200187,8,5,7,7,37.289375,-97.894725,46,1,2,1,998,1,0,55
200188,8,8,3,10,37.64174722,-98.77666389,12,1,10,2,998,3,0,65
200189,8,9,4,1,37.941375,-97.42771667,34,6,99,1,998,1,0,55
200190,8,12,7,2,38.88448333,-94.79126111,8,2,98,1,998,0,0,65
200191,3,31,6,15,39.23871389,-96.20700833,5,1,6,1,998,1,0,40
200192,4,11,3,7,38.94276667,-95.24683333,12,1,98,2,998,0,0,35
200193,7,25,3,18,39.36474444,-97.62184722,58,1,1,1,998,1,0,65
200194,8,10,5,4,38.53753333,-94.88699167,12,3,98,2,998,1,0,70
200195,8,15,3,23,38.81513333,-94.899725,30,3,98,1,998,1,1,50
200196,7,6,5,12,38.07877222,-97.89469444,30,1,98,1,998,1,0,30
200197,8,18,6,20,38.89338333,-94.79568611,8,5,98,1,998,0,0,35
200198,7,30,1,22,38.9479,-94.68618889,9,3,98,1,998,0,0,35
200199,5,22,2,11,37.69750556,-97.32936667,33,1,98,2,998,1,0,30
200200,8,19,7,23,37.07464722,-94.65135833,8,2,98,1,998,0,0,65
200201,6,8,5,18,37.6764,-97.41614167,9,1,98,1,998,0,1,40