ST_CASE,MONTH,DAY,DAY_WEEK,HOUR,LATITUDE,LONGITUD,HARM_EV,LGT_COND,WEATHER,VE_FORMS,TRAV_SP,DEATHS,DR_DRINK,VSPD_LIM
210176,4,22,7,23,38.17875,-85.65931667,12,2,1,4,998,0,1,45
210177,4,15,7,12,38.28409722,-85.64079722,24,1,1,1,998,1,0,55
210178,4,19,4,19,38.26102222,-83.73636944,59,1,1,1,998,1,0,55
210179,4,22,7,4,37.53286667,-85.88258611,12,2,1,2,998,1,1,70
210180,4,26,4,20,37.07718889,-84.68174722,42,2,1,1,998,1,1,55
210181,4,27,5,11,36.82825556,-84.21126667,12,1,10,2,998,1,0,98
210182,4,28,6,6,38.06707222,-84.37305278,42,4,2,1,998,1,0,55
210183,4,29,7,19,38.79232222,-84.80142778,12,1,1,3,998,1,1,45
210184,4,29,7,20,37.99393333,-84.21461944,8,3,10,1,998,0,0,45
210185,4,26,4,18,36.97304167,-86.40014167,12,1,1,3,998,1,0,45
210186,4,24,2,15,37.38679722,-86.87771944,93,1,1,1,998,1,0,55
210187,4,28,6,12,36.98784722,-86.00716111,32,1,10,1,998,1,1,55
210188,4,24,2,7,36.85981667,-86.73988611,12,1,1,2,18,0,0,98
210189,4,29,7,23,37.99823056,-85.42406111,1,2,1,1,998,1,0,55
210190,4,26,4,13,37.27188333,-87.14283056,12,1,1,2,28,1,0,35
210191,3,17,6,23,38.69516667,-83.04071389,35,2,1,1,55,1,0,55
210192,4,16,1,1,37.64570833,-84.77084167,12,2,1,2,998,1,1,98
210193,1,6,6,7,36.69582222,-85.13525556,8,1,1,1,13,0,0,25
210194,2,24,6,11,37.33433056,-84.65906944,12,1,1,2,13,0,0,55
210195,1,17,3,6,38.31610556,-85.48503056,12,2,10,2,998,1,0,35
210196,2,24,6,13,37.67962778,-82.77917222,42,1,1,1,43,2,1,55
210197,4,12,4,6,37.64514722,-82.77748333,12,2,1,2,68,1,0,35
210199,4,25,3,10,37.77577222,-85.54448056,14,1,1,1,998,0,1,70
210200,5,3,4,8,38.39628889,-83.01543611,12,1,1,3,998,0,1,55
210201,5,4,5,13,37.25325833,-84.64253889,12,1,1,2,998,1,0,55
210202,5,5,6,22,38.06003889,-84.50091667,8,3,1,1,998,0,0,35
210203,5,6,7,21,37.00792778,-86.37454167,12,3,1,2,998,0,0,45
210204,5,6,7,22,38.08598056,-84.513925,8,3,1,1,998,0,0,35
210205,5,7,1,1,37.12954722,-85.961475,8,3,1,1,998,0,0,45
210206,5,7,1,18,37.23106667,-83.77820833,35,1,10,1,998,1,0,55
210207,5,8,2,12,38.25962778,-85.74118611,25,1,2,1,998,1,0,50
210208,5,6,7,16,37.66439167,-84.50816111,24,1,1,1,998,1,0,35
210209,5,9,3,7,37.80494167,-85.83440833,12,4,10,2,998,0,0,55
210210,5,9,3,17,37.02054722,-87.13307778,12,1,1,2,998,0,0,55
210211,5,10,4,0,37.27533333,-84.75409167,42,2,1,1,68,1,1,55
210212,5,11,5,0,37.78125833,-84.2774,42,2,1,1,998,1,1,55
210213,5,2,3,18,37.56519444,-84.79725833,12,1,1,2,998,1,1,55
210215,5,12,6,18,38.19011389,-85.75391111,12,1,10,2,998,1,0,55
210216,5,13,7,23,37.64633056,-82.85794444,8,2,10,1,53,0,0,55
210217,5,13,7,21,37.95077222,-84.59673333,12,2,2,2,998,0,0,55
210218,5,14,1,17,37.96787222,-83.85817778,42,1,1,1,998,1,0,55
210219,5,14,1,23,37.96967778,-84.47536111,33,3,1,1,998,1,0,45
210220,5,13,7,9,37.66958056,-84.31071111,5,1,10,1,998,1,0,70
210221,5,16,3,8,38.12005278,-85.11060833,12,1,2,2,998,1,0,35
210222,5,16,3,17,37.23734722,-86.73130556,24,1,1,2,998,0,0,70
210223,5,3,4,12,37.01598611,-84.62770833,12,1,1,2,10,1,0,45
210224,5,11,5,3,37.22374167,-83.17608611,93,2,10,1,998,1,0,55
210225,5,17,4,20,38.61600278,-84.57201111,12,5,1,2,998,1,1,55
210226,5,12,6,13,37.02477222,-85.39051667,12,1,2,2,8,1,0,55
210227,5,13,7,22,37.867625,-85.52747222,35,2,10,1,998,1,1,55
210229,5,15,2,19,37.23832778,-84.63395833,1,3,1,1,998,1,1,55
210230,5,18,5,7,37.78840833,-84.32193056,12,1,1,2,998,0,0,70
210231,5,12,6,9,36.99316667,-85.95332222,12,1,2,2,998,0,0,98
210232,5,19,6,4,37.59414444,-82.16896389,1,6,1,1,998,1,1,55
210233,5,21,1,2,36.89562778,-88.23780556,30,3,1,1,35,1,1,35
210234,5,21,1,17,38.13800278,-85.66525833,12,3,1,2,998,0,0,45
210235,5,21,1,17,36.93851111,-86.485075,12,1,1,2,998,0,0,0
210236,5,21,1,21,38.06456111,-84.44246944,12,3,1,3,998,1,0,70
210237,5,22,2,17,37.01005833,-85.88033056,12,1,1,2,998,0,0,55
210238,5,21,1,11,36.90787222,-88.86219167,12,1,1,2,998,1,0,55
210239,5,23,3,16,38.435575,-85.31372222,12,1,1,2,998,1,1,70
210240,5,8,2,15,37.10946111,-84.00015833,12,1,10,2,998,1,0,55
210241,5,19,6,5,37.12373611,-87.43256667,93,4,1,1,998,1,1,35
210242,5,25,5,14,38.43565278,-85.31368056,12,1,1,3,998,1,0,70
210243,5,24,4,19,37.08139722,-88.17236111,9,1,1,1,998,0,0,55
210244,5,27,7,15,37.99501944,-83.89016944,8,1,1,1,998,0,0,35
210245,5,27,7,5,38.13630833,-85.69763889,8,2,1,1,998,0,0,45
210246,5,25,5,2,38.15628611,-85.66274722,8,2,10,1,998,0,0,45
210247,5,25,5,11,36.62532222,-85.40322222,42,1,1,1,998,1,0,55
210248,5,31,4,3,38.37241389,-83.63072222,24,2,1,1,998,1,0,55
210249,5,22,2,10,37.328925,-82.32198333,1,1,1,1,998,1,0,25
210250,5,26,6,12,38.33555278,-83.40204167,24,1,1,1,54,1,0,55
210251,5,28,1,3,38.24973333,-85.80345556,8,3,10,1,998,0,0,35
210252,5,29,2,14,37.75950833,-87.08814444,9,1,1,1,25,0,0,30
210253,5,17,4,9,38.13435833,-83.09307778,12,1,1,2,998,1,0,55
210254,5,29,2,16,36.80932222,-88.47681111,93,1,1,1,998,1,1,35
210255,5,10,4,17,37.54259167,-82.58567778,12,1,1,2,998,1,0,0
210256,5,5,6,15,37.09682222,-84.6612,12,1,1,2,15,1,0,55
210257,5,23,3,20,37.68689722,-85.39695278,11,1,1,1,998,1,0,55
210258,5,30,3,6,38.25553056,-84.565675,12,4,1,2,998,0,0,55
210259,5,6,7,18,38.16552222,-82.64545556,1,1,1,1,998,1,1,55
210260,5,24,4,5,37.47010556,-86.32031389,10,1,1,1,998,0,0,35
210261,5,26,6,14,37.12795833,-83.87171111,24,1,1,1,998,1,0,55
210262,4,9,1,19,38.54020833,-82.72862778,12,1,1,2,55,1,0,98
210263,4,27,5,8,37.35761389,-83.32569167,12,1,10,2,998,1,0,55
210264,5,19,6,9,38.76633333,-84.18603056,12,1,1,3,998,1,0,55
210265,5,17,4,21,38.07543333,-85.88443056,12,3,1,2,998,0,0,50
210266,4,13,5,17,36.78517778,-86.28198889,12,1,98,2,998,0,0,65
210267,4,13,5,15,38.43068056,-82.69484167,53,1,1,1,70,1,0,55
210268,4,30,1,17,38.00004167,-84.32633056,12,1,2,2,998,0,1,55
210269,4,12,4,14,38.96076111,-84.67323889,8,1,1,1,8,0,0,25
210270,2,10,6,17,37.56044167,-84.34898611,42,1,10,1,998,1,0,25
210271,4,30,1,3,38.13843889,-85.68675278,12,3,1,2,998,1,1,35
210272,5,25,5,11,37.42220833,-87.00701389,34,1,1,1,998,1,0,55
210273,6,2,6,9,38.20779167,-85.73820278,12,1,1,2,998,1,0,35
210274,6,3,7,0,38.37416111,-85.61729167,93,2,1,2,998,1,1,35
210275,6,3,7,18,38.69485556,-83.91411667,12,1,1,2,998,0,1,55
210276,6,4,1,1,38.24505556,-85.69911389,33,6,1,1,85,1,1,35
210277,6,4,1,15,37.00711944,-88.83199444,12,1,1,2,998,1,0,55
210278,6,4,1,17,37.976325,-83.85087778,12,1,1,2,998,1,1,45
210279,6,5,2,5,38.17648611,-85.57281667,12,2,1,2,998,1,1,45
210280,6,6,3,21,37.91860556,-84.27296944,42,2,1,1,998,1,1,55
210281,6,7,4,23,38.97758611,-84.61901667,8,3,1,1,998,0,1,45
210282,6,6,3,21,38.02381667,-86.34256944,53,2,10,1,998,1,1,55
210283,6,8,5,13,36.83919722,-87.24400556,1,1,1,1,60,1,0,65
210284,6,9,6,16,38.00124167,-84.79351667,8,1,1,1,998,0,1,70
210285,6,10,7,15,36.93525278,-83.13810278,1,1,1,1,998,1,0,15
210286,6,12,2,20,37.40605833,-82.43743056,12,2,1,2,998,1,1,55
210287,6,9,6,11,37.663775,-82.27315833,12,1,1,2,998,0,0,0
210288,6,14,4,11,36.842275,-86.87887778,12,1,1,2,998,1,0,35
210289,6,14,4,20,38.39977778,-85.57816944,30,1,1,1,998,1,1,45
210290,6,13,3,22,38.02182222,-84.25793611,12,2,10,2,998,1,1,55
210291,6,16,6,18,37.67249444,-83.67885556,1,1,1,1,998,1,1,25
210292,6,16,6,23,38.16878611,-85.70660833,12,3,1,2,998,2,0,55
210293,6,17,7,8,36.61003611,-88.54469444,30,1,1,1,998,1,0,55
210294,6,17,7,11,37.30085278,-82.91355556,16,1,1,1,998,1,0,55
210295,6,18,1,1,38.21431667,-85.5891,32,3,1,1,998,1,1,45
210296,6,14,4,17,36.60853889,-88.31523333,12,1,1,2,998,0,0,35
210297,6,10,7,22,38.04238611,-84.42367222,12,3,1,2,998,0,0,25
210298,6,18,1,21,37.68302222,-82.29961111,12,2,1,2,43,1,0,45
210299,6,1,5,13,37.75437222,-84.61716111,25,1,1,2,998,1,0,55
210300,6,5,2,23,38.70455556,-83.83364722,8,2,1,1,998,0,1,55
210301,6,7,4,9,36.90584722,-85.0935,34,1,2,1,50,1,0,35
210302,6,14,4,11,36.88621111,-87.49075556,99,1,1,1,13,1,0,45
210303,6,19,2,21,37.66684444,-82.90520556,12,2,10,2,998,0,0,55
210304,6,7,4,2,37.36874167,-82.472075,93,2,1,1,53,1,0,55
210305,6,7,4,16,37.23369167,-83.74738889,42,1,2,1,998,1,0,35
210306,6,9,6,20,36.97868889,-86.12208056,35,1,1,1,998,1,1,55
210307,6,10,7,20,37.07126111,-83.85142222,42,5,1,1,998,1,1,98
210308,6,10,7,23,37.22945278,-84.19909722,1,6,1,1,998,1,0,25
210309,6,19,2,5,38.17136389,-85.76807778,8,1,2,1,998,0,0,35
210310,6,21,4,0,38.07477778,-84.49724722,8,6,1,1,998,0,0,55
210311,6,24,7,1,37.32629444,-85.54443889,12,6,1,2,998,0,1,98
210312,6,19,2,10,36.89661389,-83.11865278,1,1,2,1,998,1,0,55
210313,6,24,7,23,38.26373333,-85.72785278,12,3,1,2,998,1,0,35
210314,6,10,7,16,37.20481667,-87.72479444,32,1,1,1,998,1,0,55
210315,6,29,5,14,37.31763056,-86.58010556,16,1,6,1,998,2,0,55
210316,6,29,5,16,36.6834,-85.49660833,1,1,10,1,998,1,0,55
210317,6,29,5,16,37.41545278,-86.41515,14,1,1,1,998,0,0,70
210318,6,28,4,3,38.13583333,-85.58038611,8,2,10,1,998,0,0,50
210319,6,3,7,7,36.84218333,-87.21320278,42,1,1,1,998,1,0,55
210320,6,26,2,14,38.12109167,-85.85576667,12,1,1,2,998,1,0,45
210321,6,3,7,23,38.34841389,-83.95574722,42,2,1,1,998,2,1,55
210322,6,10,7,9,37.785625,-86.28205556,1,1,1,1,998,1,0,55
210323,6,27,3,0,37.63438333,-85.86059444,12,2,1,3,998,1,0,70
210324,6,30,6,12,38.12746944,-83.62700278,43,1,1,1,998,1,0,98
210325,4,30,1,19,37.64509444,-84.246125,30,1,10,1,55,1,1,45
210326,5,15,2,14,38.03520278,-84.89563889,8,1,10,1,998,0,0,98
210327,6,18,1,22,37.74250278,-85.89123889,8,3,10,1,998,0,0,45
210328,5,8,2,10,37.54386111,-86.28798889,93,1,10,1,998,1,0,55
210329,4,22,7,22,37.909275,-84.47048056,42,3,10,1,50,1,0,55
210330,4,29,7,21,37.48334444,-86.41503611,42,2,1,1,998,1,1,55
210331,6,21,4,4,38.48941944,-84.58858889,1,2,1,1,998,1,0,55
210332,4,18,3,18,38.19356944,-85.78317222,12,1,1,2,998,1,0,98
210333,6,12,2,12,37.82448611,-85.97689722,12,1,1,2,55,0,0,55
210334,6,28,4,20,36.82310556,-88.47171389,12,2,1,2,65,0,1,70
210335,7,2,1,18,37.38291111,-85.75976667,35,1,2,1,998,1,1,55
210336,7,7,6,6,37.83936944,-87.58851389,8,1,1,1,10,0,0,98
210337,7,7,6,13,38.10418056,-85.89313889,12,1,1,2,998,1,0,98
210338,7,8,7,17,38.11029167,-85.67277222,39,1,10,1,998,1,1,65
210339,7,9,1,10,36.79296944,-86.47515278,12,1,10,2,998,2,0,70
210340,7,5,4,10,37.51838056,-82.15412778,12,1,1,2,998,1,1,35
210341,7,6,5,17,38.14354722,-85.65994722,12,1,1,2,998,1,0,45
210342,7,10,2,2,37.22953889,-83.000475,12,3,1,2,998,1,0,55
210343,7,10,2,17,37.75273333,-85.84497222,12,1,1,2,998,1,1,55
210344,7,8,7,0,38.32136667,-85.47580556,8,2,1,1,998,0,1,35
210345,7,12,4,17,38.13612222,-85.69562778,12,1,1,2,998,1,0,45
210346,7,14,6,17,38.50696389,-84.58191944,1,1,1,2,998,1,0,55
210347,7,14,6,21,38.14649167,-84.95252778,8,2,1,1,998,0,0,35
210348,7,14,6,22,38.20506111,-85.57947222,12,3,1,2,998,0,0,35
210349,7,16,1,0,38.92239722,-84.62991944,54,3,1,2,68,0,0,70
210350,7,16,1,10,38.99301111,-84.63481667,12,1,1,2,998,1,0,40
210351,7,16,1,21,36.63009444,-84.461875,35,2,1,1,998,1,1,55
210352,7,16,1,23,38.07731667,-84.49390833,8,3,1,1,44,0,0,55
210353,7,10,2,20,38.04251389,-83.89553333,34,5,1,1,998,1,0,55
210354,7,18,3,8,36.99469444,-88.63049167,1,1,1,2,0,0,0,45
210355,7,17,2,21,37.421025,-84.00050833,42,2,1,1,998,1,1,55
210356,7,21,6,1,38.26123611,-85.72349722,33,2,1,1,998,1,1,35
210357,7,21,6,17,36.99544444,-87.853075,42,1,1,1,998,1,0,55
210358,7,21,6,2,38.01302778,-84.45898889,12,3,10,2,998,1,1,98
210359,7,23,1,2,37.49606111,-82.65706389,18,2,1,1,998,2,1,55
210360,7,23,1,23,36.83188333,-83.4621,12,2,1,2,998,1,0,55
210361,7,25,3,16,37.37516944,-82.78509167,1,1,1,1,998,1,0,55
210362,7,21,6,12,38.12981111,-85.46909444,58,1,1,1,998,1,0,55
210363,7,23,1,2,38.25713611,-85.72018611,15,2,1,1,998,0,0,35
210364,7,26,4,16,38.07545278,-85.88447222,12,1,10,2,998,2,0,98
210365,7,26,4,16,38.11184444,-84.45196667,38,1,1,1,998,1,1,45
210366,7,1,7,11,36.82718889,-87.22066944,12,1,10,2,998,1,0,98
210367,7,3,2,17,37.23284722,-87.30348333,35,1,1,1,998,1,0,70
210368,7,3,2,23,37.869625,-83.53121389,42,2,2,1,998,1,0,45
210369,7,4,3,14,37.75804444,-85.89825278,12,1,1,2,998,1,0,55
210370,7,7,6,9,37.1117,-85.74131944,12,1,10,2,998,0,0,98
210371,7,8,7,21,37.89501667,-84.56680833,9,2,1,1,998,0,0,35
210372,7,10,2,13,36.80205,-86.14008333,12,1,1,3,70,0,1,55
210373,7,11,3,13,38.13060833,-85.73399167,12,1,1,2,998,0,0,55
210374,7,12,4,7,38.31272778,-82.86739444,1,4,1,1,998,1,0,35
210375,7,13,5,1,37.69573056,-85.85554722,30,2,1,1,998,1,1,25
210376,7,14,6,9,39.07136667,-84.46308889,54,1,1,2,998,0,0,65
210377,6,21,4,7,37.76896667,-85.78991667,57,1,2,1,70,1,0,70
210378,7,17,2,1,38.24365278,-85.52073611,35,2,10,1,998,1,1,45
210379,7,27,5,1,38.16540278,-85.87856944,12,2,1,2,998,0,0,98
210380,7,27,5,2,38.04012222,-85.90598056,12,2,1,2,78,1,0,55
210381,7,26,4,0,38.00108611,-84.52011667,8,3,10,1,998,0,0,45
210383,7,30,1,2,38.25015278,-85.80702222,24,3,1,1,998,1,1,55
210384,7,26,4,1,38.188125,-85.82916944,12,3,10,2,998,1,1,55
210385,7,31,2,12,37.58544167,-85.26449167,12,1,1,2,11,2,0,98
210386,7,12,4,20,37.65722778,-85.03813889,1,1,1,1,998,1,0,55
210387,7,26,4,17,36.75741111,-84.73272778,43,1,1,1,998,1,0,55
210388,6,18,1,22,38.3126,-85.56741389,12,3,1,2,998,1,0,98
210389,6,23,6,20,37.89126944,-83.95853889,1,1,1,1,998,1,0,70
210391,7,13,5,15,37.31620833,-84.07572222,42,1,1,1,998,1,0,55
210392,7,24,2,21,37.77142778,-87.13249722,9,2,1,1,998,0,0,98
210393,6,10,7,11,37.92497222,-86.93533889,12,1,1,2,998,1,0,55
210394,6,19,2,19,37.07955278,-88.06411667,12,1,10,2,998,1,0,55
210395,7,15,7,20,37.46644444,-83.60693889,8,2,1,1,998,0,0,55
210396,7,22,7,7,37.38455556,-82.43857222,12,1,1,2,53,1,0,45
210397,7,30,1,3,37.96542222,-83.85828333,12,2,1,2,998,0,1,45
210398,7,26,4,8,37.68776667,-85.85241944,12,1,1,2,998,1,0,35
210399,4,30,1,22,38.21923333,-85.31305278,12,2,2,2,0,1,0,55
210400,4,12,4,18,38.26811667,-84.29703333,12,1,1,2,998,1,0,55
210401,2,19,1,15,37.64298611,-86.60948056,12,1,1,2,998,1,0,55
210402,3,3,6,15,37.05321944,-86.98853333,16,1,2,1,0,1,0,55
210403,6,21,4,22,37.205575,-85.54532222,42,2,1,1,998,1,1,55
210404,7,19,4,14,37.99876389,-85.69509722,8,1,1,1,998,0,0,45
210405,8,1,3,14,38.01555,-84.66943889,35,1,1,1,998,1,0,55
210406,8,1,3,5,37.00754444,-88.3426,8,6,10,1,998,0,0,45
210407,8,3,5,16,38.65506111,-83.88568333,42,1,1,1,998,1,0,55
210408,8,4,6,6,38.26664167,-84.50890556,1,4,5,1,998,1,0,55
210409,8,4,6,19,36.89829722,-86.0088,12,1,1,2,998,1,1,55
210410,8,5,7,14,36.84349444,-84.22641111,12,1,1,2,8,1,0,98
210411,8,5,7,21,38.63555,-83.71443611,5,6,1,1,998,1,1,55
210412,8,6,1,11,38.11971667,-85.78293889,42,1,1,1,998,1,0,65
210413,8,2,4,20,37.88605833,-84.34259722,8,5,1,1,998,0,0,70
210414,8,7,2,1,38.28642778,-85.49831944,42,2,10,1,998,1,0,35
210415,8,7,2,15,38.09312222,-84.48725278,12,1,1,2,998,0,0,55
210416,8,8,3,9,37.13024444,-86.33168611,12,1,1,2,998,0,0,55
210417,8,7,2,6,39.038125,-84.60550278,9,2,2,1,998,0,0,55
210418,8,9,4,15,37.15516944,-87.77739722,12,1,2,2,0,0,0,70
210419,8,8,3,14,37.08373333,-83.97086389,12,1,1,2,63,1,0,55
210420,8,11,6,12,38.15278889,-85.81747778,12,1,1,2,998,0,0,45
210421,8,11,6,13,37.71892778,-85.81890556,32,1,1,1,998,1,0,45
210422,8,11,6,17,36.94655,-84.00042778,91,1,1,2,95,2,1,55
210423,8,11,6,20,38.37065556,-82.76111111,12,5,1,2,998,1,1,55
210424,8,12,7,20,37.65662222,-83.81407778,35,2,10,1,998,2,1,55
210425,8,13,1,4,37.7869,-82.41948611,1,2,1,1,58,1,1,55
210426,8,13,1,22,38.60524722,-84.11938056,42,2,1,1,45,1,1,35
210427,8,7,2,20,37.7627,-87.136475,12,5,1,2,998,0,0,30
210428,8,13,1,12,36.89869167,-86.51841944,12,1,1,2,998,1,0,98
210429,8,15,3,7,38.26543333,-85.59462222,9,1,1,2,998,0,0,35
210430,8,15,3,11,38.05171111,-84.72015833,12,1,1,2,998,1,0,98
210431,8,15,3,13,38.15792778,-85.59109444,12,1,1,2,998,0,0,0
210432,8,14,2,14,39.089875,-84.51895,12,1,10,2,998,1,1,35
210433,8,16,4,10,37.48811389,-82.23005,35,1,1,1,998,1,0,55
210434,8,15,3,23,38.20412222,-85.665325,8,2,1,1,998,0,0,35
210435,8,13,1,2,38.00345278,-84.46163611,8,2,1,1,998,0,1,55
210436,8,16,4,14,37.87695,-83.93199167,12,1,1,2,63,1,0,55
210437,8,19,7,20,38.18934444,-85.78343333,12,2,1,2,998,1,0,35
210438,8,20,1,15,38.19021389,-85.760375,12,1,1,2,0,0,0,55
210439,8,11,6,22,38.05595556,-85.69890278,12,3,1,4,998,0,0,70
210440,8,16,4,13,37.31728889,-85.41396111,12,1,10,3,998,1,0,55
210441,8,21,2,16,38.82406389,-84.756025,12,1,1,2,998,1,0,55
210442,8,3,5,17,38.14933056,-85.76126667,43,1,1,1,998,1,0,45
210443,8,12,7,3,38.12592222,-85.64294722,12,2,1,2,998,1,1,35
210444,8,12,7,23,38.05996389,-84.48408056,8,3,10,1,998,0,1,45
210445,8,22,3,3,38.21031111,-85.76465833,12,2,1,2,998,0,1,35
210446,8,22,3,15,36.99300556,-86.20240278,12,1,1,2,998,1,1,55
210447,8,1,3,17,38.98005278,-84.37028889,30,1,1,1,58,1,0,55
210448,8,2,4,16,37.77446944,-85.68744167,1,1,1,1,998,1,0,55
210449,8,4,6,12,37.79869722,-86.22987222,42,1,1,1,998,1,0,45
210451,8,6,1,21,38.10136389,-84.38279167,42,2,1,1,998,1,0,55
210452,8,10,5,13,37.62968889,-85.88738889,42,1,1,1,998,1,0,55
210453,8,17,5,0,38.18734722,-85.81131944,30,3,1,1,998,1,1,35
210454,8,20,1,15,37.15671667,-84.32367222,12,1,1,2,998,1,0,55
210455,8,20,1,18,37.901325,-85.27722778,32,1,1,1,998,1,1,55
210456,8,20,1,16,38.20051389,-85.53125,12,1,1,3,8,0,0,35
210457,8,21,2,23,36.99693333,-87.465525,39,2,1,1,998,1,0,70
210458,8,25,6,9,36.91414167,-86.44012778,52,1,10,1,998,1,1,45
210459,8,26,7,14,37.49887222,-86.27157222,12,1,1,2,998,1,0,98
210460,8,17,5,16,37.27013611,-87.49398056,93,1,1,1,998,1,1,35
210461,8,23,4,16,37.04558333,-88.26722222,12,1,1,2,43,1,0,55
210462,8,28,2,4,38.18832222,-83.48937778,8,2,1,1,998,0,0,70
210463,8,28,2,17,37.86456111,-84.63520556,12,1,1,2,998,1,0,55
210464,8,18,6,23,38.11391667,-85.67611944,1,2,1,2,998,1,0,55
210465,8,29,3,14,37.73425278,-83.46308333,12,1,1,3,998,1,0,55
210466,8,25,6,22,37.96446111,-85.620175,30,6,10,1,998,1,0,55
210467,8,28,2,18,38.01563333,-84.16091389,12,1,10,2,998,1,0,70
210468,8,31,5,16,37.30023889,-87.34808056,12,1,1,2,998,0,0,55
210469,8,31,5,21,38.23210278,-85.62905,12,3,1,2,998,1,0,55
210470,8,21,2,13,36.85721667,-87.55272778,59,1,1,1,70,1,0,55
210471,8,21,2,19,38.08056667,-85.83051111,1,1,1,1,998,1,1,35
210472,8,24,5,20,37.08123056,-84.09932778,31,1,1,1,998,1,0,70
210473,8,27,1,2,38.14004167,-85.585825,42,2,1,1,998,1,0,55
210474,8,31,5,11,36.84215278,-86.86382778,12,1,1,3,13,1,0,55
210475,8,22,3,5,36.87923333,-87.73115278,8,3,1,1,58,0,0,70
210476,8,10,5,11,37.81084722,-85.49555833,12,1,1,2,998,1,0,98
210477,8,11,6,12,36.83640556,-86.95956667,12,1,1,2,18,1,0,98
210478,8,13,1,18,37.82552222,-86.65761944,35,1,1,1,43,1,1,55
210479,8,26,7,7,36.690125,-88.87714722,1,1,1,1,998,1,1,55
210480,8,14,2,5,37.81596944,-82.79207778,24,2,1,1,998,1,0,35
210481,8,12,7,4,36.99898056,-84.84109722,1,3,10,1,998,1,1,35
210482,8,5,7,16,37.443125,-83.31438056,32,1,1,1,998,1,0,35
210483,8,4,6,3,37.478375,-85.44206389,42,2,5,1,998,1,0,55
210484,8,19,7,21,36.84366944,-87.78541944,24,2,1,1,998,1,0,55
210485,7,26,4,4,36.65044167,-87.41535556,32,6,1,1,60,1,0,45
210486,8,11,6,14,38.6807,-84.61233056,12,1,1,2,998,1,0,45
210487,9,1,6,16,38.30123333,-85.595475,9,1,1,1,998,0,0,15
210488,9,2,7,21,38.00460278,-84.44964167,8,3,1,1,998,0,0,45
210489,9,2,7,18,37.32734444,-86.76195833,12,1,1,2,998,0,0,55
210490,9,3,1,13,37.82835,-83.74572778,1,1,1,2,998,1,0,70
210491,9,3,1,14,38.81186389,-84.35676667,30,1,1,1,998,1,0,55
210492,9,3,1,23,38.16143611,-85.76555556,12,3,10,2,998,0,0,30
210493,9,4,2,3,37.29702778,-85.38359444,1,2,1,1,998,1,1,55
210494,9,4,2,8,38.67546111,-85.08150833,38,1,1,1,998,1,0,55
210495,9,4,2,15,38.92143889,-84.51769444,12,1,10,2,50,1,1,45
210496,9,7,5,5,36.76591944,-83.15590278,12,2,10,2,998,1,0,55
210497,9,7,5,10,36.75245,-84.95100833,42,1,10,1,998,1,0,55
210498,9,7,5,12,37.42385833,-82.51691667,12,1,1,2,998,0,0,55
210499,9,8,6,2,37.81708889,-85.97041944,52,2,1,1,998,1,1,35
210500,9,8,6,5,38.01019722,-85.66395278,12,2,1,2,998,0,0,55
210501,9,8,6,22,38.22063611,-85.79359722,8,2,1,1,998,0,0,35
210502,9,10,1,5,38.14078889,-85.58744722,12,6,1,2,998,1,1,65
210503,9,10,1,17,37.86934722,-83.45151111,42,2,1,1,998,1,1,55
210504,9,9,7,22,37.43695,-82.64730278,35,2,1,1,998,1,0,55
210505,9,6,4,20,38.05248889,-84.72610278,9,2,1,1,998,0,0,35
210506,9,9,7,0,38.42365556,-84.28217222,5,2,1,1,998,1,0,55
210507,9,9,7,22,36.82854167,-87.47326667,8,3,1,1,47,0,0,45
210508,9,10,1,12,37.87133333,-85.9604,12,1,10,2,998,2,0,55
210509,9,14,5,2,38.04517222,-85.69705833,12,2,1,2,0,1,1,70
210510,9,14,5,22,38.04110556,-84.51226667,12,3,1,2,998,0,0,0
210511,9,11,2,16,37.57579444,-84.79165278,12,1,1,2,5,0,0,55
210512,9,13,4,23,38.13794167,-85.88776111,8,6,1,1,998,0,0,55
210513,9,15,6,16,38.08506944,-84.55165556,12,1,1,2,998,0,0,98
210514,9,15,6,22,38.07091389,-84.47686944,8,3,1,1,998,0,0,45
210516,9,16,7,15,38.348075,-85.49122778,12,1,1,2,998,0,1,98
210517,9,16,7,18,37.65798056,-85.11910556,12,1,1,2,998,1,1,55
210518,9,17,1,9,37.59471944,-86.19513056,35,1,10,1,998,1,0,55
210519,9,17,1,14,37.34153333,-84.30724722,12,1,1,2,998,0,0,98
210520,9,17,1,3,38.13518333,-85.59701389,14,2,1,1,998,1,1,65
210521,9,19,3,18,38.20164722,-85.68874444,25,1,1,1,998,1,0,35
210522,9,1,6,15,37.806325,-85.602925,12,1,1,2,998,0,0,55
210523,9,3,1,16,38.83196111,-84.40036111,1,1,1,1,38,1,0,35
210524,9,8,6,22,37.915925,-85.35717222,1,2,1,1,50,1,0,55
210525,9,9,7,14,37.50778889,-86.84031111,12,1,1,2,998,0,0,55
210526,9,10,1,20,38.19233333,-85.80787222,8,2,1,1,998,0,1,35
210527,9,14,5,4,38.20111389,-85.79425278,8,3,1,1,998,0,0,35
210528,9,15,6,2,37.822,-85.70561389,8,2,1,1,998,0,0,55
210529,9,23,7,15,38.17229444,-85.156575,1,1,1,1,73,1,0,70