ST_CASE,MONTH,DAY,DAY_WEEK,HOUR,LATITUDE,LONGITUD,HARM_EV,LGT_COND,WEATHER,VE_FORMS,TRAV_SP,DEATHS,DR_DRINK,VSPD_LIM
210530,9,23,7,17,38.82405556,-84.760925,42,1,1,1,998,1,0,55
210531,9,23,7,23,36.80105,-86.55988333,12,2,1,3,998,1,1,55
210532,9,24,1,9,38.28495278,-84.58214444,93,1,1,1,998,1,1,55
210533,9,24,1,17,37.96098889,-84.75237778,12,1,1,2,998,0,0,55
210534,9,24,1,19,38.48121389,-84.98570556,35,2,1,1,998,1,1,55
210535,9,22,6,23,38.13828333,-85.68364444,8,2,1,1,998,0,0,45
210536,9,26,3,6,38.24862778,-85.67458056,8,2,1,1,998,0,0,35
210537,9,26,3,16,37.36625556,-83.91564444,1,1,1,2,998,1,1,35
210538,9,26,3,23,38.0924,-84.42985556,12,2,1,2,998,1,1,55
210539,9,3,1,15,38.14680556,-84.21683333,42,1,1,1,998,2,0,55
210540,9,13,4,18,37.83103889,-87.04481111,35,1,1,1,998,1,0,55
210541,9,28,5,12,37.66941667,-84.05180278,38,1,2,1,998,1,0,55
210542,9,29,6,19,37.99815833,-84.46354444,8,5,1,1,998,0,0,55
210543,9,15,6,16,38.70859167,-84.91001389,12,1,1,2,998,1,0,98
210544,9,19,3,22,37.36997222,-86.83914722,59,2,1,1,102,1,0,45
210545,9,26,3,23,38.24435833,-84.52805278,39,3,2,1,998,1,0,98
210546,9,7,5,15,36.82796111,-84.21100833,53,1,1,1,998,1,0,55
210547,9,28,5,14,37.50585556,-87.65691667,32,1,1,1,998,1,0,55
210548,9,28,5,19,38.07458056,-83.91012222,8,2,1,1,998,0,0,35
210549,9,30,7,19,36.64988611,-87.353775,35,3,1,1,48,1,1,98
210550,9,3,1,6,36.92285556,-84.14802778,42,2,1,1,998,1,1,45
210551,4,3,2,4,38.15881389,-84.90485278,8,2,1,1,998,0,0,70
210552,8,29,3,22,38.18195556,-84.85826944,5,2,1,1,35,1,0,45
210553,9,28,5,14,36.71593889,-86.91529444,32,1,10,1,998,1,0,55
210554,9,22,6,4,38.14137778,-85.79327222,30,3,1,1,998,1,1,35
210555,9,29,6,21,38.04671111,-84.48406111,8,3,1,1,998,0,1,25
210556,6,7,4,6,37.56036667,-82.435825,35,2,2,1,998,1,0,55
210557,8,24,5,17,38.08109444,-84.35876667,42,1,1,1,998,1,0,55
210558,8,28,2,13,37.64360833,-87.12024722,12,1,1,2,65,0,0,55
210559,9,16,7,11,37.52228056,-86.47279167,12,1,1,3,998,1,0,55
210560,8,31,5,13,37.42441111,-82.69564444,17,1,1,1,998,1,0,45
210561,10,2,2,20,39.02018333,-84.59266389,12,3,1,2,998,0,0,35
210562,10,4,4,15,38.30954722,-85.59210833,12,1,10,3,998,0,0,55
210563,10,3,3,18,39.04126667,-84.50658889,8,1,1,1,998,0,0,98
210564,10,3,3,15,36.95270278,-85.82946944,42,1,1,1,998,1,1,50
210565,10,5,5,3,37.33301667,-84.30426944,24,3,1,1,998,1,0,70
210566,10,9,2,13,39.07538611,-84.67975,12,1,10,3,998,0,0,55
210567,10,10,3,9,36.92252778,-85.13935,12,1,1,2,998,0,0,55
210568,10,10,3,21,37.80800556,-85.41638333,12,2,1,2,998,1,1,70
210569,10,11,4,18,37.76645,-87.08799444,12,1,10,3,13,0,0,35
210570,10,12,5,18,36.727475,-84.18945278,12,2,1,2,998,0,0,55
210571,10,12,5,18,37.21770833,-85.58691111,12,5,1,2,998,0,0,55
210572,10,10,3,22,38.14991667,-85.761725,33,6,1,1,998,1,0,45
210573,10,13,6,17,37.01031944,-86.39688333,12,1,1,3,998,0,0,45
210574,10,14,7,0,38.74945833,-84.81280556,14,2,2,1,998,2,1,70
210575,10,14,7,9,37.91592222,-83.8694,32,1,2,1,998,2,0,55
210576,10,11,4,1,38.07235,-85.90411389,30,2,5,1,998,1,1,55
210577,10,16,2,9,37.31955278,-83.94261389,12,1,1,2,998,1,0,55
210578,10,17,3,16,37.00116944,-86.374175,12,1,1,2,998,0,0,70
210579,10,17,3,18,37.33793611,-88.08024444,30,3,1,1,998,1,1,55
210580,10,18,4,19,37.73621389,-83.09948611,23,3,1,2,68,1,1,55
210581,10,13,6,2,37.91338889,-84.36359444,42,2,1,1,998,1,1,55
210582,10,19,5,15,38.19013333,-85.76205,12,1,2,3,998,0,0,55
210583,10,20,6,1,36.99506667,-84.10759444,25,2,2,2,998,0,0,70
210584,10,20,6,10,37.90401389,-83.24166944,35,1,2,1,60,1,0,55
210585,10,20,6,12,38.05293889,-83.96517222,12,1,2,2,998,1,0,98
210586,10,23,2,20,38.04215,-84.46520833,8,3,1,1,998,0,0,35
210587,10,18,4,16,37.83367222,-87.59328611,12,1,1,2,13,1,0,35
210588,10,21,7,2,36.70864167,-83.54376389,1,2,5,1,998,1,1,55
210589,10,24,3,16,38.16296111,-83.95659167,12,1,1,2,58,1,0,55
210590,10,23,2,19,37.39265556,-86.20058611,12,5,1,2,998,0,0,55
210591,10,5,5,14,37.60651389,-87.72193056,43,1,2,1,998,1,1,55
210592,10,6,6,8,37.94403056,-85.40364167,42,4,1,1,50,1,0,55
210593,10,6,6,14,37.56209167,-85.59726111,34,1,1,1,998,1,0,55
210594,10,7,7,14,36.50359167,-88.05962778,42,1,1,1,50,1,0,55
210595,10,8,1,23,37.57628889,-87.481075,24,2,1,1,73,1,1,70
210596,10,17,3,8,37.79167222,-82.79307778,42,1,10,1,998,1,0,35
210597,10,22,1,15,38.055525,-85.55439722,8,1,1,1,5,0,0,15
210598,10,22,1,20,37.18638611,-87.58236667,11,2,1,1,998,1,1,55
210599,10,24,3,16,38.00649167,-84.48568611,12,1,1,5,998,1,0,98
210600,10,27,6,22,38.18307778,-85.78377222,12,3,1,2,998,0,0,35
210602,10,29,1,0,37.14753889,-84.00178333,38,6,1,1,998,1,0,35
210603,10,29,1,14,36.66413889,-84.31867778,24,1,10,1,998,1,0,55
210604,10,20,6,14,36.836175,-86.81494444,38,1,1,1,998,1,0,55
210605,10,30,2,2,37.51434167,-83.73511667,35,2,10,1,998,1,1,55
210606,10,30,2,17,38.06883056,-85.88496389,12,1,1,3,998,1,0,50
210607,10,31,3,4,36.78424444,-86.27893611,12,2,1,2,998,0,0,65
210608,10,5,5,17,37.07914167,-85.32295833,1,1,10,1,998,1,0,70
210609,10,13,6,12,37.00273889,-89.06185278,42,1,1,1,998,1,0,55
210610,10,15,1,23,37.52640833,-85.88401944,8,2,1,1,998,0,0,70
210611,10,16,2,7,38.21281389,-85.74150556,8,4,10,1,998,0,0,35
210612,10,17,3,18,38.7052,-85.28777222,12,1,10,2,998,1,0,55
210613,10,26,5,16,37.82420833,-87.58833889,8,1,1,1,998,0,0,30
210614,10,26,5,20,38.24806389,-85.77499167,8,3,1,1,998,0,0,55
210616,10,29,1,14,37.4704,-87.70559444,34,1,2,1,998,1,0,55
210617,10,17,3,14,38.29373889,-85.55918611,12,1,10,2,998,0,0,45
210618,10,31,3,16,39.02256389,-84.48903333,12,1,1,7,50,0,0,65
210619,10,10,3,9,36.76971944,-85.36056111,42,1,1,1,80,1,0,55
210620,10,15,1,14,37.63426389,-86.75472222,1,1,1,1,998,1,0,55
210621,10,22,1,5,37.21835278,-83.35578889,12,2,1,2,998,0,0,55
210622,10,26,5,17,37.30646667,-85.90327222,25,5,1,1,998,1,0,70
210623,10,28,7,21,37.10513333,-83.28965556,1,2,1,1,998,1,1,55
210624,8,18,6,21,38.17116111,-85.68460278,8,2,1,1,998,0,0,45
210625,10,30,2,1,38.13800556,-85.66545,8,3,2,1,998,0,0,45
210626,1,30,2,16,37.81268056,-82.56718056,93,1,1,1,58,1,0,55
210627,10,18,4,22,37.88521111,-82.55405278,1,1,1,1,998,1,0,55
210628,11,2,5,21,37.10012778,-84.56965,12,2,1,2,50,1,0,55
210629,11,3,6,19,37.48383611,-83.64931111,12,2,1,2,998,1,0,55
210630,11,5,1,16,37.76493889,-84.32757778,12,1,1,2,998,1,0,55
210631,11,2,5,11,36.74145278,-86.55822222,12,1,1,2,998,1,0,98
210632,11,4,7,16,37.02491667,-88.67151944,12,1,1,2,998,1,0,0
210633,11,8,4,7,36.78025278,-87.16382778,12,1,1,2,998,1,0,55
210634,11,8,4,13,37.35962778,-85.34175556,12,1,1,2,998,1,0,45
210635,11,9,5,0,38.21041389,-85.67159167,25,6,1,1,998,1,1,55
210636,11,10,6,1,37.96091667,-84.93459722,42,2,2,1,998,1,1,55
210637,11,10,6,18,38.68006944,-85.19221944,8,1,1,1,998,0,0,45
210638,11,10,6,19,37.81523611,-82.79259167,8,2,1,1,998,0,0,35
210639,11,11,7,2,38.34329444,-85.49755833,12,2,1,2,998,1,1,70
210640,11,11,7,18,38.29306667,-84.41747778,12,3,1,2,998,1,0,98
210641,11,13,2,5,37.49968611,-82.51861111,42,4,1,1,998,1,0,25
210642,11,13,2,6,36.87132778,-87.95834722,42,2,5,1,25,1,0,98
210643,11,13,2,7,38.48467222,-84.83103889,42,1,1,1,998,1,1,35
210644,11,9,5,13,38.17456111,-85.87116111,12,1,1,2,998,1,0,55
210645,11,14,3,6,37.79821944,-85.93142222,15,2,1,1,998,0,0,55
210646,11,14,3,23,36.67240556,-83.68573333,12,2,1,3,998,0,0,55
210647,11,15,4,13,37.22513333,-87.38130833,12,1,1,3,998,0,1,70
210648,11,16,5,9,37.32965833,-87.09157222,1,1,1,1,50,1,0,55
210649,11,17,6,21,38.00718611,-84.45230833,8,3,1,2,998,0,0,45
210650,11,17,6,15,37.73813333,-86.24272222,12,1,2,2,998,2,1,55
210651,11,17,6,16,38.35869722,-85.27628889,38,1,1,1,998,1,0,55
210652,11,18,7,3,37.807475,-87.628475,8,2,1,1,43,0,0,55
210653,11,18,7,10,36.78003333,-86.77078333,12,1,1,2,998,0,1,55
210654,11,19,1,18,38.36895,-85.42398333,12,2,1,3,998,0,0,55
210655,11,19,1,21,38.06162778,-84.46649722,8,3,1,1,998,0,0,45
210656,11,13,2,22,38.21024444,-85.58575556,8,2,1,1,998,0,0,45
210657,11,20,2,6,38.10305,-84.49204722,12,3,10,3,998,1,0,70
210658,11,18,7,19,38.17629167,-85.51413056,8,2,1,2,998,0,0,65
210659,11,19,1,6,37.88033889,-85.70159722,12,2,1,2,998,0,0,55
210660,11,21,3,0,38.05369444,-84.493075,8,3,2,1,998,0,0,35
210661,11,21,3,10,37.35070278,-84.307775,25,1,2,2,998,1,0,70
210662,11,20,2,21,38.16456667,-85.74634167,9,2,10,1,998,0,0,35
210663,11,22,4,1,38.18972222,-85.72823333,25,3,1,1,998,1,1,55
210664,11,22,4,2,37.11838889,-87.87079722,18,3,2,1,998,1,0,25
210665,11,22,4,18,38.19507222,-85.84304444,8,3,1,1,998,0,0,35
210666,11,25,7,16,37.31477778,-88.1545,12,1,1,3,998,1,0,55
210667,11,26,1,13,38.25667778,-85.7414,14,1,2,1,998,1,0,50
210668,11,22,4,2,38.250375,-85.82934167,12,3,10,2,998,1,1,35
210669,11,28,3,22,37.06338333,-84.14697222,12,6,1,2,998,0,1,55
210670,11,23,5,23,38.24994444,-85.809175,8,2,1,1,998,0,0,35
210671,11,3,6,11,38.586825,-84.15168889,35,1,1,1,53,1,0,55
210672,11,5,1,20,37.30872222,-87.49076389,53,6,1,1,998,1,0,35
210673,11,7,3,9,38.49112222,-82.72609444,24,1,1,1,998,1,0,55
210674,11,7,3,9,37.37419722,-85.58687778,34,1,1,1,998,1,0,55
210675,11,7,3,11,36.79730556,-88.26328056,35,1,1,1,58,1,0,55
210676,11,9,5,20,37.75764444,-85.89795556,9,2,10,1,998,0,0,55
210677,11,10,6,13,37.65585,-82.78448056,12,1,1,2,58,1,0,55
210678,11,10,6,18,37.85947222,-87.46716389,12,2,1,2,998,0,1,55
210679,11,11,7,4,38.01195833,-85.69703889,14,2,1,1,998,0,0,70
210680,11,11,7,20,36.74138333,-84.09205833,38,2,10,1,55,1,1,55
210681,11,12,1,17,37.56857778,-86.98298889,8,2,1,1,998,0,1,55
210682,11,17,6,17,36.96155,-86.46298611,8,3,1,2,998,0,0,45
210683,11,20,2,17,37.37786389,-87.58115,8,2,2,1,998,0,0,55
210684,11,20,2,17,37.96483889,-85.68130556,12,1,10,2,998,1,0,35
210685,11,22,4,18,37.61843611,-84.76856667,8,3,1,1,998,0,0,45
210686,11,24,6,21,37.58405,-86.02881111,12,2,1,2,998,0,0,55
210687,11,25,7,12,36.990575,-86.42167778,9,1,1,1,998,0,0,35
210688,11,28,3,9,36.72191667,-83.97509167,12,1,1,2,998,1,0,55
210689,11,30,5,14,36.84605556,-86.53611944,12,1,1,2,998,1,0,98
210690,11,5,1,20,38.17866944,-83.44043333,12,2,1,2,998,0,0,35
210691,11,10,6,13,37.07735278,-83.55897222,12,1,10,2,998,1,0,55
210692,11,6,2,16,37.75516111,-84.26979444,12,1,1,2,998,1,0,55
210693,8,10,5,17,37.31611389,-83.98491111,24,1,1,1,998,1,0,55
210694,12,1,6,15,37.67278889,-87.92578611,12,1,2,2,55,1,0,55
210695,12,4,2,17,37.03288056,-87.75331389,1,2,1,1,998,1,0,55
210696,12,4,2,17,36.80131389,-84.4316,42,2,1,1,998,1,0,55
210697,12,5,3,12,38.17106944,-85.456175,12,1,10,2,998,1,0,55
210698,12,4,2,23,37.93899444,-85.99551111,12,2,1,2,998,1,1,55
210699,12,6,4,17,37.80176667,-86.76158333,11,2,1,1,60,1,1,55
210700,12,7,5,6,37.42940278,-84.77922222,35,1,1,1,998,1,0,55
210701,12,7,5,12,37.35551111,-85.34343056,12,1,1,3,998,0,1,35
210702,12,2,7,16,38.02291111,-86.44311389,42,1,10,1,75,1,0,35
210703,12,8,6,9,38.19571944,-84.82896389,12,1,10,2,10,0,0,45
210704,12,8,6,19,37.407825,-83.45410556,1,2,1,1,998,1,1,15
210705,12,10,1,12,36.67665278,-88.30240833,12,1,1,3,998,2,0,98
210706,12,4,2,21,38.17546667,-85.82218611,8,3,1,1,998,0,0,40
210707,12,12,3,8,37.04161111,-88.56250278,53,1,1,1,85,1,0,45
210708,12,7,5,10,38.30648333,-85.56605278,52,1,1,2,998,1,0,55
210709,12,13,4,18,38.18461667,-85.66528889,8,2,1,1,998,0,0,45
210710,12,7,5,16,38.12573611,-85.79633889,12,1,1,2,998,0,0,35
210711,12,14,5,17,37.50769722,-83.34330833,12,5,1,2,998,1,0,55
210712,12,14,5,17,37.23298889,-85.92970278,12,1,1,5,998,0,0,70
210713,12,15,6,5,37.96401667,-85.00511111,18,2,1,1,998,0,0,55
210714,12,15,6,15,38.01694722,-84.51462778,8,1,1,1,998,0,0,40
210715,12,18,2,18,38.92026111,-84.62932222,8,3,10,1,65,0,0,70
210716,12,15,6,23,37.28129722,-84.65749722,42,3,1,1,998,1,1,35
210717,12,18,2,20,38.86216111,-84.62324167,12,2,10,4,998,0,0,70
210718,12,20,4,22,38.17462778,-85.71272778,8,3,1,1,998,0,0,45
210719,12,20,4,16,38.04566111,-84.50011944,9,1,1,1,998,0,0,25
210720,12,22,6,19,36.82349444,-87.43343611,12,3,1,2,80,0,0,35
210721,12,23,7,11,37.14768889,-85.10524444,32,1,2,1,998,1,0,55
210722,12,23,7,21,36.72998611,-86.191575,35,2,2,1,998,1,0,55
210723,12,24,1,5,38.24408611,-84.52799722,39,2,10,1,998,1,0,55
210724,12,24,1,17,38.99387222,-84.69693611,33,5,10,1,60,1,0,45
210725,12,26,3,2,38.07493333,-84.51780833,8,2,10,2,998,0,0,45
210726,12,21,5,9,38.23285833,-85.76060833,8,1,1,1,8,0,0,98
210727,12,21,5,23,37.17541944,-82.72036667,12,2,10,2,998,1,0,35
210728,12,27,4,7,37.78823611,-87.046875,12,1,1,2,75,1,0,65
210729,12,21,5,21,38.215125,-85.76212222,9,3,10,1,998,0,0,35
210730,12,28,5,0,39.00675,-84.65151667,8,2,10,1,43,0,0,45
210731,12,28,5,9,37.51605556,-85.23051111,42,1,5,1,998,1,1,55
210732,12,28,5,23,36.94037222,-86.42068333,15,3,10,1,998,0,0,45
210733,12,1,6,19,37.58517222,-82.19591389,8,2,2,1,998,0,0,55
210734,12,2,7,4,38.17641389,-85.84335556,30,3,1,1,998,1,1,35
210735,12,3,1,17,38.19920833,-83.46847778,35,2,10,1,998,1,1,70
210736,12,7,5,20,36.64211944,-87.43636667,8,2,1,1,60,0,0,45
210738,12,10,1,17,37.35975,-84.93745278,38,1,1,1,998,1,1,55
210739,12,13,4,21,37.32208333,-83.17830556,35,2,1,1,998,1,1,55
210740,12,15,6,18,37.68270833,-82.79047778,8,2,1,2,998,0,0,55
210741,12,15,6,18,37.05499722,-85.07969722,19,6,1,1,998,1,1,35
210742,12,20,4,10,37.68476111,-86.38223056,1,1,10,1,998,1,0,55
210743,12,20,4,17,37.07496667,-84.56638056,35,1,1,1,45,1,0,55
210744,12,21,5,14,36.68328056,-83.89158889,1,1,10,1,998,1,1,55
210745,12,24,1,3,37.16246389,-87.02351389,38,2,10,1,998,1,0,35
210746,12,26,3,15,37.28239444,-86.599725,42,1,10,1,50,1,0,55
210747,12,27,4,13,37.50948889,-84.81405278,10,1,1,1,998,1,0,35
210748,12,29,6,15,37.96265,-84.49442778,12,1,10,2,998,1,0,98
210749,12,31,1,17,37.18714722,-86.71493056,32,2,1,1,75,1,0,55
210750,12,31,1,19,38.15090278,-85.82196944,19,2,1,1,998,1,0,98
210751,12,13,4,21,38.28414722,-84.15723889,24,2,1,1,998,1,0,55
210752,12,21,5,9,37.95134722,-85.49485556,42,1,1,1,998,1,1,55
210753,12,22,6,23,37.72253333,-84.45695,1,2,1,1,998,1,1,55
210754,12,24,1,17,38.39066667,-84.29741111,8,2,1,1,23,0,0,25
210755,8,19,7,1,37.69646389,-84.10571389,1,2,1,1,998,1,1,35
210756,11,24,6,15,36.57470278,-88.87173056,35,1,1,1,998,1,0,55
210757,11,24,6,16,38.60605556,-83.16233889,38,1,1,1,30,1,0,5
210758,11,21,3,18,38.68006944,-85.19223889,8,3,10,1,998,0,0,45
210759,7,2,1,5,38.95358333,-84.62120833,9,2,1,1,40,0,1,45
210760,7,20,5,15,36.92365556,-84.05455,12,1,10,3,998,1,0,98
210761,7,21,6,21,37.67574722,-85.23504444,12,2,1,3,998,1,0,55
210762,7,22,7,2,37.58876667,-87.40462778,3,2,1,1,43,2,1,55
210763,9,3,1,15,37.51925,-85.64608056,1,1,1,1,998,1,0,55
210764,9,28,5,15,38.15494444,-83.372275,1,1,10,1,998,1,1,55
210765,9,29,6,7,37.68251389,-85.8619,24,4,5,1,998,1,0,55
210766,10,15,1,15,37.37949722,-86.25401389,1,1,2,1,998,1,0,55
210767,12,9,7,16,37.75781944,-84.80622222,12,1,2,2,998,0,0,55
210768,9,28,5,9,36.74121111,-85.13459444,12,1,10,2,13,1,0,55
210769,10,24,3,8,37.78155,-85.90916111,32,1,10,2,998,0,0,55
210770,12,19,3,18,36.73588056,-83.67255278,1,2,1,2,998,1,0,98
210771,5,26,6,12,37.23207778,-83.76349722,1,1,1,1,998,1,0,35
210772,6,18,1,15,36.65972778,-84.38726667,1,1,1,1,998,1,0,55
210773,7,16,1,6,37.20273611,-83.8359,5,4,98,1,998,1,0,98
210774,8,5,7,99,88.8888,888.8888,1,8,98,1,998,1,0,98
210775,8,15,3,20,36.77200833,-84.95979167,12,1,1,2,998,1,0,98
210776,11,1,4,17,37.91653333,-84.86232778,12,1,1,2,18,0,0,98
210777,12,2,7,2,38.24827778,-84.49407778,42,2,1,1,998,1,0,55
210778,12,22,6,17,37.26188611,-85.02403611,42,5,1,1,998,1,0,55
210779,12,3,1,15,37.8566,-87.56673889,8,1,10,1,8,0,0,0
220001,1,1,1,0,30.2985,-89.71207222,12,2,5,2,68,1,0,70
220002,1,1,1,4,30.25740833,-91.82013611,59,2,5,1,998,1,1,55
220003,1,1,1,5,30.42754722,-91.16977778,8,3,5,1,998,0,0,60
220004,1,3,3,21,31.9815,-93.68378889,1,2,1,1,37,1,0,55
220005,1,4,4,20,31.34734167,-92.5198,14,3,1,1,998,1,0,75
220006,1,4,4,23,30.01482222,-92.12376667,12,2,1,2,999,2,1,65
220007,1,6,6,7,29.95114444,-90.38030278,12,1,1,2,998,1,0,35
220008,1,6,6,20,30.33252778,-89.88090278,12,2,1,3,998,1,0,70
220009,1,6,6,22,29.9582,-90.23808333,12,3,1,2,998,1,0,35
220010,1,8,1,1,30.23196944,-92.53021667,50,2,1,1,998,1,0,70
220011,1,8,1,18,30.14408611,-89.86394722,8,2,1,1,998,0,0,70
220012,1,8,1,16,32.53886944,-92.51488889,57,1,1,1,998,1,0,70
220013,1,7,7,9,30.10927778,-92.02699167,8,1,99,1,998,0,0,35
220014,1,9,2,17,30.21092778,-90.92051667,12,1,1,2,45,0,0,45
220015,1,9,2,17,30.36734167,-90.06918056,8,2,1,1,47,0,0,98
220016,1,9,2,18,30.052475,-92.65397222,9,2,1,1,998,0,1,55
220017,1,10,3,18,32.41673056,-93.81462222,12,3,1,2,998,0,0,40
220018,1,10,3,18,30.23416111,-91.99897222,12,3,1,3,998,0,0,35
220019,1,11,4,10,30.35364167,-91.04443611,12,1,1,2,998,1,0,45
220020,1,11,4,19,30.45065278,-91.14456667,8,3,1,1,998,0,0,35
220021,1,12,5,2,30.22860833,-91.99347778,33,3,1,1,998,1,1,40
220022,1,13,6,21,30.47525,-90.22635556,42,2,1,1,100,1,0,70
220023,1,15,1,1,30.18724722,-92.20956389,12,2,1,2,998,1,0,55
220024,1,15,1,2,30.366225,-91.13269167,8,2,1,1,998,0,0,98
220025,1,16,2,7,29.961775,-91.83655278,30,9,1,1,998,1,1,50
220026,1,16,2,10,30.6781,-92.26259167,34,1,1,1,998,1,0,35
220027,1,16,2,11,29.73716667,-90.80486389,34,1,1,2,998,1,0,55
220028,1,16,2,21,30.56877222,-92.05104444,12,2,10,2,119,1,0,70
220029,1,17,3,7,32.85183889,-91.42033889,34,1,1,1,998,1,0,55
220030,1,17,3,14,32.04946944,-91.65795556,8,1,1,1,45,0,0,45
220031,1,13,6,9,30.77575833,-93.31227778,12,1,1,3,998,0,0,55
220032,1,18,4,5,30.726,-90.43088333,12,2,5,2,998,1,0,45
220033,1,20,6,5,30.52641389,-93.56752222,59,2,1,1,998,1,0,55
220034,1,25,4,15,31.87719722,-93.69726944,45,1,1,1,59,0,0,65
220035,1,29,1,23,30.42832222,-91.21378611,8,2,2,1,998,0,0,45
220036,1,30,2,17,30.45820556,-91.16761944,25,3,2,1,998,1,0,50
220037,1,31,3,16,30.00184444,-90.13438889,12,1,1,2,998,1,0,40
220038,1,31,3,17,32.32769722,-93.29373889,8,2,1,1,998,0,0,45
220039,2,1,4,14,29.95531389,-92.13788056,30,1,10,1,998,1,1,45
220041,1,18,4,12,30.53065,-90.47103056,8,1,1,1,998,0,0,25
220042,1,19,5,0,30.44765833,-90.98581667,8,2,2,3,998,0,0,60
220043,1,20,6,22,30.29403889,-91.92033889,8,2,10,1,998,0,0,65
220044,1,21,7,9,29.55350833,-90.61385833,8,1,10,1,998,0,0,55
220045,1,22,1,20,30.41764167,-91.10144444,14,3,1,1,998,1,1,60
220046,1,23,2,15,31.86495278,-92.68299444,34,1,1,1,998,1,1,55
220048,1,24,3,1,30.17621111,-92.00209444,12,3,1,2,998,1,1,45
220049,1,25,4,19,32.57591667,-93.7313,12,3,1,2,998,1,0,55
220050,1,28,7,10,31.89346389,-92.26305833,12,1,1,2,998,1,0,55
220051,2,9,5,17,30.19190556,-93.255875,8,1,1,1,998,0,0,25
220052,2,10,6,22,32.4203,-91.313525,57,2,1,1,998,1,0,98
220053,2,11,7,15,32.54223889,-93.54966389,42,1,10,1,998,1,0,70
220054,2,11,7,19,29.96323889,-90.16148333,8,2,2,1,998,0,0,35
220055,2,12,1,16,31.69753333,-93.68561111,42,1,1,1,998,1,0,65
220056,2,12,1,16,30.24985833,-93.00673889,12,1,1,3,998,0,0,60
220057,2,15,4,19,32.41133056,-93.85534722,12,3,10,2,998,0,0,45
220058,2,16,5,2,30.62876389,-92.406675,42,2,1,1,998,1,1,35
220059,2,17,6,6,31.66966389,-91.83580278,59,9,99,1,998,1,1,55
220060,2,19,1,13,30.31108889,-91.88248333,35,1,1,1,998,2,1,35
220061,2,20,2,16,30.10663611,-93.21575833,34,1,1,1,998,1,0,50
220062,2,3,6,21,30.28186667,-91.94795,12,2,1,4,998,0,0,70
220063,2,4,7,19,31.23655,-93.39184722,8,2,1,1,998,0,0,55
220064,2,6,2,7,32.54240833,-93.5423,42,1,5,1,998,1,0,70
220065,2,6,2,11,30.48507778,-90.48272778,12,1,1,2,998,0,0,45
220066,2,6,2,15,30.46638889,-91.10544722,12,1,1,5,998,1,0,35
220067,2,6,2,17,30.65594167,-90.20135833,12,1,1,2,53,0,0,55
220068,2,7,3,20,30.30804722,-91.90465833,32,2,1,1,43,1,1,55
220069,2,8,4,0,30.44140278,-91.13839722,33,3,1,1,998,1,1,45
220070,2,8,4,7,32.63725833,-92.11596667,42,1,10,1,65,1,0,45
220071,2,9,5,15,32.83314444,-91.22124444,12,1,1,2,998,1,1,55
220072,2,19,1,16,29.45526944,-90.70315,12,1,1,2,998,0,1,55
220073,2,20,2,18,30.66675833,-91.74893889,12,2,1,2,998,0,1,55
220074,2,20,2,18,29.77574444,-90.83055278,12,3,1,2,998,1,0,25
220075,2,21,3,16,30.24753333,-92.18174167,12,1,1,4,80,1,1,70
220076,2,22,4,16,29.96015,-90.07716389,12,1,1,2,998,1,0,35
220077,2,22,4,20,29.96629167,-90.10918889,8,6,1,1,998,0,0,35
220078,2,23,5,5,30.45465833,-91.08466667,46,3,10,1,998,1,0,50
220079,2,23,5,19,32.68945,-93.94875,8,2,99,1,998,0,0,55
220080,2,24,6,6,31.53208889,-93.70341667,8,2,5,1,998,0,0,55
220081,2,25,7,22,30.36325556,-93.72224444,42,2,1,1,998,1,1,98
220082,2,26,1,3,30.48862778,-91.07616111,12,3,1,2,998,0,0,50
220083,2,26,1,15,30.48179167,-90.28899167,12,1,1,2,83,1,0,70
220084,2,26,1,18,30.42304167,-91.178825,9,3,1,1,998,0,0,35
220086,2,27,2,18,30.34435556,-93.26560556,12,5,1,2,998,0,0,45
220087,3,1,4,21,30.17748889,-93.17986111,8,7,1,1,998,0,0,45
220088,3,3,6,11,31.11,-92.79834167,1,1,1,1,40,1,0,55
220089,3,3,6,12,30.24000278,-92.63544722,12,1,1,2,998,1,0,0
220090,3,4,7,21,30.3656,-90.06563333,12,2,1,2,33,1,1,40
220091,2,10,6,23,29.96488333,-90.10920556,52,2,1,1,998,1,1,25
220092,2,16,5,11,32.45480556,-93.70854167,12,1,1,2,998,1,0,35
220093,2,23,5,2,30.69359167,-90.81815556,12,2,1,2,25,1,1,55
220094,3,4,7,4,30.88938333,-93.28575833,8,2,1,1,55,0,0,55
220095,2,24,6,6,30.46856944,-92.94746389,34,1,10,1,998,1,0,55
220096,2,24,6,23,30.47544444,-90.69350833,12,2,1,2,0,1,1,70
220097,3,8,4,8,30.98893889,-91.87505,1,1,1,1,998,1,0,25
220098,3,8,4,15,32.19774167,-92.70713889,12,1,1,2,998,2,0,65
220099,3,9,5,0,30.46704167,-91.15638611,12,3,1,2,998,0,0,30
220100,3,9,5,20,29.68609722,-91.30426389,8,2,1,2,998,0,0,55
220101,3,10,6,19,32.45723611,-92.16330278,8,2,1,1,999,0,0,55