ST_CASE,MONTH,DAY,DAY_WEEK,HOUR,LATITUDE,LONGITUD,HARM_EV,LGT_COND,WEATHER,VE_FORMS,TRAV_SP,DEATHS,DR_DRINK,VSPD_LIM
260050,1,30,2,14,42.711425,-82.87929167,12,1,10,2,998,1,0,45
260051,1,28,7,14,43.17884444,-83.65996944,12,1,10,3,998,0,0,55
260052,1,27,6,15,45.90284444,-86.57849444,12,1,11,3,998,2,0,65
260053,1,29,1,0,41.78310833,-86.15511667,42,2,1,1,998,1,1,55
260054,1,14,7,16,43.88783889,-85.63716111,12,1,1,2,998,1,0,98
260055,1,31,3,21,43.5898,-83.93288056,32,2,1,1,998,1,1,45
260056,1,13,6,23,42.46348056,-83.00569722,12,3,1,2,998,0,0,98
260057,1,21,7,1,42.49369722,-83.40601389,1,2,1,1,998,1,0,70
260058,1,26,5,21,43.15285278,-86.21152778,8,2,4,1,998,0,0,75
260059,1,31,3,19,43.29874722,-83.07962222,12,2,1,2,998,1,0,55
260060,1,27,6,7,46.74942778,-88.46759167,12,2,1,2,998,1,1,55
260061,1,29,1,20,43.01503889,-83.07181111,12,3,1,3,998,0,0,45
260062,1,24,3,11,43.46590556,-83.94641111,12,1,1,3,998,1,0,35
260063,1,21,7,17,42.44920556,-83.00258056,12,3,1,2,998,0,1,98
260064,1,18,4,10,42.35686944,-83.27433889,12,1,1,2,998,1,0,45
260065,2,2,5,7,43.83071667,-83.23638889,12,1,11,2,998,1,0,55
260066,1,29,1,20,42.62605556,-83.51150278,12,2,10,2,998,1,1,45
260067,1,14,7,13,42.39319167,-84.42894167,1,1,1,2,998,1,0,70
260068,2,3,6,11,44.17457222,-85.56731111,42,1,1,1,998,1,0,55
260069,2,2,5,21,42.5619,-84.1131,42,2,10,1,998,1,0,55
260071,2,4,7,13,42.72787778,-83.43580556,12,1,1,2,998,1,0,25
260072,2,6,2,18,42.44221944,-83.31706667,8,3,10,1,998,0,0,98
260073,2,5,1,21,42.43158056,-82.96543056,12,3,10,2,998,1,0,98
260074,2,3,6,0,43.38187778,-83.93554167,8,2,1,1,998,0,0,50
260075,2,9,5,7,42.93550556,-85.69634722,8,2,2,2,998,0,0,35
260076,2,26,1,22,42.99551111,-85.71838889,42,3,1,1,998,2,1,35
260077,2,7,3,20,42.91703056,-85.58383611,8,2,1,1,998,0,0,45
260078,2,4,7,12,45.93133889,-84.91620278,51,1,11,3,998,2,0,65
260079,2,8,4,11,45.41253611,-83.82651667,12,1,1,2,998,0,0,50
260080,2,2,5,14,42.78496389,-84.80168333,12,1,10,2,998,1,0,55
260082,2,4,7,10,43.07276667,-85.67001111,12,1,1,2,998,0,0,45
260083,2,10,6,15,42.00688333,-83.98449444,12,1,1,2,998,1,0,55
260084,2,6,2,11,41.84269167,-83.84591389,32,1,10,1,998,1,0,55
260085,2,16,5,20,43.02676667,-82.95744444,1,2,4,1,998,1,0,55
260086,2,3,6,15,43.58269444,-84.75528056,12,1,10,2,998,0,0,98
260087,2,19,1,19,45.76354444,-84.73291667,12,2,10,4,998,0,0,75
260088,2,9,5,19,43.07094167,-83.68396944,8,3,2,1,998,0,0,70
260089,2,8,4,6,43.59560278,-83.95083056,24,2,1,4,998,1,0,75
260090,2,10,6,18,42.26603056,-85.56971667,8,3,1,1,998,0,0,30
260091,2,11,7,11,42.33173056,-83.386475,12,1,1,3,998,0,0,45
260092,2,21,3,16,41.92576389,-85.55670833,42,1,1,1,998,1,1,55
260093,2,19,1,2,42.44729722,-83.06396111,12,3,1,3,998,1,0,98
260094,2,11,7,22,42.38229722,-85.61032222,12,2,1,2,998,1,0,35
260095,2,21,3,0,43.24939722,-86.06782778,12,2,10,2,998,0,0,98
260096,2,14,3,14,42.27415833,-83.36987778,8,1,10,1,998,0,0,98
260097,2,14,3,17,43.65665833,-85.57800556,42,1,10,1,998,1,0,55
260098,2,25,7,7,42.28365556,-84.84496667,42,2,10,1,998,1,1,70
260099,2,12,1,5,42.94456944,-83.05640833,12,2,1,3,998,1,1,55
260100,2,26,1,7,42.27516111,-85.02138611,42,4,1,1,998,1,1,55
260101,2,26,1,23,42.4011,-83.21858889,12,3,1,2,998,1,0,98
260102,2,6,2,18,42.36380556,-83.15815,9,3,1,1,998,0,0,30
260103,2,11,7,18,43.6119,-84.68790556,12,5,1,2,998,1,0,98
260104,2,20,2,22,44.87203056,-84.69001389,42,2,4,1,998,1,0,75
260105,2,20,2,7,43.01418611,-85.674575,42,4,1,1,998,1,0,70
260106,2,18,7,23,42.49103333,-83.41896667,12,3,10,2,998,1,1,70
260107,2,18,7,3,42.18696667,-83.68476389,12,2,1,2,998,1,1,70
260108,2,24,6,19,41.98992778,-83.36602778,8,2,1,1,998,0,0,55
260109,2,17,6,17,43.06559167,-83.07444444,12,1,1,2,998,1,1,98
260110,2,10,6,14,42.77640833,-83.17831667,43,1,1,1,998,1,0,55
260111,2,12,1,15,42.24911389,-83.23089167,8,1,1,1,998,0,0,98
260112,2,21,3,7,42.73908333,-83.24533333,59,1,1,2,998,0,0,55
260113,2,23,5,14,44.75945278,-85.70183889,12,1,4,2,998,1,0,55
260114,1,18,4,6,43.38411389,-86.288625,12,3,10,3,998,1,0,55
260115,2,26,1,0,42.32783056,-83.08592778,12,3,1,2,74,1,1,55
260116,2,21,3,19,41.84531667,-86.14564444,11,2,1,1,998,1,0,55
260118,2,19,1,21,42.33632778,-83.05909444,8,3,10,1,998,0,0,25
260119,2,24,6,14,43.85740556,-84.77911111,1,1,10,1,998,1,0,75
260120,1,11,4,13,42.16711111,-83.54189167,10,1,1,1,998,1,0,50
260121,3,2,5,23,43.17979167,-86.21989722,1,3,1,1,998,1,0,40
260122,3,3,6,23,42.95524444,-85.79267778,42,2,1,1,998,1,0,55
260123,2,27,2,2,42.31419444,-85.19062778,35,2,1,1,998,1,1,30
260124,2,18,7,15,43.58697778,-83.8369,12,1,1,2,998,0,0,40
260125,2,23,5,7,42.85311944,-85.70626667,12,4,1,2,998,1,0,70
260126,3,8,4,12,44.64413611,-85.79836389,12,1,1,3,998,1,0,55
260127,2,25,7,21,42.41938056,-83.27760833,8,2,1,1,998,0,0,45
260128,3,9,5,8,43.75533333,-82.87991667,12,1,1,2,998,1,0,55
260130,2,10,6,22,42.30746389,-85.5558,8,8,1,1,998,0,0,40
260131,3,4,7,7,42.12436944,-83.24111944,25,1,10,2,998,1,0,70
260132,3,2,5,14,46.10588889,-88.582675,12,1,1,2,998,1,0,55
260133,3,12,1,3,42.96895278,-83.65255278,34,2,1,1,998,1,0,50
260134,3,12,1,5,42.44758056,-83.04835556,14,3,1,1,998,2,1,98
260135,3,1,4,10,43.36045278,-83.08501944,35,1,10,1,998,1,0,55
260136,3,3,6,8,42.24873056,-86.10858889,12,1,10,2,998,0,0,55
260137,3,24,6,15,43.09594444,-83.59755,12,1,1,2,998,0,0,45
260138,3,7,3,22,42.42325278,-83.06265,8,2,1,1,998,0,0,35
260139,3,4,7,7,42.37816667,-83.22784722,8,1,1,2,998,0,0,70
260140,3,15,4,14,43.95555833,-86.32317222,12,1,1,3,998,1,0,55
260141,3,21,3,21,42.25470278,-83.54830556,12,2,10,2,998,0,1,55
260142,3,7,3,14,43.59051667,-84.24776944,12,1,1,2,998,0,0,45
260143,3,24,6,12,43.29611389,-86.26099167,12,1,1,2,998,1,0,50
260144,3,14,3,6,42.885475,-85.72406667,8,3,1,1,998,0,0,45
260145,3,21,3,5,41.77906389,-85.89229444,12,2,1,3,998,1,1,55
260146,3,14,3,6,42.90491389,-85.66569444,8,3,1,1,998,0,0,40
260147,3,10,6,6,44.33788333,-85.08899167,12,2,4,2,998,1,0,55
260148,3,25,7,8,42.78490278,-83.13560556,12,1,2,2,998,1,0,55
260149,3,19,1,3,42.41070833,-83.12775833,42,3,1,1,998,1,0,25
260150,3,12,1,3,42.38395278,-83.31376667,8,3,1,1,998,0,1,70
260151,3,20,2,8,44.41069167,-85.43851111,49,1,1,1,998,0,0,55
260152,3,28,3,21,42.77350278,-83.77314444,32,2,1,1,998,1,1,55
260153,3,19,1,0,41.95345833,-83.2953,42,3,4,1,998,1,1,45
260154,3,22,4,19,42.5395,-83.46795278,12,3,2,4,998,0,0,45
260155,3,25,7,10,43.63568889,-84.36891667,12,1,4,2,998,0,0,55
260156,1,27,6,13,42.67498889,-85.40491389,12,1,10,3,998,1,0,55
260157,1,31,3,19,42.50804444,-85.259,12,2,1,2,998,1,1,55
260158,2,22,4,16,41.80528889,-86.39063333,12,1,2,2,998,0,0,98
260159,3,16,5,15,42.64124722,-83.52571667,12,1,10,4,998,0,0,45
260160,3,15,4,6,42.98258611,-82.87676667,42,2,4,1,998,1,1,55
260161,3,19,1,15,44.72666944,-83.80740278,12,1,1,2,998,1,0,65
260162,3,24,6,22,42.39953056,-82.98217778,12,3,1,2,998,0,1,35
260163,3,30,5,21,42.95742222,-85.67119167,8,3,2,1,998,0,0,70
260164,3,26,1,18,42.35012222,-83.02951111,42,1,1,1,998,1,1,30
260165,3,31,6,3,42.41021389,-82.99676111,12,2,1,2,999,2,0,98
260166,3,23,5,0,42.99000833,-82.46584444,35,2,2,1,998,1,0,70
260167,3,20,2,20,42.400575,-82.97835556,8,1,1,1,998,0,0,30
260168,3,13,2,17,42.32703056,-83.27605556,12,1,4,2,998,1,0,98
260169,3,12,1,10,42.69033056,-84.484075,12,1,4,2,998,1,0,55
260170,3,31,6,17,43.38389444,-86.13288611,12,1,10,2,998,0,0,55
260171,3,3,6,19,42.28190833,-83.75440556,8,2,4,1,998,0,0,5
260172,3,22,4,23,42.3999,-83.02285,8,2,2,2,998,0,0,35
260173,3,19,1,7,42.51834167,-83.00761111,42,4,1,1,998,1,0,45
260174,3,26,1,23,42.72396667,-84.51274444,8,2,2,1,998,0,0,70
260175,4,1,7,7,42.57711944,-83.85582778,1,1,10,1,998,1,0,70
260176,4,1,7,20,45.896,-87.066575,8,5,1,1,998,0,0,55
260177,4,1,7,3,43.35058056,-84.90384444,1,2,1,1,998,1,1,55
260178,4,2,1,0,42.62948333,-83.87544722,12,2,1,2,998,1,0,55
260179,4,2,1,19,42.74090556,-84.571575,33,1,1,1,998,1,0,35
260180,4,4,3,20,42.50358611,-83.33928889,12,3,1,4,998,0,0,45
260181,4,3,2,0,42.28287778,-84.89865556,12,2,1,2,998,1,1,70
260182,4,2,1,8,42.92482222,-85.68206944,12,1,1,2,998,0,1,70
260183,4,2,1,4,42.40153889,-82.97388889,31,3,10,1,998,1,1,55
260184,4,2,1,2,42.39618611,-83.06803333,8,3,10,1,998,0,1,70
260185,4,27,5,14,43.61108056,-84.42908056,12,1,1,2,998,1,0,98
260186,4,7,6,14,44.78431389,-85.50548333,42,1,1,1,998,1,0,25
260187,4,5,4,8,43.02685833,-82.525275,12,1,10,2,998,0,1,55
260188,4,4,3,17,41.93482222,-86.57226389,12,1,1,2,998,1,0,70
260189,4,7,6,8,41.79736389,-85.65761667,10,1,1,1,0,1,0,45
260190,4,7,6,15,43.35861389,-85.939775,12,1,1,2,998,1,0,55
260191,4,7,6,16,42.21806667,-86.09507778,12,1,1,2,998,0,0,55
260192,4,9,1,7,43.00855556,-86.16484167,12,1,1,2,998,1,0,55
260193,4,9,1,15,42.67400833,-84.59756389,1,1,1,1,998,1,0,25
260194,4,5,4,20,42.76073056,-84.50335,12,5,10,2,998,0,0,98
260195,4,2,1,13,43.68305278,-84.12767778,12,1,1,2,998,1,0,98
260196,4,10,2,22,42.87928056,-85.19236944,57,2,1,2,998,1,0,70
260197,4,10,2,14,42.57733056,-83.84556111,12,1,1,2,998,0,0,0
260198,4,11,3,19,42.95776944,-85.94359167,12,1,1,2,998,1,0,55
260199,4,12,4,4,42.06841389,-83.31242778,8,2,10,1,998,0,0,55
260200,4,11,3,17,42.42850833,-83.29699722,8,1,1,1,998,0,0,35
260201,4,15,7,5,41.97765833,-85.36485833,12,2,10,2,998,1,0,55
260202,4,11,3,20,42.02024444,-84.31795,12,1,1,2,998,1,0,55
260203,4,12,4,20,41.79706667,-85.72214722,12,5,1,2,998,1,0,55
260204,4,14,6,23,42.93388611,-85.68050278,1,3,1,1,78,1,1,70
260205,4,12,4,17,43.43328056,-82.92928333,12,1,1,2,998,1,0,55
260206,4,12,4,14,41.76536944,-85.75588056,12,1,1,2,998,0,0,50
260207,4,14,6,16,42.41338889,-83.23811667,12,1,1,2,998,0,0,98
260208,4,14,6,15,45.92958889,-86.62430833,1,1,10,1,998,1,0,55
260209,4,16,1,2,43.58244167,-83.94854444,12,2,1,2,0,1,1,70
260210,4,12,4,20,43.412775,-83.20116944,11,2,1,1,998,1,0,55
260211,4,7,6,16,43.46582222,-82.93094444,5,1,1,1,998,1,0,55
260212,4,14,6,14,42.34928056,-83.03448889,8,1,1,1,998,0,0,35
260213,4,16,1,13,42.083875,-83.25926667,30,1,1,1,998,1,0,25
260214,4,20,5,7,42.37511111,-85.75425278,42,1,1,1,998,1,0,55
260215,4,18,3,4,43.29226667,-86.20821944,1,2,1,1,998,1,0,70
260216,4,9,1,16,44.64513889,-84.16916111,12,1,1,3,998,0,1,65
260217,4,14,6,8,42.30509722,-85.16421667,12,1,1,2,998,0,0,25
260218,4,15,7,16,42.97555833,-83.74333056,12,1,1,2,998,1,1,45
260219,4,14,6,23,42.32666111,-83.28583611,12,2,1,2,998,1,0,40
260220,4,14,6,17,42.97345833,-84.84670278,12,1,1,2,998,1,1,55
260221,3,30,5,16,42.99196944,-83.86056667,12,1,1,2,998,0,0,55
260222,4,28,6,11,44.64087778,-85.13813611,42,1,1,1,998,1,0,55
260223,4,15,7,9,42.49445,-82.93743611,45,1,1,2,998,1,0,70
260224,4,21,6,9,44.46448056,-84.59831667,12,1,10,2,998,1,0,55
260225,4,23,1,4,42.40176944,-83.21815,12,3,1,2,998,0,1,55
260226,4,20,5,3,42.74883611,-84.56274167,42,3,1,1,998,1,0,25
260227,4,17,2,13,44.75467222,-85.62093889,9,1,1,1,998,0,0,25
260228,4,18,3,6,42.95717778,-85.671525,25,3,10,1,998,1,0,70
260229,4,10,2,23,43.46689167,-85.88863611,8,2,1,1,998,0,0,55
260230,4,27,5,9,42.47670833,-86.09178611,10,1,1,1,998,1,0,55
260231,4,29,7,4,43.3792,-85.74170833,42,2,1,1,998,1,0,55
260232,4,30,1,14,41.98559167,-84.89909167,42,1,1,1,998,1,1,55
260233,4,20,5,21,43.02263056,-83.634925,8,2,10,1,998,0,0,45
260234,4,22,7,10,43.148725,-85.13696389,42,1,10,1,998,1,1,55
260235,4,16,1,0,42.40948056,-83.17508611,8,2,1,1,998,0,0,98
260236,4,19,4,13,42.86101389,-85.6639,9,1,10,1,998,0,0,45
260237,4,21,6,1,42.37961389,-83.19823889,12,3,1,2,998,1,1,35
260238,4,11,3,14,42.48536111,-84.35625278,53,1,1,1,998,1,0,55
260239,4,22,7,0,42.40481944,-83.14108611,12,3,1,3,998,1,1,55
260240,4,29,7,13,41.93500556,-83.39008333,12,1,1,2,998,0,0,35
260241,4,18,3,4,44.68620278,-85.58213056,12,2,4,2,998,1,0,55
260242,4,13,5,21,42.71361389,-83.03525556,12,3,1,2,998,0,0,98
260243,4,22,7,3,42.28011111,-83.21444722,44,2,1,1,998,1,1,55
260244,4,25,3,2,42.95665556,-83.65310278,8,2,1,1,998,0,0,55
260245,4,3,2,22,42.06216944,-83.31653333,8,2,2,1,998,0,0,55
260246,4,28,6,16,44.23088333,-86.21345556,12,1,1,3,998,0,1,65
260247,3,30,5,21,42.61971944,-83.25786111,12,3,10,3,998,1,0,35
260248,4,25,3,20,42.23016667,-85.54048611,12,1,10,2,998,1,0,50
260249,4,8,7,8,42.21821389,-83.53172778,42,1,1,1,998,1,0,50
260250,4,25,3,20,42.33070278,-83.14923333,35,1,10,1,999,1,0,55
260251,4,22,7,17,43.68365278,-84.77014167,42,1,10,1,998,1,0,55
260252,4,28,6,17,42.82653611,-86.10784444,12,1,1,2,998,0,0,50
260253,5,3,4,14,42.48386667,-86.187525,12,1,1,2,998,0,1,55
260254,5,6,7,4,42.85981389,-86.10666944,1,2,1,1,998,1,1,55
260255,4,27,5,8,42.34355833,-83.26352222,12,1,1,2,998,1,0,25
260256,5,6,7,4,42.47784167,-83.20401389,12,2,1,2,998,1,1,70
260257,5,8,2,10,42.71207222,-84.83726111,12,1,10,2,998,2,0,98
260258,5,8,2,12,42.43124444,-83.66118611,9,1,10,1,998,0,0,55
260259,4,12,4,21,41.94941667,-83.3867,8,2,1,1,998,0,0,40
260260,5,8,2,15,43.03842222,-83.63551111,12,1,1,2,998,1,0,25
260261,4,28,6,1,42.25456389,-84.37340833,30,3,1,1,998,1,1,25
260262,5,1,2,16,44.61613611,-84.32826667,12,1,2,2,998,1,0,65
260263,4,30,1,21,42.63551111,-83.73460833,9,2,10,3,998,0,0,0
260264,5,13,7,14,43.77596944,-86.41900278,12,1,1,2,998,0,1,35
260265,5,10,4,7,42.06901389,-86.41700833,12,1,1,2,998,0,0,98
260266,5,13,7,2,42.40521667,-83.16093333,38,3,1,1,998,1,0,35
260267,5,11,5,0,44.02705278,-84.82814722,98,2,1,1,998,1,1,55
260268,4,15,7,14,41.94921389,-83.92596111,12,1,1,2,998,0,0,55
260269,4,12,4,19,42.98885,-83.68203611,12,1,1,2,998,0,0,45
260270,4,27,5,21,42.34228056,-83.04295833,25,3,1,1,998,1,0,55
260271,4,30,1,15,43.75623333,-85.84202222,12,1,1,2,998,1,0,55
260272,4,22,7,22,42.39708611,-84.467275,12,2,1,2,998,1,0,55
260274,5,2,3,23,42.45826111,-83.21943056,12,3,10,2,998,1,0,70
260275,5,5,6,3,42.49488056,-82.94358056,12,3,1,2,998,0,1,70
260276,5,6,7,14,42.02733333,-84.33024167,12,1,10,2,998,0,0,55
260277,2,13,2,14,42.46551667,-82.92685556,12,1,1,2,998,0,0,98
260278,5,5,6,20,42.18486389,-83.73899167,12,1,1,2,998,1,0,55
260279,5,6,7,2,43.01792222,-83.63490278,12,3,1,2,998,1,0,45
260280,5,7,1,1,43.65851389,-84.32842778,12,2,1,2,998,1,1,55
260281,5,10,4,15,42.90235556,-83.13726944,12,1,1,2,998,0,0,55
260282,5,15,2,11,42.21831389,-84.56061944,12,1,1,2,998,1,0,45
260283,5,13,7,20,42.93255278,-82.48920278,1,1,1,1,998,1,1,25
260284,5,27,7,1,44.673675,-85.83777778,9,2,1,1,998,0,0,55
260285,5,20,7,19,42.986875,-84.92745,42,1,1,1,998,1,0,55
260286,5,21,1,14,44.70019722,-84.69979167,42,1,1,1,998,1,0,75
260287,5,20,7,2,43.53458333,-84.03376667,35,2,1,1,998,1,1,55
260288,5,21,1,18,42.77713056,-84.54276389,12,1,1,2,998,0,1,0
260289,5,12,6,10,43.62655278,-84.15820833,32,1,1,1,998,1,0,55
260290,5,8,2,1,42.38414444,-83.17502222,25,8,1,1,998,1,0,70
260291,5,11,5,9,42.66534444,-86.19086111,12,1,1,2,998,2,0,98
260292,5,25,5,6,46.70465,-87.59538333,31,4,1,1,998,1,0,55
260293,5,14,1,19,42.38328056,-83.1783,39,1,1,1,998,4,0,70
260294,5,27,7,14,43.55355833,-83.95158889,33,1,1,1,70,1,1,45
260296,5,13,7,20,42.27181389,-85.65478333,12,1,1,2,998,1,0,70
260297,5,14,1,16,44.31328611,-84.49711944,1,1,1,1,998,2,0,75
260298,5,29,2,4,42.33071111,-83.21565833,12,3,1,2,998,1,1,55
260299,5,27,7,22,43.01479167,-83.74756944,12,2,1,2,998,0,1,70
260300,5,22,2,6,43.24961944,-85.03832222,12,1,1,2,998,1,0,55
260301,5,16,3,17,42.867825,-85.66412778,12,1,10,2,998,0,0,0
260302,5,29,2,9,42.860325,-83.630075,12,1,1,2,998,0,0,55
260303,5,27,7,16,44.32214722,-84.77419722,12,1,1,2,998,1,0,45
260304,5,31,4,14,45.12222778,-85.35022222,12,1,10,2,998,0,0,55
260305,5,29,2,12,42.00735556,-83.35402222,1,1,1,2,998,0,0,55
260306,5,30,3,18,42.88610278,-83.66865556,11,1,1,1,998,1,0,55
260307,5,17,4,0,45.6079,-87.22007778,35,2,1,1,998,1,1,55
260308,5,28,1,14,43.01131389,-83.07165,12,1,1,3,998,0,0,0
260309,5,17,4,13,41.95919444,-83.96535556,12,1,1,2,998,0,0,55
260310,5,26,6,18,42.3329,-83.13597222,1,1,1,1,998,1,0,55
260311,5,18,5,18,43.95757778,-86.38364444,30,1,1,1,998,1,1,25
260312,5,8,2,14,46.26024167,-87.55624167,42,1,1,1,998,1,0,55
260313,5,18,5,15,41.78346944,-84.23360556,54,1,1,2,998,0,0,55
260314,5,11,5,17,47.04735,-88.67267222,42,1,1,1,998,1,1,40
260315,5,19,6,13,41.99927222,-84.34952222,12,1,1,2,998,0,0,55
260316,5,17,4,19,41.85419722,-84.69934722,12,1,1,2,998,0,0,55
260317,5,21,1,14,43.37799444,-86.27716667,59,1,1,1,998,1,1,70
260318,5,22,2,22,42.62130833,-83.97465,12,2,1,2,998,0,0,55
260319,5,5,6,15,42.22002222,-83.25421667,12,1,1,2,998,0,1,35
260320,5,18,5,12,43.67157778,-84.38867778,35,1,1,1,998,1,1,55
260321,5,25,5,13,42.67017222,-84.20290556,8,1,1,1,998,0,0,45
260322,5,26,6,18,44.78235278,-84.83728889,1,1,1,1,998,1,1,25
260323,5,27,7,23,42.95618611,-83.83137222,12,2,1,2,998,1,0,55
260324,5,22,2,20,43.20650278,-83.73879444,59,1,10,1,998,1,0,55
260325,5,26,6,19,42.37976111,-82.94496389,12,1,1,2,998,1,0,30
260326,5,24,4,12,42.51793333,-85.83756111,12,1,1,2,998,1,0,50
260327,5,29,2,1,42.39934722,-83.21494444,12,3,1,2,998,1,0,35
260328,5,28,1,6,41.971475,-84.38075,1,1,1,1,998,1,1,55
260329,5,29,2,16,43.34895,-83.86094444,12,1,1,4,998,1,0,45
260330,5,9,3,18,42.67041111,-82.99181389,12,1,1,2,998,0,1,45
260331,5,29,2,16,43.75723611,-85.61251389,12,1,1,2,998,1,1,55
260332,5,16,3,15,42.26824444,-83.30902222,12,1,1,2,998,0,0,40
260333,5,25,5,23,42.26606111,-83.27001944,33,3,1,1,998,1,0,70
260334,5,31,4,14,42.41573611,-83.25696389,19,1,1,1,998,1,0,10
260335,5,8,2,14,42.853,-85.62482222,12,1,10,2,998,1,0,0
260336,5,30,3,21,42.32751944,-83.08591111,8,3,1,1,998,0,0,70
260337,5,24,4,17,42.19689444,-84.38222222,1,1,1,2,998,0,0,0
260338,5,15,2,17,42.99041667,-83.71335833,12,1,1,2,998,0,0,45
260339,5,30,3,17,42.25458333,-83.29358611,12,1,1,2,998,0,0,45
260340,5,28,1,16,42.78290556,-83.71637778,5,1,10,1,998,1,0,25
260341,5,31,4,11,44.22865833,-86.01177222,12,1,1,2,998,0,0,65
260342,3,11,7,23,42.44475278,-83.21059722,12,3,10,2,998,1,1,98
260343,6,2,6,12,42.26015833,-85.87870833,12,1,1,2,998,0,1,55
260344,6,3,7,22,43.13176667,-82.83806111,11,2,1,1,998,1,0,55
260345,6,3,7,5,42.87133056,-84.67145,11,2,1,1,998,1,1,55
260346,6,4,1,6,42.600275,-84.19388889,12,4,1,2,998,1,0,55
260347,6,1,5,23,41.81336111,-86.08839167,42,2,1,1,110,1,1,55
260348,6,1,5,21,42.93501944,-83.61147778,8,5,1,1,998,0,0,25
260349,6,4,1,20,42.13824722,-86.34910278,1,5,1,1,998,1,0,40
260350,6,5,2,9,43.26211389,-82.68886111,12,1,10,2,998,1,0,55
260351,6,3,7,16,42.67510833,-83.38395,12,1,1,2,998,1,0,0
260352,6,9,6,23,42.21018333,-86.13215556,12,2,1,3,998,1,1,55
260353,6,11,1,3,45.69069444,-86.66784444,1,2,1,1,998,1,1,55
260354,6,3,7,20,43.40930556,-85.96224167,24,1,1,1,998,1,1,55
260355,6,3,7,10,43.69851944,-84.813775,12,1,1,2,998,1,0,55
260356,6,8,5,22,42.99758889,-84.15790556,9,2,10,1,998,0,0,98
260357,6,6,3,2,41.90509722,-85.66199722,42,2,1,1,998,1,1,55
260358,6,3,7,17,42.26908056,-84.46435278,12,1,10,4,998,0,1,70
260359,6,2,6,7,42.32976944,-83.04663889,8,1,1,1,998,0,0,98
260360,6,1,5,8,43.28788333,-86.060075,53,1,1,1,998,1,0,55
260361,6,10,7,21,42.18668056,-85.47403056,18,5,1,1,89,1,0,55
260362,6,16,6,0,42.27416667,-84.35836667,12,2,1,2,998,1,0,70
260363,6,3,7,8,42.42146944,-83.26975556,1,1,1,1,998,2,0,35
260364,6,7,4,7,42.24706667,-83.63504444,12,1,1,2,998,0,0,45
260365,6,8,5,16,45.32343611,-84.56896944,42,1,1,1,998,1,1,55
260366,6,13,3,0,44.72461667,-85.51564167,30,2,1,1,998,1,1,55
260367,6,13,3,22,42.44638056,-82.91693333,14,1,1,1,998,0,1,55
260368,6,7,4,4,42.41508056,-82.966975,42,3,1,1,998,1,0,25
260369,6,13,3,18,42.19879444,-85.96733611,12,1,2,2,998,1,0,70
260370,6,18,1,14,43.93944444,-83.96658889,12,1,1,2,998,1,0,55
260371,6,18,1,21,42.22760833,-83.38713889,12,5,1,2,998,1,0,70
260372,6,4,1,1,42.91284444,-85.65684444,12,3,1,2,998,0,1,40
260373,6,21,4,9,43.76569722,-83.00813056,32,1,1,1,998,1,0,55
260374,6,21,4,17,42.09368611,-83.40224722,12,1,1,2,998,1,0,50
260375,6,23,6,13,42.26450556,-84.73391111,12,1,10,4,998,0,0,70
260376,6,20,3,17,45.42247778,-84.82729722,12,1,1,2,998,0,1,45
260377,6,20,3,14,42.70381944,-86.16738333,1,1,1,1,998,1,0,70
260378,6,13,3,19,43.03322222,-83.63543333,12,1,1,2,998,1,0,45
260379,6,24,7,17,44.08910556,-84.75874167,42,1,1,1,998,1,1,55
260380,6,25,1,6,43.20149167,-83.2243,42,4,10,1,998,1,1,55
260381,6,17,7,14,42.35233889,-83.24065556,8,1,1,1,998,0,0,25
260382,6,22,5,14,43.25727222,-84.964625,12,1,1,2,998,1,0,55
260383,6,18,1,17,45.29291944,-84.94675833,11,1,1,1,998,1,0,55
260384,6,24,7,13,42.91661667,-83.14343333,12,1,1,2,998,1,0,55
260385,6,14,4,5,42.97720833,-83.65301944,12,4,1,2,998,1,0,50
260386,6,12,2,5,42.42514444,-82.98438333,8,1,1,1,998,0,0,35
260387,6,16,6,16,42.85713333,-85.19354167,12,1,1,2,998,1,0,98
260388,6,15,5,18,44.38099167,-86.24122222,42,1,1,1,998,1,1,35
260389,6,16,6,19,42.63067778,-82.82809444,1,1,1,1,998,1,0,50
260390,6,18,1,13,43.19032778,-86.15689444,12,1,1,2,998,0,0,50
260391,6,19,2,23,42.30833333,-86.06510278,12,2,1,2,998,0,0,55
260392,6,20,3,22,42.86550278,-84.32468333,42,3,1,1,998,2,0,55
260393,6,16,6,15,42.40631667,-83.07563333,54,1,1,2,998,1,0,70
260394,6,23,6,12,42.90741944,-85.87255,8,1,10,1,998,0,0,55
260395,6,24,7,18,44.32335556,-84.63200833,8,1,1,1,998,0,0,45
260396,6,25,1,8,42.26928611,-85.57164167,42,3,2,1,998,1,1,35
260397,6,27,3,6,43.43162222,-84.64697778,42,4,10,1,998,1,0,55
260398,6,18,1,17,44.29130833,-84.67826944,42,1,1,1,998,1,1,55
260399,6,25,1,21,43.38375556,-83.94661667,42,1,2,1,998,1,0,35
260400,6,23,6,15,43.87532778,-86.21773056,12,1,10,2,998,1,0,98
260401,6,1,5,13,42.38574722,-83.268125,25,1,1,1,998,1,0,70
260402,6,29,5,11,43.378925,-84.48838056,12,1,10,2,998,0,0,55