ST_CASE,MONTH,DAY,DAY_WEEK,HOUR,LATITUDE,LONGITUD,HARM_EV,LGT_COND,WEATHER,VE_FORMS,TRAV_SP,DEATHS,DR_DRINK,VSPD_LIM
260403,6,27,3,8,42.76148611,-82.69650278,12,1,2,5,998,1,0,70
260404,6,30,6,22,41.78034167,-85.63031111,12,2,10,2,998,0,1,55
260405,6,30,6,16,43.97020833,-86.446625,12,1,1,2,998,1,0,35
260406,6,14,4,10,42.46839722,-83.75604444,25,1,1,2,998,1,0,70
260407,6,28,4,13,42.72123333,-82.72003333,12,1,1,3,998,1,0,55
260408,6,27,3,14,42.29244722,-85.42895,8,1,1,1,998,0,0,40
260409,6,20,3,16,42.15129444,-83.41846389,30,1,1,1,998,0,0,45
260410,6,11,1,2,42.83775278,-83.92553611,11,2,10,1,998,1,1,55
260411,6,10,7,11,44.51132222,-84.70932222,12,1,1,2,998,1,0,55
260412,6,25,1,5,42.63461389,-82.858575,8,3,5,2,998,0,0,50
260413,6,4,1,3,42.9319,-85.68171111,12,3,1,2,998,0,0,30
260414,6,21,4,7,42.55310278,-84.76835278,12,1,1,2,998,2,0,98
260415,6,28,4,11,43.02324444,-83.07749167,8,1,1,1,998,0,0,25
260416,6,29,5,10,42.97251944,-85.94165556,42,1,5,1,998,1,0,55
260417,6,29,5,21,42.31029722,-83.50657778,34,2,1,1,998,1,1,45
260418,6,25,1,16,42.39885556,-83.08142222,42,1,1,1,998,1,0,35
260419,6,19,2,17,43.70310278,-83.98085278,35,1,1,1,998,1,1,55
260420,6,21,4,17,42.44623611,-83.02463333,8,1,1,1,998,0,0,35
260421,5,21,1,18,43.1989,-83.15544722,34,1,1,1,998,1,1,55
260422,6,16,6,18,43.4275,-83.89048056,24,1,1,2,95,1,1,70
260423,6,19,2,14,42.2838,-84.41357778,12,1,1,2,998,1,0,45
260424,6,28,4,0,42.74116667,-83.447575,45,2,10,2,998,1,0,45
260425,6,23,6,23,42.11306944,-83.21428056,12,2,10,2,998,1,0,55
260426,6,28,4,23,42.82399444,-84.22028611,42,2,1,1,998,1,0,25
260427,6,23,6,18,42.30503611,-85.23861111,12,1,10,2,998,1,0,45
260428,6,30,6,11,43.43557222,-84.12111944,1,1,10,1,998,1,0,55
260429,5,25,5,5,42.62345833,-85.29038889,11,4,1,1,998,1,0,55
260430,6,18,1,17,43.12049722,-82.61356944,1,1,1,1,998,1,0,35
260431,6,20,3,0,42.371675,-83.25895278,12,3,1,2,998,1,1,35
260432,6,29,5,18,42.25475278,-84.4477,12,1,1,2,998,1,0,35
260433,6,18,1,11,42.78939722,-86.11190278,8,1,1,1,998,0,0,30
260434,6,23,6,15,41.885225,-83.82559167,34,1,2,1,998,1,0,55
260435,6,4,1,15,42.55168611,-83.00990833,12,1,1,4,998,1,0,40
260436,3,30,5,8,45.34119167,-84.97209167,8,4,1,2,998,0,0,55
260437,5,1,2,10,42.658825,-85.35735278,12,1,10,2,998,1,0,55
260438,5,17,4,0,42.97188333,-85.66806111,24,3,10,1,998,1,1,65
260439,6,19,2,23,43.07891111,-83.66872222,8,3,10,1,998,0,0,55
260440,6,16,6,19,43.50779167,-86.36178611,42,1,1,1,998,1,0,55
260441,6,18,1,21,43.03321111,-83.71310278,8,3,1,1,998,0,0,35
260442,7,1,7,2,42.86952778,-85.66418889,12,3,1,2,998,0,1,45
260443,7,3,2,18,44.77228611,-85.21245833,12,1,1,2,998,1,0,55
260444,7,1,7,23,42.33116667,-83.108625,8,2,2,1,998,0,0,35
260445,7,4,3,20,42.88633333,-84.88633889,42,1,1,1,998,1,0,45
260446,7,6,5,6,42.66575278,-84.28343056,1,1,2,1,998,1,0,70
260447,7,6,5,11,42.92010556,-82.99960278,42,1,1,1,998,1,0,55
260448,7,1,7,11,42.98898333,-83.680325,40,1,10,1,998,1,0,35
260449,7,4,3,15,42.16060833,-84.24405,5,1,1,1,998,1,0,40
260450,7,6,5,15,42.98788889,-84.82983889,38,1,1,1,998,4,0,55
260451,7,7,6,6,42.28396944,-84.79981111,34,2,1,1,998,1,0,70
260452,5,28,1,20,42.10724722,-83.48005278,8,1,1,1,998,0,1,45
260453,7,7,6,8,42.70737222,-84.31438889,24,1,1,1,998,1,0,55
260454,7,8,7,23,41.925175,-85.7484,42,2,1,1,998,1,0,45
260455,7,7,6,20,42.82049444,-83.55424722,12,1,1,2,998,1,1,55
260456,7,4,3,14,42.24835556,-84.44865,5,1,1,1,0,1,0,15
260457,7,8,7,15,42.61377778,-85.95857222,12,1,1,2,998,1,0,55
260458,7,11,3,10,42.90636944,-85.76304722,15,1,1,1,998,0,0,25
260459,7,1,7,14,41.9871,-85.41061111,1,1,1,1,998,1,0,55
260460,7,5,4,16,42.54531111,-83.26310556,8,1,1,1,998,0,0,45
260461,7,9,1,16,42.06694167,-84.10235,12,1,1,3,998,0,0,55
260462,7,15,7,13,43.41469444,-83.89625833,12,1,10,2,998,1,1,35
260463,7,9,1,0,42.27194444,-83.73946111,15,3,1,1,998,0,1,98
260464,7,14,6,9,42.87155278,-85.21330278,12,1,1,2,998,1,1,55
260465,7,10,2,21,46.10118889,-85.80833333,8,5,10,1,998,0,1,65
260466,7,17,2,3,42.40463889,-83.15817222,35,3,1,1,998,1,1,35
260467,7,18,3,6,42.16751111,-84.51981667,12,2,1,2,998,1,0,55
260468,7,1,7,22,42.49649722,-82.93735556,8,3,2,1,998,0,0,40
260469,7,12,4,12,43.89799722,-85.10801944,12,1,1,2,998,1,0,55
260470,7,17,2,16,42.61240833,-82.97075556,8,1,1,1,998,0,0,45
260471,7,18,3,16,43.44727778,-83.92638056,12,1,10,2,998,1,1,50
260472,7,9,1,21,44.39599722,-83.42080833,1,2,1,1,998,1,1,55
260473,7,4,3,22,42.44420833,-83.20251111,12,3,10,2,998,1,0,55
260474,7,6,5,14,42.91003333,-85.49576667,12,1,1,2,998,0,1,40
260475,7,21,6,11,42.69701944,-83.24234444,12,1,1,2,998,0,0,0
260476,7,20,5,14,43.35778889,-84.68611944,12,1,10,2,998,1,0,55
260477,7,23,1,21,42.39837222,-83.32669722,8,3,1,3,998,0,0,45
260478,7,16,1,15,42.30582222,-83.130275,42,1,1,1,998,1,0,25
260479,7,15,7,22,43.86650833,-84.20652778,11,2,1,1,998,1,0,55
260480,7,20,5,14,41.82319444,-84.08054722,12,1,10,2,998,1,0,55
260481,7,20,5,14,42.66024722,-84.03418889,12,1,1,3,998,0,0,55
260482,7,15,7,20,43.04844722,-83.55734444,12,1,1,2,998,1,0,98
260483,7,21,6,19,43.59648889,-85.14168889,12,1,1,2,998,1,0,35
260484,7,22,7,0,42.33118056,-83.11674167,9,3,1,1,998,0,1,35
260485,7,29,7,16,43.943625,-85.85148333,12,1,1,2,998,2,0,55
260486,7,4,3,11,42.24057222,-84.36498611,12,1,1,2,998,1,0,98
260487,7,23,1,1,42.70208889,-84.54795,12,3,1,2,998,0,1,45
260488,7,20,5,8,44.694825,-85.83665,1,1,1,1,998,1,0,55
260489,7,23,1,0,43.00393056,-83.65408611,8,3,1,1,998,0,0,50
260490,7,26,4,22,43.90206667,-84.54012778,1,2,10,1,998,2,0,55
260491,7,24,2,2,42.43248611,-83.62638889,32,2,10,1,998,1,0,55
260492,7,21,6,1,42.73950278,-84.54654444,12,6,1,2,998,1,1,40
260493,7,28,6,14,44.46821667,-85.40112222,12,1,1,3,998,1,0,55
260494,7,4,3,0,43.16393333,-85.70841944,14,3,1,1,998,1,1,25
260495,7,22,7,9,42.87140833,-84.95604722,12,1,1,2,998,0,0,55
260496,7,12,4,10,43.19352778,-83.31273056,12,1,1,2,998,1,0,55
260497,7,12,4,15,42.51035,-83.44604444,12,1,10,4,998,1,0,70
260498,7,22,7,11,42.03360833,-84.17043333,12,1,1,2,998,1,0,55
260499,7,26,4,5,42.30231111,-85.51693056,31,2,1,1,998,1,0,35
260500,7,24,2,11,46.55358889,-89.178525,12,1,1,2,998,1,0,0
260501,7,28,6,0,41.82739722,-86.56033889,1,2,1,1,998,1,1,55
260502,7,27,5,17,42.71898333,-82.55406667,12,1,1,2,998,0,0,55
260503,7,27,5,19,42.26201389,-85.67752222,12,1,10,2,998,1,0,45
260504,7,27,5,19,42.91266944,-85.61044722,12,1,1,2,998,1,0,45
260505,7,22,7,15,42.04920556,-83.64689167,59,1,1,1,998,1,1,45
260506,7,28,6,23,41.93964444,-85.65168056,9,2,10,1,998,0,0,50
260507,7,17,2,19,43.03543611,-85.68748333,12,1,1,2,998,1,0,0
260508,7,28,6,22,42.56876111,-84.82683056,9,2,10,1,998,0,1,35
260509,7,27,5,6,41.91088611,-83.58078056,9,4,1,1,998,0,0,55
260510,7,15,7,3,44.54143056,-85.41406111,42,2,2,1,998,1,1,55
260511,7,29,7,0,42.63479722,-83.26572778,8,3,1,1,998,0,0,35
260512,7,2,1,4,42.34103056,-83.11525278,8,3,2,1,998,0,0,25
260513,7,28,6,12,44.10171389,-83.80694167,12,1,1,3,998,0,0,65
260514,7,23,1,4,42.31850833,-85.194325,12,3,1,2,998,1,1,98
260515,7,25,3,11,42.18580833,-83.24424444,25,9,99,1,998,1,0,70
260516,7,25,3,0,42.40264722,-83.15773611,19,3,1,1,998,1,0,35
260517,7,1,7,18,42.30292778,-85.87881667,12,1,10,2,998,1,0,98
260518,7,30,1,1,42.11227222,-83.21419722,8,3,1,1,998,0,0,55
260519,7,31,2,12,42.26354167,-83.48693889,12,1,1,2,998,0,0,98
260520,7,26,4,14,42.98483611,-83.73802778,1,1,10,1,998,1,0,98
260521,7,28,6,20,42.68802222,-84.56773611,42,1,1,1,998,1,0,45
260522,7,28,6,15,42.291675,-83.32147222,12,1,1,2,998,1,0,40
260523,7,27,5,22,43.130125,-84.10875833,12,2,1,2,998,0,0,98
260524,7,25,3,7,45.40074444,-84.24743056,11,1,1,1,998,1,1,55
260525,7,7,6,10,42.54835833,-83.14693889,12,1,1,2,998,1,0,40
260526,7,24,2,21,42.34130833,-83.27316667,8,3,1,1,998,0,0,98
260527,7,23,1,0,43.81043889,-85.00885833,42,2,1,1,998,1,1,55
260528,7,28,6,13,44.40703333,-84.12656111,12,1,1,2,998,0,0,98
260529,7,29,7,22,42.48713056,-83.2544,33,3,1,1,998,1,1,35
260530,5,24,4,21,42.3796,-83.03429167,12,5,1,2,998,0,0,98
260531,5,25,5,22,43.43973056,-83.96446389,42,3,1,1,998,1,1,98
260532,6,1,5,21,42.31898056,-83.18737778,12,3,1,2,998,1,0,98
260533,7,3,2,22,42.54210833,-82.86015556,8,3,1,1,998,0,1,45
260534,7,9,1,23,43.01395556,-85.68225,33,2,1,1,998,1,0,35
260535,8,1,3,19,42.91721944,-82.62153611,32,1,1,1,998,1,0,55
260536,8,2,4,13,42.04661389,-83.49896944,34,1,1,1,998,1,0,45
260537,8,2,4,12,42.85244444,-82.49743056,12,1,1,2,998,1,0,55
260538,8,1,3,21,42.58098333,-84.60137778,1,2,1,1,998,1,1,55
260539,8,2,4,10,42.34325,-83.23035833,8,8,1,2,998,0,0,98
260540,8,5,7,23,45.48572778,-84.35024722,42,2,1,1,998,1,1,55
260541,8,5,7,0,42.014725,-83.34906667,12,2,1,2,998,2,1,55
260542,8,8,3,1,46.10097222,-85.75283056,12,2,1,2,998,1,1,65
260543,8,7,2,15,43.16109444,-85.55096111,12,1,1,2,998,1,1,55
260544,8,2,4,7,43.23441111,-85.717,32,1,10,1,998,1,1,55
260545,8,8,3,17,42.06725278,-83.83213889,12,1,1,3,998,0,0,55
260546,8,4,6,16,42.51329444,-82.93823333,12,1,1,2,998,1,0,25
260547,8,8,3,11,41.92549167,-85.76136389,38,1,1,1,998,1,0,55
260548,8,4,6,0,42.91568889,-85.66619722,9,3,1,1,998,0,1,40
260549,8,25,6,16,43.03017222,-83.66598056,12,1,1,2,998,1,0,25
260550,8,9,4,11,42.87948056,-85.24829167,12,1,1,4,67,1,0,65
260551,8,5,7,23,42.34880278,-83.10377222,5,3,1,2,998,1,0,55
260552,8,6,1,4,42.36253611,-84.15185278,11,2,2,1,998,1,1,55
260553,8,9,4,12,42.3568,-83.05191944,12,1,10,2,998,1,0,55
260554,8,11,6,2,44.49362222,-86.04342222,42,2,1,1,998,1,1,55
260555,8,13,1,2,43.44410278,-84.78667222,12,2,1,2,998,0,1,55
260556,8,14,2,22,42.68836111,-82.50850556,18,2,2,1,998,1,0,50
260557,8,10,5,5,42.42491111,-82.92906944,12,1,1,2,998,1,0,98
260558,8,12,7,2,42.88484167,-83.74437778,42,3,10,1,998,1,1,55
260559,8,13,1,14,42.41106667,-83.05870833,19,1,1,1,998,0,1,98
260560,8,11,6,19,42.41945278,-83.02368611,12,1,1,2,998,1,1,35
260561,8,13,1,2,42.67813056,-84.44098611,42,3,1,1,998,1,0,70
260562,8,12,7,19,42.24264167,-83.59536667,9,1,1,1,998,0,0,50
260563,8,14,2,1,41.89022778,-86.22043333,34,2,1,1,998,1,1,55
260564,8,14,2,17,42.25405,-84.46131389,12,1,2,3,998,1,0,40
260565,8,3,5,16,43.37944444,-83.77382222,32,1,1,1,998,1,0,55
260566,8,13,1,21,42.48023611,-85.79857222,8,2,1,1,998,0,0,55
260567,8,8,3,15,42.47223333,-82.95335278,9,1,1,1,998,0,1,40
260568,8,17,5,6,43.07778056,-86.21627778,12,3,10,4,998,0,0,50
260569,8,14,2,6,42.86611111,-85.664075,8,3,1,1,998,0,0,40
260570,6,10,7,5,43.02221389,-85.66824444,24,2,1,1,998,1,0,70
260571,8,25,6,21,41.82794167,-86.25630278,8,3,1,1,998,0,0,25
260572,6,8,5,19,42.24491944,-85.53087778,12,1,1,2,998,0,0,40
260573,8,6,1,17,42.15811111,-83.24972222,12,1,2,2,998,0,0,50
260574,8,15,3,17,42.62080833,-82.88050833,12,1,2,2,998,1,0,50
260575,8,15,3,18,43.074225,-85.65400833,12,1,1,2,998,1,1,55
260576,8,19,7,0,42.37258889,-85.37696944,12,3,1,2,998,0,0,98
260577,8,19,7,23,42.411825,-84.18976667,42,2,1,1,998,1,0,75
260578,8,20,1,12,42.21757778,-84.75827778,12,1,1,2,998,0,0,55
260579,8,21,2,12,42.27691111,-83.66231111,42,1,1,1,998,1,0,40
260580,8,19,7,23,42.62831944,-83.13137222,12,2,1,2,998,1,1,70
260581,8,15,3,23,42.31765278,-83.36458333,12,2,1,2,998,1,0,25
260582,8,18,6,22,42.63872778,-83.03281111,12,3,1,2,998,0,1,45
260583,8,18,6,4,42.49374167,-82.96441667,8,3,1,1,998,0,0,70
260584,8,18,6,17,42.33939444,-83.02980833,8,1,1,1,998,0,1,98
260585,8,22,3,23,42.43725833,-83.21681667,42,3,1,1,998,1,0,25
260586,8,23,4,17,44.71551667,-85.54454167,12,1,2,2,998,2,0,55
260587,8,10,5,10,42.32496389,-83.62523889,59,1,1,4,998,1,0,55
260588,8,26,7,2,42.31345278,-83.09153056,12,2,10,3,998,0,1,55
260589,8,24,5,20,43.23528333,-85.40824722,12,1,2,2,998,3,0,55
260590,8,27,1,12,43.356425,-82.54050833,12,1,1,2,998,1,0,55
260591,8,19,7,18,46.43135278,-86.83616944,5,1,1,1,998,1,1,55
260592,8,28,2,5,42.50989444,-82.92811944,12,3,1,2,998,0,0,40
260593,8,21,2,18,44.33588333,-84.91219444,12,1,1,2,998,1,0,55
260594,8,26,7,11,42.87942222,-85.15900556,42,1,10,1,998,1,1,70
260595,8,28,2,20,42.35125,-83.23573333,12,3,1,2,998,1,0,35
260596,8,22,3,13,42.93576389,-84.222625,12,1,2,2,998,1,0,98
260597,8,31,5,2,42.30251667,-86.05765556,42,2,1,1,998,1,0,55
260598,8,24,5,20,46.15985833,-88.14063333,42,2,1,1,998,1,1,55
260599,8,26,7,4,43.55519167,-85.67183056,42,2,1,1,998,1,1,55
260600,8,3,5,22,42.16198611,-83.80018333,12,3,1,2,998,1,1,35
260601,8,26,7,2,42.63633611,-84.51381389,14,2,1,1,998,2,1,25
260602,8,27,1,19,42.218775,-83.53571944,57,1,1,1,998,1,0,70
260603,8,31,5,20,43.21328611,-86.04609444,18,1,1,1,71,1,1,45
260604,8,24,5,23,45.52243333,-87.59476389,59,2,10,1,998,1,1,55
260605,8,27,1,3,43.08156389,-83.69409444,8,3,10,1,998,0,1,35
260606,8,23,4,20,42.32737778,-83.19574722,12,3,10,2,998,1,1,40
260607,8,28,2,16,44.902575,-83.6284,12,1,1,2,998,1,1,55
260608,8,28,2,22,42.42744722,-82.95327222,8,2,1,1,998,0,0,30
260609,8,26,7,19,42.37642222,-83.26103889,12,3,1,2,998,1,0,98
260610,8,28,2,19,44.66494722,-85.69394167,12,1,10,2,998,1,0,0
260611,8,30,4,19,43.62073611,-83.95170556,34,1,1,1,998,1,1,45
260612,8,29,3,0,42.66561944,-82.83165556,8,2,1,1,998,0,0,45
260613,8,17,5,18,42.201025,-85.59277222,12,1,10,2,998,0,0,40
260615,8,9,4,8,42.36788056,-83.39234444,12,1,1,4,998,1,0,40
260616,8,31,5,10,42.41436389,-82.99937778,12,1,1,2,998,1,0,30
260617,8,8,3,16,42.33182222,-83.21588056,8,1,10,1,998,0,0,55
260618,8,15,3,16,42.96312222,-85.66425,12,1,1,4,998,1,0,25
260619,8,27,1,5,42.97566389,-85.67811111,33,3,1,1,998,1,1,70
260620,8,27,1,3,42.18626111,-85.85190833,32,3,1,1,998,1,1,55
260621,8,27,1,2,43.07804167,-86.08543056,1,2,1,1,998,1,0,70
260622,8,18,6,8,42.35851944,-83.15791944,8,1,1,1,998,0,0,0
260623,8,26,7,4,42.27791667,-83.15453889,12,3,1,2,998,1,0,55
260624,7,6,5,15,41.78823333,-86.24509722,42,1,1,1,998,1,1,40
260625,8,21,2,22,42.41446944,-83.28043889,8,3,1,1,998,0,0,40
260626,9,1,6,19,43.55273333,-84.03310556,12,1,1,2,998,1,0,55
260627,7,30,1,1,43.04615278,-83.74356667,8,2,1,1,998,0,1,98
260628,9,3,1,0,46.26338333,-84.45582222,30,2,1,1,998,1,0,25
260629,7,31,2,14,42.28302222,-83.788725,12,1,10,2,998,1,0,45
260630,9,4,2,16,44.81491389,-85.68973611,12,1,1,2,998,0,0,55
260631,8,19,7,23,42.62993611,-82.86070556,8,3,1,3,998,0,0,98
260632,9,3,1,15,44.19200556,-85.01228889,42,1,10,1,40,1,0,55
260633,9,3,1,21,44.67434167,-84.13018611,8,2,1,1,998,0,1,55
260634,9,19,3,17,42.74095278,-84.587525,12,1,10,2,998,1,0,98
260635,9,1,6,10,41.70753611,-84.79617778,12,1,1,2,998,2,0,55
260636,9,2,7,1,43.56581389,-84.84763611,1,2,1,1,998,1,0,55
260637,9,5,3,6,42.34443889,-83.15934167,8,3,1,1,998,0,0,35
260638,9,4,2,10,42.00889444,-83.83047778,12,1,1,2,998,0,0,55
260639,9,6,4,19,42.5002,-83.22255,12,1,1,2,998,1,0,45
260640,9,2,7,99,43.19483056,-82.59085,35,1,1,1,998,1,1,55
260641,9,6,4,19,42.31468333,-83.10212222,12,1,1,2,998,0,0,98
260642,9,5,3,7,43.66100278,-83.09832222,12,1,1,2,998,1,0,55
260643,9,7,5,5,41.73116944,-83.74473889,12,2,1,2,998,1,0,55
260644,9,7,5,17,43.26260556,-84.56308889,12,1,10,2,998,1,0,65
260645,9,12,3,19,42.53799167,-85.10602778,49,1,1,1,998,0,0,55
260646,9,11,2,7,43.23563333,-85.56430556,42,2,1,1,998,1,1,75
260647,9,11,2,13,42.605825,-83.29564167,12,1,10,2,998,1,0,50
260648,9,13,4,99,42.50275278,-83.08556111,8,3,1,1,998,0,0,45
260649,9,10,1,11,42.68481111,-83.13408611,8,1,1,2,998,0,1,25
260650,9,11,2,5,42.62488056,-83.11208889,12,2,10,3,998,0,1,70
260651,9,9,7,22,42.87213333,-83.98500833,1,2,1,1,45,1,1,55
260652,9,7,5,20,42.42194444,-84.58058056,59,3,2,1,998,1,1,55
260653,9,11,2,13,42.44685556,-83.09528056,12,1,10,2,998,0,0,98
260654,9,14,5,23,44.67203611,-84.16080278,53,2,1,1,998,1,1,45
260655,9,15,6,15,42.3788,-83.3789,42,1,1,1,998,1,0,40
260656,9,20,4,14,45.35846667,-85.03534167,12,1,1,2,998,1,1,0
260657,9,19,3,19,43.20802778,-84.16943056,12,1,1,2,998,0,0,55
260658,9,5,3,10,42.18845833,-85.20762778,12,1,1,2,998,0,0,55
260659,9,10,1,11,42.302,-85.58633333,33,1,1,1,998,1,0,25
260660,9,16,7,1,42.41119722,-83.24433889,8,3,1,1,998,0,0,35
260661,9,8,6,17,44.24406389,-85.39776667,9,1,1,1,998,0,0,25
260662,9,13,4,22,44.67428056,-85.88926944,12,2,1,2,998,1,0,55
260663,9,15,6,7,42.63951111,-83.28874167,12,4,1,2,998,0,1,25
260664,9,20,4,20,42.28933056,-85.56635278,8,3,10,1,998,0,0,98
260665,9,20,4,6,42.32743056,-85.26506111,8,2,1,1,998,0,0,50
260666,9,2,7,22,43.033325,-83.63544167,12,3,1,2,998,0,0,45
260667,9,19,3,1,47.20078889,-88.428925,32,2,1,1,998,1,1,55
260668,9,22,6,22,42.38071389,-83.23688889,25,3,1,1,998,1,0,55
260669,9,24,1,11,42.39107778,-85.61044167,12,1,1,2,998,0,0,45
260670,9,22,6,20,42.38080833,-83.01609444,8,2,1,1,998,0,0,35
260671,9,18,2,1,42.33725833,-83.12632222,25,3,1,1,998,1,1,55
260672,9,23,7,9,42.59581944,-84.78526389,12,1,1,2,998,2,0,55
260673,9,20,4,22,43.2269,-86.18438333,12,3,1,2,998,0,0,40
260674,9,22,6,1,42.43141111,-83.07241667,30,3,1,1,998,1,0,25
260675,9,15,6,23,43.43897222,-82.8519,1,2,1,1,998,1,1,55
260677,9,23,7,23,42.47957222,-82.96195,12,3,1,3,998,1,0,40
260678,9,13,4,20,42.22358889,-83.19424444,12,3,1,2,998,0,0,98
260679,9,21,5,15,42.72058889,-84.42009167,12,1,1,2,998,1,0,45
260680,9,25,2,16,42.28374722,-83.27120556,12,1,10,5,998,0,0,45
260681,9,26,3,15,42.88837222,-85.48916667,12,1,10,3,998,0,0,70
260682,9,23,7,17,44.37879167,-83.73488333,1,1,10,1,998,1,1,55
260683,9,6,4,21,43.59649444,-83.86745278,8,3,1,1,998,0,0,35
260684,9,25,2,14,42.97965833,-85.34684444,12,1,10,2,998,0,0,55
260685,9,28,5,21,42.31150833,-85.51710833,8,3,10,1,998,0,1,45
260686,9,5,3,20,42.19773611,-83.26256667,8,3,1,1,998,0,0,40
260687,9,24,1,15,43.73545556,-84.40780833,5,1,1,1,998,1,1,55
260688,9,27,4,9,43.06111667,-85.96543611,12,1,10,2,998,0,0,70
260689,9,10,1,19,42.61514722,-82.86839167,12,1,1,2,998,0,1,45
260690,9,22,6,22,41.79816389,-86.068975,12,2,1,2,998,0,0,55
260691,9,16,7,10,44.56959722,-85.25238333,12,1,1,2,998,1,0,55
260692,9,14,5,20,44.74273611,-85.194725,12,2,1,2,998,0,1,55
260693,9,30,7,19,42.24556667,-83.58300833,12,1,1,2,998,0,0,50
260694,9,28,5,0,43.02683611,-83.74005833,1,3,2,2,998,1,0,35
260695,9,29,6,15,45.15420833,-85.02815556,1,1,1,1,998,1,0,55
260696,9,30,7,15,42.42675833,-82.93342222,14,1,1,1,998,0,0,35
260697,9,21,5,20,42.91791111,-85.49065556,12,5,10,2,998,0,1,35
260698,9,13,4,6,44.74571389,-85.56066667,8,4,2,1,998,0,0,35
260699,9,27,4,15,42.07911944,-86.49401389,8,1,1,1,998,0,0,0
260700,9,2,7,23,45.10022778,-87.60228056,42,2,1,1,998,1,1,25
260701,9,9,7,20,42.71303611,-83.03534444,12,5,1,2,998,0,0,55
260702,9,3,1,20,42.24594167,-83.41577778,8,2,1,1,998,0,0,35
260703,9,19,3,2,47.30435556,-88.364425,33,3,1,1,998,1,1,40
260704,9,3,1,13,42.11765278,-84.51756944,1,1,1,1,50,1,0,55
260705,9,11,2,16,42.59489722,-83.03413889,12,1,1,2,998,1,0,45
260706,9,8,6,1,43.044975,-83.70461944,15,3,2,1,998,0,0,35
260707,9,22,6,14,44.031225,-84.95505556,72,1,1,1,0,1,0,55
260708,9,10,1,15,42.33085833,-85.209575,33,1,1,1,998,1,0,30
260709,1,13,6,21,42.69544444,-82.58869722,8,2,1,1,998,0,0,55
260710,6,29,5,16,42.26941667,-83.44644167,12,1,10,3,998,0,0,45
260711,7,9,1,3,43.05198889,-83.69370833,8,3,1,1,998,0,1,35
260712,7,29,7,23,43.026675,-83.69355,12,3,1,2,998,1,0,35
260713,7,13,5,22,42.43515278,-83.11701944,8,2,1,1,998,0,0,35
260714,9,30,7,16,43.01341389,-85.92481389,35,1,1,1,998,1,0,55
260715,9,30,7,17,44.32718056,-86.24325,42,1,1,1,998,1,0,40
260716,9,18,2,1,42.98526944,-85.6881,12,3,1,2,998,0,0,30
260717,9,21,5,12,44.22225278,-85.61873333,12,1,1,2,998,1,0,65
260718,9,20,4,22,42.29856111,-85.20051389,12,3,1,2,998,0,0,40
260719,9,25,2,17,42.42355,-85.70046389,12,1,1,2,998,1,0,55
260720,9,24,1,19,42.55081667,-83.46851111,33,1,1,1,998,1,0,25
260721,10,3,3,19,42.69487778,-85.40073333,18,1,1,1,998,1,1,55
260722,10,3,3,9,43.08838056,-83.27795556,12,1,1,2,998,1,0,98
260723,9,29,6,13,42.27820278,-85.65601389,24,1,10,1,998,1,0,70
260724,9,23,7,6,42.37211389,-83.21683056,8,3,1,3,998,0,0,55
260725,10,5,5,2,43.47643611,-86.34439444,24,6,99,1,998,2,1,75
260726,10,1,1,16,43.19830556,-85.351925,12,1,1,2,998,1,0,55
260727,10,4,4,21,42.67813611,-83.25415556,8,2,1,1,998,0,0,40
260728,10,2,2,11,42.82609444,-86.17197778,42,1,1,1,998,1,0,55
260730,10,4,4,20,43.39541944,-83.94257778,5,3,1,2,998,1,0,35
260731,10,3,3,19,42.99767222,-84.18289444,12,1,1,2,998,0,0,98
260732,10,4,4,7,42.55434722,-82.92371111,8,3,10,1,998,0,0,50
260733,10,3,3,9,43.19663056,-83.77440278,8,1,1,1,998,0,0,45
260734,10,2,2,15,42.37551944,-83.0875,12,1,1,2,998,1,0,55
260735,10,11,4,21,42.38485,-83.15878611,38,3,1,1,998,1,0,98
260736,10,5,5,7,43.21969167,-86.17574722,15,2,2,1,998,0,0,45
260737,10,11,4,20,42.75931389,-84.48373333,12,3,10,2,998,1,0,98
260738,10,5,5,0,42.372625,-83.19763889,12,3,1,2,998,1,0,98
260739,10,14,7,10,42.232825,-83.32765278,12,1,2,2,998,2,1,45
260740,10,6,6,9,42.26904167,-84.56756389,12,1,1,2,998,1,0,60
260741,10,10,3,12,44.59233056,-85.65601944,12,1,2,2,998,1,0,55
260742,10,15,1,5,41.91014722,-86.58019167,12,2,1,2,998,1,0,70
260743,10,11,4,23,43.43366389,-83.83638889,12,2,1,2,998,1,1,55
260744,10,6,6,15,42.38002222,-83.12006667,12,1,1,2,998,0,0,25
260745,10,10,3,18,43.81961111,-84.77271667,30,1,1,1,998,2,0,30
260746,10,15,1,7,42.33645833,-83.87002222,42,4,1,1,998,1,0,35
260747,10,6,6,15,42.672575,-82.83498889,12,1,1,2,998,0,0,0
260748,10,13,6,13,42.94403889,-83.67891667,12,1,1,2,998,0,0,45
260749,10,17,3,6,42.03715278,-83.89523056,8,2,1,1,998,0,0,55
260750,10,16,2,19,43.312925,-86.37618889,12,2,1,2,998,1,0,55
260751,10,18,4,5,42.16864167,-84.98780278,14,2,1,1,998,1,0,70