ST_CASE,MONTH,DAY,DAY_WEEK,HOUR,LATITUDE,LONGITUD,HARM_EV,LGT_COND,WEATHER,VE_FORMS,TRAV_SP,DEATHS,DR_DRINK,VSPD_LIM
260752,10,22,1,0,41.76711389,-85.97005833,42,2,1,1,998,1,0,55
260753,10,18,4,11,45.01814444,-84.76788889,12,1,1,2,998,0,0,55
260754,10,20,6,8,43.40508611,-85.74209167,12,4,2,2,998,1,0,55
260755,10,22,1,1,42.78261111,-84.40326944,1,2,1,1,998,1,1,55
260756,10,19,5,20,44.0081,-84.78799444,8,2,2,1,998,0,0,55
260757,10,16,2,13,44.68620278,-85.58208333,12,1,1,2,998,0,0,55
260758,10,21,7,19,44.50013889,-85.40588056,12,2,1,2,998,1,1,55
260759,10,5,5,19,42.28168889,-85.5872,33,2,2,1,998,1,1,35
260760,10,1,1,12,42.47067222,-82.98647222,12,1,1,2,998,1,0,98
260761,10,19,5,10,41.8473,-84.59197222,42,1,2,1,998,1,0,55
260762,10,23,2,7,42.93518611,-85.71063333,12,4,1,2,998,1,0,45
260763,10,23,2,21,42.28858333,-85.45441389,12,2,1,5,998,0,1,55
260764,10,15,1,20,43.01977778,-83.65470278,8,3,2,1,998,0,0,50
260765,10,21,7,20,42.43120833,-83.17033611,8,2,10,2,998,0,0,30
260766,10,25,4,5,42.21975,-85.35484722,11,2,1,1,998,1,0,55
260767,10,21,7,7,42.73681111,-86.10831111,11,2,10,1,998,1,0,70
260768,10,26,5,13,42.90936667,-83.58863889,12,1,10,2,998,0,0,45
260769,10,24,3,16,42.308775,-86.17460556,32,1,1,1,75,1,0,55
260770,10,16,2,14,43.68830278,-85.51177222,12,1,10,2,998,1,0,55
260771,10,17,3,5,42.52850278,-82.90937778,8,3,1,1,998,0,0,35
260772,10,25,4,17,42.70017222,-83.28125,1,5,10,1,998,1,0,70
260773,10,17,3,14,42.88828611,-85.48830556,12,1,1,2,998,1,0,60
260774,10,27,6,19,42.84066389,-85.66353333,8,3,1,1,998,0,0,35
260775,10,27,6,20,43.31610556,-85.44309722,18,2,2,2,998,1,1,55
260776,10,25,4,9,43.76991667,-85.003525,12,1,10,2,998,0,0,55
260777,10,25,4,2,43.73798611,-84.76763611,11,2,10,1,998,1,0,55
260778,10,2,2,23,42.40400556,-82.96340833,8,2,1,1,998,0,0,55
260779,10,25,4,21,42.41591667,-83.20175833,8,2,2,1,998,0,0,35
260780,10,26,5,18,42.52439722,-82.93249722,12,1,10,2,998,0,0,0
260781,10,28,7,1,45.8483,-88.006575,42,2,2,1,998,1,1,55
260782,10,29,1,2,42.598175,-82.89274444,12,2,2,2,999,0,1,35
260783,10,27,6,16,42.78748056,-82.51308611,12,1,1,2,998,1,0,55
260784,10,18,4,5,42.99256944,-82.60207778,42,2,1,1,998,1,1,55
260785,10,24,3,17,42.72323889,-84.56981111,1,1,1,2,998,0,0,25
260786,10,12,5,20,42.33717778,-83.13657778,8,3,1,1,998,0,0,98
260787,10,21,7,19,42.48710556,-84.6012,59,2,2,1,998,1,1,98
260788,10,21,7,22,42.45796944,-84.6548,12,2,2,2,998,1,1,55
260789,10,27,6,11,43.99602222,-85.10065278,12,1,2,4,0,1,0,55
260790,10,28,7,22,42.32180833,-83.13441111,12,3,1,2,998,1,1,35
260791,10,28,7,2,42.65393611,-83.26396667,8,3,2,2,998,0,0,35
260792,10,31,3,22,42.66071111,-84.20085278,24,2,4,2,998,0,0,70
260793,10,19,5,20,42.16066389,-84.21098056,8,2,2,1,998,0,0,55
260794,10,27,6,19,41.78111667,-83.47235556,12,2,1,5,998,1,0,70
260795,10,24,3,11,42.15933333,-84.87901667,11,1,1,1,998,1,0,55
260796,10,25,4,21,43.002375,-83.73466944,12,3,2,2,998,0,0,35
260797,10,30,2,5,42.35640556,-83.21638889,12,3,2,3,998,1,0,55
260798,10,30,2,10,42.81965833,-84.227175,8,1,10,1,998,0,0,40
260799,10,19,5,10,42.45111944,-84.4986,43,1,2,1,998,1,0,55
260800,10,20,6,10,42.43300278,-85.86602778,12,1,2,2,998,0,0,55
260801,8,22,3,13,42.88385556,-83.84938333,12,1,2,2,998,0,0,55
260802,8,12,7,21,42.56546667,-83.02946389,12,3,10,2,998,0,0,45
260803,10,14,7,4,42.68303333,-84.58758611,8,3,10,1,998,0,0,35
260804,11,1,4,8,42.97609722,-85.60479444,35,1,10,1,998,0,0,70
260805,11,3,6,19,42.89423889,-85.62649722,8,3,1,1,998,0,1,35
260806,11,1,4,13,43.36687222,-85.45825833,35,1,10,1,998,1,1,55
260807,11,3,6,10,42.56168056,-83.07588889,8,1,1,1,998,0,0,0
260808,11,3,6,18,45.26178611,-87.67843889,11,5,10,1,998,1,1,55
260809,11,5,1,18,44.34235,-84.67433333,1,2,10,1,998,1,1,45
260810,11,4,7,10,42.85387222,-85.52397222,8,1,1,1,79,0,0,70
260811,11,5,1,1,42.73360556,-84.49578333,8,2,1,1,998,0,1,35
260812,11,2,5,16,41.76746667,-86.00299167,42,1,1,1,998,1,0,45
260813,11,10,6,18,42.86390556,-83.29193889,12,5,10,2,998,1,0,55
260814,11,3,6,22,43.18121667,-84.34785556,8,2,2,1,998,0,0,55
260815,11,11,7,19,42.17202222,-85.53038056,12,3,1,2,998,2,0,98
260816,11,12,1,2,42.08463056,-86.50042778,24,3,1,1,998,1,1,45
260817,11,6,2,21,41.80078333,-86.72081111,59,9,1,1,998,1,1,55
260818,11,9,5,18,43.035175,-83.67677778,12,3,1,2,998,1,0,70
260819,11,13,2,1,42.43375556,-83.02221667,19,3,1,1,998,1,0,35
260820,11,5,1,19,41.81260833,-86.43873056,9,2,1,1,998,0,0,55
260821,11,5,1,15,42.38197222,-83.14779167,59,1,10,1,998,1,0,70
260822,11,8,4,9,42.49795833,-84.86153889,12,1,2,2,998,1,0,60
260823,11,15,4,9,42.16640556,-85.20719167,12,1,1,2,998,1,0,55
260824,11,18,7,13,42.97995278,-82.84309167,18,1,1,1,998,1,0,75
260825,11,19,1,4,42.24515278,-85.44378611,12,2,1,2,998,1,1,55
260826,11,11,7,20,42.63214444,-83.77456111,12,2,1,2,998,2,1,55
260827,11,16,5,11,42.41896111,-83.22598333,12,1,1,2,998,0,0,98
260828,11,15,4,20,42.39165,-83.40278611,12,2,1,2,998,1,0,40
260829,11,3,6,14,43.01546944,-83.43384722,8,1,1,2,998,0,0,75
260830,11,14,3,12,42.25613056,-83.25035,9,1,1,1,998,0,0,40
260831,11,4,7,22,42.96315833,-85.67833056,8,2,10,1,998,0,0,70
260832,11,13,2,11,42.31028889,-83.84253333,12,1,1,3,998,1,0,50
260833,11,17,6,21,42.40029444,-82.90221111,30,3,1,1,998,1,0,25
260834,11,17,6,7,44.11671667,-83.56876667,12,4,2,2,998,1,0,55
260835,11,13,2,21,42.39704167,-82.99006944,30,3,1,1,998,1,0,98
260836,11,15,4,15,42.783475,-86.02955278,12,1,1,3,998,1,0,55
260837,11,23,5,20,43.10304444,-85.56558056,42,2,1,1,998,1,0,55
260838,11,15,4,7,42.64118056,-83.13196111,12,1,1,3,998,0,0,50
260839,11,26,1,9,44.55028333,-85.68957222,12,1,4,3,998,1,0,55
260840,11,2,5,19,41.94176944,-83.38650833,12,3,1,2,998,0,0,50
260841,11,17,6,15,42.84722778,-85.62241944,24,1,1,1,998,1,0,70
260842,11,22,4,17,42.87074722,-84.51836667,12,1,1,4,998,1,1,55
260843,11,30,5,18,46.93094444,-88.45782778,14,2,1,1,998,1,0,55
260844,11,25,7,16,42.53429722,-83.10235833,12,1,99,2,998,0,0,40
260845,11,18,7,10,42.71053889,-85.54528056,12,1,1,2,998,1,0,55
260846,11,27,2,5,42.89230556,-83.62779722,14,2,4,1,998,0,0,70
260847,11,14,3,18,43.40712778,-83.79124722,12,2,1,2,998,1,0,55
260848,11,17,6,23,43.4319,-83.98502778,42,2,1,1,998,1,0,30
260849,11,29,4,0,42.64905278,-83.523375,8,2,1,1,998,0,1,50
260850,11,22,4,23,44.04581111,-84.82248889,42,2,1,1,998,1,1,55
260851,11,23,5,22,42.00748889,-83.34420278,12,2,10,2,998,0,0,55
260852,11,17,6,16,42.75725,-84.483775,8,1,1,1,998,0,0,35
260853,11,25,7,0,44.32191667,-85.71228333,42,2,1,1,998,1,1,55
260854,11,22,4,18,42.56147222,-82.87031111,9,2,1,1,998,0,0,98
260855,11,24,6,12,42.27128889,-85.63461667,12,1,1,3,998,0,0,45
260856,11,12,1,22,42.51778611,-83.18636667,8,3,1,1,998,0,0,45
260857,11,26,1,8,42.33109444,-83.13890833,8,1,1,1,998,0,0,98
260858,11,30,5,18,43.41018611,-86.09202222,42,2,1,1,998,1,0,40
260859,11,19,1,21,42.73358333,-82.73055556,12,2,1,2,998,1,0,55
260860,11,24,6,16,42.39663889,-83.06151111,8,1,1,1,998,0,0,25
260861,11,17,6,20,42.53946667,-82.935025,8,3,1,1,998,0,0,50
260862,11,29,4,19,41.92069167,-84.65523611,8,2,1,1,998,0,0,35
260863,11,26,1,6,42.20355833,-85.54049167,12,2,1,2,998,1,1,50
260864,11,27,2,8,42.41961944,-83.10177222,38,1,4,1,998,1,0,30
260865,11,25,7,23,42.70841111,-83.97261111,1,2,10,1,998,1,1,55
260866,11,29,4,22,43.61156667,-84.73376944,12,3,1,3,998,1,0,45
260867,10,5,5,21,42.16701111,-83.28237778,8,2,10,1,998,0,0,45
260868,11,6,2,11,42.36247778,-83.75031944,42,1,1,1,998,2,0,55
260869,11,20,2,17,43.07450556,-85.88743889,12,5,1,2,998,1,0,55
260870,10,10,3,23,42.41864444,-83.17411389,12,2,1,2,998,0,1,55
260871,11,19,1,21,42.24620556,-83.30843611,1,2,1,1,998,1,0,55
260872,11,6,2,22,43.21983056,-86.25538611,8,3,10,1,998,0,0,30
260873,11,8,4,15,42.20033889,-86.09802222,42,1,10,1,998,1,0,55
260874,11,18,7,18,43.06457778,-83.83971667,33,3,1,2,998,1,0,25
260875,11,12,1,19,43.23417222,-86.21383333,12,3,99,2,998,0,0,35
260876,4,12,4,5,43.16679167,-83.70658611,8,2,1,1,998,0,0,55
260877,6,24,7,1,43.59705278,-84.79316944,8,3,1,1,42,0,0,45
260878,6,18,1,18,42.46945,-83.39754722,8,1,1,1,998,0,0,98
260879,7,9,1,19,43.17861944,-86.23760278,33,1,1,1,998,1,0,35
260880,7,22,7,3,42.40467222,-82.92900833,42,3,1,1,998,1,0,30
260881,8,26,7,0,42.94584444,-85.68030278,12,3,1,2,998,0,0,25
260882,8,27,1,21,42.36126389,-83.04583333,5,2,1,1,998,1,1,98
260883,12,1,6,20,44.67338333,-84.17888056,42,2,1,1,998,1,1,55
260884,8,30,4,3,41.84368889,-83.41974722,12,2,1,2,998,0,0,60
260885,8,30,4,16,46.24457222,-84.55249722,12,1,1,2,998,0,0,75
260886,12,3,1,19,44.65201389,-85.92421389,35,2,4,1,998,1,1,55
260887,8,8,3,12,42.63804444,-82.96535278,19,1,1,1,998,1,0,25
260888,12,6,4,17,42.90935278,-85.35193333,12,1,1,2,998,2,0,55
260889,12,9,7,0,42.262375,-85.58966389,12,2,1,2,998,1,1,40
260890,8,22,3,15,44.290125,-86.02176944,12,1,1,2,998,0,0,55
260891,8,11,6,23,42.80649444,-84.78262778,12,2,10,2,998,0,0,55
260892,12,9,7,4,42.44527778,-83.18304722,30,3,1,1,998,1,0,40
260893,12,11,2,20,44.52015,-85.88990278,8,2,10,1,998,0,0,55
260894,12,14,5,6,42.24926667,-83.34768889,8,2,1,1,998,0,0,45
260895,12,15,6,22,44.0435,-82.91189722,11,2,10,1,998,1,0,55
260896,12,16,7,12,42.37421667,-85.35182222,42,1,1,1,998,1,0,55
260897,12,18,2,2,42.32210556,-85.26006389,12,3,2,2,998,1,0,55
260898,12,17,1,20,42.31155556,-85.05943611,42,2,10,1,998,1,1,55
260899,9,3,1,0,43.17862222,-84.02886389,32,2,1,1,998,1,0,55
260900,10,2,2,15,42.63044444,-85.65501667,12,1,1,2,998,1,0,45
260901,12,13,4,14,43.22468889,-85.208925,42,1,1,1,998,1,1,55
260902,12,5,3,21,42.49580833,-83.363475,12,2,10,2,998,1,0,70
260903,12,4,2,9,42.36565556,-85.62977222,42,1,10,1,998,1,0,50
260904,12,5,3,18,43.858975,-85.52333889,12,2,1,2,998,1,0,55
260905,12,24,1,2,42.22345,-84.49901667,12,2,5,2,998,1,1,55
260906,12,25,2,17,42.30194444,-84.48295556,8,2,10,1,998,0,0,55
260907,12,5,3,17,42.63594722,-83.468325,8,2,10,1,23,0,0,35
260908,12,21,5,0,43.01660556,-83.74646111,8,2,1,1,998,0,0,45
260909,12,11,2,17,42.998925,-85.57657222,8,1,10,1,57,0,0,55
260910,12,11,2,1,43.03130278,-83.7854,30,2,1,1,998,1,1,45
260911,12,10,1,13,42.95253333,-85.07479722,12,1,10,3,998,1,0,45
260912,12,25,2,14,42.30141667,-85.56844722,33,1,1,1,998,1,0,40
260913,12,11,2,21,42.38939444,-83.218025,38,3,1,2,998,0,0,55
260914,12,1,6,20,42.70937222,-84.66198333,12,3,2,2,998,0,0,0
260915,12,10,1,0,42.41830833,-82.97326111,12,3,1,2,998,1,0,35
260916,12,23,7,20,42.15574167,-83.30546111,12,3,10,2,998,0,1,45
260917,12,4,2,19,43.20967222,-83.48062778,12,2,1,2,998,1,1,98
260918,12,28,5,19,42.92451667,-85.68615556,8,3,2,1,998,0,0,40
260919,12,28,5,23,42.11106111,-84.45132778,42,2,10,1,998,1,0,55
260920,12,15,6,20,42.63774444,-83.63761111,12,2,1,2,998,0,0,45
260921,12,18,2,7,42.82552778,-86.10780833,8,4,4,1,998,0,0,50
260922,12,24,1,18,42.60371111,-83.26633611,12,3,5,2,998,1,1,35
260923,12,13,4,4,42.32299444,-83.44808611,8,3,1,1,998,0,0,45
260924,12,8,6,11,42.64746667,-85.31539444,12,1,1,2,998,1,0,0
260925,12,19,3,20,44.70064444,-85.51643056,12,2,1,2,998,0,1,55
260926,12,21,5,13,42.4041,-85.72105,12,1,10,2,998,0,0,0
260927,12,29,6,6,42.35339167,-85.55115,8,2,2,1,998,0,0,50
260928,12,23,7,23,43.60455,-84.14316944,9,2,2,1,998,0,0,50
260929,12,24,1,2,42.77557778,-83.83543333,59,2,5,1,998,1,1,30
260930,12,24,1,2,42.87316389,-85.6815,1,3,10,1,998,1,1,70
260931,12,13,4,15,43.10529722,-85.61788889,1,1,1,1,998,1,0,70
260932,12,8,6,21,42.55008611,-82.87789722,8,2,1,1,998,0,0,70
260933,12,18,2,16,44.92032222,-83.62854444,43,5,10,1,998,1,0,55
260934,12,26,3,12,42.47678333,-83.0652,12,1,10,3,998,1,0,98
260935,12,5,3,15,42.429575,-83.41409722,33,1,2,1,998,1,0,45
260936,12,27,4,17,42.57201389,-82.87152222,8,2,2,1,998,0,0,45
260937,12,20,4,12,46.73403056,-89.17916111,12,1,1,2,998,0,0,98
260938,12,14,5,18,41.91301944,-84.03493889,9,2,1,1,998,0,0,35
260939,12,31,1,23,42.40121944,-83.21267778,12,3,2,2,998,1,1,35
260940,12,28,5,17,42.39575278,-83.46144722,8,3,2,1,998,0,0,40
260941,12,26,3,19,43.17621111,-84.70986389,12,2,10,2,998,1,0,55
260942,12,21,5,16,42.50641389,-84.69968333,42,5,1,1,998,1,0,55
260943,12,26,3,16,41.73781667,-83.56712778,12,1,1,2,998,1,0,45
260944,12,26,3,1,42.27621667,-83.15511667,12,3,2,2,998,1,0,98
260945,12,5,3,15,42.37888611,-83.06294722,12,1,2,2,998,0,0,55
260946,12,1,6,17,42.36525,-83.197275,8,2,10,1,998,0,0,35
260947,12,17,1,2,42.43210833,-83.11496111,12,3,1,3,998,0,1,98
260948,12,20,4,21,42.34325278,-83.21651389,9,1,1,2,998,0,0,98
260949,11,19,1,14,43.67776667,-84.01334167,12,1,1,2,998,1,0,70
260950,10,13,6,4,42.334375,-83.06536944,12,3,1,2,998,1,1,55
260951,12,25,2,12,42.42325,-83.28894722,33,1,1,1,998,1,1,25
260952,9,3,1,23,42.29442222,-83.31018056,8,3,1,1,998,0,0,40
260953,12,13,4,7,42.42004444,-83.175275,12,1,1,4,998,0,0,55
260954,6,11,1,3,42.61369167,-82.86928056,33,3,1,1,998,1,0,45
260955,8,21,2,1,42.32591667,-83.09148056,12,3,1,2,998,1,1,98
260956,8,8,3,21,43.2064,-85.31099444,8,2,1,1,998,0,0,55
260957,12,3,1,5,42.667425,-85.5162,42,2,2,1,998,1,1,55
260958,12,3,1,17,45.11030556,-87.620225,30,5,4,1,998,1,0,25
260959,2,13,2,21,42.74724722,-84.46385833,12,2,99,2,998,0,1,45
260960,8,30,4,11,44.07218333,-84.09140556,34,1,1,1,998,1,0,75
260961,6,11,1,3,42.43661667,-83.00231111,8,2,10,1,998,0,0,25
260962,7,11,3,9,42.42090833,-82.95113889,12,1,1,2,998,1,0,98
260963,12,23,7,10,43.05841944,-85.35231667,12,1,5,2,998,1,0,55
260964,10,14,7,4,42.306875,-85.57010833,8,2,2,1,998,0,0,35
260966,12,19,3,17,43.42496667,-83.92840833,8,5,1,1,998,0,0,98
260967,12,10,1,12,42.72449722,-83.03590278,12,1,10,3,998,0,0,35
260968,8,24,5,11,42.21427222,-83.48720833,12,1,1,2,998,1,0,35
260969,6,4,1,18,42.48127778,-82.98691667,12,1,1,2,998,0,0,0
260970,2,22,4,14,43.22761944,-82.58799722,1,1,4,1,998,1,0,55
260971,3,1,4,2,42.3312,-83.08749167,57,3,1,1,998,1,1,25
260972,1,24,3,11,44.66783056,-86.03011667,12,1,4,2,998,1,0,55
260973,3,26,1,4,42.354825,-85.23061667,42,2,1,1,998,1,1,40
260974,3,19,1,17,43.21596111,-86.23961667,42,1,1,1,998,1,1,30
260975,1,25,4,7,42.19841389,-85.74509444,12,4,4,2,998,0,0,55
260976,1,10,3,18,42.21098889,-84.43910556,9,2,1,1,998,0,1,25
260977,2,12,1,23,42.95470833,-82.88575556,34,2,1,1,998,1,0,98
260978,9,3,1,23,43.18061389,-86.22021667,1,3,1,1,998,1,1,45
260979,4,5,4,1,42.42595556,-83.16494444,14,2,5,1,998,1,0,25
260980,5,7,1,2,42.40490556,-82.99750278,12,3,1,2,998,0,0,98
260981,5,27,7,12,43.698825,-83.96814167,12,1,1,2,998,1,0,0
260982,1,2,2,20,42.24448333,-83.26961667,12,3,1,2,998,1,1,45
260983,6,21,4,16,43.17048056,-83.70928611,12,1,1,2,998,0,0,55
260984,3,3,6,12,42.25255833,-85.40876944,12,1,10,2,998,1,0,55
260985,6,26,2,0,42.32860278,-85.15577222,43,3,1,1,998,1,0,30
260986,5,4,5,7,42.17012778,-85.38336389,42,2,1,1,998,1,1,55
260987,6,21,4,12,42.38338056,-85.55510278,42,1,1,1,998,1,0,50
260988,6,23,6,5,43.52526944,-84.36483889,11,2,10,1,998,1,0,55
260989,7,22,7,19,42.19829444,-83.24132778,12,1,1,2,998,1,1,45
260990,5,19,6,14,42.29501667,-83.76570833,14,1,2,1,998,1,0,25
260991,6,4,1,17,45.09651944,-84.16474722,34,1,1,1,998,1,0,55
260992,7,10,2,19,42.24168611,-84.39972778,42,1,1,1,998,1,0,45
260993,6,3,7,17,45.64552778,-84.52893333,7,1,10,1,998,1,0,55
260994,7,3,2,11,42.25966667,-85.57985278,12,1,1,4,998,0,1,98
260995,6,3,7,14,43.00192778,-85.24809167,35,1,1,1,998,1,0,55
260996,7,5,4,13,42.38579444,-83.274225,59,1,1,1,998,1,0,55
260997,7,30,1,4,42.46349722,-83.003125,12,3,1,2,998,0,1,35
260998,7,15,7,17,46.10112778,-85.69345556,5,1,1,1,1,1,0,65
260999,8,11,6,0,43.01608333,-83.68351944,39,8,1,1,998,1,0,70
261000,8,18,6,22,42.22633333,-83.14996111,8,3,1,1,998,0,0,98
261001,8,14,2,17,42.27298056,-84.60009722,42,1,2,1,998,1,0,98
261002,8,31,5,21,42.90675833,-85.73532778,19,3,1,1,998,1,0,98
261003,8,21,2,8,42.55196389,-83.26405556,12,1,1,2,998,1,0,98
261004,8,18,6,13,43.75595833,-85.234775,34,1,1,1,998,1,0,55
261005,8,18,6,12,42.57006389,-82.89183889,9,1,1,1,998,0,0,55
261006,8,27,1,13,42.26437222,-84.42825556,12,1,1,2,998,1,0,35
261007,8,5,7,19,42.25676667,-83.15766944,12,1,1,2,998,1,0,98
261008,8,30,4,11,42.19725556,-83.28120556,12,1,1,2,998,1,0,0
261009,8,14,2,14,42.397825,-83.24835833,42,1,10,1,998,1,0,35
261010,9,21,5,13,44.19962778,-83.80332778,12,1,1,2,998,1,0,65
261011,9,23,7,12,42.2955,-83.30026944,12,1,1,2,998,1,0,98
261012,10,14,7,10,42.35644444,-83.13803889,59,1,2,1,998,1,0,35
261013,9,18,2,12,42.62014444,-82.98351111,33,1,1,1,998,1,0,35
261014,10,11,4,2,42.38257222,-83.19783889,31,3,1,1,998,1,1,35
261015,10,20,6,7,43.06109722,-82.459975,12,2,1,3,998,0,1,50
261016,10,2,2,5,42.44848056,-83.024975,8,3,1,1,998,0,0,98
261017,10,1,1,1,42.41091389,-83.24384722,8,3,1,1,998,0,0,35
261018,10,16,2,9,42.48838611,-82.942225,12,1,1,2,998,1,0,45
261019,10,27,6,3,42.99783889,-84.14344444,8,2,2,1,998,0,0,45
261020,11,23,5,14,42.11481944,-85.46561667,12,1,1,2,998,0,0,55
261021,11,14,3,11,42.63483889,-82.55528611,12,1,1,2,998,1,0,45
261022,11,16,5,6,42.29610833,-85.65794167,12,4,1,2,998,1,0,98
261023,11,26,1,10,44.05563611,-85.48813333,1,1,4,1,998,1,0,75
261024,11,14,3,15,44.33581944,-84.81078056,12,1,1,3,998,0,0,55
261025,11,8,4,13,43.20557778,-86.27795833,12,1,2,2,998,1,0,35
261026,11,1,4,15,42.86267222,-83.73972222,12,1,1,2,998,1,0,70
261027,11,26,1,11,42.23966667,-83.17977778,59,1,1,1,998,1,0,98
261028,12,9,7,18,42.930675,-85.37489722,8,2,10,1,998,0,0,55
261029,3,20,2,7,41.85105556,-86.56198056,11,4,1,1,998,1,0,55
261030,8,18,6,21,42.44403056,-82.98543889,8,3,1,1,998,0,0,30
270001,1,5,5,13,43.51334722,-94.614375,1,1,1,1,40,1,0,55
270002,1,7,7,9,44.94916667,-95.54201944,12,1,5,2,70,1,0,60
270003,1,10,3,8,46.24685278,-93.26334167,1,1,10,1,50,1,0,60
270004,1,10,3,8,46.60868889,-93.41703889,12,1,10,2,60,1,0,60
270005,1,12,5,7,44.90155278,-93.24749722,8,3,10,1,999,0,0,35
270006,1,14,7,1,45.12337778,-93.30475,24,3,1,1,90,1,0,65
270007,1,14,7,12,45.96460278,-93.01538889,12,1,1,2,60,1,0,60
270008,1,3,3,19,45.39236389,-94.06253056,8,2,4,1,998,0,0,55
270009,1,25,4,0,44.77525,-93.26816667,42,3,1,1,85,1,0,40
270010,1,22,1,17,46.86497778,-95.70963611,1,2,1,1,50,1,1,50
270011,1,21,7,8,45.43865833,-94.58832778,12,1,5,2,60,1,0,60
270012,1,27,6,18,44.86195556,-93.26005833,8,3,10,1,998,0,1,35
270013,2,4,7,16,46.54309444,-94.705125,31,1,1,1,65,1,0,55
270014,2,4,7,19,45.09456944,-93.36792778,8,3,1,2,998,0,0,45
270015,2,10,6,23,44.93628333,-93.03064722,1,3,1,1,100,2,1,60
270016,2,12,1,8,44.82150556,-92.94492778,12,1,1,2,52,1,0,65
270018,2,19,1,11,47.63020556,-95.18486667,12,1,1,2,45,1,0,0
270019,2,20,2,23,45.32005,-93.27275556,42,2,1,1,55,1,0,50
270020,2,16,5,12,47.24592778,-93.48608611,24,1,1,1,65,1,0,65
270021,2,19,1,2,45.15293056,-93.139375,48,2,1,1,80,1,1,35
270022,2,26,1,19,44.89256944,-94.22989722,1,2,1,1,80,1,1,60
270023,2,22,4,8,44.77899722,-93.21721111,48,1,10,4,0,0,0,65
270024,3,2,5,15,44.66794444,-93.43993333,12,1,1,2,998,0,0,55
270025,2,20,2,18,44.8967,-94.22213611,1,2,11,1,60,1,0,60
270026,3,4,7,14,44.71683056,-92.96830556,12,1,1,3,998,0,0,55
270027,2,20,2,14,43.50778889,-92.36925278,12,1,1,2,10,1,0,60
270029,2,27,2,12,44.55776944,-94.15327222,12,1,10,2,55,1,0,55
270030,3,13,2,14,45.67291944,-94.43829722,12,1,1,2,5,1,1,55
270031,3,9,5,17,43.79057778,-92.490825,12,2,11,2,998,0,0,60
270032,3,15,4,6,44.04138889,-93.17494722,12,4,11,2,50,1,0,60
270033,3,16,5,18,45.23489444,-93.47261389,39,1,4,1,50,1,0,65
270034,3,20,2,7,44.86220556,-93.48514722,8,4,1,1,998,0,0,55
270035,3,17,6,13,46.09500278,-95.8939,59,1,10,1,75,1,0,70
270036,3,18,7,11,48.08077222,-96.11649722,12,1,1,2,60,1,0,60
270037,3,24,6,8,43.90481389,-92.73860278,12,1,1,2,998,0,0,55
270038,3,24,6,11,44.13690278,-92.41707222,12,1,1,3,30,1,0,55
270041,3,30,5,6,45.43472222,-94.61428889,12,2,10,2,998,0,0,60
270043,4,4,3,7,45.06539444,-94.10164722,12,1,10,2,60,1,0,55
270044,3,27,2,3,44.89740833,-93.22317778,50,3,1,1,60,1,1,60
270045,4,8,7,22,45.1141,-93.26360556,8,2,1,1,998,0,0,55
270046,3,27,2,11,46.48870556,-95.09323056,12,1,10,2,60,0,0,60
270047,4,1,7,12,46.42023056,-94.29046111,33,1,1,1,40,1,1,60
270048,4,14,6,21,45.73001944,-92.91958056,3,2,1,1,30,1,1,50
270049,4,15,7,1,44.65971389,-93.29403056,12,2,1,2,100,1,1,70
270050,4,16,1,4,44.90942222,-93.15410278,42,3,3,1,998,2,1,40
270053,4,24,2,6,44.95207222,-93.24735833,8,1,1,1,998,0,0,30
270054,4,20,5,16,47.75941389,-92.37834167,12,1,4,2,45,2,0,60
270055,4,24,2,11,44.84620556,-93.53858333,12,1,1,2,998,0,0,45
270056,4,25,3,16,43.73146389,-94.34782222,12,1,1,2,998,0,0,55
270057,4,19,4,16,44.16876944,-93.94890278,12,1,10,3,50,1,0,45
270059,5,3,4,21,45.429675,-93.81923333,12,3,1,2,55,1,1,55
270060,4,29,7,12,46.95537222,-92.4566,23,1,10,1,57,1,0,65
270061,4,9,1,13,44.70740278,-93.2923,12,1,1,2,998,0,0,45
270062,5,4,5,19,45.2075,-93.35783333,12,1,1,2,998,0,0,35
270063,5,6,7,11,45.54014444,-92.99094444,58,1,10,1,85,1,0,70
270064,5,2,3,18,43.95110556,-92.04926667,1,1,1,1,90,1,0,70
270065,5,8,2,10,45.235225,-94.99281389,12,1,1,2,998,1,0,50
270066,5,5,6,14,47.02744167,-91.66206389,16,1,1,1,998,1,0,55
270067,5,8,2,15,44.97817222,-93.44964167,12,1,1,2,998,1,0,40
270068,5,9,3,1,44.95563889,-93.24335833,12,3,1,2,998,0,0,30
270069,5,7,1,11,46.84765556,-96.78065556,12,1,10,2,50,1,0,55
270070,5,5,6,16,46.80434722,-96.67735556,12,1,1,2,60,0,0,55
270071,5,5,6,18,45.28180278,-94.0945,1,1,10,1,75,1,1,55
270072,5,12,6,22,44.86508611,-93.54021944,8,3,2,1,998,0,1,40
270073,5,14,1,3,44.9557,-93.24321944,8,3,2,1,999,0,0,40
270074,5,13,7,14,45.04840833,-93.28505,38,1,10,1,94,1,1,30