ST_CASE,MONTH,DAY,DAY_WEEK,HOUR,LATITUDE,LONGITUD,HARM_EV,LGT_COND,WEATHER,VE_FORMS,TRAV_SP,DEATHS,DR_DRINK,VSPD_LIM
270075,4,22,7,13,45.01322222,-93.29313611,12,1,1,2,998,1,0,30
270077,5,3,4,9,45.49519167,-92.98082222,12,1,1,2,55,1,1,55
270078,5,10,4,21,44.96327222,-92.96865833,12,3,1,2,998,0,0,98
270079,5,10,4,18,46.28208889,-92.82202222,12,1,1,2,100,1,1,70
270080,5,20,7,11,44.456725,-93.18756111,42,1,1,1,70,1,0,45
270081,5,17,4,16,44.83371667,-93.29512778,12,1,10,2,55,0,0,65
270082,5,21,1,13,45.38636389,-94.747975,12,1,1,2,998,2,0,60
270084,5,25,5,20,44.68775278,-93.62404167,30,1,1,1,35,1,0,30
270085,5,27,7,9,45.25052222,-93.40651667,12,1,1,2,80,1,0,55
270086,5,29,2,23,44.86415,-93.02331389,8,2,1,1,998,0,0,30
270087,5,28,1,11,43.54425,-93.35555278,57,1,1,1,70,1,0,70
270088,5,18,5,15,45.05017222,-93.18853333,25,1,10,1,60,1,1,60
270089,6,1,5,2,44.97921111,-92.959525,12,3,10,3,60,1,1,60
270090,6,1,5,9,45.19404167,-93.87384444,12,1,1,2,5,1,0,30
270091,6,1,5,13,45.31950556,-93.19640833,12,1,1,2,998,0,0,55
270092,5,3,4,21,46.67138333,-96.17351389,1,2,1,1,55,1,1,55
270093,5,29,2,19,45.56109444,-93.59621667,1,1,1,1,80,1,1,65
270094,6,2,6,17,45.90400833,-92.96018889,12,1,1,2,998,0,0,55
270095,6,3,7,1,44.99638611,-93.20610278,25,3,1,1,100,1,0,55
270096,6,3,7,13,45.42953889,-93.73570278,12,1,1,2,55,1,0,55
270097,6,4,1,1,45.75288056,-94.97506389,1,2,1,1,65,1,1,55
270098,6,4,1,0,44.67342222,-92.91866111,1,2,1,1,60,1,0,55
270099,6,4,1,18,45.66258333,-93.82279167,12,1,1,2,998,0,0,55
270100,6,5,2,15,44.86825,-93.02609167,12,1,1,2,35,1,1,35
270101,6,5,2,18,45.26149167,-92.89026389,12,1,1,2,998,0,0,55
270102,6,3,7,13,45.52501389,-93.58356667,12,1,10,2,75,1,0,65
270103,6,7,4,22,43.95808333,-94.656725,1,2,10,1,998,1,0,65
270104,6,8,5,11,44.83616111,-93.24943333,8,1,1,1,28,0,0,35
270105,6,2,6,19,47.46949167,-94.87938056,12,1,1,2,40,1,1,98
270106,6,10,7,14,45.51725556,-94.22612222,1,1,98,1,90,1,0,40
270107,6,11,1,16,45.15265,-95.33753611,1,1,1,1,60,1,0,55
270108,6,9,6,14,47.10005833,-94.74443333,12,1,1,2,998,0,0,60
270110,6,14,4,8,44.89240278,-93.18908889,59,3,1,1,998,1,1,55
270111,5,13,7,11,47.23860556,-95.97585833,12,1,1,2,55,1,0,55
270112,6,16,6,3,45.91825833,-95.28924444,1,2,1,1,100,1,1,55
270113,6,6,3,23,44.38709444,-92.97996389,12,2,10,2,60,1,0,60
270114,5,20,7,21,45.98339167,-94.01560833,11,2,1,1,55,1,0,55
270115,6,14,4,12,44.93503056,-95.1956,35,1,1,1,60,1,1,60
270116,6,17,7,22,44.94843889,-93.274125,12,3,1,2,998,0,0,20
270117,6,17,7,3,44.94849444,-92.86116944,12,3,1,2,70,1,1,70
270119,6,17,7,21,43.72907778,-91.69118611,1,5,1,1,70,1,0,55
270120,6,18,1,14,45.54884167,-94.21909444,12,1,1,2,998,0,0,30
270121,6,18,1,10,45.35901667,-94.84556667,12,1,2,2,60,1,1,55
270122,6,19,2,16,45.93425,-96.0014,1,1,1,1,55,1,0,55
270123,6,20,3,5,43.63818611,-91.67985278,1,4,5,1,70,1,0,55
270124,6,12,2,8,46.82207222,-92.12571667,12,1,1,2,100,1,0,30
270125,6,18,1,11,45.44671111,-93.99610278,12,1,1,2,10,1,0,60
270126,6,25,1,17,45.10871667,-93.31148333,12,1,10,2,100,1,0,45
270127,6,18,1,4,46.74188333,-96.09770833,8,2,2,2,998,0,0,55
270128,6,28,4,11,45.03484444,-93.08704722,21,1,10,1,80,1,0,60
270129,6,13,3,17,44.22534167,-93.43059444,17,1,1,1,40,1,1,98
270130,6,28,4,15,46.97710833,-96.64753611,12,1,1,2,998,0,0,55
270131,6,30,6,10,44.45674444,-93.18725278,12,1,1,2,998,0,0,45
270132,7,1,7,15,45.25374722,-93.71402778,12,1,1,2,998,0,0,55
270133,7,2,1,4,43.64486667,-94.17779167,1,2,1,1,65,1,1,55
270134,6,28,4,12,43.65156389,-93.96489444,1,1,1,1,65,1,0,60
270135,7,3,2,9,45.48643889,-93.82033056,12,1,1,2,55,1,0,55
270136,7,4,3,22,44.94349722,-93.09607222,25,1,1,1,998,1,1,98
270137,7,6,5,18,47.02123611,-92.14561667,12,1,1,2,998,0,0,45
270138,7,3,2,14,46.842875,-92.23690833,12,1,2,2,998,0,0,55
270139,6,23,6,9,46.06997778,-94.26231389,1,1,1,1,998,1,0,55
270140,6,25,1,13,46.13905833,-94.58118889,12,1,10,2,998,0,0,65
270141,7,7,6,6,44.64994167,-92.95423056,12,1,10,2,998,0,0,55
270142,7,7,6,12,45.03495556,-93.380325,8,1,10,1,998,0,0,35
270143,7,8,7,20,45.02056111,-93.34012222,12,1,1,2,998,0,0,30
270144,7,9,1,2,44.19591944,-94.63551389,30,2,1,1,55,1,0,55
270145,7,9,1,7,46.77191944,-95.81016944,9,1,1,1,998,0,0,35
270146,7,11,3,10,44.49574722,-92.61500833,12,1,1,2,998,1,0,55
270147,7,11,3,21,44.95131111,-93.12610278,8,3,10,1,998,0,0,30
270148,7,12,4,12,45.20067778,-93.56643333,1,1,1,1,80,1,0,70
270149,6,21,4,11,43.85944167,-93.48574167,12,1,1,2,998,0,0,60
270150,7,13,5,22,45.03896944,-93.24740556,8,3,10,1,998,0,1,55
270151,7,15,7,0,44.79406389,-93.19878056,12,3,1,3,60,1,1,70
270152,7,15,7,1,45.31003611,-94.106025,5,3,1,1,45,1,1,55
270153,4,26,4,15,44.81929444,-93.32953333,12,1,1,2,998,0,0,40
270154,6,28,4,9,43.69038056,-93.37288056,35,1,1,1,70,1,0,70
270155,7,14,6,11,44.43709167,-92.28188333,11,1,1,2,50,1,0,60
270156,7,15,7,11,44.94876111,-93.04078611,12,1,1,2,45,1,0,45
270157,7,17,2,17,47.925025,-91.91315278,30,1,1,1,85,1,1,30
270158,7,7,6,22,45.74994444,-94.20988611,12,3,10,2,998,0,1,45
270159,4,20,5,10,44.44563056,-93.17388889,12,1,2,2,20,1,0,30
270160,5,13,7,21,46.36265556,-92.76716944,42,2,1,1,70,1,1,30
270161,4,14,6,16,44.78306944,-93.53146667,1,1,1,1,45,1,0,30
270162,4,29,7,19,44.87083333,-93.10607778,12,5,1,2,998,0,0,35
270163,7,16,1,2,44.95555556,-93.24333611,46,3,1,1,80,1,1,40
270164,7,18,3,9,45.32547778,-95.46018889,12,1,1,2,998,0,0,60
270165,7,18,3,19,45.00028611,-93.28175833,12,1,1,2,998,0,0,30
270166,5,24,4,16,44.99013889,-94.39939167,12,1,1,2,998,0,0,98
270167,7,19,4,15,45.285525,-93.34678611,12,1,1,2,998,0,0,55
270168,7,19,4,19,46.51014167,-92.61604722,42,1,99,1,30,1,0,30
270169,1,17,3,6,44.0251,-91.78926389,12,2,12,2,998,1,0,55
270170,7,19,4,16,44.40528889,-92.32942778,12,1,10,2,998,0,0,60
270171,7,19,4,17,46.37007222,-96.129075,12,1,1,2,60,1,0,60
270172,7,21,6,10,45.73863611,-94.62593611,38,1,1,1,70,1,0,55
270173,7,22,7,15,46.41988889,-96.03042222,12,1,1,2,55,1,0,55
270174,7,22,7,17,45.65819722,-93.65643333,32,1,1,1,60,1,1,55
270175,7,22,7,22,44.96392222,-93.21535833,12,3,1,2,999,0,0,60
270176,2,13,2,18,45.08616111,-93.25959444,8,6,1,1,998,0,0,35
270177,7,1,7,21,48.52660278,-94.473875,1,1,1,1,45,1,1,55
270178,4,18,3,15,44.85633611,-93.42062778,12,1,1,3,0,0,0,35
270179,7,29,7,7,43.89178611,-92.5723,12,1,10,2,67,0,0,60
270180,7,29,7,10,45.15203056,-93.67973056,1,9,99,1,55,1,1,55
270181,7,29,7,12,45.55298611,-93.58619444,12,1,1,3,65,1,0,65
270182,7,29,7,12,47.124675,-93.25601389,12,1,1,2,998,0,0,60
270183,7,30,1,4,45.161,-93.34288056,42,3,1,1,100,1,1,98
270184,7,4,3,11,43.693725,-91.68680556,1,1,1,1,55,1,0,55
270185,7,30,1,17,44.99192778,-93.40095833,12,1,1,3,998,0,0,60
270186,7,28,6,11,45.13890556,-96.41487222,12,1,1,2,40,1,0,55
270187,7,29,7,12,44.83429167,-94.51840833,12,1,1,2,5,1,0,55
270188,8,4,6,3,45.80348889,-94.51064444,59,2,1,1,93,1,1,55
270189,8,4,6,11,45.02766667,-93.27168889,9,1,1,1,998,0,0,25
270190,8,5,7,0,44.91233889,-93.28825833,12,3,1,2,998,0,1,30
270191,8,6,1,11,46.22386667,-94.61491667,5,9,99,1,50,1,1,55
270192,8,6,1,20,47.8622,-92.72520556,42,5,1,1,90,1,1,60
270193,8,1,3,22,48.28186667,-95.51322222,12,2,1,3,998,0,0,60
270194,8,4,6,11,44.39976389,-93.28187778,12,1,1,2,55,1,0,55
270195,7,19,4,7,46.97701667,-96.7465,12,1,1,2,55,1,0,55
270196,7,28,6,22,45.59481389,-94.17438611,8,3,1,1,998,0,1,35
270197,7,12,4,11,44.35300833,-93.29323611,12,1,10,2,60,1,0,70
270198,8,11,6,12,45.253125,-94.10128333,42,1,10,1,60,1,0,55
270199,8,11,6,17,43.65373889,-93.359475,9,1,10,1,998,0,0,30
270200,8,12,7,18,44.92586389,-94.32979444,1,1,1,1,50,1,1,98
270201,8,11,6,12,44.24455,-93.282225,12,1,1,2,50,1,0,70
270203,7,26,4,13,45.2656,-93.23438611,12,1,1,3,998,0,0,65
270204,8,13,1,12,47.60561944,-93.47624444,1,1,1,1,50,1,1,40
270205,8,11,6,3,45.69799444,-94.1708,35,2,2,1,91,1,1,65
270206,8,16,4,13,43.80028333,-93.54824722,12,1,1,2,998,0,0,55
270207,8,18,6,1,45.42702778,-93.93103333,12,2,1,2,998,0,1,65
270208,8,18,6,17,44.883925,-93.00289444,42,1,1,1,80,1,1,60
270209,8,20,1,16,44.35551667,-95.85170278,1,1,1,1,60,1,1,55
270210,8,20,1,12,45.10840556,-95.59459167,12,1,1,2,998,0,0,60
270211,8,20,1,17,47.29997222,-93.38290833,5,1,1,1,65,1,1,55
270213,8,21,2,13,45.406625,-93.89869722,12,1,1,2,998,0,0,60
270214,8,19,7,18,45.11036944,-95.10443333,12,1,1,2,55,1,0,55
270215,8,24,5,5,45.10358056,-93.45805833,8,3,1,1,998,0,0,60
270216,8,22,3,23,47.46835556,-94.90692222,59,3,5,1,100,1,0,30
270217,8,24,5,11,44.81662778,-92.99764444,24,1,1,1,998,1,1,40
270218,8,24,5,18,45.39324167,-93.56165556,1,1,1,1,65,1,0,65
270219,8,24,5,22,45.83776111,-95.36625833,8,2,10,1,998,0,0,70
270220,8,25,6,13,44.24241667,-93.28126111,12,1,1,3,998,0,0,70
270221,8,27,1,3,45.88356389,-94.78668056,1,2,1,1,30,1,1,55
270222,8,27,1,9,45.28666389,-93.41809167,11,1,1,1,75,1,0,55
270223,8,28,2,15,45.36863889,-93.38323056,42,1,1,1,55,1,0,55
270224,8,28,2,20,44.29229722,-93.96278056,12,5,1,2,998,0,0,30
270225,8,19,7,16,44.94898333,-93.31659444,12,1,1,2,25,1,0,20
270226,8,24,5,7,47.95928056,-91.58982222,17,1,1,1,60,1,0,50
270227,8,17,5,13,44.2979,-94.44663333,12,1,1,2,998,0,1,40
270228,8,26,7,20,43.6575,-93.72965556,12,5,1,2,998,0,0,60
270229,7,28,6,0,45.37496389,-94.77602778,5,2,1,1,30,1,0,55
270230,8,26,7,13,46.76004444,-92.16523611,39,1,1,1,50,2,0,30
270231,9,1,6,12,46.32777222,-94.65071111,19,1,1,1,30,1,0,30
270232,9,1,6,18,46.75236111,-95.71044722,42,1,1,1,90,1,1,55
270233,9,1,6,18,44.73848056,-92.93137222,12,1,1,2,55,1,0,55
270234,9,2,7,15,44.89386667,-93.11926389,30,1,1,1,55,1,0,45
270235,9,2,7,23,45.53290833,-93.89188056,12,2,1,2,40,1,1,55
270236,9,3,1,19,47.3156,-93.36337222,12,5,1,2,10,1,0,65
270237,9,4,2,6,44.77654167,-93.70615278,57,4,1,1,65,1,0,65
270238,9,4,2,18,45.65362222,-94.66741944,12,5,1,2,998,0,0,70
270239,8,19,7,17,48.44224444,-96.72498889,1,1,1,1,55,1,0,55
270240,9,7,5,16,47.45354722,-94.90665556,8,1,1,1,998,0,0,55
270241,7,1,7,14,47.761325,-95.19445278,11,1,1,1,998,1,0,55
270242,9,1,6,22,45.23681111,-93.59825278,8,2,1,1,999,0,0,55
270243,9,4,2,8,44.90025556,-93.27431389,9,1,1,1,998,0,0,20
270244,9,7,5,9,45.52169167,-93.25086944,42,1,1,1,80,1,0,55
270245,9,8,6,18,46.65778333,-95.65513333,12,1,1,2,65,1,0,65
270246,9,9,7,2,46.92514722,-92.894225,42,2,1,1,75,2,1,55
270247,9,9,7,4,46.66940278,-92.5867,10,6,1,1,57,1,1,30
270248,9,12,3,14,45.00263333,-93.44447778,12,1,1,3,998,0,0,55
270249,9,13,4,21,46.57755833,-92.63063611,12,3,1,2,998,0,0,55
270250,7,8,7,2,46.00113611,-93.43251389,11,2,1,1,60,1,0,60
270251,8,20,1,11,43.79906389,-95.87248889,12,1,1,2,998,0,0,55
270252,9,14,5,15,44.48778333,-92.44154167,12,1,1,2,998,1,0,55
270253,9,15,6,16,44.96239444,-92.77184444,59,1,10,1,50,1,1,65
270254,9,15,6,21,48.65225,-96.59163611,1,2,1,1,100,1,1,60
270255,9,16,7,17,47.09318056,-95.59111389,42,1,1,1,35,1,1,55
270256,9,16,7,20,45.04597778,-93.36025833,8,3,1,2,998,0,0,35
270257,9,17,1,4,47.36135556,-93.79479722,8,6,5,1,998,0,0,60
270258,9,20,4,20,45.08368611,-93.37702778,12,3,1,2,998,0,0,55
270259,9,21,5,18,43.69608333,-94.22760833,35,1,1,1,100,2,1,55
270260,9,20,4,20,44.23918611,-95.55310556,12,2,1,2,55,2,0,55
270261,9,3,1,10,45.00695,-92.85858611,9,1,1,1,998,0,0,98
270262,9,22,6,9,44.72477778,-94.39816389,12,1,10,2,60,1,0,60
270263,9,22,6,19,44.94835278,-93.27970556,8,5,1,1,48,0,0,20
270264,9,22,6,21,44.04705556,-93.00588889,34,3,10,1,40,1,1,30
270265,9,27,4,13,47.48553889,-96.28080278,12,1,10,2,998,0,0,98
270266,9,20,4,8,44.05078611,-94.7992,12,1,1,2,50,1,0,55
270267,9,25,2,7,43.95483056,-92.16178889,1,1,10,1,70,1,0,70
270268,9,28,5,14,45.48690278,-93.90271389,12,1,1,2,998,1,0,55
270269,9,28,5,6,47.52359722,-92.61110278,12,3,10,2,998,0,1,40
270270,10,1,1,22,44.95734722,-93.26258889,12,3,1,2,998,0,0,25
270271,9,19,3,22,44.55215556,-94.98262222,34,3,1,1,60,1,1,30
270272,10,6,6,8,46.86554444,-92.07328889,12,1,1,2,10,1,0,55
270273,10,6,6,9,44.87524167,-93.75592778,12,1,2,3,55,1,0,55
270274,10,6,6,16,48.65612222,-94.25504167,12,1,10,2,30,1,1,55
270275,10,6,6,22,44.97307778,-93.10600278,12,3,1,2,998,0,0,98
270276,10,7,7,14,44.09085556,-92.44246944,12,1,1,3,72,1,0,55
270277,10,6,6,8,44.38483056,-93.40672778,1,1,2,1,55,1,0,98
270278,10,12,5,11,45.12864444,-93.47306667,19,1,10,1,30,1,0,30
270279,10,11,4,19,43.87436111,-91.32101667,12,2,1,2,70,1,0,70
270280,10,13,6,21,44.94839167,-93.25759444,8,3,2,1,998,0,0,20
270281,10,13,6,2,47.77121944,-96.60901389,23,3,1,1,70,1,1,30
270282,10,15,1,16,45.09531389,-95.89538056,12,1,1,2,998,0,0,60
270283,10,19,5,12,43.65669167,-93.38336111,42,1,1,1,30,1,0,98
270284,10,21,7,16,45.21511111,-93.59129167,72,1,10,2,998,0,0,70
270285,10,21,7,20,47.62011111,-92.45199722,12,2,10,2,65,1,1,60
270286,10,22,1,15,44.33115556,-92.18770556,1,1,10,1,30,1,0,50
270288,5,23,3,16,43.55798333,-91.65081111,12,1,1,2,55,1,0,60
270289,9,22,6,5,45.12442222,-93.27996389,8,2,1,1,998,0,0,50
270290,10,21,7,9,44.67356389,-94.89473611,12,1,1,2,998,1,0,55
270291,10,24,3,20,44.96790278,-93.26256389,8,3,2,2,998,0,0,30
270292,10,17,3,17,44.15762222,-93.84851111,12,1,1,2,90,1,0,65
270293,6,24,7,14,44.93420556,-93.23085833,1,1,99,1,998,1,1,20
270294,10,28,7,12,45.33145,-93.85915278,38,1,10,1,70,1,0,70
270295,10,28,7,19,45.01061667,-93.02246389,12,3,1,2,998,0,0,40
270296,10,28,7,22,45.63771667,-93.370175,1,2,1,1,60,1,1,55
270297,10,29,1,4,45.24742778,-92.89009722,32,2,10,1,80,1,1,55
270298,10,23,2,22,44.93983333,-92.79618889,59,2,1,1,30,1,0,30
270299,10,31,3,15,47.27091944,-92.17065833,1,1,1,1,55,1,0,55
270300,11,2,5,15,44.979225,-93.12763056,12,1,1,2,998,0,0,25
270301,11,1,4,12,44.54168056,-95.29738611,12,1,1,3,60,1,0,60
270302,11,5,1,20,45.03646111,-93.28571389,24,3,1,1,100,1,1,60
270303,10,29,1,8,47.05393889,-92.59895,1,1,1,1,55,1,1,55
270304,11,1,4,14,44.47220833,-95.75578056,12,1,1,2,5,1,0,55
270305,11,3,6,14,46.10814167,-95.87435833,12,1,1,2,55,1,0,55
270306,11,8,4,16,47.51177778,-92.3596,12,1,2,3,60,1,0,60
270307,11,9,5,7,43.52298611,-93.01094722,1,4,1,1,55,1,0,55
270308,11,9,5,16,45.02026944,-93.14651667,12,1,1,3,998,0,0,35
270309,11,11,7,11,44.42902222,-93.28907222,12,1,10,2,55,1,0,55
270310,11,6,2,17,45.42731944,-94.45839167,30,2,1,1,55,1,0,55
270311,11,13,2,11,45.15025833,-93.39210556,12,1,1,3,998,0,0,55
270312,11,13,2,16,46.14045556,-93.70470833,8,5,1,1,998,0,0,55
270313,11,13,2,16,45.80349167,-95.499175,42,1,1,1,998,2,0,55
270314,11,16,5,17,45.08550278,-93.26341944,8,3,1,1,998,0,0,50
270315,11,16,5,17,47.45372778,-92.89425278,12,5,1,2,0,0,0,65
270316,11,18,7,2,45.16346667,-93.03212222,34,3,1,1,80,1,1,98
270317,11,19,1,13,45.54466667,-93.86992778,1,1,1,1,60,2,0,55
270318,11,18,7,18,44.892725,-94.22932778,12,2,1,2,70,1,0,60
270319,11,17,6,20,45.38159167,-93.50985278,12,2,1,2,998,0,0,55
270320,11,15,4,18,48.01616111,-92.90667222,1,2,1,1,75,1,0,55
270321,11,14,3,12,44.77246667,-93.92946111,12,1,10,2,50,1,0,45
270322,11,18,7,15,44.95388611,-93.41247222,8,1,1,1,998,0,0,40
270323,11,29,4,8,44.52224167,-93.01246667,1,1,1,1,80,1,0,65
270324,11,29,4,11,45.00833333,-95.10612778,12,1,1,2,998,0,0,55
270325,11,29,4,9,45.58597222,-94.49945556,12,1,1,2,40,1,0,98
270326,11,30,5,21,45.06699167,-93.19048611,39,3,1,1,60,1,0,60
270327,11,30,5,6,46.369475,-94.24422778,8,3,1,1,998,0,0,60
270328,11,26,1,12,45.10067222,-93.38909722,1,1,1,1,60,1,0,55
270329,12,1,6,17,46.80409722,-96.767525,12,3,1,2,998,0,0,25
270331,12,2,7,21,45.08889167,-93.42745833,8,3,1,1,998,0,0,60
270332,11,29,4,7,45.07905833,-92.92410556,12,1,1,3,998,1,0,55
270333,12,3,1,19,44.73769167,-93.28340556,35,3,1,1,90,1,0,70
270334,12,1,6,16,46.84567222,-95.86330833,12,1,1,2,60,1,0,60
270335,11,20,2,11,43.56205556,-92.16916944,1,1,1,1,998,1,0,50
270336,12,6,4,12,45.23704722,-93.64730278,12,1,1,4,13,0,0,70
270337,1,5,5,9,46.90075278,-92.522525,10,1,1,1,20,1,0,55
270338,11,27,2,17,44.30760278,-93.97085278,12,3,1,4,20,2,0,65
270339,11,29,4,7,45.40231667,-93.56633889,1,1,1,2,998,0,0,65
270340,12,7,5,17,44.95724444,-93.24396944,12,3,10,3,998,0,0,55
270341,12,7,5,18,44.83744167,-92.79705833,11,2,1,1,55,1,0,55
270342,12,9,7,4,47.32486667,-93.25193889,12,2,2,2,60,1,1,60
270343,12,9,7,6,43.63789444,-95.68801111,1,2,4,1,70,1,0,70
270344,10,9,2,15,45.69073333,-94.84999167,42,1,1,1,55,1,1,55
270345,12,12,3,20,44.25526944,-95.35003611,35,2,1,1,65,1,1,55
270346,4,25,3,7,45.05030833,-92.81791389,8,1,1,1,998,0,0,30
270347,12,13,4,20,45.173625,-93.34371389,8,2,1,2,998,0,0,45
270348,12,3,1,1,44.95031667,-93.10949722,33,3,1,1,50,1,1,30
270349,12,15,6,5,44.27307778,-93.70691667,59,2,1,1,998,1,0,55
270350,10,30,2,7,45.46256111,-94.12387222,12,1,1,2,998,0,0,98
270351,12,16,7,2,44.13378333,-94.41928056,12,2,2,2,60,1,0,60
270352,12,14,5,10,45.13181667,-94.96473889,35,1,1,1,60,1,0,60
270353,12,18,2,15,47.67300833,-92.6486,12,1,1,2,5,2,0,55
270354,6,6,3,22,45.16829167,-93.23488889,8,3,1,1,998,0,0,45
270355,7,22,7,16,45.16802778,-93.23483611,12,1,10,4,998,0,0,55
270356,9,6,4,11,45.30182778,-94.02391389,1,1,10,1,50,1,0,55
270357,7,29,7,19,47.12416111,-91.97156389,1,1,1,1,55,1,1,55
270358,12,19,3,10,46.01834167,-94.40961111,12,1,1,2,25,1,0,65
270359,8,24,5,11,45.175225,-93.34635278,12,1,1,2,40,1,0,45
270360,12,21,5,5,45.03435278,-93.148175,42,3,1,1,45,1,0,40
270361,9,5,3,7,47.51608333,-92.53843333,9,4,1,1,998,0,0,30
270362,2,20,2,16,44.94382222,-93.19249444,12,1,10,2,60,1,0,25
270363,5,7,1,20,44.96486667,-93.02538056,42,3,1,1,998,1,0,35
270364,12,13,4,12,43.68933611,-96.34424444,8,1,1,1,998,0,0,55
270365,12,21,5,21,43.77551389,-92.32909167,34,2,10,1,998,1,1,55
270366,12,22,6,16,45.33421111,-94.29384444,12,1,5,3,998,0,0,55
270367,12,23,7,13,45.22583611,-93.08993889,12,1,2,2,70,1,1,55
270368,12,24,1,0,43.68221111,-95.19036667,18,2,2,1,65,1,1,55
270369,12,24,1,19,45.58435833,-95.28191389,12,2,2,2,998,0,0,60
270370,12,24,1,20,44.9774,-93.10357778,8,2,2,1,998,0,0,40
270371,12,27,4,11,45.32919722,-95.00926111,12,1,10,2,998,0,0,60
270372,12,21,5,12,46.53303611,-93.727425,12,1,10,2,55,1,0,60
270373,12,22,6,17,46.92210556,-95.061225,8,3,5,1,998,0,1,30
270374,12,26,3,20,45.11059444,-95.04237222,8,3,1,1,998,0,1,30
270375,12,29,6,19,44.64236389,-92.96435833,12,2,1,3,998,0,0,55
270376,12,30,7,1,44.16374722,-93.82847222,1,2,1,1,100,1,1,60
270377,12,23,7,19,46.31550833,-93.83670556,8,2,10,1,998,0,0,60
270378,12,30,7,6,47.48393056,-92.91608889,12,2,3,2,55,1,0,55
270379,5,28,1,12,44.94140278,-92.98448889,12,1,1,2,10,1,0,40
270380,12,30,7,1,45.02150556,-93.05034722,1,3,10,1,100,1,0,50
270381,12,26,3,20,44.76203889,-93.43879167,12,3,1,2,20,1,0,30
270382,7,16,1,11,45.05128611,-93.32057222,34,1,1,1,50,1,0,60
270383,9,25,2,8,43.80255556,-92.38939444,49,1,1,1,67,0,0,55
270384,3,19,1,13,47.42489167,-94.88502778,12,1,1,2,10,1,0,35
270385,12,3,1,2,44.96065,-93.28802222,8,3,1,1,998,0,0,30
270386,1,5,5,99,77.7777,777.7777,1,8,98,1,998,1,0,98
280001,1,1,1,2,33.17621944,-90.83873333,12,2,1,2,998,1,0,55
280002,1,1,1,10,32.78977222,-89.01506944,32,1,1,1,998,1,1,55
280003,1,1,1,21,34.54633611,-89.20350833,12,2,1,2,998,1,0,50
280004,1,2,2,12,34.15933333,-89.91893889,12,1,1,4,998,1,0,70
280005,1,2,2,22,34.35660833,-89.49828056,12,2,2,2,998,0,0,30
280006,1,3,3,13,31.250625,-89.33085,34,1,2,1,998,1,0,70
280007,1,3,3,18,32.38603889,-88.62220556,12,2,2,2,998,1,1,70
280008,1,3,3,18,32.31268333,-88.54127222,1,2,1,1,998,1,0,55
280009,1,3,3,18,32.80854167,-88.54053333,12,2,2,2,998,0,0,55
280010,1,5,5,10,34.90597222,-88.48643611,12,1,1,2,998,1,0,0
280011,1,5,5,11,32.27779167,-89.99368611,12,1,1,2,998,0,0,98
280012,1,5,5,14,32.36670278,-90.15011667,12,1,1,4,0,1,0,45
280013,1,5,5,12,33.30019444,-89.35107778,1,1,1,3,998,0,0,55
280014,1,5,5,14,30.86430556,-88.42028889,12,1,1,3,998,0,1,55
280015,1,5,5,15,34.77965278,-90.14812222,42,1,1,1,998,1,0,45
280016,1,6,6,18,31.39046111,-89.37771111,12,3,1,2,998,1,0,55
280017,1,7,7,20,34.98118333,-89.98992222,8,2,1,1,998,0,0,40
280018,1,7,7,22,34.46986944,-89.83436389,42,3,5,1,998,1,0,99
280019,1,8,1,7,34.66941111,-89.77352778,42,9,5,1,998,1,0,45
280020,1,8,1,16,32.354425,-89.17064167,1,1,10,1,998,1,0,35
280021,1,10,3,4,34.72431389,-90.36774167,8,2,1,1,998,0,0,65
280022,1,10,3,9,33.45306667,-88.34474444,42,1,1,1,998,1,1,40
280023,1,13,6,17,33.26652778,-90.58927222,12,5,1,2,998,1,0,98
280024,1,13,6,19,32.23748611,-90.07032778,12,2,1,2,998,1,1,50
280025,1,14,7,7,31.23430556,-89.92678889,12,1,1,2,998,0,0,55
280026,1,15,1,2,32.366675,-90.14934444,12,3,1,2,998,2,0,45
280027,1,15,1,3,30.43983056,-88.71345556,8,2,1,1,998,0,0,70
280028,1,15,1,9,32.77965278,-89.95569722,1,1,1,1,998,1,0,45
280029,1,17,3,5,33.78965,-89.810125,8,2,2,1,998,0,0,45
280030,1,17,3,22,31.82754722,-89.05776111,42,2,5,1,998,1,0,98
280031,1,18,4,15,34.265075,-90.469,1,1,2,1,998,1,0,99
280032,1,18,4,18,30.37985833,-88.52385,9,3,1,1,998,1,0,45
280033,1,20,6,15,33.09015833,-89.86830278,42,1,1,1,998,2,0,55
280034,1,22,1,12,33.76902778,-89.809,12,1,1,3,998,0,0,45
280035,1,25,4,17,33.76952778,-89.79571667,12,1,1,2,998,0,0,45
280036,1,26,5,3,31.23978333,-89.31967222,42,2,1,1,998,1,0,55
280037,1,28,7,18,30.95926389,-88.63290278,34,2,1,1,998,1,0,65
280038,1,16,2,13,31.599525,-88.48185556,12,1,1,2,998,1,0,55
280039,1,29,1,9,32.76829444,-88.65641389,42,1,2,1,998,1,0,99
280040,1,30,2,7,32.56909444,-89.71295,12,1,5,2,998,1,0,45
280041,2,2,5,17,31.45273611,-89.52816111,42,1,2,1,998,1,0,55
280042,2,3,6,7,33.82006667,-89.79606667,42,1,1,1,998,1,0,35
280043,2,3,6,18,32.26614722,-90.101525,12,2,1,2,998,1,1,70
280044,2,4,7,6,33.80964722,-89.84030278,1,1,1,1,998,1,0,70
280045,2,4,7,22,33.48399444,-88.81265833,8,3,1,1,998,0,0,99