ST_CASE,MONTH,DAY,DAY_WEEK,HOUR,LATITUDE,LONGITUD,HARM_EV,LGT_COND,WEATHER,VE_FORMS,TRAV_SP,DEATHS,DR_DRINK,VSPD_LIM
280046,2,5,1,5,31.98515,-90.09293333,42,2,1,1,998,1,0,35
280047,2,5,1,19,34.36476111,-90.62609722,8,2,1,1,998,0,0,35
280048,2,8,4,14,31.926375,-90.49478611,34,1,1,1,998,1,0,45
280049,2,10,6,19,30.84710556,-89.15248889,12,2,2,2,998,0,0,55
280050,2,10,6,21,33.39996667,-91.0197,12,3,1,3,998,0,0,45
280051,2,13,2,21,31.798,-90.18244444,34,2,1,1,998,1,0,45
280052,2,4,7,2,30.34452222,-89.469325,12,2,1,2,998,1,0,70
280053,1,4,4,1,32.367575,-88.73757222,8,2,2,1,998,0,0,98
280054,1,13,6,18,31.76741111,-89.67065,8,6,1,1,998,0,0,35
280055,1,14,7,16,31.31529444,-88.98898889,42,5,1,1,998,1,0,45
280056,1,25,4,20,32.2665,-90.20876111,59,3,1,1,998,1,0,99
280057,1,27,6,21,33.40126667,-90.93472778,12,2,1,2,998,0,0,55
280058,2,4,7,15,31.58834444,-88.53956944,42,1,1,1,998,2,1,55
280059,2,8,4,18,32.37056667,-88.76668056,39,2,10,1,998,1,1,45
280060,2,9,5,2,30.44608611,-89.02238611,25,2,2,2,998,0,0,70
280061,2,10,6,18,32.22345,-90.225175,8,2,1,1,998,0,0,99
280062,2,13,2,20,31.21928333,-90.4128,8,2,1,2,998,0,0,55
280063,2,14,3,2,34.67164167,-89.32041389,21,2,1,1,998,1,0,70
280064,2,15,4,10,31.15449722,-88.55309167,30,1,1,1,998,1,0,55
280065,2,15,4,22,32.36196389,-88.601025,19,2,1,1,998,1,0,98
280066,2,17,6,6,34.45054167,-88.67838056,31,1,1,2,0,0,0,35
280067,2,18,7,15,34.36462222,-89.91198056,23,1,1,1,998,1,0,70
280068,2,19,1,17,33.69776667,-89.76158611,32,1,1,1,998,1,0,55
280069,2,21,3,17,33.14599167,-89.033675,8,1,1,1,998,0,1,45
280070,2,22,4,14,30.41033056,-89.21534722,12,1,1,2,998,1,0,70
280071,2,23,5,1,34.95945,-88.42611389,34,3,10,1,998,1,0,55
280072,2,23,5,8,32.39341111,-90.855925,8,1,1,1,998,0,0,45
280073,2,23,5,20,32.45613611,-89.50019167,42,2,1,1,998,1,0,45
280074,2,24,6,22,34.26389167,-88.71563333,8,2,1,1,998,0,0,45
280075,2,25,7,0,31.60983889,-90.47085278,34,2,1,1,998,1,0,45
280076,2,25,7,16,33.54829444,-90.67463611,12,1,1,2,998,0,0,55
280077,1,7,7,0,32.40166944,-90.14519444,33,3,1,1,998,1,1,60
280078,1,22,1,23,33.03551667,-89.78135,42,2,2,1,998,1,0,55
280079,1,23,2,21,30.42353056,-88.82890833,9,2,1,1,998,0,1,45
280080,1,29,1,22,32.34914167,-89.97242222,34,2,1,1,998,1,0,55
280081,1,30,2,10,32.08786389,-90.27521389,42,1,2,1,998,1,0,55
280082,1,31,3,15,34.48984722,-90.55908056,12,1,12,2,998,1,0,55
280083,2,17,6,11,34.27816389,-89.77750556,12,1,1,2,998,0,0,55
280084,2,17,6,20,30.39263056,-88.85803333,25,3,1,1,998,1,1,55
280085,2,22,4,7,34.82782778,-89.82156111,35,2,1,1,998,1,1,55
280086,2,26,1,20,31.47261944,-89.282975,8,2,1,1,998,0,0,55
280087,2,27,2,2,31.09422222,-91.274525,42,2,1,1,998,1,0,55
280088,2,27,2,6,33.02813889,-89.71653333,18,1,2,2,998,1,0,55
280089,2,8,4,11,33.51311667,-89.73665278,12,1,1,2,998,1,0,55
280090,2,13,2,13,30.37510556,-89.05632222,25,1,1,1,998,1,1,45
280091,2,24,6,22,34.68491667,-90.03458056,30,2,10,1,998,2,0,45
280092,2,27,2,22,32.70688056,-89.68638333,32,2,1,1,998,1,0,55
280093,2,28,3,7,34.6778,-88.53543056,34,1,1,1,998,1,0,98
280094,2,28,3,21,30.42143889,-89.34984722,12,2,1,2,998,0,0,45
280095,3,1,4,1,32.61266111,-90.03897222,19,2,1,1,998,1,0,98
280096,3,2,5,16,30.44796667,-88.89151667,12,1,1,2,998,0,0,30
280098,3,4,7,19,33.39059167,-91.05236111,30,3,1,1,998,1,0,35
280099,3,4,7,20,32.71061389,-89.86191944,18,2,1,1,998,1,0,55
280100,3,5,1,11,31.23458611,-89.27136389,1,1,1,1,998,3,0,65
280101,3,7,3,3,34.91029444,-89.75916389,57,2,1,1,998,1,0,70
280102,2,17,6,21,32.29531111,-90.19264722,33,3,1,1,998,1,0,99
280103,2,25,7,3,32.31690278,-90.227675,42,3,1,1,998,1,0,35
280104,3,1,4,13,31.61385278,-89.25636389,12,1,1,2,998,0,0,55
280105,3,4,7,2,33.73271111,-89.97131111,42,2,1,1,998,1,0,55
280106,3,5,1,19,32.26225,-90.20965833,8,3,1,1,998,0,0,60
280107,3,6,2,1,32.38419722,-90.20033611,12,3,1,2,0,1,0,70
280108,3,7,3,20,31.88424444,-90.30577222,1,2,1,1,998,1,0,55
280109,3,8,4,5,32.27343333,-90.21028333,8,4,10,1,998,0,0,35
280110,3,8,4,13,30.51776944,-89.66491944,12,1,1,2,998,1,0,35
280111,3,8,4,19,30.54958333,-89.67959444,9,2,1,1,998,0,0,45
280112,3,10,6,20,30.43552778,-88.83058333,12,2,1,2,998,0,0,35
280113,3,11,7,9,31.82546667,-89.39828889,32,1,1,1,998,1,0,55
280114,3,11,7,18,33.18609167,-89.00682778,12,2,1,2,998,1,0,65
280115,3,12,1,11,33.10752222,-90.29350556,12,1,10,2,998,0,0,55
280116,3,12,1,19,33.70786389,-90.54888056,12,2,1,2,998,0,0,55
280117,3,13,2,9,32.34916389,-88.72668889,21,1,1,1,998,1,0,99
280118,3,13,2,22,33.33380278,-89.15488611,12,2,1,2,998,1,0,55
280119,3,16,5,17,34.23553889,-89.09116389,34,1,1,1,998,1,0,55
280120,3,15,4,23,34.84189167,-88.41305,12,2,1,2,998,0,0,99
280121,3,17,6,2,31.40345833,-89.39183333,8,2,1,1,998,0,0,65
280122,3,18,7,18,32.17403056,-89.92694167,42,1,1,1,998,1,0,45
280123,3,19,1,3,30.39421389,-88.92595556,42,3,1,1,998,1,0,45
280124,3,20,2,4,32.31643056,-90.88248056,35,3,1,1,998,1,0,99
280125,3,22,4,10,32.57613056,-89.13939722,35,1,10,1,998,1,0,55
280126,3,25,7,11,33.49777778,-90.03013333,12,1,1,2,998,0,0,98
280127,3,25,7,22,31.625925,-89.88468889,42,2,1,1,998,1,0,55
280128,3,26,1,14,34.40911389,-89.01643333,12,1,1,2,998,0,0,55
280129,3,11,7,3,33.8914,-89.047225,8,2,1,1,998,0,0,55
280130,3,15,4,14,34.953125,-89.56502222,12,1,1,2,998,1,0,50
280131,3,20,2,18,34.54948889,-90.19902222,12,2,1,2,998,0,0,55
280132,3,21,3,21,34.33936667,-90.04129444,23,2,2,1,998,5,0,99
280133,3,22,4,17,32.67647778,-89.03746111,12,1,1,2,998,0,0,55
280134,3,24,6,8,34.11801667,-89.74237222,73,1,1,1,998,1,0,55
280135,3,24,6,16,31.19494444,-89.79860833,12,1,1,2,998,1,0,55
280136,3,24,6,20,31.24844167,-89.2776,12,2,1,2,998,1,0,55
280137,3,25,7,5,32.57560556,-90.05224167,58,3,1,1,998,1,0,99
280138,3,25,7,16,34.80800278,-89.51236389,42,1,1,1,998,1,0,65
280139,3,26,1,19,30.71948333,-88.58964722,8,2,1,1,998,0,0,65
280140,3,26,1,23,31.31680556,-89.86031389,9,2,1,1,998,0,0,55
280141,3,27,2,8,31.04868056,-89.202825,12,1,2,2,998,1,0,65
280142,3,28,3,21,33.49537222,-88.88688611,8,2,1,2,998,0,0,65
280143,3,13,2,22,32.40955278,-90.16361944,12,3,1,2,998,0,0,70
280144,3,21,3,9,34.64020833,-90.389675,5,1,10,1,998,1,0,50
280145,3,27,2,17,34.90107778,-89.83509167,1,1,1,1,998,1,0,98
280146,3,30,5,0,32.7281,-90.10119167,8,2,1,1,998,0,0,55
280147,3,31,6,20,33.35201111,-88.30281944,42,2,1,1,998,1,0,55
280148,3,31,6,23,34.45081944,-88.69561389,35,2,10,1,998,1,1,55
280149,4,1,7,13,33.22469167,-90.85673056,12,1,1,2,998,0,0,55
280150,4,1,7,18,32.76031111,-89.14525278,12,1,1,2,998,0,0,55
280151,3,11,7,16,30.38600278,-89.06503333,8,1,1,1,998,0,0,25
280152,3,14,3,13,31.27513333,-89.85014444,12,1,10,2,998,1,0,55
280153,4,1,7,14,30.39341111,-88.95096667,33,1,1,1,998,1,0,45
280154,4,2,1,5,32.26851944,-90.30539722,9,2,1,1,998,0,0,50
280155,4,2,1,21,34.30981667,-89.91927778,24,3,2,1,998,1,0,70
280156,4,3,2,6,33.46158889,-90.50853333,12,2,1,3,998,0,0,65
280157,4,7,6,12,32.880175,-90.41563611,12,1,2,2,998,1,0,55
280158,4,7,6,21,30.44910833,-88.93411667,8,2,10,1,998,0,0,70
280159,4,8,7,16,34.93786667,-89.90136944,12,1,1,2,998,0,0,35
280160,4,10,2,20,32.375875,-90.04541389,8,2,1,1,998,0,0,40
280161,4,11,3,14,31.16751111,-89.24366667,1,1,10,1,998,1,0,65
280162,4,12,4,8,33.35109722,-91.09195278,12,1,1,2,998,0,0,55
280163,4,12,4,8,33.60107778,-90.765525,12,1,1,3,998,0,1,99
280164,4,13,5,18,33.19606944,-89.18033056,34,1,2,1,998,1,0,45
280165,4,13,5,18,33.40308056,-88.85559444,12,1,2,2,998,0,0,65
280166,4,15,7,4,33.42202778,-90.90705556,42,1,10,1,998,1,0,98
280167,4,15,7,21,34.72723611,-88.62195556,12,2,10,2,998,0,0,55
280168,4,15,7,22,32.06123056,-89.83650556,23,2,1,1,998,1,0,35
280169,1,30,2,22,32.37284722,-90.14845278,8,3,1,1,998,0,0,60
280170,2,2,5,7,32.48167778,-89.48568611,12,1,10,2,998,0,0,55
280171,2,2,5,16,32.29881389,-90.18622222,14,1,2,1,998,1,0,25
280172,3,11,7,5,31.11053611,-89.40075833,42,4,1,1,998,1,0,45
280173,4,9,1,6,32.15136944,-90.94172222,12,1,1,2,998,0,0,65
280174,4,11,3,13,30.89430556,-89.16573056,10,1,1,1,22,1,0,99
280175,4,12,4,23,32.20608611,-88.84323889,21,2,1,1,998,1,0,70
280176,4,14,6,13,33.48983333,-89.76456667,34,1,1,1,998,1,0,70
280177,4,18,3,21,33.16751667,-90.84391667,12,2,1,2,998,0,0,55
280178,4,19,4,14,33.93790833,-90.75119167,12,1,1,2,998,1,0,65
280179,4,20,5,14,31.17242222,-89.35041389,1,1,1,1,998,1,0,70
280180,4,21,6,13,34.81591389,-89.81335,12,1,2,2,998,0,0,55
280181,4,5,4,14,34.82752778,-89.19544444,12,1,10,2,998,0,0,55
280182,4,15,7,10,34.16355278,-88.64920833,42,1,1,1,998,1,0,55
280183,4,21,6,21,33.44364167,-91.04121389,9,2,1,1,998,0,0,25
280184,4,21,6,16,34.52749722,-88.52365,42,1,2,1,998,1,0,35
280185,4,22,7,22,30.575475,-89.57578611,12,2,1,2,998,0,0,35
280186,4,25,3,8,32.82605556,-88.48924167,12,1,1,2,998,1,0,55
280187,4,25,3,13,31.13824444,-90.08950833,12,1,1,2,998,1,1,45
280188,4,26,4,13,31.247625,-90.43012222,18,1,1,1,998,1,0,55
280189,4,27,5,17,34.25669722,-88.63172778,42,1,1,1,998,1,0,98
280190,4,27,5,23,34.36825278,-89.54673333,8,6,2,1,998,0,0,40
280191,4,30,1,21,34.93642778,-89.9724,33,3,1,1,998,1,0,35
280192,2,18,7,2,32.28787222,-90.21179444,8,3,1,2,998,0,0,35
280193,3,20,2,9,34.64607222,-89.17839722,42,1,1,1,998,1,0,55
280194,4,2,1,20,31.96225556,-90.36599167,8,2,1,1,998,0,0,99
280195,4,13,5,13,33.72793889,-88.67544167,12,1,2,2,998,1,0,98
280196,4,19,4,4,34.88253056,-89.61831944,12,1,1,2,998,0,0,45
280197,4,22,7,6,32.18216389,-89.50975833,33,1,1,1,998,1,1,55
280198,4,28,6,19,32.32348611,-89.43554444,35,1,1,1,998,1,1,70
280199,4,30,1,11,32.29052778,-90.26925,12,1,1,2,998,0,0,50
280200,4,30,1,15,31.31330556,-89.46616389,12,1,1,2,998,1,0,55
280201,4,30,1,16,33.58151667,-89.77511667,1,1,1,1,998,1,0,70
280202,5,6,7,0,33.79675833,-89.76788611,42,2,1,1,998,1,1,30
280203,5,7,1,19,33.079225,-90.05728333,32,1,10,1,998,1,1,99
280204,4,8,7,4,32.19852222,-88.84855,59,2,2,1,998,1,0,70
280205,4,23,1,4,32.85962222,-89.53502222,1,2,1,1,998,1,0,55
280206,5,4,5,18,32.32411944,-89.21088889,34,1,1,1,998,1,0,55
280207,5,1,2,8,34.85213889,-90.25729444,12,1,1,2,998,0,0,65
280208,5,6,7,0,30.73471111,-88.48256667,38,2,10,1,998,2,1,25
280209,5,6,7,0,34.684,-90.37589167,8,2,1,1,998,0,0,45
280210,5,6,7,2,31.30743333,-89.31685833,12,3,1,2,998,1,0,45
280211,5,7,1,0,30.39753611,-88.68926111,59,2,1,1,998,1,1,55
280212,5,7,1,2,33.11613333,-89.08293333,12,3,1,2,998,0,1,35
280213,5,8,2,0,32.41313611,-88.49529167,12,2,10,2,0,0,0,70
280214,5,9,3,16,31.21142778,-89.86717778,12,1,10,2,998,0,0,55
280215,5,9,3,8,32.41830556,-88.50320556,35,1,1,1,998,1,0,45
280216,5,9,3,6,32.75749722,-90.15488056,12,1,10,2,998,1,0,55
280217,5,10,4,5,30.63742222,-89.49727778,1,2,1,1,998,1,0,25
280218,5,11,5,1,31.26571944,-89.41078056,42,2,1,1,998,1,0,45
280219,5,11,5,21,34.05973333,-88.53596111,42,2,1,1,998,1,1,55
280220,5,12,6,20,32.31794722,-89.486875,8,6,2,1,998,0,0,45
280221,5,13,7,2,33.75465278,-90.76295278,12,2,1,2,998,1,0,55
280222,5,13,7,18,31.89399722,-89.88691944,42,1,1,1,998,1,0,55
280223,5,15,2,9,30.45374167,-88.88495556,12,1,1,2,998,1,0,70
280224,5,16,3,18,32.09124722,-90.18938889,12,1,10,3,998,0,0,40
280225,5,17,4,1,30.79663611,-89.67278611,12,2,1,2,998,0,0,55
280226,5,17,4,10,34.94696389,-89.44224722,12,1,10,2,998,0,0,65
280227,5,17,4,15,31.50284167,-89.47522778,8,1,1,2,998,0,0,65
280228,5,20,7,16,30.44531944,-89.02691389,24,1,2,1,998,1,0,70
280229,5,18,5,13,34.95593056,-90.04686944,12,1,1,2,998,0,0,35
280230,5,19,6,16,33.62058611,-89.28065278,35,1,1,1,998,2,0,55
280231,5,6,7,10,34.98966111,-90.02067222,12,1,1,5,998,0,0,45
280232,4,28,6,10,31.321125,-89.31435833,8,3,1,1,998,0,0,25
280233,5,10,4,8,32.326625,-90.20853611,12,1,10,5,998,0,0,35
280234,5,10,4,13,33.127175,-88.534925,30,1,1,1,998,1,0,45
280235,5,13,7,21,32.38674167,-90.196175,12,3,1,2,998,1,0,70
280236,5,14,1,21,34.51068333,-90.12355278,42,2,1,1,998,1,0,55
280237,5,5,6,13,32.38128611,-90.77615278,12,1,2,2,998,1,0,35
280238,5,16,3,7,32.35471944,-89.13028056,12,1,1,2,998,0,0,55
280239,5,16,3,14,30.38410556,-89.11505278,59,1,1,1,998,1,0,35
280240,5,17,4,18,30.67373333,-89.43461944,12,1,2,2,998,1,0,55
280241,5,17,4,21,31.95923056,-90.55572778,1,2,1,1,998,2,0,99
280242,5,18,5,5,30.75836944,-88.63390556,42,2,1,1,998,1,0,99
280243,5,18,5,12,32.35514167,-89.59382778,12,1,1,2,998,0,0,55
280244,5,18,5,20,31.28918889,-89.28590833,8,2,1,1,998,0,0,98
280245,5,19,6,8,31.1942,-90.76756944,42,1,1,1,998,1,0,55
280246,5,19,6,16,31.36672222,-90.74789167,12,1,1,3,998,1,0,55
280247,5,19,6,19,88.8888,888.8888,23,1,1,1,998,1,0,98
280248,5,20,7,15,31.05448611,-91.32335,42,1,1,1,998,1,0,65
280249,5,22,2,7,34.834,-88.246825,12,1,1,2,998,1,0,45
280250,5,25,5,9,33.80751944,-89.83935,42,1,1,1,998,1,0,70
280251,5,25,5,13,30.50196944,-88.70353889,12,1,1,3,998,0,0,45
280252,5,25,5,20,34.34030278,-89.74664444,8,2,1,1,998,0,0,65
280253,5,26,6,20,33.43835833,-88.85386667,32,2,1,1,998,1,0,65
280254,5,27,7,5,30.39368889,-88.94551667,42,4,1,1,998,1,1,45
280255,5,30,3,5,30.78958056,-89.1358,1,4,1,1,998,1,1,65
280256,5,30,3,6,32.96710833,-90.00936389,34,1,1,1,998,1,1,55
280257,5,31,4,10,32.34287222,-88.77280833,12,1,1,4,0,0,0,70
280258,6,5,2,22,31.69570833,-88.75523333,12,2,1,2,998,1,0,65
280259,6,7,4,0,30.43798889,-88.60742222,12,2,1,2,998,1,1,70
280260,6,7,4,12,34.93359167,-90.00760278,5,1,1,2,998,0,0,45
280261,6,9,6,7,33.10065,-91.09812778,34,2,99,1,998,1,0,35
280262,6,10,7,11,34.40861111,-89.892125,38,1,1,1,998,1,0,99
280263,6,2,6,7,34.96270833,-90.01491389,12,1,1,2,998,0,0,0
280264,6,2,6,20,32.55535278,-89.62679444,12,2,1,2,998,0,1,35
280265,6,3,7,23,34.96185278,-89.77339167,12,2,1,2,998,1,0,65
280266,6,12,2,15,32.690875,-89.81585833,30,1,1,1,998,1,0,99
280267,6,12,2,16,32.3407,-89.26573333,34,1,2,1,998,1,1,70
280268,6,13,3,16,32.55839444,-89.35538056,8,1,1,1,998,0,0,55
280269,6,14,4,2,30.31132778,-89.61434444,1,2,1,1,998,2,0,70
280270,6,14,4,14,34.62932222,-90.38784722,12,1,1,2,998,2,0,65
280271,6,14,4,17,34.52460833,-88.65486389,12,1,1,2,998,1,0,35
280272,6,17,7,19,31.06281944,-88.58104167,8,2,1,1,998,0,0,55
280273,6,18,1,10,32.02932778,-88.83109722,12,1,2,2,998,0,0,55
280274,6,18,1,14,30.40621389,-88.74221389,12,1,1,2,998,0,0,98
280275,6,19,2,14,30.51691389,-89.58259722,53,1,10,1,998,1,0,55
280276,6,21,4,17,31.67246111,-89.58911944,1,1,1,1,998,1,0,65
280277,6,23,6,5,34.98330833,-89.79523333,8,3,1,1,998,0,0,45
280278,6,21,4,0,32.17345,-90.26381389,8,2,1,1,998,0,0,70
280279,6,23,6,9,34.89701944,-88.54828056,12,1,1,2,998,0,0,65
280280,6,23,6,12,34.01181389,-88.33256389,12,1,1,2,998,1,0,98
280281,6,24,7,2,31.32647222,-89.28963056,8,3,1,1,998,0,0,20
280282,6,24,7,22,32.37843611,-90.16231389,12,3,1,2,0,0,1,40
280283,6,25,1,7,34.493525,-88.19284167,34,4,1,1,998,1,1,45
280284,6,25,1,9,31.14601667,-89.94548611,23,1,1,1,998,1,0,99
280285,6,26,2,6,33.06164167,-90.56301389,32,1,1,1,998,1,0,15
280286,6,27,3,17,31.62478333,-89.21508056,12,1,1,2,998,1,0,55
280287,6,28,4,20,34.840475,-89.98317222,59,1,1,1,998,1,0,70
280288,6,29,5,12,33.67274167,-90.98603889,1,1,1,1,998,1,0,55
280289,6,30,6,3,31.15095,-88.54954722,12,3,1,2,998,0,0,45
280290,6,30,6,19,33.43606667,-88.86261389,1,1,1,1,998,1,1,45
280291,7,1,7,4,31.98916944,-90.37249167,12,2,1,3,998,1,0,70
280292,7,1,7,12,33.86969444,-90.51092222,12,1,1,2,998,1,0,55
280293,7,1,7,15,30.40860556,-89.22066944,42,1,1,1,998,1,0,70
280294,7,3,2,0,31.24766389,-90.46167778,30,3,1,1,998,1,1,30
280295,7,3,2,15,34.43713056,-89.93429167,12,1,1,2,998,1,0,55
280296,7,3,2,19,31.31086389,-89.82173333,12,1,1,2,998,1,0,55
280297,7,3,2,20,33.91106667,-89.03591111,12,5,10,2,998,0,0,55
280298,7,4,3,11,34.13765833,-88.50858056,1,1,1,1,998,1,1,55
280299,7,5,4,18,31.13985833,-91.04212778,12,1,2,2,998,1,0,55
280300,7,5,4,21,34.71103056,-90.37684167,8,2,1,1,998,0,0,45
280301,7,5,4,22,30.39491111,-88.67223333,8,2,2,1,998,0,0,55
280302,7,8,7,1,31.47414722,-89.69071667,12,2,1,2,998,0,1,98
280303,7,8,7,2,32.38035,-89.96668611,42,2,1,1,998,1,0,45
280304,7,9,1,7,30.4704,-88.84671111,32,1,1,1,998,1,1,25
280305,7,8,7,15,32.281125,-89.8882,14,1,1,1,998,0,1,70
280306,7,9,1,3,34.96305,-89.68888611,12,2,1,2,998,0,0,65
280307,7,9,1,14,31.59185,-89.785925,12,1,1,2,998,1,0,45
280308,7,12,4,11,30.31751389,-89.593725,12,1,1,2,998,0,0,70
280309,7,13,5,7,33.23566389,-88.42513889,35,1,2,1,998,1,0,55
280310,7,13,5,12,33.42565278,-88.854025,12,1,10,2,998,1,1,99
280311,7,14,6,13,30.71273889,-89.13482778,12,1,1,2,998,1,0,35
280312,7,15,7,14,32.49682778,-90.12270833,8,9,99,1,998,0,0,70
280313,7,17,2,9,31.26289444,-89.33949722,12,1,1,2,998,1,0,70
280314,7,6,5,15,33.93136667,-89.72612222,12,1,1,3,998,0,0,55
280315,7,9,1,18,34.36486667,-90.49495278,12,1,2,2,998,1,0,45
280316,7,15,7,22,30.50039167,-89.12317778,32,2,1,1,998,1,1,55
280317,7,16,1,0,32.27290278,-90.28588056,12,3,1,2,998,2,0,35
280318,7,17,2,12,30.44266389,-88.93729167,12,1,1,2,998,0,0,35
280319,7,19,4,13,32.97661944,-89.37585,12,1,1,2,998,1,0,55
280320,7,20,5,13,34.13282222,-88.53973889,42,1,1,1,998,1,0,55
280321,7,20,5,23,33.07296389,-90.87110556,12,2,10,2,998,2,0,55
280322,7,21,6,21,33.32254722,-91.11520278,8,2,1,1,998,0,0,55
280323,7,25,3,2,32.36390833,-90.15066667,8,3,1,3,998,0,0,45
280324,4,15,7,16,32.28559722,-90.84496111,12,1,1,2,998,2,1,35
280325,4,19,4,16,32.27951667,-90.22702222,43,1,1,1,998,1,0,35
280326,5,7,1,19,32.19586944,-89.16138056,1,2,2,1,998,1,0,55
280327,5,24,4,0,30.777,-89.52085,8,2,1,1,998,0,0,70
280328,5,26,6,16,32.834825,-90.38396111,12,1,1,2,998,2,0,55
280329,5,26,6,16,30.51015556,-88.7825,12,1,1,2,998,1,0,35
280330,6,7,4,23,33.59613611,-89.06968056,34,2,1,1,998,1,0,55
280331,6,22,5,16,32.279325,-90.86870556,1,1,1,1,998,1,0,35
280332,6,30,6,5,33.60722778,-88.59692222,12,4,1,2,998,0,0,55
280333,7,24,2,23,31.31369722,-89.35265278,8,2,1,2,998,0,0,70
280334,7,26,4,21,33.49515278,-88.42815833,12,3,1,2,998,0,0,35
280335,7,27,5,16,33.76499444,-89.70399444,12,1,1,2,998,1,0,55
280336,7,28,6,17,30.87498333,-88.6173,35,1,1,1,998,1,0,65
280337,7,30,1,1,32.34974167,-90.87355833,33,3,1,1,998,1,0,30
280338,3,21,3,14,31.12670278,-89.37334444,1,1,1,1,998,1,0,70
280339,4,17,2,11,34.93101667,-88.54886944,12,1,1,2,998,0,0,45
280340,5,6,7,7,30.66259722,-89.63763333,12,1,10,2,998,0,0,55
280342,5,11,5,5,34.23629167,-89.04665833,12,4,1,2,998,1,0,55
280343,7,3,2,1,32.56334167,-89.32283889,30,6,1,1,998,1,0,55
280344,7,19,4,22,32.26820278,-90.324375,8,2,1,1,998,0,0,65
280345,7,25,3,18,30.45405833,-88.84595278,12,1,1,2,998,0,0,70
280346,7,28,6,6,30.38393611,-89.46759722,12,4,1,2,998,1,0,55
280347,7,23,1,22,31.88818889,-90.82009444,42,2,1,1,998,1,0,98
280348,7,24,2,21,31.24603611,-89.26266944,12,2,1,2,998,1,0,35
280349,8,1,3,16,31.41103056,-89.08242778,1,1,1,1,998,1,0,55
280350,8,2,4,7,33.64461667,-88.29893056,43,1,1,1,998,1,0,55
280351,8,2,4,13,31.01897222,-90.50229167,32,1,1,1,998,1,0,70
280352,8,2,4,17,33.00006389,-89.99019722,12,1,1,2,998,1,0,55
280353,8,4,6,6,34.40266667,-89.42177222,1,1,1,1,998,1,0,55
280354,8,4,6,19,32.46821944,-88.52832222,12,3,1,2,998,0,0,45
280355,8,5,7,7,33.47297222,-90.20953333,9,1,1,1,998,0,0,55
280356,8,6,1,12,31.09414167,-91.04158889,12,1,1,2,998,0,0,55
280358,8,6,1,14,33.57659167,-88.46564722,16,1,1,1,998,2,0,55
280359,8,7,2,6,30.71271111,-89.13485833,12,1,1,2,998,0,0,65
280360,8,7,2,10,31.71898611,-89.70406667,12,1,1,2,998,2,0,55
280361,8,8,3,0,32.317675,-90.22145833,9,3,1,1,998,0,0,35
280362,8,8,3,14,34.66058611,-89.18300278,1,1,1,1,998,1,0,55
280363,8,9,4,8,34.84699444,-88.47158333,30,1,10,1,998,1,0,98
280364,8,12,7,0,33.49230833,-90.33541111,8,2,1,1,998,0,1,25
280365,8,13,1,0,34.52735,-89.079975,8,2,1,1,998,0,0,70
280366,8,5,7,1,34.46895,-90.05704444,1,2,1,1,998,1,1,45
280367,7,26,4,15,32.36194167,-89.32999167,1,1,1,1,998,1,0,99
280368,8,12,7,12,31.61365278,-90.50705,12,1,1,2,998,0,0,55
280369,8,12,7,15,31.69643611,-90.45166667,24,1,1,1,998,1,0,70
280370,8,12,7,20,31.18935278,-89.25280833,34,2,1,1,70,1,1,55
280371,8,13,1,2,34.96561944,-89.999875,12,3,1,2,998,1,0,70
280372,8,13,1,21,31.54088611,-91.07360833,42,2,1,1,998,1,0,55
280373,8,14,2,9,30.40348611,-89.27886389,12,1,1,3,998,0,0,70
280374,8,14,2,14,32.24993056,-88.82473056,1,1,1,1,998,1,0,70
280375,8,15,3,15,32.27673889,-90.17649167,9,1,1,2,998,0,0,60
280376,8,5,7,18,32.72116667,-90.04773889,8,1,1,1,998,0,0,70
280377,8,11,6,1,33.70391111,-90.71941944,46,3,1,1,998,2,0,45
280378,8,12,7,2,31.08831667,-91.26104167,34,2,1,1,998,1,1,55
280379,8,13,1,7,32.02903889,-90.65178611,42,2,1,1,998,1,0,55
280380,8,14,2,17,32.51502778,-89.41965278,12,1,1,2,998,1,0,98
280381,8,15,3,16,30.85005,-89.26979167,12,1,2,2,998,1,0,55
280382,8,18,6,17,30.54084722,-89.54645556,12,1,1,2,998,1,0,35
280383,8,18,6,17,34.48041389,-89.01644167,12,1,1,2,998,1,0,99
280384,8,19,7,18,31.69876944,-89.02930556,12,1,1,2,998,2,0,65
280385,8,19,7,18,32.46503611,-89.42634444,12,1,1,2,998,0,0,55
280386,8,20,1,0,30.56040556,-88.71065,59,2,1,1,998,1,1,45
280387,8,20,1,1,34.16808889,-89.92205278,24,2,1,1,998,1,0,70
280388,8,20,1,6,33.53340833,-88.37186667,42,2,1,1,998,1,0,40
280389,3,17,6,9,32.35588333,-90.1996,34,1,2,1,998,1,0,40
280390,8,8,3,20,30.84715556,-88.59872778,9,2,1,1,998,0,0,65
280391,8,20,1,7,32.37045556,-88.75456389,1,1,1,1,998,1,1,45
280392,8,20,1,23,32.27727222,-90.03811667,12,2,1,2,998,0,1,70
280393,8,21,2,5,31.75485,-89.00151389,1,2,1,1,998,1,0,45
280394,8,21,2,22,31.31461944,-89.58164444,1,2,1,1,998,1,1,99
280395,8,21,2,22,32.60642778,-90.06940278,24,2,1,1,998,1,0,15
280396,8,22,3,16,34.44227222,-89.288475,34,1,1,1,998,1,0,55