ST_CASE,MONTH,DAY,DAY_WEEK,HOUR,LATITUDE,LONGITUD,HARM_EV,LGT_COND,WEATHER,VE_FORMS,TRAV_SP,DEATHS,DR_DRINK,VSPD_LIM
290083,2,18,7,21,39.23952778,-91.01761111,58,2,1,1,998,1,0,65
290084,2,18,7,18,39.08288333,-94.50276944,12,2,1,2,47,0,0,45
290085,2,20,2,0,38.08206667,-92.724075,1,2,10,1,41,1,1,35
290086,2,20,2,22,37.46333333,-90.01861111,12,2,1,2,51,1,1,55
290087,2,20,2,6,37.16042778,-93.36375278,12,1,10,2,998,0,0,50
290088,2,21,3,7,38.62178333,-90.21641944,12,1,1,2,998,0,0,35
290089,2,22,4,19,36.97844444,-92.39405556,58,2,10,1,998,1,0,55
290090,2,22,4,14,37.25990556,-89.56749444,24,1,2,2,58,1,0,70
290091,2,24,6,10,38.79071111,-90.32151944,9,1,1,1,998,0,0,35
290092,2,25,7,12,38.57631389,-90.26911389,12,1,1,2,998,0,0,30
290093,2,25,7,19,39.10312778,-94.50515,8,3,1,1,998,0,0,30
290094,2,27,2,12,36.72802778,-90.00911111,12,1,1,2,998,0,0,55
290095,3,3,6,20,38.77184444,-90.26811389,8,3,10,1,43,0,0,45
290096,2,21,3,11,38.38508889,-91.42305833,42,1,1,1,998,1,0,55
290097,2,28,3,12,39.15493333,-91.887275,32,1,1,1,998,1,0,40
290098,3,3,6,15,38.44051944,-92.00023056,12,1,10,2,55,0,0,45
290099,3,4,7,16,36.96756944,-93.69095833,12,1,1,2,998,1,0,55
290100,3,5,1,20,38.71600278,-90.49908056,33,3,1,1,998,1,0,60
290101,3,6,2,14,38.10063889,-94.47830556,12,1,1,2,40,1,0,55
290102,3,7,3,15,38.60477778,-94.28038889,1,1,2,1,998,1,0,70
290103,3,8,4,17,37.13790556,-93.27802778,33,1,1,1,998,1,0,40
290104,3,8,4,5,38.73061111,-90.30180556,8,3,2,1,998,0,0,35
290105,3,10,6,21,39.06749444,-94.53451667,12,3,1,2,95,0,1,35
290107,2,26,1,1,38.63325556,-90.23417778,12,3,1,2,998,0,0,30
290108,3,13,2,18,39.11127778,-93.27077778,1,1,10,1,998,1,0,60
290109,3,14,3,20,36.48863889,-89.75752778,52,2,1,1,998,1,0,55
290110,3,14,3,8,36.97141667,-90.14138889,35,1,10,1,998,1,0,55
290111,3,16,5,5,37.84530556,-94.33919444,30,3,1,1,998,1,1,40
290112,3,16,5,1,38.71,-90.47463889,33,3,1,1,998,1,1,35
290113,3,18,7,2,38.93527778,-94.05766667,8,2,1,1,18,0,1,50
290114,3,19,1,1,38.62872222,-91.53261111,42,2,10,1,998,1,1,55
290115,3,21,3,2,37.88961111,-93.83116667,38,2,10,1,998,1,0,60
290116,1,31,3,3,38.76811111,-90.33580556,12,3,1,2,998,0,1,35
290117,2,16,5,6,39.17238889,-94.62466667,8,2,2,2,0,0,0,65
290118,3,1,4,10,36.84336111,-90.11480556,34,1,10,1,998,1,0,55
290119,3,1,4,7,38.82225,-90.98563889,12,1,1,2,998,1,0,70
290120,3,7,3,14,37.20491389,-93.34950833,12,1,10,4,998,1,0,50
290121,3,13,2,22,38.03536111,-90.25688889,57,2,10,1,999,1,0,70
290122,3,14,3,6,38.51011111,-92.43352778,12,2,1,2,998,1,0,55
290123,3,17,6,17,39.19561111,-94.76238889,12,1,10,2,998,2,1,70
290124,3,18,7,20,37.90565,-93.98858889,12,2,1,2,998,1,0,55
290125,3,19,1,12,37.18638889,-94.54663889,12,1,1,2,998,1,0,55
290126,3,2,5,0,38.64244167,-90.23841944,12,3,1,2,998,1,1,30
290127,3,7,3,23,38.92369444,-92.21575,8,2,2,1,46,0,0,55
290128,3,15,4,15,38.93911111,-90.81672222,58,1,1,2,43,0,0,55
290129,3,15,4,1,38.68411667,-90.22086111,25,3,1,1,998,1,0,55
290130,3,18,7,7,39.77568333,-94.80610833,33,2,1,1,998,2,1,35
290131,3,22,4,22,39.08657222,-94.43885556,12,2,1,2,998,0,0,35
290132,3,23,5,15,39.23854722,-94.54151944,8,1,1,1,998,0,0,25
290133,3,24,6,16,37.81952778,-92.18280556,12,1,2,2,999,0,0,70
290134,3,26,1,99,36.60491667,-93.46755556,1,9,99,1,998,1,1,99
290135,3,27,2,11,38.42808333,-90.86558333,8,1,10,1,36,0,0,50
290136,3,28,3,14,36.72730556,-91.89847222,12,1,1,3,998,1,0,45
290137,3,28,3,18,39.18044167,-94.39440556,1,1,1,1,100,1,1,25
290138,3,30,5,15,37.21351944,-93.26174722,12,1,10,2,998,1,0,40
290139,3,31,6,23,38.40163889,-92.80106944,1,2,10,1,998,1,1,55
290140,3,31,6,11,39.53077778,-94.04027778,12,1,2,2,64,2,0,60
290141,4,6,5,18,37.12375278,-94.00306667,1,1,1,1,998,1,0,55
290142,1,20,6,0,39.72538611,-94.83395833,5,2,1,1,25,1,0,30
290143,2,3,6,17,38.76163889,-90.47602778,59,1,1,1,998,1,0,60
290144,3,24,6,6,36.66611944,-90.71639167,8,2,2,1,999,0,0,55
290145,3,29,4,23,39.06174167,-94.48991944,8,3,1,1,58,0,0,65
290146,4,1,7,1,38.67326667,-90.20425278,12,3,1,3,998,1,1,55
290147,4,12,4,9,39.030075,-94.55299444,1,1,1,3,998,0,0,45
290148,3,14,3,17,38.74208333,-90.44630556,8,1,1,1,998,0,0,10
290150,3,23,5,5,37.13422222,-91.35625,30,2,5,1,998,1,0,45
290151,3,24,6,0,39.35558333,-93.41925,42,2,1,1,998,1,1,50
290152,3,31,6,21,38.32616667,-90.96483333,9,2,10,1,998,0,0,50
290154,4,2,1,18,38.09275556,-90.52943056,58,1,1,1,998,1,1,50
290155,4,2,1,12,38.52655556,-90.94430556,12,1,1,2,13,0,0,45
290156,4,5,4,14,39.55538889,-94.18088889,58,1,1,1,998,1,0,60
290157,4,6,5,12,39.39358333,-92.39633333,12,1,1,2,54,0,1,55
290158,4,6,5,15,40.41527778,-91.71961111,12,1,1,2,998,1,0,45
290159,3,7,3,13,37.28987222,-89.56628611,12,1,1,2,998,1,0,45
290160,3,31,6,22,37.86391667,-94.295,12,2,1,2,998,1,1,65
290161,4,4,3,18,37.17679444,-93.30885833,30,1,10,1,998,1,0,30
290162,4,10,2,15,36.84030556,-89.69083333,58,1,1,1,998,1,0,65
290163,4,12,4,15,37.27977222,-89.55790278,30,1,1,1,998,1,0,55
290164,3,6,2,20,37.24725,-93.31082778,8,3,1,1,998,0,0,40
290165,3,19,1,22,38.63212222,-90.29018333,1,3,1,1,998,1,0,55
290166,3,31,6,20,38.68479444,-90.23052222,12,3,10,2,998,0,0,35
290167,4,6,5,16,39.01191111,-94.53567778,42,1,1,1,78,2,1,35
290169,3,17,6,9,37.73813889,-93.77902778,1,1,1,1,999,1,0,55
290170,3,23,5,17,36.88463889,-93.90138889,12,1,2,2,22,0,0,50
290171,4,1,7,22,37.35533333,-93.27211111,12,2,1,2,60,0,0,55
290172,4,1,7,0,37.11386111,-92.57691667,33,2,1,1,41,0,1,40
290173,4,4,3,21,38.85944167,-91.97048889,1,2,1,1,998,1,0,70
290174,4,6,5,10,38.70466667,-90.27108333,12,1,10,2,998,0,0,55
290175,4,8,7,19,37.07760833,-94.47754167,12,1,1,2,998,0,0,0
290176,4,8,7,18,36.61594444,-90.85188889,12,1,1,2,55,0,0,55
290177,4,8,7,20,37.19626111,-94.16136111,12,2,1,2,68,1,0,65
290178,4,13,5,14,37.47836111,-92.42372222,12,1,1,2,999,1,0,30
290179,4,1,7,6,39.17494444,-94.63638889,8,2,1,1,999,0,0,55
290180,4,2,1,18,37.9593,-91.75540278,1,1,1,1,998,1,1,98
290181,4,4,3,14,38.65952778,-90.25190278,12,1,1,2,998,0,0,35
290182,4,13,5,16,37.75666667,-93.94138889,49,1,1,1,998,0,0,55
290183,4,14,6,14,36.67688889,-93.33891667,1,1,1,2,999,0,0,45
290184,4,15,7,0,39.02946944,-94.50879722,12,3,1,5,95,0,0,45
290185,4,15,7,18,38.21908333,-91.16355556,12,1,2,2,998,0,0,45
290186,4,18,3,19,38.97320278,-94.57656667,12,1,1,4,998,0,0,40
290187,4,18,3,12,38.679875,-90.21064444,12,1,1,2,998,1,0,40
290189,3,23,5,15,38.06858333,-90.74588889,12,1,10,2,70,1,0,55
290190,4,7,6,10,37.20452778,-92.53255556,12,1,1,2,999,1,0,55
290191,4,13,5,6,37.91458333,-90.71530556,12,1,1,2,66,0,0,55
290192,4,15,7,6,37.19397222,-93.27630556,42,1,1,1,998,1,1,40
290193,4,17,2,12,36.97044444,-91.68975,1,1,1,1,104,1,0,55
290194,4,17,2,18,39.95163056,-94.96560278,58,1,1,1,998,1,0,98
290195,4,18,3,18,39.08066389,-94.55000833,15,1,1,1,998,0,0,25
290196,4,19,4,2,38.97113889,-93.88611667,58,2,1,1,998,1,1,55
290197,4,20,5,13,38.52541667,-90.47338889,12,1,10,2,40,1,0,50
290198,4,21,6,23,37.13820556,-93.98449444,23,2,1,1,998,1,0,40
290199,4,2,1,12,38.47358333,-94.01847222,12,1,1,2,20,1,0,70
290200,4,12,4,21,38.76797222,-93.53344444,12,2,1,2,16,1,0,55
290201,4,13,5,15,39.09398889,-94.53105556,9,1,1,1,33,0,0,35
290202,4,18,3,15,37.30886111,-92.97341667,1,1,1,2,115,1,1,70
290203,4,20,5,15,38.88672222,-91.40986111,12,1,2,2,50,1,0,35
290204,4,21,6,21,38.33916667,-91.01444444,42,2,1,1,998,1,0,70
290205,4,22,7,13,39.09494722,-94.46775,12,1,10,3,100,0,1,35
290206,4,22,7,17,39.22797222,-94.12775,21,1,10,1,998,1,0,55
290207,4,23,1,11,38.82066667,-90.98063889,10,1,10,1,9,1,0,35
290208,4,24,2,5,37.81936111,-89.84458333,12,1,1,2,999,1,0,55
290209,4,19,4,20,38.32986111,-92.84469444,12,2,10,2,0,0,0,65
290210,4,25,3,11,38.36913889,-94.17997222,12,1,1,2,998,0,0,55
290211,4,25,3,19,39.10530278,-94.52126389,9,1,1,1,998,0,0,35
290212,4,26,4,20,39.21747222,-94.59881111,12,3,1,2,45,0,0,45
290213,4,27,5,16,39.86419444,-94.82027778,12,1,1,2,998,1,0,70
290214,4,27,5,14,38.21675,-92.92569444,3,1,1,1,998,1,0,35
290215,4,28,6,9,38.48511111,-90.5025,12,1,10,2,999,1,0,60
290216,4,29,7,23,38.92791667,-90.75502778,12,2,1,2,998,3,1,60
290217,4,30,1,9,38.65302778,-92.5,38,9,1,1,998,1,1,50
290218,4,30,1,16,38.95434444,-94.54004722,1,1,6,2,998,1,0,65
290219,4,20,5,13,37.2455,-91.81397222,12,1,10,2,59,0,0,55
290220,4,26,4,20,38.14258333,-92.62283333,12,2,10,2,69,1,1,65
290221,4,30,1,2,40.11967222,-95.22959167,12,2,10,2,24,1,1,70
290222,5,1,2,14,36.59875,-94.59452778,12,1,1,2,19,0,0,55
290224,5,3,4,0,39.16828056,-94.59476389,24,2,1,1,71,1,1,55
290225,5,5,6,19,36.79016667,-92.40558333,1,1,10,1,40,1,0,0
290226,5,5,6,18,38.403025,-94.08108889,35,1,1,1,998,1,1,55
290227,5,5,6,0,37.86375,-94.08902778,12,2,2,2,999,0,0,65
290228,5,6,7,23,39.243875,-94.50033889,12,2,1,6,81,0,1,65
290229,4,20,5,18,38.77566667,-90.33830556,24,1,2,2,998,0,0,50
290230,4,18,3,20,38.64346389,-90.27142778,5,3,1,1,998,1,0,35
290231,4,19,4,21,38.64518056,-90.19723333,8,3,1,1,998,0,0,35
290232,4,9,1,1,38.65595278,-90.19199444,19,3,1,1,998,1,0,35
290233,4,21,6,18,39.62047222,-91.38769444,31,1,1,1,998,1,0,55
290234,4,28,6,11,39.09411667,-94.51937222,12,1,10,2,78,0,0,35
290235,4,29,7,21,37.17644167,-93.27156111,8,3,1,1,998,0,0,35
290236,5,3,4,18,39.24074722,-94.43980833,12,1,1,3,998,1,0,40
290237,5,3,4,17,38.51008333,-90.36069444,12,1,1,4,0,0,0,60
290238,5,4,5,20,38.6275,-94.43294444,12,1,10,2,106,0,0,60
290239,4,21,6,1,36.62302778,-93.15880556,35,2,1,1,58,1,1,50
290240,5,4,5,15,36.67144444,-89.55308333,12,1,1,2,11,1,0,55
290241,5,5,6,21,37.15975278,-93.284975,33,3,5,2,998,0,0,40
290242,5,6,7,13,38.73672222,-93.22627778,12,1,1,2,60,0,0,55
290243,5,6,7,0,38.72394444,-90.33155556,8,2,1,1,65,0,0,60
290244,5,7,1,1,37.70360833,-89.86648611,59,2,1,1,998,1,0,45
290245,5,7,1,8,38.9915,-93.61136111,1,1,1,1,999,1,0,70
290246,5,9,3,16,37.36385278,-89.63264722,12,1,1,2,998,0,0,40
290247,5,10,4,5,37.53983333,-90.86027778,42,3,1,1,998,1,1,55
290248,5,10,4,16,36.97727778,-94.47119444,12,1,10,2,15,0,0,45
290249,4,19,4,1,38.76166667,-90.42517222,12,3,1,2,998,1,1,60
290250,5,2,3,9,37.69972222,-90.30227778,12,1,1,2,27,1,0,55
290251,5,5,6,17,38.10172222,-91.35361111,12,1,1,2,98,1,1,70
290252,5,10,4,12,37.08866389,-94.54880833,12,1,10,2,998,0,0,35
290253,5,11,5,15,38.96680556,-91.49580556,12,1,10,2,72,1,0,35
290254,5,11,5,3,37.90916667,-93.49955556,8,2,2,1,57,0,0,60
290255,5,11,5,12,36.84416667,-90.56980556,12,1,10,2,17,1,0,45
290256,5,11,5,7,38.78555556,-90.45927778,12,1,10,2,998,1,0,45
290257,5,12,6,16,37.08169444,-93.86891667,12,1,1,10,998,0,0,70
290258,5,12,6,20,39.03375556,-94.30526111,46,3,1,1,998,1,0,98
290259,5,17,4,17,39.25755556,-91.01619444,42,1,1,1,998,1,0,20
290260,5,18,5,19,37.31096111,-89.55213333,12,1,10,2,998,0,0,35
290261,5,19,6,8,37.19172222,-93.98108333,12,1,10,2,71,1,0,65
290262,5,20,7,20,37.27452778,-94.60794444,30,1,1,1,998,1,0,60
290263,5,20,7,19,37.45916667,-93.34944444,12,1,1,2,999,1,0,45
290264,5,20,7,16,40.04947222,-93.64375,5,1,1,1,998,1,0,50
290265,5,21,1,14,39.48036111,-92.16269444,10,1,1,1,999,1,0,60
290266,5,20,7,16,36.74997222,-91.84375,42,1,1,1,998,1,1,45
290267,5,21,1,1,37.70516667,-90.5655,1,2,1,1,998,1,1,55
290268,5,21,1,18,39.08980556,-91.26141667,34,1,10,1,998,1,0,55
290269,3,18,7,6,39.77029167,-94.80338333,30,3,1,1,998,1,0,40
290270,4,25,3,16,39.11986111,-92.33027778,12,1,1,2,13,1,0,55
290271,5,10,4,8,37.82069444,-92.14880556,12,1,1,2,998,1,0,45
290272,5,14,1,5,37.36025,-89.56294444,35,2,10,1,998,2,1,98
290273,5,14,1,1,37.20988889,-90.53216667,38,2,10,1,998,1,1,55
290274,5,14,1,12,37.53806389,-93.37931667,12,1,10,2,998,1,0,55
290275,5,14,1,0,39.09226667,-94.37363333,59,3,10,1,998,1,1,35
290276,5,15,2,18,36.72425,-89.53811111,12,1,10,2,80,1,0,70
290277,5,15,2,11,38.19526667,-90.39548611,12,1,1,2,998,1,0,0
290278,5,17,4,11,36.23513889,-89.96138889,12,1,1,2,70,1,0,65
290279,4,15,7,2,39.18336111,-94.52166667,1,2,2,1,998,1,0,65
290280,5,8,2,15,38.66847778,-90.28608889,12,1,1,3,998,1,1,35
290281,5,11,5,8,38.99325,-94.48186111,12,1,2,2,998,0,0,40
290282,5,19,6,22,38.44858333,-93.18591667,8,2,1,1,62,0,1,55
290283,5,19,6,11,37.11927778,-89.52552778,1,1,10,1,57,1,0,55
290284,5,22,2,23,39.74375,-91.46305556,12,2,1,2,998,1,0,65
290285,5,22,2,21,38.77585833,-90.27308889,12,2,1,2,998,1,0,45
290286,5,22,2,1,38.61027778,-90.21031111,1,3,1,1,998,1,0,55
290287,5,22,2,1,39.09440278,-94.54243333,12,3,1,2,63,0,0,35
290288,5,23,3,18,39.48968889,-94.90068889,39,1,1,1,998,0,1,55
290289,5,23,3,18,39.21728611,-94.61957778,12,1,10,3,86,1,0,40
290290,5,24,4,0,37.29638889,-93.32496667,11,3,1,1,54,1,1,45
290291,5,25,5,17,39.68802778,-91.35866667,12,1,1,2,55,1,0,55
290292,5,25,5,15,38.98236111,-94.35594444,21,1,1,1,998,1,0,65
290293,5,25,5,15,37.30999722,-89.53542222,12,1,1,2,998,1,0,25
290294,5,26,6,20,36.59558333,-90.82058333,8,1,1,1,999,0,1,55
290295,5,26,6,8,39.77541111,-93.53912778,12,1,1,2,998,0,0,35
290296,5,26,6,21,38.10545556,-90.55979722,12,2,1,3,999,1,1,55
290297,5,27,7,17,38.41638889,-90.41586111,30,1,1,1,998,1,0,40
290298,5,27,7,14,38.69163889,-90.29586667,30,1,1,1,998,1,0,30
290299,3,15,4,21,38.54826667,-90.49422222,8,3,1,1,998,0,0,50
290300,4,21,6,15,38.84297222,-91.95444444,12,1,1,2,998,2,0,30
290301,4,29,7,21,38.23681389,-90.54558611,31,3,1,1,998,1,0,10
290302,5,7,1,9,38.65127778,-92.20641667,59,1,1,1,998,1,0,70
290303,5,24,4,6,38.71850556,-94.367975,12,1,1,2,68,0,0,55
290304,5,27,7,12,40.25402778,-93.10216667,1,1,1,1,74,1,0,55
290305,5,27,7,10,39.35052778,-94.14525,1,1,1,2,998,1,0,55
290306,5,27,7,20,39.642125,-91.44703889,1,1,1,1,116,1,1,55
290307,5,27,7,11,37.99627778,-91.30475,34,1,1,1,998,1,0,30
290308,5,28,1,15,37.32555556,-90.76147222,35,1,1,1,999,1,1,55
290309,3,6,2,12,38.90781667,-92.34802778,12,1,1,2,998,1,0,40
290310,4,30,1,1,38.23338611,-90.40373611,35,2,1,1,86,1,1,70
290311,5,21,1,4,38.67040833,-90.20231944,12,3,1,3,0,1,1,55
290312,5,28,1,15,38.04975,-91.57077778,1,1,1,1,999,1,0,35
290313,5,28,1,22,36.747,-93.22286111,58,2,1,1,998,1,0,65
290314,5,29,2,10,38.31633333,-92.50788889,12,1,1,2,998,1,0,55
290315,5,29,2,2,39.89869444,-94.88658333,42,2,1,1,998,1,0,55
290316,5,30,3,16,38.09147222,-90.3,21,1,1,1,998,1,1,70
290317,5,31,4,1,38.77075556,-90.26853056,12,2,1,2,41,1,1,50
290318,5,31,4,20,36.69586111,-93.81230556,1,1,1,1,81,2,0,55
290319,5,31,4,6,38.91187222,-92.22105,12,1,10,2,998,2,0,45
290321,6,1,5,10,36.87991667,-94.39891667,12,1,1,2,50,1,0,45
290322,6,2,6,0,38.77252778,-90.30425556,25,2,1,1,998,1,1,35
290323,6,2,6,21,39.16119444,-90.78814167,12,2,1,2,999,1,1,35
290324,6,3,7,11,37.01855556,-93.76836111,12,1,1,6,52,0,0,55
290325,6,3,7,17,38.56013889,-90.40252778,12,1,1,2,0,0,0,60
290326,6,3,7,23,38.48986111,-91.15766667,42,2,1,1,998,1,1,40
290327,6,3,7,6,38.64025278,-92.78908056,1,1,5,1,998,1,0,50
290328,6,3,7,10,38.62747222,-92.56311111,12,1,1,2,11,1,0,35
290329,6,4,1,13,37.71000278,-90.757175,7,1,1,1,999,1,0,55
290330,6,4,1,19,37.80716667,-89.94463889,58,1,10,1,998,1,0,55
290331,6,4,1,10,37.15830556,-93.11880556,12,1,1,2,998,0,0,55
290332,6,4,1,21,37.95211111,-93.84105556,1,2,1,1,998,1,1,55
290333,6,6,3,17,37.17752778,-92.754,49,1,1,1,999,0,0,55
290334,6,7,4,20,39.03311111,-94.60572222,33,3,1,1,998,1,0,35
290335,6,8,5,13,36.87863889,-92.531,54,1,2,2,999,0,0,55
290336,6,8,5,14,36.82847222,-94.54725,1,1,1,1,68,1,0,50
290337,6,8,5,19,38.59511111,-90.32677778,35,1,1,1,998,1,1,60
290338,6,9,6,5,39.01597222,-94.12,1,3,1,1,998,1,0,70
290339,6,9,6,11,40.39130556,-91.90197222,1,1,1,1,998,1,0,50
290340,6,9,6,19,38.50221944,-93.310525,5,1,1,1,34,1,0,50
290341,6,9,6,18,39.00329444,-94.43566667,12,1,1,2,50,1,0,35
290342,6,10,7,1,37.54069444,-93.77872222,5,2,1,1,998,1,0,15
290343,5,5,6,20,39.26861111,-94.45417222,12,3,10,2,75,0,0,45
290344,6,10,7,99,37.11928611,-93.69208056,42,9,99,1,998,1,1,60
290345,6,10,7,3,38.62433611,-90.19956111,25,3,1,1,998,1,0,35
290346,6,12,2,18,39.17816667,-94.61119444,12,1,1,2,998,1,0,25
290347,6,12,2,12,36.60958333,-94.51011111,1,1,10,1,998,1,0,55
290348,6,12,2,15,36.79169444,-93.22488889,59,1,1,2,79,0,0,65
290349,6,13,3,16,36.87675833,-94.19183056,12,1,1,2,998,1,0,98
290350,6,13,3,23,38.95331667,-94.52970556,24,3,1,1,98,1,1,65
290351,6,14,4,21,39.22458889,-94.65044444,8,2,1,1,998,0,0,55
290352,6,14,4,11,37.96919444,-92.9215,12,1,1,2,63,1,0,65
290353,6,15,5,3,38.70216667,-90.34405556,8,2,1,1,999,0,0,50
290354,6,16,6,12,40.13346667,-93.60406944,12,1,10,2,999,1,0,60
290355,6,16,6,15,38.56620833,-90.440125,12,1,1,2,998,1,0,60
290356,6,16,6,21,39.10388889,-94.59872222,12,3,1,2,48,0,1,35
290357,6,17,7,13,38.90786111,-90.9165,12,1,1,2,998,1,1,45
290358,6,17,7,14,37.19283333,-93.58130556,1,1,1,1,999,1,0,55
290359,6,17,7,8,38.35633611,-90.50190556,58,1,1,1,998,1,1,55
290360,6,17,7,22,38.98694444,-90.94111111,12,2,1,2,55,1,1,55
290361,6,19,2,17,39.76181111,-94.35191944,34,1,1,1,998,1,0,65
290362,6,21,4,20,37.02105556,-94.51183333,53,1,1,1,88,1,1,40
290363,6,23,6,11,39.21413889,-94.64175,12,1,1,3,998,1,0,65
290364,5,23,3,17,38.09330556,-92.44372222,35,1,1,1,999,1,0,55
290365,5,24,4,18,38.5769,-90.34320278,15,1,1,1,998,0,0,15
290366,6,4,1,17,38.59386111,-90.32668611,12,1,1,2,998,0,0,20
290367,6,23,6,16,38.92264722,-90.75068889,12,1,1,2,999,0,0,60
290368,6,23,6,22,36.91460278,-93.92946111,12,3,1,2,88,0,1,45
290369,6,24,7,18,38.9605,-94.35027778,12,1,1,3,998,0,1,30
290370,6,24,7,20,37.17990833,-93.36342222,8,2,1,1,999,0,0,60
290371,6,24,7,22,39.68375,-94.79519444,1,2,1,1,998,1,0,55
290372,6,24,7,18,38.44141667,-90.55169444,1,1,1,1,998,1,1,30
290373,6,24,7,17,38.99063333,-94.57573889,12,1,10,2,98,1,1,35
290374,6,25,1,6,37.76163889,-90.38283333,12,1,1,2,50,0,0,55
290375,6,26,2,17,37.08191667,-94.33933333,12,1,1,5,999,0,0,70
290376,6,27,3,6,37.57372222,-90.30127778,12,1,1,2,998,1,0,50
290377,6,27,3,14,37.30752778,-91.9625,12,1,1,2,998,0,0,45
290378,6,28,4,21,37.17227778,-92.86375,12,2,1,2,15,1,0,55
290379,6,29,5,0,38.99538889,-94.48247222,8,3,1,1,999,0,0,40
290380,6,30,6,11,39.3595,-93.48063889,12,1,1,2,998,1,0,60
290381,6,30,6,23,39.03193333,-94.60529167,42,3,10,1,81,1,1,35
290382,7,1,7,17,38.61716667,-93.62747222,1,1,1,1,998,1,0,55
290383,7,1,7,9,38.25928889,-90.75633889,32,9,99,1,998,1,1,55
290384,7,1,7,22,39.02061667,-94.27219167,33,3,1,1,998,1,1,35
290385,7,1,7,6,36.63602222,-89.62782222,23,1,1,1,998,1,1,55
290386,7,1,7,22,37.23202778,-89.76080556,1,2,10,1,998,1,1,60
290387,7,1,7,15,40.21883333,-94.55783333,35,1,10,1,22,1,0,60
290388,7,2,1,23,36.66283333,-93.20566667,8,2,1,1,999,0,0,25
290389,5,2,3,3,39.26111389,-94.56278333,2,6,1,1,998,1,1,25
290390,5,22,2,18,38.68555556,-90.34386111,12,1,1,3,998,0,0,35
290391,6,28,4,22,38.72011111,-90.26541667,12,3,1,4,998,0,1,35
290392,7,3,2,22,38.59337778,-90.293875,12,3,1,2,998,1,0,30
290393,7,3,2,21,38.80606944,-90.36188333,8,2,1,1,998,0,0,35
290394,7,4,3,9,39.73344444,-93.99869444,12,1,1,2,52,0,0,65
290395,7,4,3,12,39.303125,-94.50005833,12,1,1,2,998,1,0,55
290396,7,4,3,12,40.21291667,-94.02369444,58,1,1,1,999,1,0,50
290397,7,4,3,21,39.58030556,-91.40538889,12,2,1,2,97,1,0,65
290398,7,5,4,18,37.04436667,-94.52187222,1,1,1,1,998,1,1,25
290399,5,17,4,7,38.43639167,-90.55666667,12,1,5,2,998,0,0,60
290400,5,31,4,19,39.15436667,-94.30282778,42,1,1,1,998,1,0,45
290401,7,5,4,17,36.51367222,-93.71443889,34,1,1,1,998,1,1,50
290402,7,6,5,17,38.54642778,-90.25906944,12,1,1,2,998,1,0,20
290403,7,6,5,12,37.98641667,-90.44494444,12,1,1,2,55,1,1,55
290404,7,6,5,18,39.45116667,-92.17213889,35,1,1,1,998,1,1,55
290405,7,6,5,13,37.58580556,-94.18458333,12,1,1,2,37,1,0,55
290406,7,7,6,11,37.10269444,-94.42772222,12,1,1,3,91,1,1,70
290407,7,7,6,23,39.07973056,-94.53923611,8,3,1,1,998,0,0,55
290408,7,7,6,17,38.60109722,-90.23194722,12,1,10,2,998,0,0,35
290409,7,8,7,18,39.083675,-94.53165,12,1,1,2,76,0,1,35
290410,5,31,4,1,38.92026111,-92.294,8,2,1,1,998,0,0,65
290411,7,6,5,9,36.94863889,-93.77469444,12,1,10,2,65,0,1,98
290412,7,8,7,19,38.94847222,-90.996,12,1,10,2,55,0,1,55
290413,7,8,7,23,38.25775,-94.47794444,38,2,1,1,998,1,1,50
290415,7,8,7,16,37.38666667,-90.9695,1,1,1,1,998,1,0,60
290416,7,8,7,23,36.88705556,-92.53913889,1,2,1,1,998,1,1,55
290417,7,9,1,7,38.29777778,-92.55719444,38,2,1,1,998,1,0,50
290418,7,9,1,0,38.80352778,-90.74836111,8,2,1,2,999,0,0,60
290419,7,10,2,12,37.75952778,-90.50805556,12,1,1,2,69,1,1,55
290420,5,5,6,23,38.90749167,-92.34475556,12,3,1,4,998,1,0,40
290421,7,10,2,0,38.73547222,-93.31280556,8,2,1,1,998,0,0,65
290422,7,10,2,5,38.6578,-94.006625,12,2,1,2,998,1,0,55
290423,7,11,3,11,38.6015,-94.26597222,12,1,1,2,998,0,0,60
290424,7,11,3,16,39.01304722,-94.56965556,8,1,1,1,38,0,0,35
290425,7,11,3,16,38.70747222,-91.14797222,12,1,1,2,998,0,0,55
290426,7,11,3,20,36.55194444,-94.27052778,1,1,1,1,998,1,0,55
290427,7,12,4,13,37.38216667,-93.23480556,14,1,1,1,998,1,0,45
290428,7,12,4,16,37.99280556,-93.99561111,12,1,1,2,67,1,0,55
290429,7,12,4,17,38.98525,-90.79847222,12,1,10,3,998,0,0,55
290430,6,20,3,22,36.75638889,-90.40783333,8,3,1,1,999,0,0,35
290431,7,13,5,22,38.75730278,-90.25666944,12,2,1,2,998,0,0,35
290432,7,14,6,0,37.24977222,-93.30985278,5,2,1,1,998,1,0,99
290433,7,14,6,0,39.06530278,-94.57393333,39,3,1,1,998,2,1,25
290434,7,14,6,6,38.77794444,-90.35758333,58,1,1,1,998,1,0,50
290435,7,14,6,99,38.67033333,-94.22177778,5,2,1,1,998,1,1,15
290436,7,15,7,22,38.641275,-90.33525,8,3,1,1,32,0,0,30
290437,7,16,1,1,37.14663889,-93.07933333,38,2,10,1,104,1,1,55
290438,7,16,1,21,40.11988889,-92.62883333,1,2,1,1,999,1,1,50