ST_CASE,MONTH,DAY,DAY_WEEK,HOUR,LATITUDE,LONGITUD,HARM_EV,LGT_COND,WEATHER,VE_FORMS,TRAV_SP,DEATHS,DR_DRINK,VSPD_LIM
290439,7,16,1,18,37.31977778,-93.21463889,38,1,1,1,998,1,0,55
290440,7,17,2,15,36.090225,-90.07438889,42,1,1,1,998,1,0,55
290441,7,17,2,17,38.90430278,-94.52398611,1,1,10,2,998,1,1,98
290442,7,17,2,13,38.4505,-92.71319444,49,1,10,1,999,0,0,55
290443,7,17,2,19,38.65497222,-90.44825,12,1,1,2,999,1,0,60
290444,7,18,3,19,37.19105556,-93.95266667,12,1,1,2,999,1,0,65
290445,7,19,4,21,38.75708333,-90.330825,8,3,1,1,998,0,0,25
290446,7,20,5,15,38.75816667,-90.33952778,12,1,1,2,999,1,0,60
290447,7,20,5,22,37.07483333,-93.95622222,58,2,10,1,998,1,0,70
290448,7,20,5,11,38.79447222,-90.46052778,25,1,2,1,999,1,0,60
290449,7,20,5,19,39.41016667,-90.98922222,42,1,1,1,998,1,0,60
290450,7,21,6,13,36.62244444,-92.98616667,58,1,10,1,998,1,0,55
290451,7,24,2,1,38.70676667,-90.24941389,12,3,1,3,113,0,0,35
290452,7,26,4,20,38.09321944,-92.28425833,42,1,1,1,80,1,1,40
290453,7,26,4,2,39.00933056,-94.28017778,12,3,1,2,998,1,1,45
290454,7,26,4,13,37.67,-92.66313889,12,1,1,2,998,0,0,25
290455,7,27,5,8,38.93883333,-94.54979167,54,1,1,4,998,1,0,65
290456,7,27,5,22,39.84213889,-92.17991667,35,2,1,1,998,1,1,55
290457,7,28,6,22,39.105475,-94.52625833,33,3,1,2,998,1,1,35
290458,7,28,6,19,36.75680556,-90.38580556,12,1,1,3,107,1,0,35
290459,7,28,6,18,37.30475,-92.35958333,58,1,1,1,998,1,0,55
290460,7,28,6,0,38.78477778,-90.52583333,12,2,1,2,59,0,0,50
290461,7,21,6,18,38.61151111,-90.21029722,12,1,1,2,998,1,1,55
290462,7,22,7,10,39.73345,-94.80105278,12,1,1,2,998,1,0,40
290463,7,22,7,18,38.50755556,-90.57269444,54,1,1,2,998,1,0,65
290464,7,22,7,11,37.15705556,-90.0175,42,1,1,1,998,1,0,55
290465,7,22,7,7,37.18249722,-93.31789167,12,1,1,6,998,0,1,45
290466,7,23,1,12,40.06813889,-93.65744444,12,1,1,2,998,1,0,50
290467,7,23,1,1,38.22586111,-91.16811111,1,3,1,1,998,1,1,35
290469,7,24,2,14,36.92561111,-89.74294444,34,1,10,1,998,1,0,55
290470,7,24,2,12,37.09847222,-93.85713889,1,1,1,1,998,1,0,55
290471,5,11,5,22,39.78730556,-94.84815278,33,3,1,1,998,1,1,0
290472,6,11,1,15,39.19609722,-94.62102778,12,1,10,3,50,0,0,45
290473,7,26,4,5,37.98505556,-91.37691667,9,2,10,1,998,0,0,60
290474,7,29,7,5,38.48716667,-90.27786111,12,3,10,2,0,1,1,50
290475,7,29,7,3,39.02187222,-94.50075,8,3,1,1,998,0,0,65
290476,7,29,7,16,37.18191111,-93.35903333,12,1,1,2,998,0,0,55
290477,7,29,7,3,38.67902222,-91.05856389,35,2,1,1,998,1,0,55
290478,7,29,7,0,38.70188889,-90.39090556,8,3,1,1,998,0,0,35
290479,7,30,1,11,39.29708333,-94.29552778,38,1,1,1,998,1,0,55
290480,7,30,1,21,38.67733889,-90.39479167,12,2,10,2,35,1,0,30
290481,7,30,1,3,39.30986111,-94.43358333,8,2,1,1,998,0,0,45
290482,7,30,1,17,37.84361111,-91.79886111,12,1,1,2,22,1,0,0
290483,7,31,2,7,39.10076667,-94.46418333,12,1,10,2,998,0,0,35
290484,7,29,7,13,38.502575,-90.44471944,8,1,1,1,998,0,0,0
290485,5,9,3,14,37.17430556,-91.35663889,42,1,1,1,998,1,0,55
290486,6,18,1,20,38.72499722,-90.24975,12,2,1,2,998,0,0,35
290487,8,1,3,12,37.24073889,-93.29751389,1,1,1,2,998,1,0,40
290488,8,1,3,13,38.40076111,-90.37588611,12,1,1,2,998,1,1,50
290489,8,1,3,8,38.98328889,-94.55764167,12,1,10,2,53,1,0,35
290490,8,2,4,2,38.68055,-90.26121667,8,3,10,1,998,0,0,35
290491,8,2,4,13,36.62497222,-92.16094444,59,1,1,1,998,1,1,55
290492,8,3,5,15,38.15188889,-91.91094444,12,1,1,2,60,0,0,65
290493,8,3,5,20,38.81748056,-90.27150556,33,3,10,2,998,0,0,40
290494,8,4,6,20,38.69866111,-90.24232222,12,1,10,2,998,1,0,35
290495,8,4,6,8,39.25744444,-91.08855556,38,1,1,1,998,1,0,50
290496,8,6,1,0,39.00225,-93.79533333,18,2,1,2,998,1,0,70
290497,8,5,7,14,38.10244444,-92.88677778,30,1,1,1,998,1,0,55
290498,8,6,1,6,39.74477778,-94.22836111,12,1,10,2,998,0,0,35
290499,8,6,1,21,37.77411111,-90.44475,8,3,1,1,999,0,0,35
290500,8,6,1,19,39.77256389,-94.840225,12,1,2,2,25,1,0,25
290501,8,6,1,22,39.09679444,-94.57262778,24,3,1,1,998,1,1,45
290502,8,7,2,7,39.65897222,-94.64680556,12,1,10,2,57,1,0,60
290503,8,8,3,19,39.42925,-91.25619444,12,1,1,2,58,0,1,65
290504,8,8,3,5,39.74614722,-94.85610833,12,1,1,2,998,1,0,40
290505,8,8,3,20,39.77827778,-93.17519444,12,1,1,2,999,0,0,65
290506,8,8,3,20,38.98843056,-94.57579722,12,3,1,2,998,0,0,35
290507,8,8,3,14,38.20222222,-91.44208333,12,1,1,2,51,2,0,55
290508,8,8,3,21,39.24636389,-94.604625,1,3,1,2,998,0,0,45
290509,8,9,4,10,37.179,-93.17941667,12,1,2,2,71,1,0,55
290510,2,27,2,99,38.65178056,-90.23426111,93,6,1,1,998,1,0,30
290511,8,1,3,14,38.647,-90.19687778,12,1,1,2,998,1,0,35
290512,8,5,7,3,38.68991667,-90.27747222,33,3,2,2,92,1,1,35
290513,8,9,4,12,38.954825,-94.56683333,46,1,10,1,998,1,0,40
290514,8,9,4,13,37.16527778,-92.05683333,12,1,2,2,65,1,0,65
290515,8,10,5,9,39.74851389,-94.85316944,12,1,1,4,998,0,0,55
290516,8,10,5,11,39.24480556,-93.51219444,12,1,1,3,999,1,0,60
290517,8,10,5,17,38.90249444,-94.53209722,12,1,1,2,998,1,1,35
290518,8,10,5,11,38.20836111,-91.17641667,12,1,1,2,998,0,0,35
290519,8,10,5,2,36.93536111,-94.08097222,38,2,10,1,71,1,1,45
290520,8,11,6,23,38.75730556,-90.33875,8,3,1,1,999,0,0,60
290521,8,12,7,20,39.10715,-94.38134444,12,1,1,2,998,1,0,50
290523,8,13,1,2,38.72797222,-90.3315,42,2,1,1,999,1,1,60
290524,8,13,1,13,37.03785,-94.51276389,8,1,10,1,72,0,0,70
290525,8,14,2,18,39.16905556,-93.55013889,12,1,1,2,58,1,0,55
290526,8,15,3,19,39.19863889,-93.50805556,35,1,1,1,998,1,0,50
290527,8,16,4,22,37.18758333,-93.64008333,12,2,1,2,0,1,0,70
290528,8,16,4,12,36.66077778,-91.71461111,12,1,1,2,58,0,0,55
290529,8,16,4,21,38.89019444,-91.42422222,8,2,1,1,64,0,0,55
290530,8,16,4,11,37.55886111,-89.74205556,1,1,1,1,998,1,0,70
290531,8,17,5,20,36.32913889,-90.02791667,12,2,1,2,0,0,0,55
290532,8,17,5,16,38.60761389,-92.48459444,35,1,1,1,998,1,0,55
290533,8,17,5,11,36.53894444,-93.39041667,32,1,1,1,998,1,0,55
290534,8,18,6,17,36.97233333,-89.146,12,1,1,2,40,0,0,45
290536,8,18,6,12,37.39847222,-94.29897222,12,1,1,2,66,1,0,55
290537,8,19,7,16,38.68291667,-93.00683333,12,1,1,3,59,0,0,60
290538,8,19,7,0,36.98805556,-93.41991667,38,2,1,1,998,1,0,55
290539,8,19,7,13,36.51169444,-93.65288889,42,1,1,1,998,1,1,50
290540,7,9,1,5,38.65972222,-90.25927778,30,1,1,1,998,1,0,30
290541,8,12,7,3,38.80422222,-90.89358333,12,2,1,2,105,0,1,70
290542,8,19,7,20,36.78347222,-93.40186111,34,3,1,1,998,1,0,55
290543,8,20,1,8,36.60694444,-90.85613889,12,1,1,2,999,1,0,55
290544,8,20,1,2,38.96662778,-94.50161111,38,3,1,1,998,1,1,35
290546,8,21,2,21,38.80388889,-90.77863889,8,2,10,1,999,0,0,40
290547,8,21,2,14,38.10938889,-91.33441667,59,1,1,1,85,1,1,55
290548,8,21,2,20,38.73569444,-93.73236111,8,2,1,1,37,0,0,45
290549,8,21,2,23,37.86044444,-90.48888889,8,2,1,1,999,0,0,60
290550,8,21,2,1,37.67658333,-92.98272222,42,2,1,1,999,1,0,55
290551,7,8,7,15,38.94902778,-92.27611111,1,1,1,2,998,1,0,35
290552,8,5,7,16,38.96152222,-92.288075,8,1,1,1,64,0,0,60
290553,8,11,6,5,39.00835278,-94.247375,8,3,1,1,35,0,0,35
290554,8,21,2,6,38.90372222,-94.22244444,1,2,5,1,998,1,0,45
290555,8,21,2,0,39.09631667,-94.56774444,20,3,1,1,998,1,0,45
290556,8,22,3,19,38.74231667,-90.33611111,1,1,1,1,998,1,0,20
290557,8,23,4,15,38.35205556,-93.75680556,12,1,1,2,998,0,0,55
290558,8,24,5,22,38.06091667,-92.69861111,57,2,1,1,998,1,1,60
290559,8,25,6,21,36.91622222,-94.00902778,12,3,1,2,20,2,0,55
290560,8,25,6,0,37.94247222,-91.78913333,8,3,1,1,998,0,1,35
290561,8,25,6,16,40.09825,-94.80122222,35,1,1,1,998,1,0,50
290562,8,25,6,21,39.07853611,-94.39695833,8,2,1,1,998,0,0,40
290563,8,26,7,20,38.39808333,-92.85208333,12,2,1,2,65,1,1,65
290564,8,26,7,11,37.03726389,-94.51324167,24,1,1,1,998,1,0,70
290565,8,27,1,11,36.54893333,-93.90045833,1,1,1,1,998,1,0,55
290566,8,14,2,15,36.96002778,-93.37411111,12,1,1,2,998,0,0,98
290567,8,19,7,19,38.54263889,-90.44738889,24,1,1,1,83,2,0,60
290568,8,24,5,20,38.74007778,-90.25119444,8,3,1,1,998,0,0,35
290569,8,27,1,10,39.00036111,-94.48219444,34,1,10,1,65,0,0,45
290570,8,27,1,11,37.87286111,-93.62188889,12,1,1,2,14,1,0,45
290571,8,27,1,11,36.39619444,-89.69705556,1,1,2,2,0,0,0,70
290572,8,27,1,2,39.7145,-92.64205556,58,2,10,1,143,1,1,55
290573,8,27,1,23,39.09139444,-94.57160556,8,3,1,1,998,0,0,55
290574,8,28,2,7,36.93086389,-92.65759444,35,1,10,1,999,1,0,60
290575,8,30,4,22,38.49858333,-90.46697222,12,3,1,2,999,0,0,60
290576,8,30,4,18,38.75275,-90.69911111,43,1,1,1,998,1,1,45
290577,8,30,4,11,37.16988889,-92.83011111,12,1,1,2,77,1,0,65
290578,8,30,4,20,37.90225,-91.78038889,12,2,1,4,35,1,0,60
290579,8,31,5,8,36.73791667,-90.46580556,35,1,1,1,73,3,1,30
290580,8,31,5,10,36.6035,-90.67619444,58,1,1,1,999,1,0,55
290582,8,31,5,19,38.05730556,-90.51305556,59,2,1,1,998,1,0,40
290583,9,1,6,23,36.59111111,-93.65486111,35,2,1,1,998,1,0,50
290584,9,1,6,14,38.35395556,-92.40076389,35,1,1,1,998,1,0,55
290585,9,1,6,99,39.75543333,-94.72266389,35,2,1,1,998,1,1,50
290586,9,1,6,20,39.7505,-92.28575,12,2,1,2,19,1,1,65
290587,9,1,6,22,38.81372222,-94.51547222,12,3,1,2,120,1,0,45
290588,9,1,6,12,39.39247222,-92.69472222,32,1,1,1,998,1,0,50
290589,9,2,7,10,36.67233333,-93.40777778,12,1,1,4,68,1,0,50
290590,9,2,7,20,37.09402222,-94.51304722,12,3,1,3,80,1,0,35
290591,9,2,7,22,39.04363056,-94.51279722,12,3,1,2,998,1,0,35
290592,9,2,7,17,36.56433333,-90.72344444,35,1,10,1,999,1,1,50
290593,9,3,1,18,40.51847222,-95.11947222,12,1,1,2,998,1,0,35
290594,9,4,2,23,36.73608333,-94.30069444,38,2,1,1,998,1,0,55
290595,9,4,2,15,37.03094444,-90.92175,35,1,10,1,999,1,0,55
290596,9,4,2,0,38.66687778,-90.28316111,12,3,1,3,999,0,0,30
290597,9,4,2,3,39.85526944,-91.98422222,1,2,1,1,998,1,1,50
290598,9,4,2,10,37.16198611,-93.39773611,12,1,1,3,998,0,0,60
290600,9,5,3,22,38.70638889,-90.27308333,12,3,1,2,999,0,0,55
290601,9,5,3,8,38.58589722,-90.3368,38,1,10,1,998,1,0,40
290602,9,5,3,23,38.98966667,-90.80194444,52,2,10,1,998,1,1,35
290603,9,6,4,2,38.66830556,-90.34388889,19,3,1,1,92,3,0,25
290604,9,6,4,14,38.38822222,-93.77031389,8,1,1,1,998,0,0,45
290605,9,9,7,19,38.77034722,-90.91077222,1,1,1,1,75,1,1,55
290606,9,10,1,99,39.55730833,-95.10221389,25,2,1,1,998,1,1,40
290607,9,10,1,3,38.66200278,-90.19711389,12,3,1,2,998,0,0,55
290608,9,10,1,10,37.89652778,-93.43297222,34,1,99,1,998,1,0,50
290609,9,10,1,1,38.36269444,-93.62947222,12,2,1,2,48,0,1,60
290610,9,10,1,16,39.09013611,-94.50576389,12,1,1,2,998,0,1,30
290611,9,10,1,2,38.48146111,-90.35885833,8,2,1,1,998,0,0,65
290612,9,11,2,1,38.72486389,-90.25008056,30,3,1,1,998,1,0,35
290613,9,11,2,8,39.71944444,-94.40302778,32,9,10,1,998,1,1,60
290614,9,11,2,7,37.33125,-89.57242222,12,1,1,2,998,1,0,35
290615,9,11,2,1,39.02218056,-94.60214167,42,3,10,1,43,1,1,25
290616,9,11,2,20,39.04724722,-94.44760556,8,2,1,1,999,0,0,65
290617,9,7,5,15,39.01158333,-94.06811111,12,1,1,2,999,1,1,70
290618,9,7,5,18,39.63038889,-92.54544444,11,1,1,1,998,1,0,55
290620,9,8,6,11,37.12633333,-94.40288889,12,1,1,2,999,1,0,60
290621,9,8,6,18,38.6641,-90.20735556,12,3,1,2,998,1,1,25
290622,9,8,6,20,36.99772222,-91.34927778,12,2,1,2,69,0,0,65
290623,9,8,6,21,37.62071944,-91.54255833,32,2,1,1,998,1,0,55
290624,9,9,7,17,38.46833333,-91.46491667,12,1,1,2,34,2,1,55
290625,9,9,7,15,36.59238889,-92.37766667,12,1,1,2,999,1,1,55
290626,9,9,7,23,38.74249444,-90.25221389,12,3,1,2,70,0,0,35
290627,6,4,1,10,38.70344444,-93.20863889,12,1,1,3,998,1,0,25
290628,7,18,3,14,38.51393056,-90.28603889,53,1,10,1,76,1,0,40
290629,9,12,3,14,38.52043889,-90.41798333,1,1,1,2,998,0,0,50
290630,9,12,3,8,39.04250556,-94.36789167,12,1,1,2,998,1,0,65
290631,9,13,4,16,37.19629722,-93.2621,1,1,1,2,998,0,0,40
290632,9,13,4,22,38.21214722,-92.98180833,1,2,1,1,998,1,1,50
290633,9,13,4,17,36.75708333,-90.39369444,12,1,1,2,999,0,0,25
290634,9,13,4,18,38.32744444,-90.64822222,12,1,1,2,998,0,0,55
290635,9,14,5,1,38.77839167,-90.72145833,38,2,1,1,998,1,1,35
290636,9,14,5,14,36.27738889,-89.75138889,10,1,1,1,998,1,0,50
290637,9,1,6,16,38.81233333,-90.85152778,12,1,1,2,998,1,0,35
290638,9,14,5,17,39.36152778,-94.14530556,12,1,1,2,998,2,1,55
290639,9,15,6,20,39.571,-94.43613889,59,2,1,1,998,1,0,60
290640,9,15,6,22,38.56926389,-90.23671111,8,3,1,1,998,0,0,35
290641,9,15,6,20,39.42605556,-94.13511111,1,2,10,1,999,1,0,50
290642,9,15,6,21,37.15661111,-92.78641667,12,3,1,2,34,1,0,65
290643,9,15,6,23,38.50383333,-90.34177778,8,2,1,1,999,0,0,60
290644,9,15,6,5,36.85972222,-94.40941667,53,2,1,1,998,1,0,45
290645,9,15,6,6,38.68697222,-90.36125,12,1,1,2,0,0,0,40
290646,9,15,6,7,38.75557222,-90.4586,12,1,1,2,998,0,0,45
290647,9,16,7,1,38.50569444,-90.67505556,12,3,1,2,999,0,0,65
290648,9,16,7,1,37.60638889,-92.70452778,8,2,1,1,999,0,0,70
290649,9,16,7,23,38.81687222,-90.56102222,43,3,1,1,998,1,0,35
290650,9,17,1,15,36.98719444,-94.55194444,1,1,1,1,998,1,0,55
290651,9,17,1,11,36.84108333,-90.11480556,42,1,1,1,998,1,0,55
290653,9,18,2,19,38.71807778,-90.58016667,24,2,10,1,998,1,1,35
290654,9,18,2,14,37.28513889,-93.11318889,34,1,1,1,998,1,0,45
290655,9,19,3,15,36.63819444,-90.91755556,42,1,1,1,998,1,0,55
290656,9,19,3,18,38.34366667,-90.83866667,1,1,1,1,998,1,1,40
290657,9,20,4,1,38.62879444,-90.34353611,33,2,1,1,998,1,1,10
290658,9,20,4,22,38.30797222,-93.88727778,31,2,1,1,999,1,0,35
290659,9,21,5,2,39.42658056,-94.88975833,58,2,1,1,998,1,1,45
290660,9,22,6,15,38.69592222,-90.226075,12,1,1,5,998,0,0,35
290661,9,23,7,19,37.21866111,-93.27553611,12,3,10,2,998,1,0,35
290662,9,23,7,5,38.606275,-90.22021111,14,3,1,1,998,1,1,35
290663,9,23,7,0,39.12431389,-91.03996944,42,2,1,1,998,1,0,55
290665,9,23,7,19,38.68801111,-94.58745278,34,2,2,1,998,1,1,55
290666,9,23,7,7,38.99136111,-94.57022222,12,1,10,2,104,1,0,35
290667,9,24,1,23,39.11415556,-94.32093889,12,2,1,2,998,0,0,50
290668,9,24,1,13,39.57122222,-94.807,12,1,1,2,998,0,0,55
290669,9,24,1,9,38.36169444,-90.97913889,52,1,1,4,93,1,0,70
290670,9,25,2,15,39.12696111,-94.51950833,12,1,1,2,998,1,0,35
290671,9,25,2,20,38.22047222,-91.16172222,8,3,1,1,998,0,0,45
290672,9,25,2,19,39.03493889,-94.39921111,8,2,1,1,998,0,1,40
290673,6,7,4,19,36.60706111,-93.28808611,33,1,10,1,998,1,1,25
290674,9,16,7,11,38.98675833,-90.96848611,12,1,1,2,998,0,0,35
290675,9,26,3,99,36.96814444,-91.91595556,59,1,1,1,998,1,0,55
290676,9,26,3,15,38.75783333,-90.53977778,21,1,1,1,998,1,0,55
290677,9,26,3,15,38.20819444,-91.05175,32,1,1,1,998,1,0,55
290678,9,27,4,22,37.04660278,-94.47880833,8,6,1,1,998,0,0,70
290679,9,27,4,17,39.13828889,-94.26273333,12,1,1,2,998,0,0,35
290680,9,28,5,21,39.03081944,-94.58438611,42,3,1,1,998,1,1,40
290681,9,28,5,99,38.29656111,-92.69482778,58,9,99,1,998,1,0,55
290682,9,28,5,10,37.44991667,-90.95963889,12,1,1,2,13,1,0,50
290683,9,28,5,7,37.89369444,-92.08233333,12,1,5,2,53,0,0,55
290685,9,28,5,18,37.19702778,-94.1995,12,1,1,2,998,1,0,55
290686,9,29,6,15,39.02025,-93.19544444,59,1,1,1,65,1,0,65
290687,9,29,6,15,37.24310833,-92.47031111,1,1,1,1,998,1,1,55
290688,10,1,1,14,36.91843611,-93.60239722,38,1,1,1,48,1,0,55
290689,10,1,1,15,38.57561111,-91.328,12,1,1,2,50,0,0,55
290690,10,1,1,21,38.58734167,-90.259575,12,3,1,2,998,1,0,30
290691,10,1,1,0,39.04055,-94.52706667,1,3,1,1,998,3,1,45
290692,10,2,2,18,38.74936111,-90.27855556,12,1,1,3,70,0,1,35
290693,10,2,2,1,38.60216944,-90.22945,8,3,1,1,998,0,0,35
290694,10,2,2,7,40.51975,-93.53241667,12,1,1,3,58,0,0,60
290696,10,2,2,11,36.73641667,-93.48494444,1,1,1,1,998,1,0,45
290697,10,3,3,15,36.67305556,-94.60761111,12,1,10,2,998,1,0,55
290698,10,5,5,20,39.05119444,-94.22930556,42,2,1,1,998,1,1,35
290699,10,5,5,17,38.41011111,-90.58294444,12,1,1,2,40,1,0,35
290700,10,5,5,16,36.81330556,-94.52269444,12,1,1,2,55,1,1,55
290701,10,6,6,22,39.17738889,-94.19427778,1,2,1,1,998,1,1,25
290702,10,7,7,12,37.74058333,-89.91041667,42,1,1,1,998,1,0,45
290703,7,5,4,6,38.74291667,-94.59013889,8,6,10,1,998,0,0,55
290704,9,20,4,15,36.92113889,-94.24497222,12,1,1,2,998,0,0,45
290705,9,26,3,13,38.29988889,-92.82197222,34,1,1,1,50,1,0,55
290706,9,29,6,9,37.24870833,-93.31103333,8,1,1,1,998,0,0,99
290707,9,30,7,8,36.03922222,-90.3295,1,1,1,1,999,1,0,60
290708,9,30,7,19,37.72941667,-90.00144444,38,1,1,1,999,1,1,55
290710,9,30,7,21,39.02041389,-94.29973889,42,2,1,1,998,1,1,25
290711,9,30,7,22,37.59469444,-90.33877778,11,2,1,1,998,1,1,55
290712,10,13,6,18,37.00869444,-94.55786111,12,1,10,2,998,1,0,35
290713,10,13,6,19,38.99091111,-94.55274722,23,3,10,2,998,1,1,55
290714,10,13,6,2,38.59147778,-90.2742,30,3,1,1,998,1,1,35
290715,10,14,7,2,39.08318889,-90.89775556,1,2,5,1,999,1,1,50
290716,10,14,7,4,39.04271667,-94.36843333,25,2,2,3,998,1,0,65
290717,10,14,7,15,38.97111667,-94.57661944,8,1,10,1,55,0,0,45
290718,10,14,7,22,37.18199444,-93.27691667,18,3,5,2,0,1,0,40
290719,10,14,7,13,38.95335556,-94.53031944,12,1,10,2,93,2,0,40
290720,10,14,7,4,38.61899167,-90.21991667,42,3,1,1,998,1,1,35
290721,10,14,7,18,39.38183889,-93.24275556,35,1,10,1,998,1,0,55
290722,10,15,1,21,38.81305556,-94.49747222,12,3,10,2,998,1,0,40
290723,10,16,2,18,39.37023333,-94.37090556,12,2,1,2,998,0,0,70
290724,10,17,3,14,38.40130556,-90.376,12,1,1,2,999,1,0,50
290725,10,17,3,16,39.20269444,-93.46375,12,1,1,3,999,2,0,60
290726,10,18,4,16,38.69756944,-90.24120556,30,1,1,1,998,1,0,35
290727,10,7,7,16,38.521975,-90.3229,25,1,1,1,998,1,0,50
290728,10,7,7,13,38.12633333,-93.28036111,58,1,1,1,68,2,0,60
290729,10,8,1,12,38.57665833,-92.17046389,8,1,1,1,998,0,0,20
290730,10,8,1,14,39.44,-93.14958333,32,1,1,1,998,1,0,60
290731,10,8,1,22,38.58433889,-90.22731111,12,3,1,2,998,1,0,35
290732,10,8,1,9,37.84363889,-90.50108333,12,1,1,2,998,1,0,35
290733,10,10,3,17,38.80577778,-94.45688889,12,1,1,2,60,1,1,40
290734,10,10,3,9,38.99219444,-93.56955556,35,1,1,1,998,1,0,70
290735,10,11,4,22,38.93927778,-92.60916667,8,3,1,1,999,0,0,70
290736,10,11,4,17,38.65508333,-93.91719444,49,1,10,1,60,0,0,55
290737,10,11,4,6,36.84033333,-89.68619444,12,2,1,2,60,1,0,65
290738,10,11,4,3,38.62591389,-90.20188889,12,3,1,2,998,1,1,35
290739,10,12,5,21,38.34283333,-90.64586111,59,2,1,1,998,1,1,35
290740,10,12,5,15,38.81196389,-90.29366667,12,1,1,2,998,1,0,40
290741,10,12,5,18,38.48741667,-90.74930556,12,1,1,2,0,0,0,70
290742,9,18,2,23,38.94254444,-92.33333611,1,3,1,1,998,1,0,35
290743,10,18,4,15,38.57791944,-94.3507,1,1,5,1,998,1,0,70
290744,10,19,5,12,37.23069444,-89.63905556,12,1,1,3,58,0,0,60
290745,10,19,5,13,39.21044444,-92.08636111,12,1,1,2,16,0,0,50
290746,10,19,5,20,37.15996944,-93.29313611,1,3,10,2,998,0,0,0
290747,10,20,6,11,39.70358333,-91.40336111,12,1,1,2,998,1,0,35
290748,10,20,6,21,38.77322222,-90.31341667,8,3,1,1,999,0,1,50
290749,10,20,6,10,36.60036111,-92.43177778,12,1,1,2,12,1,0,50
290750,10,20,6,6,36.73322222,-90.43469444,8,2,1,1,999,0,0,45
290751,10,21,7,21,38.60056944,-90.207425,33,2,1,1,998,1,0,35
290752,10,21,7,21,39.09548333,-94.57284722,12,3,1,2,998,0,0,35
290754,10,21,7,6,39.75063889,-92.38336111,12,2,1,2,24,1,0,50
290755,10,21,7,14,36.563,-91.21386111,1,1,1,1,998,1,1,55
290756,10,21,7,20,36.63794444,-93.27722778,8,3,1,1,998,0,0,35
290757,10,16,2,8,37.82919444,-90.77638889,42,1,1,1,999,2,0,55
290758,10,22,1,19,39.14769444,-91.84402778,12,2,1,2,998,1,0,65
290759,10,22,1,19,38.17991667,-90.38972222,1,2,1,1,998,1,1,55
290760,10,22,1,2,37.89177778,-93.66224444,35,2,1,1,998,1,1,60
290761,10,22,1,3,37.41677778,-92.88619444,8,2,1,1,999,0,0,60
290762,10,22,1,2,39.25856389,-94.59520278,9,2,1,1,64,0,1,65
290763,10,22,1,19,38.77058333,-90.23080556,8,3,1,1,999,0,0,60
290764,10,22,1,21,37.39791667,-93.29291667,1,2,1,1,998,1,1,55
290765,10,23,2,8,38.67320278,-90.41471944,8,1,1,1,998,0,0,35
290766,10,23,2,7,36.57416667,-91.57936111,12,2,10,3,75,0,0,65
290767,10,23,2,5,38.91019444,-91.13452778,32,2,10,1,998,1,0,55
290768,10,23,2,5,38.53785833,-90.33602222,8,2,1,1,998,0,0,40
290769,10,24,3,11,38.93425,-94.27575,12,1,10,2,998,0,0,45
290770,10,25,4,9,39.00962778,-94.602375,42,1,2,1,998,1,0,35
290771,10,26,5,19,36.75791667,-90.38425,8,2,10,1,999,0,0,40
290772,10,27,6,9,37.96033333,-91.57291667,1,1,10,1,998,1,0,55
290773,10,27,6,16,38.76194444,-90.47530556,12,1,2,2,68,1,0,60
290774,10,28,7,0,39.12383333,-92.465,35,2,10,1,91,1,1,55
290775,10,28,7,18,38.70111111,-90.46066667,8,2,2,2,998,0,0,35
290776,10,28,7,22,38.21927778,-93.70186111,35,2,2,1,999,1,1,55
290777,10,29,1,7,38.02472222,-91.54791667,14,1,2,1,999,1,0,70
290778,10,30,2,5,37.75455556,-92.51055556,8,2,10,1,46,0,0,55
290779,10,30,2,6,39.69811111,-94.01688889,18,2,1,1,115,1,0,60
290780,11,1,4,7,39.77695833,-94.71169167,12,4,1,2,999,1,0,35
290781,11,2,5,12,37.08636111,-93.85425,59,1,1,1,70,2,0,70
290782,11,2,5,9,37.56363889,-94.47772222,12,1,1,2,43,1,0,55
290783,11,3,6,18,38.75963889,-90.27972222,8,3,1,1,38,0,0,35
290784,11,3,6,3,38.74897222,-90.30127778,59,3,1,1,998,1,0,35
290785,11,3,6,13,37.50777778,-93.36288889,35,1,1,1,998,1,0,65
290786,11,3,6,21,36.23672222,-90.02884444,8,2,1,1,998,0,0,45
290787,5,28,1,99,38.25511111,-90.42538889,1,2,1,1,998,1,1,35
290788,11,5,1,6,37.56272222,-91.86266667,24,2,1,1,998,1,1,65
290789,11,6,2,1,39.043575,-94.37591944,12,2,1,2,998,0,0,65
290790,11,6,2,1,39.04436111,-94.37557222,58,2,1,1,998,1,0,65
290791,11,7,3,23,38.51397222,-90.33519444,8,3,1,1,999,0,0,60
290792,11,7,3,16,36.65510278,-93.29850556,24,1,1,1,998,1,0,35
290793,11,7,3,12,39.07772778,-94.41378611,93,1,10,1,998,1,1,35
290794,11,7,3,14,36.92511111,-90.24555556,1,1,1,1,998,1,0,55
290795,11,8,4,17,38.72698889,-90.27278056,8,2,1,1,38,0,0,40
290796,11,8,4,6,37.21258333,-93.38108333,8,2,1,1,998,0,0,45
290797,11,8,4,10,39.00411389,-94.55540278,42,1,10,1,998,1,0,45
290798,11,9,5,11,38.83813611,-90.30411111,32,1,1,1,998,1,0,35