ST_CASE,MONTH,DAY,DAY_WEEK,HOUR,LATITUDE,LONGITUD,HARM_EV,LGT_COND,WEATHER,VE_FORMS,TRAV_SP,DEATHS,DR_DRINK,VSPD_LIM
290799,11,9,5,18,38.96796111,-90.95728889,59,3,1,1,998,1,0,35
290800,11,9,5,18,38.97748889,-94.57636111,43,3,1,1,85,1,1,40
290801,11,10,6,18,37.78597222,-92.25927778,8,2,1,1,999,0,0,55
290802,8,5,7,21,38.95535,-92.38797778,1,3,1,3,998,0,0,0
290803,9,21,5,18,38.96605,-92.29455556,1,1,1,1,998,2,0,65
290804,9,26,3,23,38.93913889,-92.35231667,12,2,2,2,998,1,1,50
290805,10,7,7,20,38.91785278,-92.31644444,42,2,1,1,998,1,0,30
290806,11,10,6,18,37.13541667,-94.47494444,8,2,1,1,998,0,0,35
290807,11,10,6,1,37.21059444,-93.27828333,33,3,1,1,998,1,1,30
290808,11,11,7,20,38.95500833,-93.11696667,57,2,1,3,999,1,1,70
290809,11,11,7,11,37.05030556,-94.47480556,8,1,1,1,998,0,0,25
290810,11,11,7,1,37.60774444,-93.04107222,1,2,1,1,998,1,1,55
290811,11,13,2,10,37.01991389,-92.8128,12,1,1,2,998,0,0,55
290812,11,13,2,16,36.09025,-90.15075,34,1,10,1,998,1,0,55
290813,11,13,2,18,37.26619444,-93.37608333,34,2,1,1,998,1,0,60
290814,11,14,3,17,37.19706389,-93.30923333,8,3,1,1,998,0,0,35
290815,11,15,4,14,39.02463889,-94.22425,12,1,1,3,999,0,0,70
290816,11,15,4,10,39.00233333,-94.48138889,12,1,1,2,998,1,0,25
290817,11,16,5,13,39.21288889,-92.14747222,12,1,10,2,23,1,0,35
290818,11,16,5,13,40.52722222,-92.37747222,12,1,10,2,998,0,0,55
290819,11,16,5,23,37.91613611,-93.48708056,59,2,1,1,998,1,0,55
290820,11,16,5,10,38.76966667,-90.77611111,12,1,10,2,73,1,0,65
290821,11,16,5,23,37.11977778,-94.54802778,34,2,10,1,998,1,1,45
290822,11,16,5,17,39.05610556,-94.46290556,8,3,1,1,998,0,0,40
290823,11,18,7,23,38.95833333,-92.20694444,8,2,1,1,35,0,0,55
290824,11,18,7,15,37.17497222,-89.63327778,58,1,1,1,998,1,0,55
290825,11,18,7,16,37.11033333,-93.05886111,24,1,1,1,998,1,0,60
290826,11,18,7,17,39.11220556,-94.51161667,8,3,1,1,998,0,0,35
290827,11,18,7,22,37.62063889,-91.54255556,53,2,1,1,998,1,0,55
290828,11,18,7,2,39.13749444,-94.58716389,24,2,1,1,998,1,0,55
290829,11,19,1,10,38.79627778,-90.25055556,59,1,1,2,998,0,1,35
290830,11,19,1,18,38.97155556,-93.27169444,24,2,2,1,999,1,0,70
290831,11,15,4,17,37.99463889,-92.09811111,8,3,1,1,998,0,0,35
290832,11,22,4,4,38.76022222,-90.27969444,12,3,1,2,110,0,1,35
290833,11,23,5,13,38.64444444,-90.50963889,12,1,1,2,38,1,0,60
290834,11,24,6,6,38.78802778,-90.53991667,8,2,10,1,60,0,0,50
290835,11,25,7,14,37.05722222,-94.47829722,8,1,1,1,998,0,0,40
290836,11,26,1,9,38.86402778,-94.26619444,12,1,1,3,999,0,0,55
290837,11,26,1,7,38.48891667,-94.3415,14,1,10,1,71,1,0,70
290838,11,26,1,21,39.02654722,-94.55515833,12,3,10,2,102,1,1,35
290839,11,26,1,12,39.10565556,-94.53148611,12,1,10,2,67,0,0,35
290840,11,27,2,17,38.43913889,-91.02094444,8,2,10,1,35,0,0,45
290841,11,27,2,22,36.75883333,-89.86263889,42,2,1,1,998,1,1,55
290843,11,27,2,12,36.587,-93.96925,12,1,1,2,998,1,0,55
290844,11,28,3,22,38.39141111,-90.37429722,8,2,1,1,998,0,0,50
290845,11,29,4,17,38.04883333,-90.25513889,8,2,1,1,998,0,0,55
290846,11,29,4,14,39.08174722,-94.47827222,12,1,1,2,59,0,0,55
290847,11,19,1,11,37.54847222,-93.13758333,1,1,10,1,998,2,0,65
290848,11,19,1,7,38.606925,-90.24136944,12,1,1,5,998,0,0,35
290849,11,19,1,5,39.11583333,-94.56471944,12,3,10,2,62,1,1,55
290850,11,20,2,18,38.56319444,-90.24101667,8,3,2,1,998,0,0,30
290851,11,20,2,6,39.12533333,-92.40744444,12,2,10,2,63,1,0,55
290852,11,20,2,10,37.86138889,-90.76602778,12,1,10,2,51,1,0,55
290853,11,21,3,14,37.96066667,-93.99597222,12,1,10,2,53,0,0,55
290854,11,21,3,14,38.72494444,-90.49841667,12,1,1,2,998,1,1,55
290855,11,21,3,1,37.97472222,-91.75402778,25,2,10,1,998,1,0,50
290856,11,21,3,5,38.36859444,-94.14266944,42,3,10,1,998,1,0,55
290857,11,3,6,18,38.85447222,-90.22786111,12,2,1,2,999,0,0,55
290858,11,29,4,11,36.58633333,-93.95421667,9,1,1,1,999,0,0,45
290859,11,30,5,99,37.92808333,-93.47591667,38,9,10,1,998,1,1,60
290860,12,1,6,20,36.818,-94.01163889,12,2,5,2,998,1,0,55
290861,12,2,7,16,37.16880556,-92.55422222,35,3,2,1,85,1,1,55
290862,12,2,7,17,40.24549167,-92.12941667,59,2,2,1,998,1,0,55
290863,12,3,1,18,38.83216667,-92.23861111,12,3,1,2,39,0,0,55
290864,12,3,1,7,39.06348611,-94.49990833,12,1,10,2,104,1,1,55
290865,12,3,1,22,38.246825,-92.64658056,30,2,2,1,998,1,1,50
290866,12,4,2,13,37.24061944,-93.27478889,12,1,1,2,998,0,0,40
290867,12,4,2,15,38.42095,-91.21170278,35,1,1,1,998,1,0,55
290868,12,4,2,14,37.15773333,-93.27171111,12,1,1,2,998,1,0,35
290869,12,4,2,14,39.0945,-94.54312222,12,1,1,2,998,2,0,55
290870,12,4,2,16,37.19441667,-92.03863889,12,1,1,3,53,1,0,65
290871,12,5,3,17,36.05947222,-89.83269444,8,2,1,1,999,0,0,70
290872,12,5,3,3,38.33475,-94.34602778,8,2,1,1,998,0,0,70
290873,12,5,3,17,36.06075,-89.83113889,12,2,1,2,72,0,0,70
290874,12,5,3,14,36.55152778,-94.18205556,12,1,1,2,999,1,1,45
290875,12,6,4,23,39.04634722,-94.42484167,12,2,1,2,998,0,0,65
290876,12,7,5,16,37.21313889,-93.42641667,12,1,1,3,9,0,0,0
290877,12,7,5,17,37.63402778,-91.47338889,8,2,1,1,998,0,0,55
290878,12,7,5,15,36.94469444,-92.28494444,12,1,1,2,998,1,0,55
290879,12,11,2,0,39.07981667,-94.42994444,21,2,10,1,998,1,1,40
290880,12,11,2,17,39.06970833,-94.54823889,12,3,1,2,998,0,0,25
290881,12,12,3,21,37.07416667,-91.91119444,34,2,1,1,998,1,1,50
290882,12,13,4,2,40.18105556,-94.52022222,59,2,1,1,998,1,1,60
290883,11,20,2,14,38.53581667,-90.30671389,12,1,10,3,998,0,0,35
290884,12,13,4,21,37.66275,-90.56430556,12,2,1,2,73,2,0,55
290885,12,13,4,16,38.82213611,-90.261725,12,1,1,3,100,0,0,45
290886,12,13,4,0,37.85987778,-92.41420556,8,2,1,1,999,0,0,55
290887,12,13,4,11,36.61052778,-92.15444444,58,1,1,1,998,1,1,55
290888,12,14,5,23,38.6715,-92.85957222,35,2,1,1,998,1,0,60
290889,12,14,5,21,38.78559722,-94.33015278,1,2,1,1,998,1,0,55
290890,12,15,6,18,36.65641944,-94.06110556,58,2,1,1,998,1,1,50
290891,12,15,6,13,37.7641,-93.55941944,58,1,1,1,79,1,0,65
290892,12,15,6,17,38.60213056,-90.22954722,8,3,1,1,998,0,0,35
290893,12,16,7,4,38.98026389,-94.54665,23,3,2,1,998,1,1,55
290894,12,16,7,1,39.14275,-92.54338889,58,2,2,1,50,1,1,55
290895,12,16,7,15,38.9943,-92.74554444,18,1,10,1,999,1,1,50
290896,12,16,7,23,39.02825,-94.25636111,8,2,10,1,998,0,0,65
290897,12,16,7,11,39.214725,-94.56093333,42,1,10,1,998,1,0,25
290898,12,17,1,2,38.557125,-90.27882778,43,3,2,1,998,1,1,35
290899,12,17,1,14,38.79217778,-90.58443056,12,1,1,2,998,1,0,40
290900,11,23,5,15,38.70543333,-90.36181667,30,1,1,1,998,1,0,35
290901,12,18,2,18,39.03813889,-94.42946389,8,2,10,1,998,0,0,25
290902,12,18,2,20,39.04003889,-94.52781111,42,3,1,1,998,1,1,45
290903,12,19,3,21,38.57226111,-92.17294444,30,3,1,1,998,1,1,40
290904,12,20,4,17,38.95752222,-92.28958611,8,1,10,1,998,0,0,30
290905,12,20,4,18,36.463,-90.12522222,9,2,1,1,999,0,1,55
290906,12,20,4,15,37.08394444,-93.09841667,42,1,1,1,998,1,0,30
290907,12,21,5,2,38.77697222,-90.51080556,33,2,1,1,998,1,1,60
290908,12,22,6,0,36.9605,-91.93230556,1,2,2,1,998,1,0,65
290909,12,22,6,15,37.19717778,-93.31716944,8,1,10,1,998,0,0,45
290910,12,22,6,6,39.21345,-94.76202778,8,2,5,2,998,0,1,70
290911,12,22,6,15,38.90942222,-94.39130278,12,1,10,3,998,1,0,60
290912,12,23,7,4,36.72352222,-91.69449722,38,2,10,1,75,1,1,55
290913,12,24,1,18,37.01558333,-93.89802778,19,2,2,1,999,1,0,35
290914,12,24,1,3,38.88697222,-94.52522778,12,3,1,2,998,0,1,65
290916,12,26,3,16,38.590975,-90.26884444,8,1,1,1,998,0,0,30
290917,12,26,3,20,39.61493056,-92.95455,42,2,4,1,998,1,1,55
290918,12,27,4,16,36.67019444,-91.72961111,12,1,10,3,67,1,0,65
290919,12,27,4,13,39.03424444,-94.50019722,12,1,4,2,64,1,0,65
290920,12,28,5,18,37.82297222,-94.40191667,59,2,10,1,998,1,1,50
290921,12,28,5,19,39.08015,-94.44104167,8,3,1,1,998,0,0,40
290922,12,29,6,6,37.3016,-94.48617778,12,2,10,2,999,0,0,55
290923,12,29,6,14,38.987,-93.19663889,32,1,1,1,998,1,0,65
290924,12,29,6,12,36.69649722,-94.01576944,42,1,1,1,998,1,0,55
290925,12,29,6,22,37.26040833,-93.30143611,59,2,1,1,998,1,1,45
290926,12,30,7,99,39.30571667,-94.78840278,58,9,99,1,998,1,0,55
290927,12,30,7,3,36.69722222,-92.52125,12,2,1,2,62,1,0,60
290928,12,30,7,19,38.23020556,-90.48432222,38,2,10,1,998,1,0,35
290929,12,31,1,17,37.55178611,-90.22543611,12,2,1,2,51,1,0,55
290930,12,31,1,23,39.09430556,-94.57183056,20,3,10,1,119,1,0,45
290931,12,31,1,6,38.46031389,-91.01172222,42,2,10,1,998,1,0,40
290932,2,25,7,12,39.01148611,-94.57463611,12,1,1,2,998,1,0,35
290933,4,29,7,17,39.04132222,-94.27163333,1,1,1,1,998,1,0,45
290934,12,30,7,18,38.95167222,-92.336525,8,3,1,1,42,0,0,30
290935,6,20,3,12,38.22855556,-92.72891667,5,1,1,1,998,1,0,0
300001,1,1,1,0,45.75513889,-108.6589222,58,3,1,1,78,1,1,60
300002,1,22,1,20,45.19170833,-112.6719083,31,2,10,1,998,1,1,80
300003,1,22,1,19,46.8033,-114.0974833,12,2,4,2,998,1,0,65
300004,2,3,6,13,46.71581944,-113.3051583,25,1,10,1,86,1,0,80
300005,1,20,6,2,45.68002778,-111.0123,51,2,4,1,998,2,0,70
300006,1,12,5,16,45.00574722,-111.6482806,12,1,10,3,998,0,0,65
300007,2,6,2,19,47.29074722,-114.2532,12,2,10,2,0,1,0,65
300008,1,10,3,17,45.93139167,-108.3842222,12,2,1,2,998,1,0,55
300009,1,18,4,14,47.44561389,-111.1954944,1,1,1,1,46,1,1,70
300010,2,22,4,8,46.86974722,-109.7657556,12,1,4,2,998,0,0,65
300011,2,13,2,17,45.40957222,-110.6797917,38,1,1,1,998,1,1,35
300012,3,9,5,8,45.46401111,-108.8195556,35,1,1,1,998,1,1,40
300013,2,19,1,5,45.67989722,-108.7150194,1,4,11,1,998,1,0,65
300014,2,17,6,1,45.784175,-108.6528944,46,3,1,1,74,1,1,45
300015,3,12,1,5,45.87657222,-112.0807167,12,2,10,2,0,1,1,80
300016,3,31,6,7,46.92418056,-112.8630528,12,4,10,2,998,1,0,70
300017,4,3,2,23,45.36059444,-108.9232917,31,2,10,1,97,1,1,65
300018,4,20,5,23,46.37604167,-113.3129,31,2,1,1,998,1,1,65
300019,1,27,6,20,48.09669167,-114.5497694,12,2,4,2,998,1,0,65
300020,1,7,7,13,45.60284167,-111.1961306,12,1,1,4,62,1,1,55
300021,3,6,2,4,47.54495556,-114.1121361,18,2,10,1,65,1,1,65
300022,3,9,5,7,47.870425,-114.2692694,1,1,10,1,998,1,0,70
300023,4,2,1,9,46.17773889,-114.1820528,12,1,10,2,998,0,0,70
300024,3,17,6,17,45.14556389,-107.3734944,12,1,10,2,90,1,0,80
300025,5,5,6,15,45.42794722,-108.5430361,31,1,2,1,998,1,1,45
300026,4,13,5,22,46.93567778,-114.1182,8,2,1,1,998,0,0,55
300027,4,17,2,18,46.23815278,-108.461425,52,1,1,1,998,2,1,70
300028,5,15,2,12,46.31083889,-112.0790333,1,1,1,1,998,1,0,80
300029,3,31,6,3,47.19453056,-114.1038167,8,2,10,1,998,0,0,65
300030,3,24,6,22,48.06059167,-113.9745722,35,2,10,1,67,1,1,55
300031,3,11,7,2,48.37073889,-114.2390278,8,3,4,1,49,0,1,60
300032,5,6,7,3,47.17705833,-113.4656972,24,2,2,1,998,1,1,35
300033,6,11,1,9,44.88826111,-112.8185028,1,1,1,1,998,2,0,80
300034,3,31,6,6,48.33257222,-114.2413083,18,4,1,1,64,1,1,65
300035,5,31,4,20,47.02968056,-112.4541,24,1,1,1,69,1,1,70
300036,6,6,3,15,46.935875,-112.8496,1,1,1,1,47,1,1,70
300037,5,5,6,20,45.62345833,-106.6658306,32,5,2,1,998,1,1,35
300038,5,14,1,22,46.89683056,-114.0140222,59,2,1,1,77,1,1,0
300039,5,3,4,0,47.41548056,-114.0968,11,2,10,1,77,1,0,65
300040,5,19,6,16,46.89370833,-114.1077472,12,1,1,2,62,1,0,35
300041,5,30,3,13,46.31520833,-114.1554222,12,1,1,2,998,0,0,45
300042,6,4,1,18,46.790225,-114.1028611,42,1,1,1,140,1,0,65
300043,5,24,4,21,45.94249167,-108.1514722,59,2,1,1,55,1,1,35
300044,6,3,7,16,48.031475,-114.9159722,31,1,10,1,55,1,0,70
300045,6,2,6,5,48.39283333,-112.5973556,1,2,1,1,108,1,1,65
300046,4,7,6,16,46.443425,-114.1354361,12,1,1,2,998,1,0,65
300047,6,26,2,3,45.33806944,-105.2098306,59,2,1,1,998,1,1,65
300048,6,21,4,22,46.34545556,-114.0615417,38,2,1,1,40,1,0,65
300049,5,19,6,12,45.83019444,-109.8941222,1,1,5,1,998,1,0,80
300050,5,16,3,18,45.52756667,-111.2427944,12,1,2,3,998,1,0,70
300051,5,13,7,13,47.42540833,-111.5165194,9,1,10,1,40,0,0,45
300052,2,16,5,8,47.55103889,-111.5063444,8,1,10,1,28,0,0,25
300053,6,15,5,11,48.79943611,-105.4657,31,1,1,1,998,1,0,70
300054,6,16,6,2,46.27446111,-111.3677722,1,2,1,1,998,1,1,45
300055,5,19,6,17,48.27941944,-115.8425944,12,1,1,2,25,0,0,70
300056,5,20,7,19,45.38478611,-111.1937944,1,5,1,1,998,1,1,60
300057,6,5,2,15,48.43774444,-114.0416806,12,1,1,6,998,0,0,65
300058,6,16,6,14,48.04122778,-114.8745472,12,1,1,3,998,1,0,70
300059,6,19,2,16,47.68156389,-114.1207028,12,1,10,2,998,0,0,45
300060,6,21,4,9,45.656875,-109.2818056,31,1,10,1,998,1,0,80
300061,6,23,6,14,45.11794722,-111.226625,1,1,1,1,998,1,0,60
300062,6,30,6,16,45.70939167,-108.3302083,38,1,1,1,998,1,1,55
300063,7,5,4,14,45.05758333,-109.9553333,1,1,1,1,998,1,0,70
300064,7,8,7,14,45.02748333,-109.8975111,1,1,1,1,998,1,0,55
300065,7,9,1,23,48.09188889,-105.1948444,5,2,1,1,998,1,0,70
300066,7,14,6,22,45.44448333,-111.7102861,1,2,1,1,55,1,0,15
300067,7,15,7,12,45.03703333,-109.4106611,1,1,10,3,998,1,0,45
300068,7,17,2,22,45.63005278,-106.2929861,1,2,1,1,998,1,1,55
300069,7,21,6,15,46.77613333,-114.3831028,1,1,1,1,71,1,1,60
300070,7,23,1,17,45.8927,-111.9636806,12,1,1,2,999,1,1,70
300071,7,31,2,15,45.90711111,-114.0833083,24,1,1,1,998,1,0,65
300072,8,7,2,11,45.47027222,-113.4589833,12,1,10,2,998,1,0,70
300073,8,10,5,18,46.37336389,-112.7389,31,1,1,1,998,1,1,80
300074,7,9,1,2,45.14762778,-107.3722222,1,2,1,1,83,1,0,80
300075,7,6,5,8,48.37075,-114.2639861,12,1,1,2,998,1,0,60
300076,6,17,7,19,45.08400833,-109.0299139,12,1,10,2,998,1,1,70
300077,8,1,3,20,45.95641667,-111.0971222,8,1,10,1,998,0,0,70
300078,7,3,2,19,48.33211111,-114.2409167,12,1,1,2,998,1,0,65
300079,8,19,7,12,45.72923611,-111.1851333,12,1,1,2,998,1,0,45
300080,8,6,1,22,45.81763889,-111.2579583,12,3,10,2,998,0,0,65
300081,8,3,5,13,45.86224167,-111.2430028,12,1,10,2,60,0,0,70
300082,9,7,5,22,46.70637778,-111.9562889,12,2,10,2,37,1,1,65
300083,8,26,7,23,45.85345556,-111.0770361,59,2,1,1,998,1,1,65
300084,8,25,6,19,45.75716111,-110.8784944,34,1,10,1,135,1,0,70
300085,8,29,3,2,47.51162222,-111.4247056,11,2,1,1,998,1,0,45
300086,9,28,5,8,47.4417,-111.475225,1,1,1,1,998,1,0,80
300087,8,12,7,21,46.21505278,-114.1248417,11,2,1,1,53,1,1,45
300088,8,15,3,17,48.04395,-115.0870028,1,1,1,1,998,1,0,70
300089,7,19,4,18,46.01525556,-108.7962306,12,1,1,2,998,1,1,70
300090,7,2,1,20,48.05418333,-114.073,12,5,1,2,998,1,1,50
300091,7,21,6,18,45.16803333,-107.3650083,1,1,1,1,998,1,0,80
300092,7,17,2,0,48.07108889,-115.2470361,52,2,1,1,86,1,1,65
300093,7,17,2,18,45.89694444,-108.6683917,12,1,1,3,68,1,0,70
300094,8,28,2,18,45.69455,-107.5193528,10,1,1,1,0,1,0,70
300095,8,24,5,16,45.03884722,-107.3280139,42,1,1,1,998,1,0,80
300096,10,8,1,14,46.23924722,-113.3101028,31,1,1,1,998,1,0,50
300097,7,17,2,1,48.40992778,-108.4902,8,2,1,1,998,0,0,65
300098,6,18,1,0,48.39150833,-114.0356083,8,3,1,1,998,0,1,15
300099,9,9,7,15,46.57330833,-111.8289417,12,1,1,2,16,0,0,70
300100,8,12,7,20,48.86569167,-115.0239833,1,1,1,1,998,1,0,70
300101,9,11,2,20,46.93591111,-114.1851222,32,2,1,1,71,1,1,55
300102,6,23,6,0,48.46330278,-115.8958389,12,3,10,2,998,1,1,25
300103,10,3,3,20,47.56642778,-114.6325167,1,2,1,1,69,1,0,65
300104,7,2,1,8,48.56669722,-110.0846306,31,1,10,1,60,1,0,70
300105,7,16,1,21,48.388375,-114.0943056,1,1,1,1,998,1,0,50
300106,9,7,5,4,45.28010833,-109.2155306,1,2,1,1,998,1,1,65
300107,8,29,3,18,48.33842222,-114.3254417,1,1,10,1,998,1,1,40
300108,9,18,2,11,48.21111111,-114.1592139,9,1,10,1,57,0,0,70
300109,10,7,7,1,46.87238333,-113.9305361,24,2,1,1,998,1,1,65
300110,9,15,6,22,48.06863611,-115.2683,5,2,10,1,60,1,0,65
300111,10,1,1,11,48.11140833,-114.5965111,12,1,10,2,998,1,0,70
300112,10,2,2,4,45.61448889,-106.3778944,12,2,10,2,998,1,1,65
300113,6,16,6,23,48.28035556,-112.8277611,31,2,1,1,998,1,0,35
300114,9,13,4,16,45.83371944,-111.2905528,12,1,10,2,93,1,0,80
300115,10,14,7,13,48.06694444,-113.9746222,1,1,10,1,998,1,1,70
300116,9,23,7,14,46.92628611,-114.1667167,12,1,1,2,27,1,0,55
300117,10,16,2,0,46.6484,-112.0214333,8,2,10,1,41,0,0,50
300118,10,1,1,20,45.66402222,-110.9713472,31,2,2,1,998,1,0,75
300119,5,2,3,16,46.57593611,-111.9766889,1,1,1,1,998,1,1,80
300120,10,24,3,22,46.69641667,-114.0735167,12,2,2,2,998,1,1,65
300121,12,22,6,19,46.59901389,-112.04375,12,3,1,2,80,1,0,35
300122,11,10,6,6,45.85711667,-112.4393639,12,2,10,2,998,0,0,60
300123,10,14,7,23,48.35376389,-115.5275111,8,2,1,1,43,0,0,50
300124,10,4,4,15,48.30231944,-112.3364833,12,1,10,2,94,1,1,70
300125,9,17,1,2,48.42055278,-106.2594389,31,2,1,1,112,1,1,65
300126,12,22,6,21,46.25581944,-106.6932222,17,3,1,1,998,1,0,35
300127,10,13,6,14,46.26661389,-106.6611389,12,1,10,2,998,1,0,80
300128,10,15,1,17,47.86665,-114.2849722,31,1,1,1,998,1,0,70
300129,11,22,4,4,46.08996944,-111.5280833,8,2,10,1,998,0,0,65
300130,9,13,4,23,45.722175,-111.1646,38,2,10,1,998,1,1,25
300131,10,26,5,10,46.99333333,-114.4455167,24,1,4,1,70,1,0,80
300132,10,25,4,10,45.25795278,-108.9274139,12,1,4,2,998,0,0,70
300133,9,5,3,20,45.88596389,-108.4044139,12,5,10,2,998,1,1,60
300134,11,6,2,3,45.8275,-108.2936639,38,2,1,1,998,1,1,60
300135,11,5,1,14,46.59145833,-111.9708417,8,1,1,1,998,0,0,55
300136,5,3,4,22,45.78398333,-108.5245861,42,3,1,1,60,1,1,35
300137,7,18,3,6,45.78407778,-108.6007639,12,1,1,2,45,0,0,35
300138,9,19,3,3,45.769875,-108.5309389,8,3,1,1,25,0,0,35
300139,12,9,7,7,45.83199722,-108.4764861,12,1,10,2,80,1,0,35
300140,12,16,7,1,45.78609444,-108.4922472,30,3,1,1,70,4,1,35
300141,11,12,1,16,47.42066389,-114.5980583,31,5,1,1,998,1,0,70
300142,10,25,4,1,47.313275,-114.8667472,42,2,4,1,59,1,1,65
300143,8,23,4,18,45.56685556,-108.8418778,12,1,1,2,50,0,0,70
300144,10,21,7,18,47.19206111,-110.9202889,31,5,1,1,998,1,0,70
300145,8,26,7,20,48.07629167,-105.7880889,12,2,1,3,998,1,1,65
300146,12,11,2,0,48.07256667,-112.1031361,31,2,10,1,85,1,1,65
300147,12,22,6,9,46.94773611,-112.9592306,12,1,1,2,75,0,0,70
300148,12,24,1,23,45.66481944,-110.5492889,14,3,1,1,998,1,1,25
300149,11,1,4,0,48.39133611,-114.2409,42,2,10,1,998,1,1,35
300150,11,4,7,2,48.11450278,-114.6014722,72,2,10,1,998,1,1,65
300151,12,21,5,15,47.32455556,-106.9094389,12,1,1,2,998,1,1,25
300152,5,4,5,21,46.87703056,-114.0106861,8,3,98,1,998,0,0,35
300153,6,7,4,18,46.90356389,-114.0393194,12,1,98,2,20,0,0,98
300154,7,3,2,23,46.01388889,-112.5586139,8,3,10,1,998,0,1,25
300155,10,6,6,15,47.52174722,-111.2443111,12,1,1,2,998,0,0,98
300156,10,20,6,1,46.87906944,-113.90675,8,2,1,1,998,0,0,65
300157,9,24,1,0,45.57228056,-106.893975,12,2,10,2,998,1,1,65
300158,9,8,6,18,45.89099722,-108.3084333,42,1,10,1,998,1,0,25
300159,10,21,7,20,48.61219444,-112.3589083,12,2,1,2,82,0,1,65
300160,11,16,5,8,45.34918333,-112.4992083,12,1,1,2,998,0,0,55
300161,11,23,5,12,48.02520556,-111.8218611,1,1,10,1,998,1,0,80
300162,10,29,1,3,48.13825833,-114.4557972,1,2,1,1,998,1,1,60
300163,10,10,3,13,46.57558056,-108.5912417,12,1,1,2,998,1,0,70
300164,10,7,7,17,45.56285,-107.6908944,1,1,1,1,998,1,1,70
300165,10,1,1,1,45.80528056,-111.2357667,31,2,10,1,998,1,0,80
300166,12,16,7,17,47.01595,-114.1195278,12,2,10,3,998,2,0,65
300167,12,13,4,7,45.79313611,-108.8269278,31,4,1,1,998,1,0,70
300168,12,3,1,14,46.82794444,-114.0657083,12,1,4,2,998,1,0,65
300169,4,6,5,20,45.80368333,-108.4777611,8,3,1,1,38,0,1,35
300170,4,8,7,15,45.78703056,-108.5033972,12,1,1,2,998,1,0,35
300171,5,20,7,23,45.78703889,-108.5033972,12,2,1,2,75,0,0,35
300172,7,14,6,4,45.74827778,-108.5563028,12,3,1,2,998,0,0,98
300173,6,26,2,17,45.75799167,-108.617475,12,1,10,2,20,0,1,45
300174,7,17,2,17,47.50786389,-111.3221694,8,1,1,1,998,0,0,30
300175,7,21,6,16,46.86685278,-114.0186389,8,1,98,1,998,0,0,30
300176,8,29,3,5,46.84876667,-114.0442083,8,4,1,1,35,0,0,35
300177,9,1,6,21,46.87051944,-114.0027306,12,3,1,2,998,0,0,98
300178,9,13,4,22,46.87666389,-114.0093278,8,2,1,1,35,0,0,35
300179,12,23,7,2,48.14328056,-104.7626,35,2,1,1,998,1,1,55
300180,9,13,4,20,46.39110278,-111.5771972,12,2,10,2,998,1,0,98
300181,8,19,7,14,45.68786944,-108.1337444,1,1,1,1,48,1,0,70
300182,12,28,5,18,47.02274167,-105.5912028,23,2,1,1,62,1,0,65
300183,11,13,2,5,48.09555833,-114.0460944,12,2,1,2,70,0,0,55
300184,12,29,6,20,46.60732778,-114.0909056,12,2,1,2,998,1,0,65
300185,12,31,1,8,48.55509444,-109.7482722,31,1,1,1,998,1,0,70
300186,12,2,7,20,48.89343889,-115.1284222,59,2,1,1,998,1,1,65
300187,12,15,6,2,47.16045278,-114.028325,1,2,10,1,43,1,1,35
300188,11,3,6,20,48.41970556,-115.8204444,3,2,10,1,998,1,1,0
300189,12,7,5,18,48.36913889,-112.7980444,1,2,4,1,998,1,1,55
300190,11,19,1,17,45.57271111,-107.4163333,12,5,1,2,998,1,0,65
300191,12,1,6,7,47.87491667,-114.2232694,12,4,1,3,60,0,0,65
300192,12,15,6,17,45.69952778,-110.5196194,34,2,1,1,99,1,1,25
300193,4,24,2,20,46.58828889,-112.0435833,39,2,2,1,998,1,0,25
300194,7,22,7,11,48.203925,-114.3237222,38,1,1,1,998,1,0,25
300195,11,14,3,6,46.33826944,-110.7947361,11,4,10,1,998,1,0,70
300196,2,26,1,99,45.52740278,-110.6752028,5,2,4,1,998,1,1,70
310001,1,4,4,13,42.03235833,-97.75454444,12,1,1,2,63,1,0,65
310002,1,7,7,16,40.74860556,-100.7245972,12,1,1,2,998,1,1,65
310003,1,17,3,7,41.42581111,-97.75875,12,4,1,2,998,0,0,65
310004,1,24,3,10,41.15026944,-99.1474,12,1,1,2,998,1,0,0
310005,1,25,4,20,41.3753,-96.81257778,12,2,1,2,998,0,0,65
310006,1,28,7,99,40.15675556,-96.15195556,38,1,99,1,998,1,1,65
310007,2,10,6,4,40.87574722,-98.28438333,42,2,1,1,999,1,0,65
310008,2,2,5,14,41.74303611,-97.05853889,12,1,1,2,998,1,0,65
310009,2,10,6,20,40.83779444,-96.70129444,33,3,1,1,998,1,0,25
310010,2,17,6,99,41.63197778,-96.30860833,24,5,10,1,998,2,0,55
310011,2,17,6,15,40.71140833,-96.40660278,12,1,1,2,998,1,0,65
310012,2,19,1,22,41.24848611,-96.14801111,33,3,1,1,998,1,1,45
310013,2,20,2,23,41.39326944,-96.60144167,34,3,99,1,998,1,0,65
310014,2,22,4,15,42.10805278,-97.19354722,12,1,4,2,998,1,0,65