ST_CASE,MONTH,DAY,DAY_WEEK,HOUR,LATITUDE,LONGITUD,HARM_EV,LGT_COND,WEATHER,VE_FORMS,TRAV_SP,DEATHS,DR_DRINK,VSPD_LIM
340034,1,11,4,23,39.966575,-75.06728611,12,3,1,2,38,1,0,35
340035,1,27,6,9,39.9548,-75.02644722,12,1,1,2,998,0,0,45
340036,1,9,2,9,40.82819722,-74.31887222,12,1,1,2,103,0,0,50
340037,1,21,7,6,40.35669722,-74.12920556,12,2,1,3,0,0,0,65
340038,1,15,1,22,40.83046389,-74.19022222,33,6,1,1,69,1,0,25
340039,2,26,1,20,39.71606111,-75.44595,12,2,1,2,62,0,1,45
340040,2,2,5,15,39.77468889,-74.24515833,43,1,1,1,998,1,0,15
340041,1,3,3,20,40.88329444,-74.10564722,8,2,5,1,998,0,0,25
340042,1,6,6,14,40.64297778,-74.21228611,25,1,2,1,998,1,0,25
340043,2,10,6,19,39.46023611,-74.50745,8,6,1,1,998,0,0,40
340044,1,7,7,7,40.84648056,-74.83260833,8,4,1,1,998,0,1,25
340045,2,3,6,16,40.92035278,-74.13755833,14,2,1,1,998,1,0,98
340046,2,9,5,4,40.67158333,-74.35763611,15,3,1,1,998,0,0,50
340047,2,16,5,16,40.16713056,-74.20484444,12,1,10,3,998,1,0,65
340048,2,5,1,2,40.86406667,-74.41506389,12,3,1,2,998,1,1,98
340049,2,21,3,18,39.84333056,-75.1478,8,2,1,1,33,0,0,25
340050,2,11,7,18,39.70275,-75.00615,12,3,1,3,71,0,1,50
340051,2,10,6,17,40.92793056,-74.96599722,12,2,1,2,998,1,0,65
340052,2,18,7,12,40.25278056,-74.69576667,33,1,1,1,998,1,0,65
340053,2,8,4,8,40.83057222,-74.00853889,33,1,1,1,998,0,0,0
340054,1,9,2,6,40.78038889,-74.03739722,8,3,2,1,998,0,0,40
340055,2,17,6,7,40.11036944,-74.51251389,8,1,2,1,998,0,0,50
340056,3,12,1,3,39.37664167,-74.90606944,42,2,1,1,998,1,1,50
340057,3,15,4,16,40.01546389,-74.203575,12,1,1,2,998,1,0,45
340058,3,1,4,23,39.38869444,-74.47965556,8,3,1,1,998,0,0,50
340059,3,1,4,19,39.36271944,-74.42204167,8,6,1,1,998,0,0,25
340060,2,21,3,16,40.25525278,-74.32647778,33,1,3,1,998,1,0,50
340061,3,13,2,13,39.881225,-74.968275,12,1,2,2,998,1,0,0
340062,3,26,1,15,40.97048611,-73.96608889,8,1,1,1,998,0,1,35
340063,3,21,3,6,39.81251667,-75.26914167,12,2,1,2,0,1,0,65
340064,3,9,5,21,40.01640278,-74.80607778,8,2,1,1,998,0,0,50
340065,3,23,5,13,40.57137778,-74.45699167,12,1,2,2,998,1,0,35
340066,3,16,5,18,40.70505556,-74.19373889,40,1,1,1,998,1,0,25
340067,2,2,5,16,40.603175,-74.43972778,1,1,1,2,998,1,0,25
340068,3,11,7,8,39.54720556,-74.72790833,38,1,2,1,998,1,1,65
340069,3,4,7,21,40.69768333,-74.21697222,33,6,1,1,998,1,1,30
340070,3,5,1,0,40.70094444,-74.07864167,8,6,1,1,998,0,0,25
340071,3,21,3,18,40.89674444,-74.15465278,12,1,1,2,998,0,0,25
340072,3,30,5,20,40.94804722,-74.33265833,8,3,1,1,998,0,0,40
340073,3,6,2,13,40.77823889,-74.03154444,9,1,1,1,998,0,0,25
340074,3,31,6,17,40.18936111,-74.56338611,12,1,1,2,998,0,0,50
340075,3,10,6,2,40.56873056,-74.62521389,33,3,1,1,998,1,1,40
340076,3,26,1,0,40.58121111,-74.30922222,15,3,1,1,998,0,0,45
340077,3,26,1,11,40.842975,-74.34262778,42,1,1,1,998,1,0,65
340078,3,2,5,2,40.581675,-74.59908611,8,2,5,1,998,0,0,65
340080,4,4,3,19,40.84404167,-73.993525,12,1,1,2,998,1,0,25
340081,4,12,4,5,39.98734722,-74.86999722,12,6,1,2,998,0,0,35
340082,4,7,6,23,40.84946944,-74.02430278,8,3,10,2,998,0,0,40
340083,4,24,2,11,40.66308611,-74.11899444,8,1,1,1,998,0,0,25
340084,4,5,4,19,40.04377778,-74.90798611,8,3,1,1,998,0,0,50
340085,4,15,7,2,40.79745,-74.00992778,8,6,1,1,998,0,0,25
340086,4,1,7,19,40.06792222,-74.8706,8,2,2,1,998,0,0,45
340087,4,30,1,10,40.89625556,-74.25345,30,1,2,1,998,2,0,55
340088,4,2,1,2,40.71708611,-74.15141111,12,2,1,2,60,2,0,45
340089,4,26,4,11,40.85990278,-74.75943889,12,1,1,4,998,1,0,50
340090,4,15,7,0,39.362525,-74.62480833,33,6,1,1,998,1,1,25
340091,4,14,6,1,40.75354167,-74.139075,12,3,1,2,67,1,1,25
340092,4,17,2,14,39.87305,-75.04031111,12,1,1,2,998,1,0,55
340093,4,15,7,2,40.919425,-74.06649444,12,6,1,2,998,0,0,50
340095,5,13,7,18,40.54062778,-74.43823611,33,1,10,1,73,1,1,40
340096,5,1,2,16,39.70111111,-75.09668611,42,1,1,1,998,1,1,45
340097,4,14,6,9,40.62651111,-74.32211111,8,1,1,1,11,0,0,0
340098,5,3,4,5,39.90469722,-74.82438056,12,4,1,2,998,1,0,30
340099,5,7,1,0,40.18103611,-74.18965833,30,6,1,1,998,1,1,40
340100,5,6,7,11,39.68202222,-74.9999,1,1,1,2,998,0,0,35
340102,3,28,3,12,40.71354444,-74.30050833,12,1,1,3,998,1,0,65
340103,3,23,5,17,39.44081667,-74.80050833,24,1,1,3,998,1,0,50
340104,4,30,1,3,39.35975556,-74.43877778,12,3,1,2,998,1,0,25
340105,5,30,3,4,39.73305278,-74.91908611,38,2,1,1,998,1,1,45
340106,5,8,2,0,40.803775,-74.01938333,8,3,1,1,998,0,0,40
340107,6,3,7,1,40.52934722,-74.41658056,12,6,1,2,113,0,0,45
340108,5,17,4,6,39.02196111,-74.89875278,8,1,1,1,48,0,0,45
340109,5,27,7,18,40.11625278,-74.30692778,12,1,1,2,998,1,1,40
340110,5,27,7,13,39.75139722,-75.13813333,12,1,1,2,998,1,0,65
340111,6,5,2,7,40.77235833,-74.02587222,8,1,1,1,998,0,0,25
340112,6,13,3,8,40.25762222,-74.01128056,12,1,1,4,998,1,0,35
340113,5,23,3,12,40.23322222,-74.04576944,8,1,1,1,998,0,0,0
340114,4,13,5,3,40.83671389,-74.08465,14,3,1,1,998,1,0,50
340115,6,1,5,15,40.82653889,-74.32356944,33,1,1,1,998,1,0,65
340116,3,29,4,18,40.72967778,-74.15946389,8,1,1,1,998,0,0,25
340117,4,12,4,23,40.71171111,-74.19961667,33,3,1,1,998,1,1,65
340118,4,14,6,16,40.99168889,-74.07372778,1,1,1,1,998,1,0,65
340119,4,29,7,14,39.70967778,-75.47033889,12,1,10,2,998,1,1,35
340120,5,9,3,23,40.463625,-74.28586111,8,2,1,1,998,0,0,55
340122,5,29,2,17,40.078425,-74.37801111,1,1,1,1,120,1,0,50
340123,5,8,2,4,39.60117778,-74.75955278,42,2,1,1,998,1,1,35
340124,6,7,4,13,40.0803,-74.327225,42,1,1,1,998,1,1,50
340125,6,15,5,12,39.86615556,-75.03848056,8,1,1,1,998,0,0,65
340126,6,13,3,9,39.33070278,-74.59449722,33,1,1,2,998,0,0,25
340127,6,25,1,2,39.89924444,-74.59550556,42,6,1,1,998,1,1,55
340128,6,23,6,16,40.77021111,-74.15758056,12,1,1,2,998,1,1,45
340129,6,25,1,19,39.62321111,-74.48703056,59,2,10,1,998,1,1,50
340130,6,28,4,20,40.94223889,-74.14958333,8,6,1,1,998,0,0,40
340131,7,8,7,10,40.88615833,-74.09192778,33,1,10,1,998,1,0,25
340132,6,13,3,10,40.04490833,-74.159775,14,1,1,1,998,0,0,50
340133,6,22,5,22,39.69955556,-74.99695556,1,6,1,2,998,1,1,25
340134,6,6,3,15,39.52871111,-75.09944444,12,1,1,2,998,1,0,0
340135,1,23,2,12,40.31599722,-74.47336389,12,1,2,2,998,0,0,35
340136,7,12,4,19,39.68531667,-74.98875556,9,1,1,1,998,0,0,50
340137,6,20,3,5,39.72484722,-75.05036111,12,4,1,2,998,1,0,45
340138,6,3,7,22,40.02284167,-74.26842778,8,6,1,1,54,0,0,50
340139,6,26,2,8,39.85505556,-74.73348333,12,1,1,4,0,1,0,50
340140,3,7,3,13,39.80458056,-74.23176667,24,1,1,1,998,1,0,65
340141,4,22,7,16,40.22061389,-74.68808056,12,1,1,2,25,0,0,0
340142,5,5,6,22,40.68905556,-75.15383056,8,2,1,1,998,0,0,50
340143,5,15,2,6,40.73904722,-74.06251111,26,3,10,1,998,1,1,25
340144,5,5,6,20,40.798375,-74.02266389,12,3,1,2,998,0,0,25
340145,4,20,5,17,39.97115,-74.67849722,12,1,1,2,51,1,0,25
340146,5,26,6,16,41.03619444,-74.68913889,12,1,1,2,998,1,0,45
340147,3,27,2,2,40.52246944,-74.35125,12,2,1,2,97,1,1,65
340148,3,19,1,7,40.22038056,-74.69781667,1,1,1,1,89,1,1,65
340149,3,5,1,21,40.20671944,-74.76194167,8,2,1,1,998,0,0,45
340150,4,10,2,5,40.17774722,-74.62846111,12,2,1,2,0,1,0,65
340151,4,30,1,22,40.648475,-74.20089444,12,2,2,2,0,1,0,55
340152,5,27,7,22,40.41881111,-74.44501111,12,2,1,3,998,1,1,65
340153,5,30,3,4,40.331575,-74.637825,12,6,1,2,998,1,0,55
340154,5,13,7,12,41.05742778,-74.18598333,42,1,1,1,998,1,1,65
340155,1,18,4,12,39.93981944,-75.09449722,30,1,1,1,998,1,0,98
340156,2,28,3,12,39.95004167,-75.07933333,30,1,2,1,998,1,0,25
340157,2,8,4,5,39.88822778,-74.96875556,8,6,2,1,998,0,0,40
340158,4,27,5,13,39.87058889,-75.08125,12,1,1,2,998,1,0,40
340159,4,9,1,9,39.75561389,-74.87300278,30,9,1,1,998,1,0,35
340160,5,28,1,99,40.936075,-74.972075,52,2,1,1,47,1,1,45
340161,5,1,2,12,40.52325556,-74.31152222,14,1,1,1,998,1,0,55
340162,5,5,6,22,40.89319444,-74.71411667,12,2,1,2,998,1,0,65
340163,6,24,7,0,39.51366111,-74.92507778,12,3,2,2,75,0,1,40
340164,5,6,7,10,40.22733333,-74.76423333,12,1,1,2,998,0,0,25
340165,5,28,1,12,40.69303611,-74.08999722,12,1,1,4,998,1,0,25
340166,4,1,7,19,40.61473889,-74.28105278,8,5,2,1,998,0,0,25
340167,6,19,2,21,39.93785833,-74.95928333,42,2,1,1,100,1,0,65
340168,6,20,3,16,40.03915,-74.72816111,12,1,1,2,26,0,0,55
340169,6,9,6,13,39.97058889,-74.20925833,42,1,1,1,998,1,0,55
340170,6,13,3,12,40.71228611,-74.33900278,33,1,1,1,80,1,0,35
340171,6,18,1,17,40.82271667,-74.61682222,42,1,10,1,998,1,1,35
340172,6,10,7,23,39.38540833,-74.62266944,12,2,1,2,998,1,0,45
340173,6,18,1,20,39.38893056,-74.47968889,30,3,1,1,998,1,1,50
340174,6,1,5,12,40.27509444,-74.70626111,12,1,1,2,998,1,0,55
340175,6,12,2,22,40.66561389,-74.20494167,9,2,10,1,998,0,0,40
340176,6,27,3,3,40.89434444,-74.265775,43,2,2,1,998,1,0,55
340177,6,29,5,12,39.80724167,-75.29327222,12,1,1,2,998,1,0,65
340178,6,25,1,23,40.22018611,-74.69795833,35,2,2,1,998,1,1,65
340179,6,26,2,17,40.72830556,-74.12843611,52,9,10,1,998,2,1,55
340180,1,9,2,14,39.54490833,-75.04887778,12,1,1,2,998,0,0,50
340181,1,10,3,10,40.69412778,-74.22301389,8,1,1,1,998,0,0,0
340182,6,6,3,5,40.00776111,-74.19391111,18,1,1,1,998,1,0,65
340183,6,11,1,12,39.82218056,-74.79609722,12,1,1,2,998,1,0,45
340184,6,11,1,0,40.87388889,-73.99548056,12,2,1,2,998,0,0,55
340185,5,8,2,5,40.95717222,-74.28163611,12,4,1,2,0,1,0,50
340186,6,15,5,8,40.21359444,-74.57172222,12,1,1,2,998,1,0,65
340187,6,26,2,11,40.44070278,-74.53270833,33,1,10,1,998,1,0,40
340188,6,21,4,23,40.59203889,-74.65155556,12,3,1,2,998,1,0,55
340189,5,28,1,1,40.73067778,-74.20859167,12,3,1,2,0,0,0,25
340190,4,8,7,15,40.77395556,-74.03467778,1,1,1,2,998,0,0,98
340191,5,23,3,15,39.67750556,-74.90166111,59,1,1,1,998,1,0,65
340192,2,12,1,3,40.59739167,-74.27210556,33,3,1,1,998,1,1,25
340193,6,24,7,6,40.86698056,-74.41741111,12,1,2,2,998,1,0,65
340194,6,26,2,22,40.25185833,-74.64230278,53,2,2,1,87,1,0,45
340195,6,19,2,17,40.48621667,-74.49105,12,1,1,3,998,1,0,45
340196,7,22,7,9,39.68512222,-75.44758333,43,1,1,1,998,1,0,15
340197,7,11,3,19,40.60568333,-74.62905556,12,1,1,2,136,1,0,65
340198,7,26,4,17,40.93826944,-74.14757778,12,1,1,2,998,1,0,25
340199,7,17,2,13,40.11359167,-74.27085,33,1,1,1,998,1,0,35
340200,7,26,4,17,39.56048333,-75.05983889,58,1,1,2,998,1,0,55
340201,7,15,7,12,40.23385278,-74.77948056,9,1,1,1,998,0,0,25
340202,7,10,2,21,39.45033611,-74.71968333,8,6,1,1,998,0,0,30
340203,7,22,7,2,40.82820556,-74.02551389,12,6,1,2,998,1,1,45
340204,7,7,6,14,39.23921944,-74.90061111,12,1,1,3,56,0,0,50
340205,7,30,1,19,39.44763889,-74.74179722,12,1,1,2,998,1,0,50
340206,7,19,4,15,39.90329167,-75.11174722,12,1,1,2,998,1,0,55
340207,7,23,1,0,40.89606667,-74.25096667,24,3,1,1,998,1,0,98
340208,7,9,1,3,40.689,-74.19211667,12,2,1,2,998,0,0,55
340209,7,3,2,12,39.94979167,-74.48559722,43,1,1,1,998,1,0,55
340210,7,10,2,8,40.76651111,-75.01663611,12,1,1,2,998,0,0,45
340211,7,5,4,17,40.66356667,-74.24956111,8,1,1,1,998,0,0,98
340212,8,11,6,6,39.98276944,-74.88707778,34,1,1,1,998,1,0,65
340213,8,7,2,7,39.34811111,-74.99825,42,1,2,1,998,1,0,55
340214,8,16,4,12,40.772375,-74.06493889,12,1,10,2,998,1,0,25
340215,8,19,7,17,40.56765833,-74.32829444,33,1,1,2,998,1,0,25
340216,2,12,1,21,40.41054722,-74.30570833,8,6,2,1,998,0,0,55
340217,1,9,2,7,40.27424167,-74.29425833,8,4,10,1,998,0,0,55
340218,2,2,5,19,39.82064167,-74.37769444,42,2,1,1,998,1,0,55
340219,6,30,6,22,39.58635556,-74.700775,12,2,1,2,998,1,1,40
340220,1,24,3,21,40.22716667,-74.04357222,9,3,1,1,998,0,0,50
340221,7,20,5,9,39.35484167,-74.45099444,9,1,1,1,998,0,0,25
340222,1,30,2,18,40.26259167,-74.29281667,8,3,1,1,998,0,0,55
340223,2,17,6,17,40.38293333,-74.36220556,42,2,10,1,998,1,1,25
340224,2,25,7,22,40.35100278,-74.49660278,12,6,10,2,998,0,0,55
340225,2,16,5,0,40.50895278,-74.45904167,12,3,1,2,998,0,0,55
340226,7,15,7,18,39.71582778,-74.27695556,24,5,1,1,75,1,0,65
340227,5,9,3,23,40.09463889,-74.131775,12,3,1,2,68,1,1,45
340228,7,27,5,22,39.74269722,-75.06991111,12,3,1,3,50,0,1,45
340229,1,30,2,17,39.84746389,-74.18566111,12,3,1,2,998,0,0,45
340230,3,17,6,12,40.30319167,-74.25356389,6,1,1,1,998,1,0,35
340231,8,27,1,9,40.74575833,-74.16066667,9,1,1,1,998,0,0,98
340232,8,10,5,23,39.38385278,-75.22182778,33,6,5,1,998,1,1,35
340233,8,15,3,1,39.50894722,-74.674325,8,2,1,1,50,0,0,50
340234,8,9,4,22,39.57252222,-74.76694444,42,2,1,1,998,2,0,65
340235,8,13,1,20,40.72881111,-74.06985278,12,3,1,2,998,0,0,25
340236,8,31,5,17,40.54853333,-74.29793889,8,1,1,1,998,0,0,25
340237,8,22,3,9,39.90466944,-74.82446944,12,1,1,2,998,1,0,40
340238,8,22,3,18,39.98218333,-74.804825,9,1,1,1,998,0,0,50
340239,8,19,7,4,40.63810556,-74.89786389,14,3,1,1,998,1,0,65
340240,8,2,4,10,40.10321667,-74.34334722,42,1,1,1,998,1,0,40
340241,8,4,6,22,40.73128333,-74.18170556,12,3,1,2,998,0,0,25
340242,8,13,1,9,39.35625833,-74.43776944,8,1,1,1,998,0,0,25
340244,8,12,7,20,40.79797778,-74.47443611,8,3,1,1,998,0,0,30
340245,8,20,1,19,40.77996944,-74.05750278,25,1,1,1,998,1,1,45
340246,6,5,2,20,39.740575,-74.944325,30,2,1,1,998,1,0,45
340247,2,10,6,7,39.43635278,-75.040975,12,4,1,2,85,0,0,45
340248,3,31,6,21,39.36973333,-75.09522778,8,6,1,1,998,0,1,50
340249,4,12,4,12,39.39523333,-75.04103056,15,1,1,1,998,0,0,25
340250,5,10,4,19,39.42548333,-75.23055278,8,1,1,1,998,0,0,30
340251,7,20,5,17,39.79466111,-75.03812222,33,1,1,1,998,1,0,35
340252,6,23,6,20,39.46665556,-74.92185278,12,5,1,2,998,0,0,50
340253,6,2,6,13,39.82294444,-75.06778056,12,1,1,2,998,0,0,25
340254,7,19,4,15,40.55291111,-74.72528611,12,1,1,3,998,0,0,25
340255,8,25,6,12,40.45558611,-74.64881389,33,1,10,1,998,1,1,45
340256,8,27,1,6,40.48225278,-74.48168889,33,4,1,1,998,2,1,40
340257,7,23,1,3,39.39206389,-74.4891,33,3,1,1,107,0,1,50
340258,8,25,6,13,40.54902778,-74.58623611,12,1,1,3,998,1,0,25
340259,8,31,5,15,39.66633611,-75.38325833,12,1,1,3,998,0,0,50
340260,8,4,6,21,39.670475,-74.97530833,8,3,1,1,998,0,0,55
340261,8,25,6,17,39.20020833,-74.71077778,12,1,1,2,998,1,0,50
340262,8,21,2,20,40.26784167,-74.57305833,8,3,1,1,998,0,0,35
340263,8,18,6,22,40.7576,-74.69327778,12,2,1,3,998,1,1,50
340264,8,16,4,23,39.37116389,-74.47780833,8,2,1,3,998,0,0,50
340265,8,6,1,21,39.51485556,-74.51917222,12,2,10,2,90,3,1,65
340266,8,16,4,10,40.14222222,-74.67817222,1,1,1,1,998,1,0,65
340267,8,26,7,8,39.57691944,-74.71691389,12,1,1,3,998,1,0,30
340268,9,1,6,15,39.52839444,-74.64704167,12,1,1,2,998,0,0,35
340269,9,26,3,1,40.77433611,-74.17193611,42,3,2,1,998,1,1,25
340270,9,8,6,22,40.7562,-74.18574444,24,3,1,1,998,1,1,25
340271,9,13,4,4,40.86138889,-74.05915833,8,6,2,1,998,0,0,25
340272,3,30,5,6,40.44216389,-74.36846111,8,3,1,1,998,0,0,25
340273,5,11,5,12,40.31811944,-74.16222778,30,1,1,1,35,1,0,45
340274,9,17,1,20,40.758075,-74.16643889,8,5,10,1,998,0,0,25
340275,9,19,3,7,40.08437222,-74.83925278,9,1,1,1,20,0,0,50
340276,9,10,1,19,40.20924167,-74.25806944,8,6,1,1,25,0,0,55
340277,9,1,6,20,40.41396111,-74.41598333,8,2,1,1,998,0,0,40
340278,9,7,5,7,39.689375,-75.05263889,12,1,1,4,43,1,0,50
340279,9,3,1,18,40.70285,-75.18695,33,5,1,1,998,1,1,35
340280,9,2,7,7,40.66261111,-74.33647222,30,1,1,1,58,1,1,25
340281,9,17,1,14,40.08350278,-74.54284167,12,1,1,2,998,0,0,55
340282,9,16,7,20,39.83582222,-74.46493889,12,2,1,3,998,1,1,55
340283,9,8,6,7,40.56689444,-74.68543333,12,1,1,2,998,1,0,55
340284,9,19,3,17,39.37033611,-75.36706944,42,1,1,1,998,1,0,25
340285,9,21,5,20,40.22252222,-74.77486111,8,6,1,1,998,0,0,25
340286,9,21,5,16,40.83815278,-74.82207778,8,1,1,1,998,0,0,98
340287,9,23,7,18,40.68099444,-74.64442778,8,5,2,1,998,0,0,35
340288,9,17,1,20,40.20576111,-74.75456111,8,6,2,1,998,0,0,40
340289,5,22,2,19,40.29939444,-74.17531111,42,5,1,1,998,1,1,50
340290,9,19,3,16,40.79099444,-74.00885556,15,1,1,1,998,0,0,25
340291,9,19,3,19,40.90981389,-74.1824,12,3,1,2,998,0,0,25
340292,7,23,1,15,39.89635,-74.43203056,59,1,1,1,998,1,0,50
340293,9,24,1,2,40.91976667,-74.08664722,31,3,10,1,998,1,1,45
340294,4,5,4,14,40.34915556,-74.616825,33,1,1,2,998,1,0,55
340295,9,1,6,2,40.73415556,-74.0554,12,3,1,3,998,0,0,25
340296,9,6,4,23,40.12690278,-74.19810833,53,3,1,1,77,1,1,40
340297,1,28,7,17,39.79510556,-75.15371389,33,5,1,1,47,1,1,25
340298,5,5,6,20,40.94180556,-74.14108056,1,3,1,2,998,1,1,35
340299,4,10,2,20,40.01231944,-74.22894444,8,3,1,1,998,0,0,45
340300,2,10,6,7,39.57184444,-75.05446944,8,1,1,1,998,0,0,40
340301,7,8,7,19,40.91756111,-74.20070278,12,1,1,2,998,1,0,25
340302,6,23,6,23,40.83445556,-74.00914444,12,3,1,2,998,1,0,30
340303,5,26,6,12,40.05048333,-74.19771667,30,1,1,1,998,1,0,50
340304,5,9,3,21,40.04866667,-74.2095,8,6,1,1,998,0,0,50
340305,7,23,1,0,40.93577222,-74.06278333,12,3,1,2,998,0,1,35
340306,7,22,7,2,40.29208611,-74.06435278,12,6,1,2,998,0,1,55
340307,8,24,5,19,40.30465556,-74.05977778,12,3,2,2,998,0,1,30
340308,5,12,6,18,40.49447222,-74.44851111,8,5,1,1,998,0,0,25
340309,8,20,1,15,40.27748611,-74.07221667,33,1,1,1,998,1,1,55
340310,7,16,1,23,40.40415833,-74.35479444,12,3,1,3,998,0,1,40
340311,7,9,1,5,40.28585833,-74.18137778,30,4,1,1,998,1,1,40
340312,7,17,2,3,40.43185,-74.51572222,8,3,5,1,998,0,0,55
340313,9,20,4,9,40.87678333,-74.14095833,8,1,1,1,998,0,0,30
340314,10,1,1,17,41.34802222,-74.686475,12,1,1,2,998,0,0,0
340315,10,20,6,17,40.8867,-74.16473333,8,1,2,1,998,0,1,35
340316,10,9,2,21,40.73147222,-74.22165278,8,3,1,1,998,0,0,25
340317,10,3,3,10,40.63529444,-74.26114722,12,1,1,2,62,0,0,25
340318,8,27,1,1,40.85247222,-74.12185278,24,3,1,1,998,1,0,55
340319,6,28,4,14,39.78811667,-75.39646667,12,1,1,2,998,0,0,45
340320,8,24,5,8,40.41874167,-74.44404444,14,1,1,1,999,0,0,65
340321,8,25,6,5,40.66113333,-74.64308611,24,4,2,1,998,1,1,65
340322,4,23,1,15,39.89159444,-74.43755278,1,1,1,1,998,1,0,50
340323,4,22,7,14,39.80771389,-74.1906,12,1,1,2,998,1,1,98
340324,4,19,4,20,40.46492778,-74.26608889,8,3,1,1,998,0,0,50
340325,10,2,2,6,40.64318889,-74.259025,8,2,1,1,56,0,0,35
340326,10,5,5,20,40.94148611,-74.14359722,12,2,1,2,63,0,1,35
340327,10,27,6,18,40.87989444,-74.60191944,1,5,1,2,45,1,0,45
340328,10,7,7,2,40.81251667,-74.79725833,30,8,2,1,998,1,1,40
340329,10,8,1,3,40.22012222,-74.69791389,42,2,1,1,998,1,1,65
340330,8,21,2,10,41.15746944,-74.73372222,24,1,1,1,998,1,0,25
340331,5,12,6,17,40.06059444,-74.46241389,12,1,1,2,998,1,0,50
340332,8,9,4,8,40.30887222,-74.49192222,16,1,1,1,998,1,0,65
340333,9,24,1,21,40.92372222,-74.09525,14,3,2,1,998,1,0,25
340334,9,7,5,1,39.70284167,-74.28676944,42,2,1,1,998,1,1,65
340335,9,27,4,8,39.95305833,-74.156925,9,1,1,1,998,0,0,50
340336,9,14,5,9,39.91110833,-75.083875,8,1,1,1,998,0,0,30
340337,9,25,2,19,39.919375,-75.10270556,9,5,1,1,80,0,0,25
340338,9,29,6,6,39.87190278,-75.04489444,8,6,2,1,998,0,0,40
340339,10,14,7,19,40.45885833,-74.27795556,12,2,2,3,0,0,0,65
340340,10,27,6,19,39.39458333,-74.541425,8,3,1,1,998,0,0,40
340341,5,20,7,17,39.85378889,-75.18664167,58,1,1,1,998,1,0,45
340342,2,17,6,20,40.96659167,-74.15625278,8,6,1,1,998,0,0,35
340343,2,3,6,19,40.79098333,-74.28575,16,6,6,1,33,1,0,25
340344,2,10,6,17,41.00355833,-74.33236667,8,3,1,1,998,0,0,25
340345,5,27,7,0,40.87986111,-74.065325,1,3,1,1,998,1,0,55
340346,7,22,7,2,40.07829444,-74.241125,33,3,1,1,998,1,1,45
340347,7,23,1,1,40.89725,-73.94052222,33,3,1,1,998,1,1,40
340348,8,31,5,21,39.91770278,-75.00633333,8,3,1,1,998,0,0,45
340349,3,29,4,6,40.45566944,-74.50038056,12,1,1,2,998,0,0,25
340350,3,21,3,9,39.73353056,-75.06472222,12,1,1,2,998,1,0,45
340351,4,18,3,3,40.46350278,-74.29562222,8,6,1,1,998,0,0,50
340352,5,6,7,19,39.67931667,-75.09749444,12,1,1,2,998,0,0,50
340353,5,22,2,13,40.81155833,-74.21445278,1,1,1,2,998,0,0,25
340354,5,30,3,14,40.32831667,-74.49616944,12,1,1,2,10,1,0,25
340355,6,2,6,13,39.58403889,-75.05392778,12,1,1,2,998,0,0,50
340356,6,14,4,8,39.71996111,-75.21507222,12,1,1,2,47,1,0,45
340357,9,27,4,15,39.61020833,-74.84846389,30,1,1,1,998,1,0,40
340358,8,11,6,22,39.73818889,-75.32540833,12,3,1,2,55,0,1,45
340359,8,25,6,14,39.61434444,-75.07643056,12,1,1,2,60,0,0,40
340360,6,21,4,22,40.03274167,-74.14318889,8,6,10,2,48,0,0,50
340361,6,12,2,17,39.56951667,-74.23587222,8,1,10,1,998,0,0,30
340362,8,3,5,22,39.99445556,-74.27555556,12,6,1,2,26,0,1,50
340363,9,20,4,16,77.7777,777.7777,42,1,1,1,998,1,0,50
340364,10,21,7,2,40.90655,-73.998925,41,3,2,1,103,2,1,35
340365,9,29,6,21,39.80176111,-74.93149444,12,6,2,2,998,0,0,35
340366,10,13,6,11,39.92193056,-75.08679722,25,1,1,1,998,1,0,40
340367,10,17,3,18,39.93534167,-75.06540278,8,3,1,1,998,0,0,45
340368,10,9,2,21,39.92764444,-75.05425833,9,6,2,1,998,0,0,35
340369,6,15,5,15,40.464825,-74.27713889,8,1,1,1,998,0,0,50
340370,6,13,3,17,40.50289722,-74.41987222,12,1,1,3,94,0,1,35
340371,9,4,2,22,40.90586667,-74.83219722,43,9,1,1,998,1,1,35
340372,7,23,1,6,40.05342778,-74.72462778,12,1,1,2,998,1,0,40
340373,9,20,4,19,40.91391389,-74.76108333,8,2,1,1,998,0,0,65
340374,10,31,3,19,40.908325,-74.576075,12,6,1,2,998,1,0,65
340375,11,13,2,4,39.80331111,-74.950225,9,3,1,1,998,0,0,45
340376,11,27,2,8,40.90637778,-73.94339167,33,1,1,1,998,1,0,50
340377,11,24,6,7,40.852375,-73.98468611,39,1,1,1,998,1,1,45
340378,11,13,2,1,40.66543333,-74.20512222,8,6,1,1,998,0,0,40
340379,11,9,5,11,39.81438333,-74.54703611,24,1,1,1,998,1,0,50
340380,11,28,3,8,40.77567222,-74.24438889,33,1,1,1,46,2,0,30
340381,11,19,1,20,39.35521111,-74.45795278,9,6,1,1,998,0,1,40
340382,11,26,1,2,40.14949167,-74.66883056,12,2,1,2,998,0,0,65
340383,11,3,6,19,39.85941667,-74.92178333,1,2,1,2,998,0,0,35
340384,11,4,7,12,40.045625,-74.14213889,12,1,1,2,998,1,0,40
340385,11,24,6,1,39.74293889,-75.45510556,8,3,1,1,998,0,1,45
340386,11,20,2,20,77.7777,777.7777,8,6,1,1,998,0,0,25