ST_CASE,MONTH,DAY,DAY_WEEK,HOUR,LATITUDE,LONGITUD,HARM_EV,LGT_COND,WEATHER,VE_FORMS,TRAV_SP,DEATHS,DR_DRINK,VSPD_LIM
350157,6,26,2,5,34.89895,-106.7258611,1,4,1,1,998,1,1,75
350158,6,28,4,22,35.03218611,-107.4682417,8,2,1,1,998,0,0,75
350159,6,29,5,7,34.68670556,-106.7678806,12,1,1,2,998,0,0,25
350160,6,29,5,18,35.08781111,-106.635725,12,1,1,2,998,1,0,65
350161,6,30,6,0,32.49595,-107.5161917,12,2,1,2,998,1,0,65
350162,6,30,6,23,35.95659167,-107.0724583,34,2,1,1,998,1,1,55
350163,6,6,3,14,35.04596944,-108.3697,1,1,1,1,998,1,0,55
350164,6,7,4,22,33.61996389,-105.90915,12,2,1,2,998,1,0,65
350165,6,26,2,14,35.07597778,-106.2242056,1,1,1,1,998,1,0,75
350166,6,29,5,21,35.65662778,-105.9892528,8,6,2,1,998,0,0,98
350167,7,1,7,12,34.99780278,-105.4290111,12,1,1,3,0,0,0,55
350168,7,2,1,16,34.98663611,-105.1916056,12,1,1,2,998,1,0,65
350169,7,2,1,23,35.13081944,-106.5684417,8,2,1,1,37,0,0,45
350170,7,5,4,1,35.11605,-106.6254222,8,6,1,1,65,0,0,65
350171,7,5,4,4,35.10870556,-106.6282028,8,3,1,1,72,0,0,65
350172,7,2,1,15,36.20404167,-105.85955,24,1,1,1,998,1,0,50
350173,7,5,4,15,34.86864444,-106.0529611,12,1,1,2,998,0,0,55
350174,7,8,7,9,36.00770833,-105.8875667,12,1,1,2,998,0,0,40
350175,7,12,4,14,35.38811389,-104.4609583,12,1,1,2,998,1,0,55
350176,7,8,7,20,35.06986111,-106.6391,12,3,1,2,998,0,0,35
350177,7,15,7,14,33.432825,-105.6752528,1,1,10,1,998,1,0,55
350178,7,15,7,21,32.89250278,-105.6734389,11,2,1,1,998,1,1,35
350179,7,16,1,16,36.9743,-108.1893472,1,1,1,1,53,1,0,55
350180,7,15,7,22,35.18378889,-106.5807861,33,3,1,1,998,1,1,45
350181,7,17,2,1,36.73797778,-108.2588472,8,2,1,1,998,0,0,50
350182,7,18,3,16,35.06411389,-107.5264306,12,1,1,2,998,0,0,75
350183,7,19,4,5,32.51075278,-104.073225,1,1,1,1,998,1,0,70
350184,7,23,1,21,35.00481389,-105.77365,12,2,1,2,998,1,0,75
350185,7,22,7,12,32.31088611,-106.7866139,14,1,1,1,998,0,0,25
350186,7,23,1,2,35.07718889,-106.6456889,42,3,1,1,998,1,0,35
350187,7,25,3,18,36.75830556,-106.5589528,9,1,1,1,55,0,0,55
350188,7,25,3,19,32.48374722,-104.3244139,35,5,1,1,998,2,0,65
350189,7,28,6,21,33.89240556,-106.8927306,12,2,1,2,998,1,0,75
350190,7,29,7,15,35.11006111,-106.7310333,12,1,1,2,998,0,0,45
350191,7,30,1,23,35.21561389,-106.6971111,8,3,1,1,998,0,0,40
350192,7,31,2,14,32.28670278,-106.7402361,33,1,1,1,998,1,0,40
350193,7,15,7,14,32.06248056,-103.1650722,12,1,1,2,998,1,0,65
350194,5,2,3,5,36.73476111,-108.0819806,12,3,1,2,998,1,0,35
350195,5,3,4,3,35.64315833,-105.9562861,8,2,1,1,998,0,0,45
350196,5,25,5,17,36.89577222,-104.4312444,8,1,1,1,998,0,0,25
350197,7,14,6,22,35.064925,-106.6642028,8,3,1,1,998,0,0,25
350198,8,4,6,12,32.28669167,-104.2808583,12,1,1,2,998,1,0,65
350199,8,7,2,21,32.13909722,-103.2947194,12,6,2,2,998,1,1,55
350200,8,7,2,12,34.60042778,-105.1982194,12,1,1,2,998,1,0,40
350201,8,6,1,16,34.97777222,-106.3202806,12,1,1,2,50,1,0,45
350202,8,11,6,0,32.96016667,-105.9743056,8,3,1,1,58,0,0,45
350203,8,11,6,12,32.08256111,-106.6833583,12,1,1,2,45,0,0,35
350204,8,11,6,19,32.69682778,-103.5232389,12,5,1,2,998,1,0,55
350205,8,15,3,13,35.63581111,-108.8630944,33,1,1,2,998,1,0,55
350206,8,15,3,18,35.06894722,-106.4206528,12,1,1,2,998,1,0,65
350207,8,15,3,20,35.02754722,-106.6581639,8,2,1,2,998,0,0,45
350208,8,17,5,21,35.10873333,-107.8061694,12,2,1,2,998,0,1,75
350209,8,19,7,0,35.42122222,-105.5537806,8,2,1,1,998,0,0,75
350210,8,19,7,19,32.1341,-107.7856306,1,5,1,1,998,1,1,55
350211,8,20,1,6,35.98937222,-104.7296111,1,4,1,1,50,2,0,75
350212,8,17,5,15,32.62468333,-106.9606917,1,1,1,1,75,1,0,75
350213,8,19,7,20,32.53139444,-104.0294917,12,2,1,2,998,1,1,70
350214,8,20,1,11,33.51467222,-105.6648306,42,1,1,1,998,1,0,35
350215,8,21,2,21,35.71764167,-105.9352667,8,2,1,1,67,0,0,65
350216,8,24,5,2,34.97516944,-104.9648694,1,2,1,1,998,1,0,75
350217,8,31,5,22,35.00846389,-107.0345917,12,2,1,2,998,0,0,75
350218,8,31,5,17,33.42306944,-104.5818833,12,1,1,2,998,1,0,55
350219,8,3,5,13,35.63843889,-106.0698639,35,1,1,1,998,1,1,55
350220,8,7,2,22,35.092375,-106.5595111,8,2,1,1,998,0,0,30
350221,8,14,2,5,35.8506,-104.9269306,12,2,1,2,998,1,0,75
350222,8,20,1,13,35.13626944,-105.7395917,12,1,1,3,65,1,0,65
350223,8,20,1,20,35.074425,-106.5544556,8,3,1,1,998,0,0,35
350224,8,28,2,3,32.21465556,-108.1905083,52,2,1,2,998,1,0,75
350225,8,30,4,5,36.61614722,-104.5162917,24,2,98,1,998,1,0,75
350226,8,12,7,20,34.99421944,-105.3480889,12,2,1,5,43,0,0,75
350227,8,14,2,15,35.083625,-106.5686083,9,1,1,1,998,0,0,40
350228,8,27,1,18,35.0517,-106.8551944,18,1,1,1,50,1,0,50
350229,8,25,6,20,35.07563611,-106.5656417,8,3,1,1,998,1,0,35
350230,8,28,2,13,35.77776111,-108.7717833,12,1,1,2,998,1,0,98
350231,8,27,1,22,35.00240556,-106.6444667,8,2,1,3,998,0,0,75
350232,8,16,4,14,35.52740833,-108.7273389,12,1,1,2,998,0,1,25
350233,8,29,3,21,35.10754444,-106.6177861,8,3,1,1,65,0,0,65
350234,5,28,1,14,34.81634167,-106.6735194,24,1,1,1,998,1,0,30
350235,6,8,5,5,35.78613611,-104.9885861,11,4,98,1,998,1,0,75
350236,6,8,5,11,36.08548611,-105.2497111,1,1,1,1,998,1,0,35
350237,6,8,5,16,35.13729722,-106.6024389,8,1,1,1,998,0,0,65
350238,7,1,7,22,32.36273611,-107.6208083,12,2,1,3,998,0,0,65
350239,7,10,2,5,35.07999722,-106.5685583,12,4,1,2,998,1,0,35
350240,7,11,3,23,35.09464444,-106.5688361,8,3,1,1,998,0,0,35
350241,8,12,7,6,35.086125,-106.5396472,8,3,1,1,998,0,0,65
350242,9,2,7,3,35.09973889,-106.6316111,1,2,1,1,998,1,0,65
350243,9,2,7,21,35.11665556,-106.6251972,8,3,1,1,70,0,0,65
350244,9,5,3,19,35.11363056,-106.6040722,12,5,1,2,998,1,0,35
350245,9,7,5,1,35.12395556,-106.5509222,12,3,1,2,998,0,0,40
350246,9,13,4,15,35.51291111,-108.8109111,12,1,2,4,998,1,0,65
350247,9,13,4,19,35.09460278,-106.5327694,8,3,1,1,998,0,0,40
350248,9,14,5,5,35.11791944,-106.6453,8,2,1,1,998,0,0,35
350249,9,14,5,19,35.07957778,-106.497125,8,5,1,1,40,0,0,45
350250,9,18,2,22,35.06855556,-107.6823056,12,2,1,2,998,1,0,75
350251,9,21,5,11,35.30029167,-104.267825,1,1,1,1,998,1,0,55
350252,9,23,7,23,35.42296944,-106.1349222,24,2,1,1,998,1,1,45
350253,9,24,1,21,34.30888333,-108.2620667,11,2,1,1,998,1,0,65
350254,9,23,7,2,32.89032222,-105.95505,8,3,1,1,998,0,0,35
350255,9,23,7,22,35.08248889,-106.7247222,8,3,1,1,998,0,0,45
350256,9,27,4,6,34.40287222,-103.1896694,8,1,1,1,998,0,0,30
350257,9,28,5,20,35.58809167,-106.0536917,8,6,1,1,45,0,0,55
350258,9,26,3,17,32.20315,-108.2496611,12,1,1,5,75,1,0,75
350259,9,2,7,18,35.09881944,-106.5708111,18,1,1,1,998,1,0,98
350260,9,9,7,22,33.39415833,-104.5169556,59,3,1,1,68,1,1,30
350261,9,14,5,12,36.04049444,-105.8352944,1,1,1,1,998,1,0,40
350262,9,19,3,22,32.03301944,-106.6032722,9,2,1,1,998,0,0,45
350263,10,1,1,14,35.071,-106.5797111,12,1,1,2,998,1,0,98
350264,10,8,1,4,34.53468889,-104.9375583,38,2,1,1,998,1,0,55
350265,10,8,1,19,35.12174167,-106.5687889,12,3,1,3,998,1,0,35
350266,10,15,1,12,34.40616389,-106.4826972,25,1,1,1,998,1,0,25
350267,10,12,5,9,32.94532778,-105.8421667,17,1,1,1,998,1,0,30
350268,10,14,7,16,33.894075,-105.8201833,17,1,1,1,998,1,1,65
350269,10,9,2,3,32.2997,-106.778625,20,3,1,1,998,1,1,25
350270,10,18,4,3,32.34493056,-106.7676222,8,2,1,1,65,0,0,65
350271,10,18,4,3,35.223075,-107.9379278,1,2,1,1,998,1,0,75
350272,10,16,2,15,33.33282222,-104.5415806,12,1,1,2,998,0,0,45
350273,10,17,3,3,35.03311111,-106.1148028,59,2,1,1,998,1,0,75
350274,10,6,6,23,35.10201944,-106.5686639,8,3,1,1,998,0,0,35
350275,10,24,3,5,35.26378889,-106.657725,8,2,1,1,998,0,0,30
350276,10,24,3,22,35.24126944,-106.6557056,8,3,1,2,998,0,0,40
350277,10,25,4,10,36.93332778,-106.9539139,12,1,1,2,998,1,0,45
350278,10,27,6,5,32.94405278,-103.4952611,12,2,1,2,998,2,0,55
350279,10,27,6,20,35.12315833,-103.9238,1,2,1,1,998,1,0,75
350280,10,24,3,15,34.60205,-106.0616028,12,1,1,2,998,0,0,55
350281,10,28,7,20,36.108125,-106.1525583,49,2,1,1,998,0,0,60
350282,10,31,3,17,34.94563611,-107.1571528,1,1,1,1,998,1,0,60
350283,10,2,2,20,36.09942778,-106.0406944,8,2,1,1,50,0,0,60
350284,10,2,2,15,35.07179167,-106.5324389,12,1,1,3,998,1,1,40
350285,10,7,7,2,32.701725,-107.1905778,8,2,1,3,999,0,0,75
350286,10,10,3,13,35.07568611,-107.7587889,24,1,1,1,998,1,0,75
350287,10,12,5,18,35.02665278,-107.4247917,12,1,1,6,75,1,0,75
350288,10,14,7,5,35.066575,-106.7692667,8,2,1,1,998,0,0,55
350289,10,10,3,20,35.07484167,-106.558275,8,3,1,1,998,0,0,35
350290,10,19,5,18,35.96288056,-108.6520111,12,5,1,2,998,2,0,65
350291,10,27,6,21,35.08003333,-106.5356194,8,2,1,1,998,0,0,25
350292,10,23,2,13,35.59852222,-105.9081056,1,1,10,1,998,1,0,75
350293,10,22,1,10,35.07911667,-106.4083833,12,1,1,2,998,1,1,75
350294,10,27,6,10,34.98169444,-106.651475,8,1,1,1,998,0,0,75
350295,10,1,1,1,32.26888333,-106.8306333,30,2,1,1,998,1,1,40
350296,10,22,1,11,32.97658889,-105.7232389,17,1,1,1,998,1,0,45
350297,10,11,4,20,34.02854167,-106.8926667,8,2,1,1,81,0,0,75
350298,7,24,2,11,35.09200278,-106.1914917,12,1,1,2,998,0,0,40
350299,8,9,4,14,35.24159444,-106.6835722,12,1,1,2,998,1,0,40
350300,8,17,5,21,33.74760833,-106.0319028,12,6,1,2,63,0,0,65
350301,9,6,4,16,36.76156667,-105.624875,1,1,1,1,998,1,1,35
350302,9,15,6,13,36.17516944,-106.209175,1,1,2,1,998,1,0,60
350303,9,14,5,7,32.47239167,-104.2847806,12,1,5,2,998,1,0,65
350304,9,25,2,22,34.98248611,-106.6513056,8,2,1,1,998,0,0,65
350305,9,28,5,4,34.92499722,-106.2905389,12,2,1,2,100,1,1,50
350306,8,29,3,23,35.099075,-106.6376306,12,3,1,2,998,0,0,25
350307,11,2,5,11,33.20940556,-105.7084306,42,1,1,1,998,1,0,55
350308,11,4,7,18,34.40683056,-103.2493444,12,5,1,2,998,0,0,45
350309,11,5,1,1,35.10077222,-106.5763056,8,3,1,1,998,0,0,65
350310,11,5,1,23,32.43538889,-103.1440806,8,2,1,1,35,0,0,35
350311,11,5,1,8,35.93648611,-104.7910444,1,1,1,1,998,1,0,75
350312,11,11,7,11,32.18793889,-107.7511639,12,1,1,2,130,0,0,55
350313,11,11,7,17,34.31471667,-108.4294111,1,1,1,1,998,1,0,55
350314,11,8,4,10,36.80775,-108.0000361,12,1,1,2,35,0,0,55
350315,11,18,7,19,36.74456667,-108.3643556,8,3,10,1,45,0,0,45
350316,11,18,7,17,32.66645278,-104.9363,1,2,1,1,998,1,0,98
350317,11,18,7,0,32.3093,-106.7533361,1,3,1,1,998,1,0,25
350318,11,15,4,18,32.31369444,-106.7947139,8,3,1,1,30,0,0,35
350319,11,29,4,7,35.00395833,-105.5865306,12,1,1,2,12,0,0,75
350320,11,23,5,17,34.36839444,-103.21435,9,5,6,1,998,0,0,45
350321,11,27,2,14,32.25423611,-107.7515833,12,1,1,4,998,0,0,30
350322,11,1,4,2,35.14886944,-106.5898083,12,3,1,2,998,0,1,65
350323,11,8,4,19,35.05725833,-106.8247639,12,2,1,2,998,0,0,50
350324,11,9,5,11,35.02715556,-106.1023639,38,1,1,1,998,0,0,75
350325,11,12,1,6,35.28775556,-106.7373861,1,1,1,1,998,1,0,25
350326,11,4,7,9,32.06640833,-104.2072111,1,1,1,1,998,1,0,55
350327,11,8,4,6,34.287675,-105.6249722,1,1,1,1,998,1,0,55
350328,11,11,7,23,35.74156944,-105.915275,1,2,1,1,998,1,1,25
350329,11,10,6,17,32.32416667,-108.62775,1,1,1,1,998,1,0,75
350330,11,8,4,12,32.87216667,-105.9651194,12,1,1,2,998,0,1,35
350331,11,17,6,14,35.10396944,-106.58715,12,1,1,2,998,0,0,65
350332,11,25,7,18,32.05290833,-106.6021222,12,2,1,2,998,0,0,45
350333,11,22,4,9,32.20151667,-108.2583194,12,1,1,2,998,1,0,75
350334,11,29,4,18,32.37811389,-104.2030722,12,2,1,3,998,0,0,65
350335,11,25,7,6,32.43246111,-104.1877472,12,2,1,2,998,1,0,65
350336,12,2,7,0,35.4471,-108.9549167,8,2,4,1,998,0,0,75
350337,12,3,1,7,35.40976944,-108.2804167,8,1,1,1,998,0,0,75
350338,12,3,1,17,32.31086111,-106.7570611,8,3,1,1,35,0,0,35
350339,12,9,7,2,34.30913889,-104.9386917,12,2,1,2,998,1,0,70
350340,12,10,1,2,35.41212778,-108.9963306,12,2,1,2,998,1,1,75
350341,12,9,7,3,36.15314167,-106.1778306,12,2,1,2,998,2,0,60
350342,12,8,6,6,35.073925,-106.5496417,8,4,1,1,998,0,0,40
350343,12,13,4,3,34.96893333,-104.8032833,1,2,1,1,998,1,0,75
350344,12,16,7,17,36.75319444,-108.5253944,8,2,1,1,70,0,0,60
350345,12,16,7,22,32.32922222,-106.7837222,33,3,1,1,998,1,1,35
350346,12,15,6,23,32.27653056,-103.1848722,12,2,1,2,998,0,0,65
350347,12,18,2,22,35.06624167,-106.7847417,8,2,1,2,33,0,0,35
350348,12,19,3,5,35.00931111,-105.6834611,24,2,1,1,998,1,0,75
350349,12,19,3,12,34.66154167,-105.1126806,12,1,1,2,998,1,0,65
350350,12,19,3,23,35.05328056,-106.8450833,1,2,1,1,77,1,0,50
350351,12,5,3,14,35.13586111,-106.593425,42,1,1,1,998,1,0,35
350352,12,20,4,19,34.99400556,-106.7328,8,2,1,1,998,0,0,40
350353,12,22,6,11,35.05839722,-106.6133278,12,1,1,2,998,0,0,45
350354,12,22,6,22,35.11730556,-106.6362111,33,2,2,1,998,1,0,35
350355,12,22,6,15,36.53213056,-105.5858694,35,1,10,1,998,1,0,25
350356,12,23,7,7,35.32183889,-107.9958139,1,4,5,1,998,1,0,75
350357,12,25,2,14,34.41928333,-103.2097306,12,1,1,2,998,0,0,35
350358,12,25,2,21,32.91207222,-103.3292278,12,3,1,3,998,1,0,45
350359,12,23,7,17,35.60378889,-105.2119,9,5,1,1,998,0,1,30
350360,12,29,6,5,36.30541667,-104.1464,1,2,1,1,998,1,0,60
350361,12,29,6,17,32.30048333,-106.7626194,8,2,1,1,33,0,0,35
350362,12,30,7,0,34.41203889,-103.187625,8,2,1,1,998,0,0,35
350363,12,30,7,10,36.69842222,-108.2244,17,1,1,1,998,1,0,45
350364,12,30,7,23,35.10998889,-104.0129944,1,2,1,1,998,1,0,55
350365,12,29,6,6,36.00652222,-106.0651889,8,2,1,1,30,0,0,35
350366,11,13,2,20,34.76408333,-104.9809306,12,2,1,2,998,1,0,65
350367,11,15,4,19,36.24162222,-107.7056389,8,2,1,1,55,0,0,70
350368,2,3,6,18,32.74206667,-103.1408444,8,2,1,1,998,0,0,30
350369,4,14,6,21,34.18394722,-103.3391694,12,3,1,2,35,0,1,30
350370,5,5,6,3,32.84291944,-104.5673917,12,2,1,2,998,1,0,55
350371,6,3,7,22,32.29901111,-106.7637917,9,2,1,1,998,0,0,30
350372,6,28,4,6,32.30876667,-106.7650778,9,1,1,1,998,0,0,35
350373,6,25,1,18,35.05301944,-106.8482472,12,1,1,2,998,0,0,75
350374,7,22,7,0,35.11637778,-106.6569861,9,2,1,1,998,0,0,35
350375,9,6,4,4,34.75256667,-106.7555139,12,3,1,2,80,1,0,25
350376,9,8,6,8,32.19481667,-106.75365,1,1,1,1,998,1,0,45
350377,9,9,7,13,34.60520556,-104.0219889,1,1,1,1,998,1,0,55
350378,9,17,1,21,35.31948056,-107.9944694,12,2,1,2,998,1,1,75
350379,10,29,1,3,34.08391944,-106.8763889,3,2,1,1,998,3,1,98
350380,11,19,1,5,34.7981,-106.6296083,1,2,5,1,998,1,0,35
350381,11,27,2,21,35.30659722,-106.6522278,8,2,1,1,38,0,0,55
350382,12,6,4,14,32.93590556,-105.9644333,12,1,1,3,998,1,0,45
350383,12,31,1,5,36.45696667,-103.1875528,1,3,1,1,998,1,0,30
350384,11,3,6,4,35.07745833,-106.5792,8,2,1,1,998,0,0,30
350385,11,3,6,23,34.99309167,-107.237625,1,6,98,1,998,1,0,75
350386,8,12,7,6,36.71063056,-108.3452889,12,1,1,2,65,0,1,55
350387,9,30,7,15,35.66331111,-105.9760111,12,1,1,2,0,0,0,35
350388,1,25,4,19,36.7739,-108.7480583,12,2,1,2,998,1,0,55
350389,2,13,2,19,33.35079167,-104.5167833,8,2,2,1,998,0,0,35
350390,2,24,6,15,35.73135833,-108.2411694,1,1,1,1,998,1,1,55
350391,4,1,7,3,35.38945833,-108.1745722,1,2,1,1,998,1,1,55
350392,9,18,2,20,34.05753056,-106.8935611,8,2,8,1,998,0,0,98
350393,10,28,7,18,35.05172778,-107.4867167,9,5,1,1,55,0,0,55
350394,11,24,6,19,35.08014444,-106.710225,8,2,4,1,998,0,0,40
350395,11,17,6,5,34.97509444,-106.6534722,12,2,1,2,998,0,0,75
350396,6,25,1,5,34.79676111,-106.7689694,8,6,1,1,998,0,0,75
350397,1,10,3,11,36.14350833,-107.2546806,12,1,1,2,998,1,0,70
350398,5,30,3,6,35.96246389,-107.6546778,1,1,1,1,998,1,1,45
350399,10,30,2,16,35.13373333,-106.6109611,12,1,1,2,998,0,0,35
350400,2,23,5,18,34.80163333,-106.5871444,8,2,1,1,998,0,0,35
350401,12,11,2,20,35.34955556,-106.6027028,8,2,1,1,998,0,1,55
350402,7,24,2,1,33.33904444,-104.5232417,8,3,1,1,998,0,0,50
360001,1,1,1,1,41.21996667,-73.96854167,38,2,5,1,999,2,0,20
360002,1,1,1,4,44.98979167,-74.64325556,32,2,5,1,999,2,0,99
360003,1,2,2,1,40.75701389,-73.89231111,1,3,1,2,999,1,0,25
360004,1,12,5,21,40.60853056,-73.95916667,8,3,2,1,999,0,0,25
360005,1,4,4,21,44.19292222,-73.46484444,42,2,2,1,999,1,0,35
360006,1,8,1,0,41.41516944,-73.64051389,42,2,1,1,999,1,1,55
360007,1,4,4,17,43.10781944,-75.24825556,8,2,2,1,999,0,0,30
360008,1,5,5,17,40.77298333,-73.91646111,9,3,1,1,999,0,0,25
360009,1,5,5,17,41.12276389,-73.99268611,8,3,2,1,999,0,0,35
360010,1,8,1,15,99.9999,999.9999,25,1,10,2,999,1,0,55
360011,1,5,5,23,40.54239444,-74.14589444,12,3,2,2,999,0,0,25
360012,1,6,6,0,40.79538333,-73.97711111,8,3,2,3,998,0,0,50
360013,1,13,6,10,42.83932222,-78.75399444,12,1,2,2,999,1,0,40
360014,1,6,6,17,42.45582778,-79.31071944,8,3,1,1,999,0,0,45
360015,1,8,1,13,43.21373889,-77.47513333,30,1,10,1,999,1,0,55
360016,1,8,1,3,40.83953056,-73.59511944,42,3,1,1,999,1,0,30
360017,1,9,2,7,40.69402222,-73.51958889,42,4,10,1,999,1,0,55
360018,1,10,3,7,40.67263056,-73.99348889,9,1,10,1,999,0,0,25
360019,1,14,7,1,42.51886667,-74.06602778,42,2,12,1,999,1,1,55
360021,1,15,1,19,40.79414444,-73.97023889,8,3,1,1,999,0,0,25
360022,1,18,4,14,42.34254722,-77.31493611,12,1,10,2,999,0,0,30
360023,1,21,7,21,40.85178333,-73.871125,38,3,1,1,999,1,1,50
360024,1,21,7,20,40.72762222,-73.44465556,8,3,10,1,999,0,0,35
360025,1,1,1,3,43.16730833,-77.56958611,12,3,10,2,999,1,0,30
360026,1,3,3,12,41.23143889,-73.80998889,42,1,2,1,999,1,0,55
360027,1,12,5,15,42.40201944,-76.85795833,32,1,2,1,999,1,0,55
360028,1,12,5,17,42.97025278,-75.01446389,8,2,10,1,999,0,0,55
360029,1,16,2,11,42.41054722,-75.51982778,42,1,10,1,999,1,1,55
360030,1,20,6,11,41.16025556,-73.97810556,12,1,10,2,999,1,0,55
360031,1,28,7,6,44.900825,-75.06571389,12,2,4,2,999,0,0,55
360032,1,20,6,23,43.18734722,-77.58398889,8,3,4,1,40,0,0,30
360033,1,24,3,23,42.25838056,-77.20818611,35,2,2,1,999,1,1,55
360034,1,25,4,10,42.96066944,-77.12641944,42,1,4,1,999,1,0,30
360035,2,10,6,14,42.10916389,-73.81633056,18,1,1,1,999,1,0,55
360036,1,14,7,5,40.70121944,-73.618125,8,3,4,1,999,0,0,40
360037,1,25,4,16,43.00688611,-77.64174444,12,1,4,2,40,1,0,45
360038,1,28,7,23,41.738425,-74.06536389,12,2,1,2,65,0,0,65
360039,1,26,5,13,42.07770833,-76.85125,8,1,10,1,999,0,0,30
360040,1,26,5,4,41.28937778,-73.84314722,24,2,10,1,999,1,0,45
360041,1,27,6,8,40.71888611,-73.79044444,8,1,1,1,999,0,0,30
360042,2,5,1,15,42.530125,-73.35655,42,1,10,1,999,1,0,55
360044,1,28,7,4,40.56925278,-74.11118056,30,3,1,1,999,1,1,30
360045,1,28,7,1,40.87390556,-73.92741667,8,3,1,1,999,0,0,40
360046,2,12,1,22,43.17481944,-77.61725278,8,3,1,1,999,0,0,45
360047,1,29,1,21,40.7565,-73.96031111,12,3,1,3,999,1,0,40
360048,1,29,1,23,40.66640556,-73.78719444,25,3,1,1,999,2,0,25
360049,2,1,4,4,42.09032778,-76.1448,34,2,1,1,999,1,0,55
360050,2,5,1,19,40.83461944,-73.02129444,8,3,10,2,998,0,0,45
360051,2,8,4,14,42.64745,-78.19928611,12,1,10,2,999,0,0,55
360052,1,19,5,18,42.579125,-79.10660556,9,2,1,1,999,0,0,45
360053,2,10,6,13,42.95937222,-77.29323056,42,1,10,1,999,1,0,55
360055,2,17,6,18,42.17235278,-75.74854722,8,2,10,1,999,0,0,55
360056,2,19,1,13,43.11128056,-75.14707778,34,1,10,1,999,1,0,55
360057,2,8,4,18,42.82540278,-73.96200556,8,3,1,1,35,0,0,30
360058,2,17,6,2,43.19614167,-77.55642778,8,3,10,2,999,0,0,55
360059,2,3,6,22,40.75373056,-74.00495,25,3,1,1,999,1,1,25
360060,2,8,4,5,40.87423611,-73.87395278,12,1,1,2,999,1,0,25
360061,2,11,7,16,43.22601667,-77.20910833,53,1,10,1,999,1,1,45
360062,2,11,7,14,41.56988056,-74.11636389,42,1,1,1,999,1,0,55
360063,2,13,2,18,43.05490278,-76.17056389,12,3,10,2,998,1,0,30
360064,2,15,4,8,42.97330278,-77.35458056,8,1,1,1,999,0,0,55
360065,2,15,4,19,43.075675,-78.99010556,12,3,1,2,999,0,1,30
360066,2,17,6,17,40.75867778,-73.91382778,8,5,1,1,999,0,0,25
360067,2,18,7,18,40.63969722,-73.95798056,8,3,1,1,999,0,0,25
360068,2,19,1,5,40.83159722,-73.91014167,8,3,1,2,999,0,0,25
360069,1,17,3,9,43.04599722,-76.86461944,12,1,98,2,999,1,0,55
360071,2,22,4,9,40.70655833,-73.34899444,12,1,10,2,999,1,0,30
360072,2,4,7,3,42.96356667,-78.78481111,30,3,10,1,76,1,1,40
360073,2,11,7,7,42.04725833,-74.90913333,12,1,10,2,999,0,0,55
360074,2,21,3,17,40.75204722,-73.78885,8,5,10,1,999,0,0,25
360075,2,23,5,10,43.45887778,-76.38362778,12,1,2,2,999,0,0,98
360076,3,11,7,6,40.70207778,-73.86749722,59,1,2,1,999,1,1,45
360077,2,25,7,4,40.83162222,-73.87381667,12,3,1,3,999,1,1,50
360078,2,6,2,23,43.18454167,-77.63119167,8,3,1,1,40,0,0,35
360079,2,8,4,21,42.30456389,-77.89481111,12,2,10,2,999,1,0,65
360080,3,10,6,12,40.84011667,-73.87787222,8,1,10,1,999,0,0,0
360081,3,11,7,6,40.7151,-73.96665,18,4,2,1,999,1,0,25
360082,2,10,6,7,41.09325278,-73.93134167,12,1,1,2,999,1,0,55
360083,3,2,5,13,44.69606389,-73.50023889,12,1,10,2,999,1,0,40
360085,2,25,7,21,43.24288889,-77.95737778,12,2,10,2,73,1,1,55
360086,2,25,7,7,42.60481944,-76.18575,30,1,10,1,999,1,0,30
360087,1,28,7,17,42.127025,-79.2837,12,5,10,3,999,1,1,65
360088,3,1,4,21,40.84508333,-73.06835,14,2,2,1,999,1,1,30
360089,3,1,4,19,40.66952778,-73.57722778,8,3,10,1,999,0,1,30
360090,3,4,7,22,40.70776111,-73.61605278,8,3,2,1,999,0,0,30
360091,3,1,4,2,42.86618333,-74.02086667,8,2,1,1,999,0,0,55
360092,2,24,6,10,40.54766667,-74.16010278,9,1,1,1,999,0,0,25
360093,3,5,1,19,40.7021,-73.626575,12,3,10,2,999,0,0,30
360094,3,3,6,20,40.57595833,-73.99105278,8,3,10,1,999,0,0,25
360095,3,3,6,18,40.68965,-73.80885833,8,3,2,1,999,0,1,25
360096,3,7,3,18,40.71316111,-73.76728333,8,5,1,1,999,0,0,25
360097,3,9,5,23,40.70778611,-73.932375,9,3,1,1,998,0,0,25
360098,2,16,5,9,43.16958333,-75.41719167,12,1,10,2,999,1,0,55
360099,2,27,2,12,41.42211389,-74.28878056,12,1,1,2,5,1,0,30
360100,2,1,4,1,42.66534722,-74.13162222,59,2,1,1,999,1,1,45
360101,2,20,2,7,42.83871667,-73.62473611,12,4,10,2,999,1,0,40
360102,2,22,4,16,42.461025,-77.82306944,12,1,98,2,999,0,0,55
360103,2,25,7,2,40.67014722,-73.84627222,38,3,1,1,999,1,0,25
360104,3,1,4,13,41.00330833,-73.83361111,30,1,1,1,999,1,0,15
360105,2,21,3,18,42.07569167,-79.31566389,12,1,10,2,999,1,0,98
360106,3,5,1,16,42.12716111,-75.97553056,8,1,10,1,999,0,1,10