ST_CASE,MONTH,DAY,DAY_WEEK,HOUR,LATITUDE,LONGITUD,HARM_EV,LGT_COND,WEATHER,VE_FORMS,TRAV_SP,DEATHS,DR_DRINK,VSPD_LIM
360818,11,10,6,16,40.72252222,-73.633,12,3,1,2,999,0,0,98
360819,11,12,1,3,40.88915833,-73.87854444,42,3,1,1,999,1,0,25
360820,11,19,1,4,40.73731667,-73.93216667,20,3,1,3,999,1,1,50
360821,11,16,5,18,40.61645278,-74.03551111,8,3,1,1,999,0,0,25
360822,11,18,7,21,99.9999,999.9999,12,3,1,7,999,0,0,50
360823,9,29,6,0,43.08812778,-75.19960278,12,3,1,2,999,1,1,30
360824,11,1,4,21,40.83585278,-73.406075,31,3,1,1,999,1,1,98
360826,8,24,5,14,40.73243889,-73.58329167,12,1,10,2,999,2,0,55
360827,10,7,7,9,42.53380833,-76.30701111,35,1,2,1,999,1,0,55
360829,10,18,4,19,42.27324167,-75.47038889,42,2,10,1,999,1,0,40
360830,10,21,7,10,41.53819167,-73.87538056,8,1,1,1,999,0,0,98
360831,10,23,2,14,44.55353889,-75.09010556,12,1,1,2,999,1,0,55
360832,11,7,3,3,40.82931111,-73.89181944,50,3,1,1,999,1,1,25
360833,11,12,1,5,43.18738056,-78.13601111,34,2,1,1,999,1,0,55
360834,11,13,2,22,41.02871111,-73.73717222,8,2,1,2,60,0,0,55
360835,11,16,5,21,43.18094444,-77.64451111,8,3,1,1,999,0,0,30
360836,11,19,1,1,44.96813889,-73.582725,42,3,10,1,999,1,0,30
360837,11,25,7,15,40.70621667,-73.66130833,8,1,1,1,999,0,0,30
360838,11,27,2,21,40.82408611,-73.87436667,8,1,1,1,999,0,0,50
360839,11,27,2,9,40.61080556,-73.95489444,8,1,1,1,999,0,0,25
360840,11,29,4,18,40.75604444,-73.83368056,8,3,1,1,999,0,0,25
360842,12,4,2,0,40.70176111,-73.80886111,33,3,2,1,999,1,0,25
360843,10,26,5,16,40.77964722,-73.98800278,8,1,1,1,999,0,0,25
360844,11,28,3,6,40.91417778,-73.787125,8,3,1,1,999,0,0,30
360845,4,8,7,20,42.02063333,-78.36493056,1,2,1,1,999,1,0,35
360846,8,25,6,23,43.38312778,-76.59251667,42,2,1,1,999,1,1,30
360847,11,7,3,2,43.17113889,-75.41749722,35,2,10,1,999,1,0,55
360848,11,19,1,5,41.96945278,-73.97159444,42,3,1,1,999,1,0,55
360849,11,29,4,7,42.44189444,-74.04203056,34,1,1,1,999,1,0,45
360851,8,16,4,12,42.86988333,-73.81858333,12,1,1,2,12,0,0,45
360852,3,17,6,13,41.59826389,-73.91123333,12,1,10,3,998,1,0,98
360853,11,18,7,15,42.947075,-78.88594722,8,1,1,1,999,0,0,30
360854,10,7,7,23,42.75880278,-73.93325556,59,2,10,2,103,1,1,55
360855,10,12,5,23,40.66522222,-73.89902778,14,3,1,1,999,1,0,25
360856,11,13,2,17,42.21548611,-73.79861389,12,3,10,2,999,1,0,55
360857,10,17,3,11,42.821525,-77.60991944,12,1,10,2,999,1,0,55
360858,11,17,6,2,43.15614167,-75.74432778,59,3,10,1,999,1,1,45
360859,7,23,1,17,43.155,-76.22724167,35,5,1,1,999,1,0,40
360860,10,5,5,15,41.37179167,-73.73035,39,1,10,1,998,1,0,98
360861,11,18,7,10,41.37870278,-74.69458611,12,1,1,2,999,1,0,30
360862,11,22,4,6,40.60592222,-73.98961111,8,4,2,1,999,0,0,25
360864,8,1,3,23,99.9999,999.9999,1,3,1,3,998,1,0,98
360865,12,3,1,19,42.70065278,-77.67660278,34,2,10,1,999,1,0,55
360866,11,30,5,21,43.22001389,-77.96672778,12,3,1,2,999,1,1,45
360867,12,4,2,22,40.86825,-73.91614167,12,3,1,2,999,0,0,25
360868,12,7,5,6,40.73272222,-73.94271667,12,1,1,2,999,1,0,25
360869,12,4,2,9,40.84522778,-73.91168889,12,1,1,4,999,1,0,50
360870,8,20,1,23,42.740725,-78.81250833,12,3,10,2,52,0,1,45
360871,9,20,4,14,44.25678889,-75.93435278,49,1,1,1,999,0,0,55
360872,11,5,1,16,43.06756389,-76.144325,59,1,1,1,999,0,0,30
360873,7,24,2,21,40.61253333,-73.96383611,8,3,1,1,999,0,0,25
360874,10,15,1,11,40.69443333,-73.78151111,1,1,1,2,999,0,0,25
360875,11,10,6,0,41.06433889,-73.86353056,24,3,1,1,999,1,0,55
360876,11,27,2,15,43.13918333,-76.22688333,12,1,4,2,999,0,0,40
360877,11,22,4,11,43.19045,-78.03640833,12,1,10,2,999,2,0,55
360878,11,30,5,15,41.51943056,-73.69589722,9,1,1,1,999,0,0,55
360879,12,10,1,5,41.74219444,-73.87632778,53,2,1,1,55,1,1,45
360880,12,5,3,11,44.90214167,-74.22981389,26,1,10,1,999,1,0,55
360881,11,9,5,17,42.98848611,-78.127475,8,2,1,1,999,0,0,55
360882,12,4,2,22,43.04272778,-76.1423,8,3,10,1,49,0,0,30
360883,12,12,3,19,40.623925,-73.73599722,8,3,1,1,999,0,0,30
360884,12,12,3,18,40.74742222,-73.66906944,8,3,1,2,999,0,0,30
360885,11,18,7,23,41.59413056,-74.36881389,30,2,1,1,999,1,0,55
360886,11,7,3,17,40.67809444,-73.94360278,12,1,1,2,999,1,0,25
360887,11,17,6,19,40.8457,-73.88479444,12,3,1,3,999,1,0,25
360888,12,7,5,17,42.66654444,-76.57056389,24,2,1,2,44,0,0,55
360889,12,9,7,2,40.65387222,-73.63141667,8,3,1,1,999,0,0,30
360890,12,10,1,20,40.7127,-73.73344444,8,3,2,2,999,0,0,25
360891,12,10,1,21,40.62734167,-73.82737778,30,3,2,1,999,1,1,35
360892,8,23,4,4,40.68229167,-73.69073333,8,3,1,1,999,0,0,55
360893,11,27,2,11,42.76041111,-73.88171389,9,1,1,1,999,0,0,40
360894,7,24,2,14,40.88318889,-72.94209722,12,1,1,2,998,0,0,99
360895,8,24,5,2,40.79336667,-73.27520556,30,3,1,1,999,1,1,99
360896,10,13,6,1,40.80799167,-72.8249,30,3,1,1,998,1,1,99
360897,8,29,3,22,40.79593333,-73.27705278,8,2,2,1,38,0,0,40
360898,10,11,4,4,40.70030278,-73.42673611,8,3,1,1,999,0,0,40
360899,10,7,7,5,40.76033056,-73.09975833,12,2,10,2,55,0,0,55
360900,8,2,4,19,40.74956667,-72.87150833,30,1,1,1,998,1,0,99
360901,8,20,1,0,40.91206111,-73.03038889,30,2,1,1,999,1,1,98
360902,8,19,7,22,40.832975,-72.75027778,1,1,1,1,999,1,1,55
360903,9,9,7,16,40.73119722,-73.2693,21,1,1,1,999,1,1,30
360905,8,4,6,23,40.83176389,-73.03300556,8,3,10,1,999,0,0,99
360906,8,7,2,9,40.82316667,-73.129325,8,1,2,1,998,0,0,40
360907,7,11,3,23,40.80173889,-72.86503611,8,3,1,2,998,0,0,45
360908,8,31,5,8,40.82961111,-73.280975,8,1,1,1,999,0,0,30
360909,8,27,1,21,40.84857778,-73.40989167,8,3,1,1,998,0,0,99
360910,8,19,7,11,40.75662222,-73.21099722,12,1,1,2,998,0,0,99
360911,9,9,7,10,40.83714444,-72.77179722,12,1,10,2,999,0,0,99
360912,6,24,7,22,41.5818,-73.98708611,12,2,10,2,999,0,1,55
360913,8,25,6,10,40.70341944,-73.27283333,12,1,2,2,998,0,0,45
360914,8,18,6,14,40.81281667,-73.07251944,12,1,1,3,998,0,0,30
360915,9,9,7,19,40.77981944,-72.86555556,9,3,10,2,998,0,0,45
360916,9,17,1,18,40.72206111,-73.37739722,12,1,1,3,0,0,0,98
360917,9,20,4,10,40.81020833,-73.15243333,12,1,1,6,0,0,0,55
360918,9,25,2,6,40.79259444,-73.19240556,9,1,2,2,998,0,0,40
360919,10,18,4,12,40.71195278,-73.40316389,12,1,10,2,998,1,0,40
360920,10,24,3,18,41.06803889,-73.76586111,42,2,1,1,999,1,0,35
360921,11,21,3,18,43.00548333,-76.140925,8,3,2,2,34,0,0,30
360922,10,26,5,19,42.71396667,-73.76399722,12,2,1,2,120,1,0,40
360923,11,22,4,11,43.088225,-79.06386389,35,1,2,1,999,2,0,30
360924,12,27,4,13,99.9999,999.9999,12,1,2,3,999,0,0,55
360925,11,24,6,10,43.03702222,-77.73732222,12,1,10,2,999,0,0,45
360926,11,24,6,17,42.79705,-78.81897778,8,3,10,1,999,0,0,35
360927,12,13,4,16,41.80472222,-74.97157778,8,5,1,1,999,0,0,45
360928,12,15,6,21,42.88492222,-78.83338056,8,3,10,1,999,0,1,30
360929,12,17,1,6,42.85156944,-78.80513889,8,3,1,1,999,0,0,30
360930,12,18,2,14,40.72228889,-73.59886944,12,1,1,2,999,1,0,30
360931,12,20,4,20,44.03256111,-76.05648611,8,2,10,1,60,0,0,55
360932,12,20,4,5,40.69373611,-73.54758056,30,3,1,1,999,1,0,55
360933,12,21,5,21,43.40640556,-75.21923611,12,3,1,2,999,1,0,55
360934,11,17,6,22,42.04193333,-76.25893889,5,2,2,1,999,1,1,45
360935,12,22,6,17,42.67935556,-73.78219444,8,3,1,1,999,0,0,30
360936,12,1,6,13,40.70127778,-73.28877778,24,1,2,1,999,1,0,55
360937,12,23,7,4,42.78840278,-73.88039167,34,2,1,1,115,2,0,30
360938,12,25,2,1,40.65448611,-73.90973056,12,3,10,2,25,1,0,25
360939,12,25,2,18,42.92266944,-78.81368056,8,3,1,1,998,0,0,30
360940,12,31,1,0,40.8246,-73.82326944,8,3,1,1,999,0,0,50
360941,12,28,5,17,40.79601944,-73.69908889,8,3,2,1,999,0,0,30
360942,12,28,5,5,40.68256667,-73.97633611,8,3,2,1,999,0,0,25
360943,12,31,1,4,40.79398056,-73.94298056,8,3,1,1,999,0,0,25
360944,12,26,3,17,42.909375,-77.71966111,8,2,2,4,999,0,0,55
360945,12,28,5,6,40.76464444,-73.82381667,9,3,2,1,999,0,0,25
360946,9,14,5,22,43.126275,-76.08780278,1,2,1,1,72,1,1,45
360947,12,18,2,18,99.9999,999.9999,42,2,2,1,999,1,0,55
360948,12,18,2,4,43.05911667,-76.0966,1,3,2,1,999,1,1,55
360949,9,8,6,15,43.08794444,-75.25872778,8,1,10,1,30,0,0,30
360950,11,11,7,23,42.70321944,-73.81635556,8,3,1,1,999,0,0,40
360951,11,27,2,0,40.91079722,-73.862675,30,2,2,1,998,1,0,99
360952,11,12,1,23,42.77188889,-73.82325278,8,2,1,1,999,0,0,45
360953,12,8,6,18,43.09950833,-75.23488056,8,3,1,1,28,0,0,30
360954,12,22,6,5,99.9999,999.9999,8,3,1,1,999,0,0,25
360955,12,4,2,7,42.36674167,-73.70518889,12,3,10,2,999,0,0,55
360956,12,3,1,1,40.75286111,-73.985475,8,3,2,1,999,0,0,25
360957,12,22,6,8,44.31500278,-75.49328056,12,1,1,3,999,0,0,40
360958,6,17,7,22,43.20458056,-73.64394167,8,2,2,1,999,0,0,55
360959,7,24,2,23,41.14768056,-74.19145278,8,3,1,1,999,0,0,45
360960,6,9,6,13,42.80902778,-73.72456389,12,1,10,2,999,1,0,40
360961,11,21,3,18,42.70150556,-73.81457222,8,3,4,1,999,0,0,40
360962,11,30,5,3,43.04185278,-76.17403056,39,3,1,1,86,1,0,30
360963,11,22,4,7,99.9999,999.9999,42,3,2,1,999,1,0,55
360964,6,11,1,3,42.78628333,-73.74074167,59,3,5,1,999,1,1,55
360965,12,20,4,0,43.22257778,-78.35965833,42,3,1,1,999,1,0,55
360966,12,27,4,3,42.58403611,-76.04706667,42,2,2,1,999,1,1,55
360967,12,22,6,23,40.70823611,-73.62449722,2,3,1,4,999,2,0,30
360968,12,31,1,6,42.88318611,-75.25071111,24,3,10,1,999,1,0,45
360969,12,20,4,17,42.68848333,-73.81811111,8,3,1,1,999,0,0,30
360970,12,27,4,19,42.90969444,-78.732075,8,3,2,1,999,0,0,45
360971,12,30,7,20,42.17705556,-78.25450833,8,2,1,1,107,0,0,55
360972,7,9,1,9,40.76478611,-73.91210556,12,1,10,2,999,0,0,25
360973,12,18,2,20,40.66698333,-73.77073611,12,3,1,2,999,0,0,30
360974,10,13,6,20,42.89169722,-78.60663889,12,3,1,2,999,1,0,55
360975,8,22,3,14,42.83631944,-73.48393889,12,1,1,3,50,1,1,45
360976,4,18,3,14,40.77637222,-73.46848889,12,1,1,2,998,1,0,99
360977,10,23,2,6,99.9999,999.9999,12,4,1,2,999,1,0,65
360978,12,24,1,13,40.74566944,-73.79243889,12,1,1,2,999,0,0,25
360979,12,28,5,23,42.45798611,-79.08186944,12,2,10,2,999,0,1,55
360980,12,24,1,18,41.96419722,-74.02205,24,2,10,4,999,1,0,55
360981,12,29,6,17,42.74713889,-78.02543889,12,2,1,2,999,1,0,55
360982,12,24,1,15,40.82324444,-72.62057222,42,1,2,1,999,1,1,45
360983,8,26,7,11,41.01283056,-73.79616389,8,1,1,1,999,0,1,25
360984,12,25,2,8,42.87641944,-76.99366944,12,1,1,2,999,1,0,30
360985,12,18,2,10,42.25291944,-73.90607222,3,1,2,1,999,1,0,40
360986,12,19,3,8,41.11256111,-73.94440833,12,1,10,2,999,1,0,40
360987,11,2,5,19,40.69223611,-73.397775,8,3,1,2,998,0,0,55
360988,11,9,5,13,40.78988889,-73.00855556,12,1,1,2,999,1,0,40
360989,11,7,3,16,40.70991667,-73.36432778,9,1,1,2,998,0,0,50
360990,11,14,3,13,40.91549167,-73.00714444,12,1,1,3,999,0,0,55
360991,9,23,7,10,41.53263889,-74.30116944,12,1,2,2,999,0,0,55
360992,10,9,2,22,43.06000833,-76.06698889,8,2,10,1,28,0,0,40
360993,11,15,4,5,42.97517222,-73.86185278,8,2,10,1,999,0,0,45
360994,12,25,2,13,41.16159444,-73.81673333,34,1,10,1,999,1,0,55
360995,11,16,5,10,43.053025,-76.25819444,1,1,1,1,998,1,0,65
360996,12,20,4,17,41.12536944,-74.16143889,8,2,1,1,45,0,0,40
360997,11,17,6,16,43.11276111,-75.21512222,8,5,2,2,35,0,0,35
360998,11,18,7,7,42.33824444,-77.33611389,8,2,99,1,998,0,0,65
360999,11,21,3,13,40.77838333,-73.07480278,12,1,1,2,998,1,0,55
361000,11,21,3,17,43.12050833,-78.99762222,8,3,10,1,999,0,0,40
361001,12,3,1,22,40.92939444,-72.94088611,42,2,2,1,999,1,0,45
361002,12,5,3,13,43.21975278,-77.0124,12,1,2,2,999,0,0,98
361003,12,9,7,21,42.31229167,-74.245325,38,2,1,1,999,1,0,30
361004,12,11,2,7,44.606825,-75.39385556,49,4,2,1,55,0,0,55
361005,12,12,3,12,42.35033889,-76.54253056,12,1,1,3,999,1,0,55
361006,12,17,1,2,41.37453611,-74.63421389,24,2,1,1,999,1,1,65
361007,12,30,7,10,40.74274722,-73.9846,9,1,1,1,999,0,0,25
361008,12,31,1,2,41.19131111,-73.87979167,8,2,1,1,999,0,0,55
361009,12,31,1,18,43.15000833,-77.67441944,8,3,10,3,999,0,1,40
361010,11,10,6,12,42.54411111,-76.437025,32,1,10,1,999,1,0,99
361011,12,31,1,21,43.23498889,-77.62433056,12,3,4,2,999,1,0,98
361012,12,31,1,1,41.10860556,-74.04151111,8,3,1,1,999,0,0,30
361013,10,31,3,0,41.64012222,-73.99945833,30,6,10,1,998,1,0,99
361014,10,19,5,19,41.73833889,-74.16286111,12,2,1,2,999,0,0,55
361015,8,14,2,16,43.00362778,-73.6992,12,1,1,3,80,1,0,45
361016,2,17,6,23,41.13761389,-72.319525,12,3,1,2,999,2,0,40
361017,11,27,2,23,40.75073611,-73.93493611,12,3,1,2,998,1,0,25
361018,9,21,5,13,99.9999,999.9999,57,1,1,1,999,2,0,65
361019,6,23,6,8,40.91018889,-72.63119444,12,1,10,2,998,0,0,98
361020,12,11,2,0,43.05855556,-76.17353889,9,3,2,1,29,0,0,30
361022,12,28,5,7,40.93632778,-73.01618056,12,1,1,2,999,1,0,45
361023,9,9,7,3,43.062125,-78.49208056,42,2,1,1,999,1,0,55
361024,12,15,6,19,41.32671944,-73.92761667,12,2,1,2,999,1,0,50
361025,11,8,4,19,42.63886667,-73.75419722,8,2,10,2,999,0,0,55
361026,6,12,2,21,40.85293056,-73.13265,14,3,2,1,998,1,0,99
361027,6,13,3,17,41.09990556,-72.37220556,12,1,1,2,999,2,1,25
361028,12,15,6,22,43.32744167,-73.68633611,8,3,1,1,999,0,0,30
361029,8,29,3,19,42.90317778,-78.76171111,12,5,1,2,45,1,1,45
361030,11,29,4,22,42.549475,-79.10969444,14,2,10,1,999,1,0,65
361031,1,12,5,14,40.76803611,-73.55521944,8,1,10,1,998,0,0,98
361032,9,18,2,20,40.81603333,-73.08515,8,3,2,1,30,0,0,35
361033,10,7,7,18,40.77343333,-72.94761667,8,2,10,1,998,0,0,99
361034,10,10,3,18,40.870625,-72.99753056,8,3,1,1,999,0,0,40
361035,10,16,2,22,40.87311944,-72.98383333,8,3,1,1,999,0,0,45
361036,12,1,6,21,40.79610556,-72.97983333,42,3,2,1,999,1,1,35
361037,11,22,4,18,40.88249444,-73.01623889,8,3,1,1,55,0,0,55
361038,12,11,2,18,40.83301111,-73.03757222,8,1,1,2,998,0,0,98
361039,8,5,7,18,40.82537222,-73.43168889,42,1,1,1,999,1,1,30
361040,9,19,3,19,43.11349444,-76.19386389,12,5,1,2,999,1,1,40
361041,11,10,6,13,42.91885278,-78.75413611,12,1,1,2,13,0,0,40
361043,12,26,3,13,41.06380833,-73.86233333,8,1,10,1,998,0,0,30
361044,11,27,2,17,41.07865,-73.85763611,8,3,1,2,998,0,0,30
361045,11,23,5,0,43.11098333,-76.14631389,8,2,2,1,46,0,0,65
361046,10,6,6,23,40.69248056,-73.39726389,8,3,1,1,998,0,0,55
361047,5,2,3,1,41.04303056,-73.80013056,42,3,2,1,999,1,0,35
361048,11,27,2,16,42.77067778,-78.47855556,12,2,4,2,999,0,0,55
361049,12,29,6,10,42.25755,-73.74759722,12,1,2,2,999,1,0,55
361050,9,23,7,20,41.31061389,-74.13278333,12,2,2,6,999,1,1,55
361051,10,18,4,6,41.31371389,-73.81395833,8,3,5,1,46,0,0,40
361052,7,27,5,0,41.39881667,-74.08801389,12,2,10,2,999,0,1,65
361053,11,18,7,10,41.49513333,-74.04568333,12,1,1,2,55,1,0,55
361054,10,1,1,18,40.81948611,-72.91606389,30,3,1,1,999,1,1,50
361055,12,3,1,17,40.80746111,-73.08100833,8,3,2,1,999,0,0,30
361056,12,30,7,18,40.89473333,-72.44901944,8,2,1,1,999,0,0,35
361057,9,3,1,23,40.68129167,-73.41680556,8,3,1,1,999,0,0,99
361058,7,4,3,20,40.80462778,-73.42363333,12,1,1,2,999,0,0,30
361059,10,26,5,20,44.69709722,-73.48240833,9,3,2,3,999,0,0,30
361060,12,14,5,19,42.966725,-76.22945,9,2,1,1,999,0,0,55
361061,9,2,7,23,40.84283889,-72.57931389,8,2,1,1,998,0,0,99
361062,12,21,5,18,41.710825,-73.86454444,8,3,1,1,999,0,0,40
370001,1,11,4,17,36.08500833,-79.32263333,12,2,1,2,75,1,0,45
370002,1,20,6,1,36.06869722,-79.35515278,12,3,1,2,65,1,0,65
370003,1,5,5,18,35.91950556,-81.21175278,12,2,1,3,55,1,1,55
370004,1,10,3,6,35.89945278,-81.292475,12,2,1,2,40,0,0,45
370005,1,5,5,9,36.38892778,-81.35059167,42,1,1,1,55,2,0,55
370006,1,7,7,8,34.72129444,-78.81298889,12,1,1,2,55,0,0,55
370007,1,25,4,6,34.83504444,-78.85634722,12,2,1,2,5,0,0,55
370008,1,19,5,19,35.60729444,-82.57803611,43,3,1,1,70,1,0,45
370009,1,29,1,21,35.56226389,-82.52719167,9,3,2,1,45,0,0,45
370010,1,4,4,17,35.74436667,-81.62693333,12,2,10,2,45,1,1,45
370011,1,20,6,1,35.71523056,-81.76502778,8,2,1,1,70,0,0,70
370012,1,17,3,22,35.26575,-80.62399167,12,2,10,2,55,1,0,45
370013,1,26,5,22,35.46475833,-80.63160278,19,3,1,1,41,1,0,25
370014,1,1,1,7,34.80719722,-76.47858333,1,4,1,1,85,1,1,55
370015,1,17,3,17,35.649275,-81.21122778,12,1,10,2,10,1,0,45
370016,1,16,2,5,35.56267222,-81.16493333,8,2,1,1,35,0,0,35
370017,1,5,5,15,35.62368333,-79.51313333,32,1,1,2,75,1,0,55
370018,1,20,6,18,35.25235556,-81.66675833,8,5,1,1,25,0,0,25
370019,1,20,6,5,35.03556389,-78.88064444,8,2,1,1,60,0,0,60
370020,1,25,4,23,35.06138889,-78.84179722,8,2,1,1,55,0,0,55
370021,1,9,2,20,35.02788333,-78.92796389,8,3,1,1,44,0,0,45
370022,1,21,7,23,34.96270833,-78.97129722,12,2,1,3,80,0,1,35
370023,1,11,4,14,35.72958611,-80.29611667,12,1,1,2,55,0,0,55
370024,1,16,2,19,35.83285278,-80.33780278,12,2,1,2,45,1,0,45
370025,1,1,1,3,35.90900833,-80.06488611,12,2,5,2,90,1,0,55
370026,1,25,4,14,35.67405833,-80.26743611,12,1,2,2,60,1,0,45
370027,1,6,6,20,35.689675,-80.09848889,12,2,1,3,90,1,1,55
370028,1,30,2,18,35.76809722,-80.10393056,12,2,1,2,55,1,0,55
370029,1,6,6,5,35.87243611,-80.43193889,12,2,1,3,55,0,0,55
370030,1,27,6,19,35.95869444,-80.52892778,57,2,1,2,85,1,0,70
370032,1,24,3,1,35.96094444,-78.91489444,30,2,1,1,75,2,1,35
370033,1,4,4,10,35.24771111,-81.09784444,59,1,2,1,35,1,0,35
370034,1,1,1,4,35.28340556,-81.32719167,38,2,10,1,70,1,1,45
370035,1,23,2,8,35.30702222,-81.23144167,53,1,1,1,55,1,0,45
370036,1,19,5,4,35.36720556,-83.86346667,17,2,10,1,40,1,1,35
370037,1,25,4,15,36.16302222,-78.72429722,12,1,2,2,70,0,0,55
370038,1,1,1,1,36.08666944,-79.79386389,40,3,1,1,15,1,0,35
370039,1,26,5,11,36.00094444,-79.8093,1,1,1,1,70,1,0,70
370040,1,22,1,17,35.97964722,-79.98452778,12,1,10,2,65,0,1,35
370041,1,17,3,22,36.22600556,-77.74498611,42,2,1,1,70,1,0,70
370042,1,21,7,13,36.38381667,-77.80097778,53,1,1,1,70,1,1,55
370043,1,27,6,12,36.37364722,-77.62064167,42,1,1,1,55,1,0,55
370044,1,7,7,15,35.29211389,-78.60419444,24,1,1,4,60,1,0,60
370045,1,24,3,5,35.42023333,-78.93849167,12,1,1,2,45,0,0,55
370046,1,28,7,18,36.50881111,-77.02768056,34,2,1,1,80,1,1,45
370047,1,1,1,6,35.36419444,-78.54853333,12,2,1,2,40,1,0,60
370048,1,21,7,9,35.55524722,-78.38616111,12,1,1,2,0,0,0,60
370049,1,29,1,6,35.79190278,-82.54400278,34,2,10,1,45,1,0,45
370050,1,8,1,10,35.28804444,-80.96483333,34,1,1,1,130,1,1,70
370051,1,1,1,1,35.22673889,-80.74734167,12,3,2,2,74,0,1,40
370052,1,5,5,17,35.22159722,-80.81059722,9,5,1,1,40,0,0,30
370053,1,10,3,7,35.24974444,-80.74945278,8,4,1,1,42,0,0,35
370054,1,10,3,16,35.29761944,-80.76440278,12,1,1,2,0,0,0,65
370055,1,14,7,7,35.23681944,-80.9202,12,1,1,2,55,1,0,55
370056,1,20,6,20,35.14413056,-80.83295556,12,3,1,2,18,0,1,35
370057,1,29,1,1,35.3214,-80.78227222,8,2,1,1,998,0,0,55
370058,1,30,2,17,35.08779444,-80.847925,12,5,1,2,998,1,0,45
370059,1,13,6,9,35.22978611,-79.69789722,34,1,1,1,75,1,0,55
370060,1,19,5,19,34.52496944,-77.42020556,12,2,1,2,60,1,1,45
370061,1,26,5,13,34.76413889,-77.38303611,12,1,1,2,40,0,0,45
370062,1,1,1,3,36.04347778,-79.25473889,30,2,1,1,65,1,0,50
370063,1,1,1,18,35.8893,-79.98633611,8,2,1,2,70,0,0,70
370064,1,18,4,6,35.86725278,-80.02696111,8,2,10,1,62,0,0,70
370065,1,31,3,11,35.67636111,-79.82936111,12,1,10,2,55,1,0,65
370066,1,22,1,20,35.81845833,-79.81298611,42,3,2,2,80,1,0,35
370067,1,3,3,10,34.541525,-79.01242778,34,1,1,1,80,1,1,55
370068,1,4,4,7,34.74222222,-79.05455556,12,1,10,2,45,1,0,45
370069,1,20,6,17,34.47177222,-79.20019167,12,1,1,2,55,1,0,55
370070,1,21,7,18,34.44909722,-79.22337222,12,3,1,2,55,0,0,55
370071,1,17,3,5,34.64511389,-78.92995,12,2,1,2,55,0,0,55
370072,1,15,1,20,36.51565833,-79.6716,8,2,1,1,35,0,0,40
370073,1,2,2,18,35.41239167,-81.91913889,12,2,10,4,55,0,0,55
370074,1,8,1,10,35.36591667,-81.95855,12,1,2,2,60,0,0,35
370075,1,14,7,16,34.92998333,-78.34237222,53,1,1,1,70,1,1,55
370076,1,6,6,18,34.963725,-78.19232222,12,2,1,2,5,0,0,55
370077,1,28,7,15,35.15704444,-78.608225,32,1,1,1,55,1,0,55
370078,1,11,4,20,34.72749722,-79.38017778,34,2,1,1,110,1,1,55
370079,1,4,4,19,34.87968889,-79.54346111,23,2,10,1,55,1,0,55
370080,1,11,4,13,35.33741111,-80.13603889,12,1,1,4,55,0,0,55
370081,1,9,2,15,35.17751667,-80.54200833,12,1,1,3,60,1,0,55
370082,1,7,7,8,36.00493056,-78.52133333,12,1,1,2,50,0,0,55
370083,1,27,6,6,35.91415278,-78.38951111,42,2,1,1,130,1,1,55
370084,1,26,5,11,35.83644167,-78.65682778,12,1,1,2,47,0,0,60
370085,1,26,5,20,35.73601667,-78.77909167,8,3,1,1,45,0,0,45
370086,1,11,4,2,36.14761111,-81.31924444,8,2,1,1,55,0,0,55
370088,1,4,4,22,35.71409722,-77.90565833,59,3,1,1,75,1,1,35
370089,2,8,4,21,36.09324722,-79.40598611,8,3,1,1,30,0,0,35
370090,2,3,6,12,35.03762778,-80.09131389,12,1,1,2,55,0,0,55
370091,2,13,2,16,36.11701389,-81.84221389,42,1,1,1,55,1,0,55
370092,2,11,7,20,35.49286111,-82.50405833,24,2,2,1,55,1,0,45
370093,2,25,7,12,35.46272222,-82.46595278,42,1,2,1,50,1,1,50
370094,2,3,6,14,35.43551111,-80.39648611,12,1,1,2,45,0,0,55
370095,2,11,7,18,35.40292778,-80.46181389,12,5,10,2,70,1,0,55
370096,2,12,1,22,35.44012222,-80.60706389,8,2,10,1,47,0,0,45
370097,2,21,3,17,35.94526111,-81.560575,42,1,1,1,65,1,0,45
370098,2,8,4,14,36.22555,-76.672375,34,1,1,1,55,1,1,55
370099,2,4,7,5,35.78883056,-79.39109444,53,2,1,1,90,1,0,55
370100,2,9,5,6,35.14955833,-83.919325,8,2,2,1,55,0,0,55
370101,1,13,6,16,36.11730833,-78.90335,12,1,1,2,45,0,0,45
370102,1,25,4,1,36.38873611,-78.87423889,34,2,1,1,75,1,0,45
370103,2,28,3,19,35.76473333,-81.57064722,12,2,1,2,45,1,0,35
370104,2,26,1,18,33.90611389,-78.58575833,12,5,1,2,55,1,0,55
370105,2,23,5,6,36.47538889,-79.40435278,12,4,1,2,50,0,0,45
370106,2,22,4,0,35.55636667,-79.28526389,12,2,1,2,68,1,0,60
370107,2,8,4,21,35.18279722,-77.30447222,34,2,1,1,75,1,0,55
370108,2,15,4,18,35.19044167,-78.95990556,8,2,1,1,55,0,0,55
370109,2,26,1,15,34.95307222,-78.97439444,12,1,1,2,50,1,0,35
370110,2,25,7,21,35.95326667,-80.53786389,12,2,10,2,0,0,0,70
370111,2,3,6,16,35.16247222,-78.01056389,8,9,1,1,55,0,0,55
370112,2,19,1,18,34.75758333,-77.94858056,12,5,1,2,15,0,0,45