ST_CASE,MONTH,DAY,DAY_WEEK,HOUR,LATITUDE,LONGITUD,HARM_EV,LGT_COND,WEATHER,VE_FORMS,TRAV_SP,DEATHS,DR_DRINK,VSPD_LIM
370473,5,14,1,0,35.65003056,-82.58270278,23,2,1,1,120,1,0,60
370474,5,18,5,10,34.75045,-76.82900278,53,1,1,1,65,1,0,45
370475,5,22,2,16,35.18859722,-78.71247222,42,1,1,1,70,1,1,55
370476,5,6,7,16,36.02496111,-78.80216667,34,1,1,1,30,1,1,45
370477,5,22,2,21,35.96001667,-78.91034444,8,2,1,1,56,0,0,35
370478,5,1,2,18,35.86112778,-77.64134722,12,1,1,2,35,0,0,55
370479,5,8,2,12,36.18120833,-80.21813611,12,1,1,3,100,1,0,65
370480,5,17,4,16,36.10940556,-80.23064444,12,1,10,2,15,0,0,25
370481,5,6,7,6,35.87418056,-78.23054167,42,1,1,1,90,2,1,70
370482,5,15,2,22,36.11371111,-80.02164444,12,2,1,2,10,0,0,0
370483,5,4,5,13,35.387975,-78.68483889,12,1,1,2,15,0,0,55
370484,5,8,2,13,35.47959167,-82.97045278,42,1,1,1,70,1,1,45
370485,5,18,5,15,35.41342222,-78.47314444,57,1,1,3,68,0,0,65
370486,5,8,2,17,35.73298611,-77.90055,12,1,1,2,45,2,0,45
370487,5,13,7,18,35.73452222,-81.19198333,12,1,1,2,70,1,0,50
370488,5,21,1,1,35.16425833,-79.41374722,31,3,1,1,60,1,0,35
370489,5,23,3,22,36.03866667,-78.49930833,12,2,1,2,90,0,0,55
370490,5,23,3,21,34.64404167,-79.26270556,34,2,1,1,70,1,1,55
370491,5,23,3,16,35.10891111,-78.31033056,8,1,10,1,55,0,0,55
370492,5,26,6,10,35.4559,-81.43205278,34,1,1,1,110,1,0,55
370493,3,10,6,18,35.09519167,-77.63941944,12,5,2,2,70,1,0,55
370494,5,26,6,19,35.27176944,-80.32680833,12,1,1,2,5,1,0,55
370495,5,13,7,17,36.43001667,-79.7251,34,1,1,1,75,1,1,50
370496,5,24,4,6,35.80570556,-82.02909444,24,4,1,1,100,1,0,55
370497,5,26,6,9,35.67005,-77.23109167,34,1,10,1,55,1,0,55
370498,5,26,6,9,34.75559444,-78.91937222,1,1,1,1,70,1,0,55
370499,5,27,7,2,33.92669444,-78.01777222,8,2,2,1,25,0,1,25
370500,5,28,1,13,35.36234722,-79.11023333,12,1,2,2,100,1,1,55
370501,5,29,2,17,36.26117778,-78.8415,12,1,1,2,70,1,0,55
370502,5,31,4,11,35.38482778,-82.50463333,12,1,10,2,45,1,0,45
370503,5,31,4,8,35.32384167,-83.19324444,35,1,1,1,80,2,1,55
370504,5,8,2,11,36.01231389,-79.42660556,42,1,1,1,85,1,0,45
370505,5,14,1,20,34.64788056,-78.57639167,8,2,1,1,55,0,0,55
370506,5,17,4,11,36.07229722,-80.20706667,35,1,1,1,70,1,1,35
370507,5,9,3,8,35.39793889,-82.50426667,12,1,2,2,55,0,0,55
370508,5,12,6,14,35.34136944,-82.42542778,34,1,1,1,50,1,1,35
370509,5,20,7,0,35.111,-80.92688333,57,2,2,2,60,1,1,55
370510,5,26,6,21,35.14923889,-80.726075,8,2,10,1,998,0,0,45
370511,5,28,1,2,35.082975,-80.84692778,30,3,2,1,998,1,1,35
370512,5,22,2,22,35.22776111,-78.25539167,12,2,1,2,15,0,0,55
370513,5,24,4,20,35.90264167,-79.07740556,12,5,1,2,25,0,0,45
370514,5,25,5,21,36.32928611,-80.61796944,8,2,1,1,55,0,0,55
370515,5,27,7,15,35.070475,-80.43303889,12,1,2,2,60,2,0,55
370516,5,31,4,15,35.51627778,-81.72474167,12,1,1,2,78,1,0,55
370517,5,31,4,3,35.43079722,-80.67978333,8,2,1,1,999,0,0,45
370518,5,18,5,12,33.98633056,-78.66124167,34,1,2,2,55,0,0,55
370519,5,18,5,17,35.437125,-81.23340278,12,1,1,2,45,1,1,45
370520,5,29,2,23,35.16305278,-80.86929444,1,2,1,1,998,1,1,35
370521,5,29,2,21,35.30536944,-80.86593611,12,2,1,2,998,1,1,35
370522,5,17,4,12,35.32148056,-79.94550278,12,1,1,2,15,0,0,55
370523,5,14,1,14,35.85719167,-77.96516111,12,1,1,2,70,1,0,70
370524,5,15,2,18,34.21757778,-77.90738611,9,1,1,1,47,0,0,45
370525,5,9,3,18,34.50610556,-77.90328889,12,1,1,2,15,1,0,55
370526,5,18,5,17,35.58789444,-77.2309,12,1,1,2,65,0,1,55
370527,5,10,4,14,35.72437778,-79.72255556,12,1,1,2,75,0,0,55
370528,5,12,6,19,35.74983611,-79.69831667,42,2,1,1,45,1,0,45
370529,5,23,3,4,34.73053333,-79.29886389,42,2,1,1,90,1,0,55
370530,5,12,6,12,34.8419,-79.39914444,42,1,1,1,85,1,0,55
370531,5,13,7,21,34.79386111,-79.44690278,12,2,1,2,65,2,0,45
370532,5,2,3,4,35.86053611,-78.34298889,12,1,1,2,50,1,0,50
370533,5,12,6,3,35.75705278,-78.60428889,12,3,1,2,55,1,1,55
370534,5,15,2,15,35.55971667,-78.82879444,12,1,1,2,45,1,0,45
370535,5,7,1,21,35.33114444,-78.02521111,53,2,1,1,70,1,1,55
370536,5,20,7,1,35.41967778,-77.89300833,1,2,1,1,100,2,1,55
370537,5,19,6,16,35.722825,-78.82909722,42,1,10,1,55,1,0,45
370538,5,21,1,19,36.49983889,-77.653575,12,1,1,2,10,1,0,45
370539,5,28,1,17,35.71946389,-77.91381944,12,1,2,2,50,0,0,45
370540,5,30,3,8,34.92028611,-79.78326944,12,1,1,2,55,1,0,55
370541,5,31,4,17,34.62763333,-77.93481111,31,1,10,1,90,1,0,70
370542,5,18,5,11,35.55526667,-77.04599444,12,1,1,2,5,1,0,35
370543,5,28,1,21,35.76936111,-78.74046111,8,3,2,1,47,0,0,35
370544,3,31,6,18,35.41340833,-82.40981389,1,1,1,1,65,1,1,45
370545,4,28,6,21,35.04535833,-78.92636111,12,3,1,2,10,0,0,35
370546,4,28,6,12,35.12005278,-78.88440833,12,1,1,2,15,0,0,35
370547,4,28,6,21,35.36749722,-78.88786944,12,2,1,2,10,1,1,55
370548,4,26,4,5,34.66403611,-78.98059722,12,2,1,2,45,1,0,55
370549,4,16,1,0,35.57598889,-80.708275,12,2,1,2,55,0,0,55
370550,4,30,1,18,36.53384444,-80.736375,12,1,1,2,55,1,0,55
370551,4,20,5,9,35.10285556,-80.4909,12,1,1,2,45,0,0,55
370552,4,16,1,3,35.78043056,-78.3464,32,2,1,1,80,1,0,35
370553,4,23,1,19,35.87768889,-78.32167222,1,1,1,1,41,1,0,55
370554,5,29,2,14,34.94450833,-79.88901389,35,1,1,1,60,1,0,60
370555,5,30,3,8,34.13531111,-78.09452778,59,1,1,1,65,1,0,55
370557,5,7,1,8,35.05351667,-79.00075278,8,3,1,1,35,0,0,35
370558,5,14,1,3,34.99203056,-79.03277778,42,3,1,1,55,1,0,45
370559,5,27,7,15,35.104875,-78.922175,12,1,2,2,82,1,1,45
370560,5,14,1,1,35.92075,-77.54488056,34,3,10,1,130,0,1,35
370561,5,25,5,18,36.38206389,-77.75146389,34,1,1,1,70,1,1,55
370563,6,10,7,14,36.03458333,-76.78443611,12,1,1,3,65,0,0,55
370564,6,22,5,12,34.64319167,-78.6791,59,1,10,1,55,1,0,55
370565,6,9,6,20,35.45304444,-82.72927222,59,5,1,1,100,2,1,45
370566,6,26,2,7,35.48018889,-82.56496944,12,1,1,2,70,1,0,45
370567,6,10,7,14,35.77521944,-81.75403333,34,1,1,1,60,1,0,45
370568,6,29,5,15,36.11732222,-81.65925,12,1,1,2,60,1,1,35
370569,6,26,2,15,35.57349167,-81.01868056,8,1,1,1,45,0,0,45
370570,6,7,4,22,35.25119444,-81.41267222,32,2,1,1,65,1,0,45
370571,6,15,5,22,35.23921111,-81.38480278,8,2,1,2,55,0,0,55
370572,6,27,3,14,35.4794,-81.52206944,12,1,1,3,10,1,0,45
370573,6,10,7,6,35.01412222,-78.87005,12,4,1,2,60,0,1,60
370574,3,18,7,5,35.05971944,-78.96983889,8,1,2,1,45,0,0,45
370575,6,12,2,10,35.71492222,-75.4922,12,1,1,2,55,1,0,55
370576,6,2,6,21,35.69863333,-80.30538611,12,2,1,2,45,0,1,45
370577,6,3,7,19,35.99656111,-80.27094722,42,1,10,1,45,1,0,45
370578,6,22,5,14,35.91384444,-80.26596111,30,1,10,1,55,1,0,55
370579,6,5,2,9,34.85988333,-78.03474167,43,1,1,1,55,1,0,55
370580,6,29,5,21,34.961825,-77.95954444,42,3,1,1,70,1,0,35
370581,6,7,4,23,35.98469444,-78.83498611,8,2,10,1,45,0,0,45
370582,6,17,7,0,36.03158611,-78.89074167,8,3,1,1,35,0,0,25
370583,6,30,6,20,35.91885,-78.96138611,12,3,10,2,5,1,0,35
370584,6,8,5,15,35.83571389,-77.37302222,12,1,1,2,3,2,0,35
370585,6,15,5,5,35.79995,-77.68565,34,2,1,1,55,1,1,55
370586,6,19,2,9,36.15575556,-80.21287222,8,1,10,1,23,0,0,25
370587,6,27,3,11,36.24709167,-80.35195,12,1,1,2,65,0,0,65
370588,6,2,6,5,36.12303056,-78.41570278,42,2,5,1,60,1,0,45
370589,6,17,7,3,36.17625,-78.29588889,59,2,1,1,80,1,0,55
370590,6,12,2,20,35.18747222,-81.23821944,12,5,1,2,15,0,0,45
370591,6,16,6,16,35.34540556,-83.8932,34,1,1,1,55,1,0,45
370592,6,2,6,21,36.09723056,-78.73558056,12,5,1,2,100,0,0,55
370593,6,24,7,8,36.30870278,-78.55604444,34,1,1,1,80,1,0,70
370594,6,6,3,8,35.43453333,-77.70146944,12,1,1,2,55,0,0,55
370595,6,7,4,8,36.06219444,-79.648,9,1,1,1,45,0,0,55
370596,6,18,1,1,36.16372222,-79.63181111,34,2,1,1,80,1,1,45
370597,6,21,4,8,36.04201944,-79.86243333,12,1,2,2,15,1,1,30
370599,6,2,6,8,36.17170556,-77.49805556,12,1,10,2,55,0,0,55
370600,6,24,7,2,35.46775278,-78.69126667,34,2,1,1,80,1,1,55
370601,6,23,6,4,36.38031944,-77.03601667,32,2,1,1,95,1,1,55
370602,6,1,5,7,35.011475,-79.31018611,12,1,10,2,55,0,0,55
370603,6,15,5,14,34.96678056,-79.23921944,1,1,1,1,85,1,0,55
370604,6,25,1,15,34.93514722,-79.11935,42,1,1,1,70,1,0,55
370605,6,10,7,12,35.74789167,-80.91500556,32,1,1,1,65,1,1,45
370606,6,24,7,20,35.73499167,-80.94428889,12,2,1,2,30,0,1,45
370607,6,23,6,4,35.87580833,-80.86594722,12,2,2,2,0,1,0,70
370608,6,13,3,8,35.51841667,-78.5587,12,1,1,2,65,0,0,70
370609,6,27,3,5,35.68078889,-78.20896111,12,1,1,2,10,0,0,55
370610,6,12,2,12,35.500675,-78.31178333,12,1,1,2,35,1,0,55
370611,6,14,4,17,35.46909444,-78.201325,12,1,1,2,55,1,0,55
370612,6,26,2,14,35.66374444,-78.49376389,12,1,1,3,80,0,0,55
370613,6,3,7,5,35.44198889,-79.18699722,8,2,1,1,55,0,0,55
370614,6,6,3,9,35.47255556,-79.07615278,34,1,1,1,35,1,0,35
370615,6,1,5,22,35.10486389,-77.686025,12,2,1,2,58,0,0,55
370616,6,2,6,10,35.15008333,-77.76434444,12,1,1,2,35,1,0,55
370617,6,27,3,8,35.81271667,-77.25053056,9,1,1,1,40,0,0,45
370618,6,6,3,13,35.72691111,-82.01281667,42,1,1,1,65,1,1,45
370619,6,22,5,22,35.14932778,-80.83326667,8,3,2,1,35,0,0,35
370620,6,6,3,16,35.96213889,-82.111275,12,1,1,3,55,1,0,55
370621,6,5,2,0,35.34801944,-79.30776667,42,2,1,1,75,1,0,55
370622,6,7,4,10,35.21071667,-79.17775833,12,1,1,2,105,1,0,55
370623,6,4,1,22,35.91859722,-78.15901667,12,2,1,2,80,1,1,70
370624,6,18,1,2,35.90944167,-77.81083889,12,3,1,2,15,0,1,45
370625,6,30,6,14,34.33852222,-77.893025,12,1,1,2,45,0,0,45
370626,6,15,5,12,34.49867222,-77.549925,12,1,1,2,15,1,0,45
370627,6,3,7,2,36.04523056,-79.08185833,8,2,1,1,50,0,1,50
370628,6,6,3,10,36.30856667,-76.22861667,12,1,1,2,70,1,0,70
370629,6,29,5,20,34.51575556,-77.9153,12,1,1,2,55,0,0,45
370630,6,25,1,14,34.43463889,-77.95425,34,1,1,1,55,1,0,55
370631,6,11,1,10,35.52733056,-77.31940833,32,1,1,1,110,1,1,55
370632,6,8,5,21,35.56083333,-77.40549444,12,3,1,2,60,1,0,45
370633,6,17,7,3,35.57159167,-77.40374444,8,2,1,1,45,0,0,45
370634,6,30,6,21,35.57823333,-77.43265556,8,2,1,1,45,0,0,50
370635,6,8,5,17,35.72419444,-79.71380278,12,1,1,2,55,1,0,55
370636,6,10,7,15,35.73385,-79.80834444,12,1,1,2,5,0,0,35
370637,6,11,1,18,35.85430833,-79.93785278,42,1,10,1,60,1,0,55
370638,6,14,4,22,35.86890556,-79.81891389,8,2,10,1,45,0,0,45
370639,6,15,5,21,35.80791944,-79.95626111,42,2,1,1,45,1,0,55
370640,6,1,5,21,34.73953611,-79.28241111,42,2,1,1,70,1,0,55
370641,6,6,3,21,34.620375,-79.21600278,9,2,1,1,55,0,0,55
370642,6,16,6,21,34.64043611,-79.24608611,12,2,1,2,70,2,1,55
370643,6,29,5,3,34.806025,-79.22635278,59,2,1,1,55,1,0,55
370644,6,8,5,23,35.66090556,-80.72368889,34,2,1,1,100,2,0,55
370645,6,22,5,16,35.33971111,-81.82684722,12,1,1,2,55,1,0,40
370646,6,21,4,17,35.31565833,-81.85065556,24,1,2,1,65,1,0,70
370647,6,24,7,22,35.192775,-81.84102778,12,2,1,2,50,1,0,55
370648,6,3,7,2,35.25081944,-78.41581389,12,2,1,2,15,1,1,55
370649,6,5,2,12,35.29151944,-78.54071111,12,1,1,2,3,0,0,55
370650,6,30,6,4,35.24560278,-78.50593056,34,2,1,1,55,1,0,55
370651,6,18,1,15,34.71731944,-79.49146111,34,1,1,1,90,1,0,55
370652,6,20,3,14,34.74480278,-79.46155833,32,1,2,1,55,1,0,55
370653,6,20,3,21,35.35076111,-80.19398611,33,3,2,1,60,1,1,35
370654,6,17,7,4,36.25581389,-78.33721944,53,2,1,1,85,1,1,55
370655,6,19,2,6,36.27598611,-78.39015556,34,4,1,1,70,1,1,45
370656,6,9,6,23,35.74310833,-78.59166944,12,2,1,2,55,0,0,65
370657,6,22,5,9,35.89856389,-78.36800556,12,1,10,2,50,0,0,55
370658,6,26,2,23,35.8611,-78.6382,12,6,1,2,5,0,0,45
370659,6,23,6,22,36.43201944,-78.15766944,1,2,10,1,65,1,0,45
370660,6,2,6,23,36.11162778,-80.53045556,24,2,1,1,65,1,1,65
370661,6,16,6,21,35.96763056,-81.27548889,5,2,1,1,55,1,1,55
370662,6,23,6,22,36.06231111,-80.15318056,42,3,1,1,45,1,0,45
370663,6,25,1,15,35.17804722,-81.41600278,42,1,1,1,65,1,0,65
370664,6,17,7,3,35.12655833,-78.92201667,12,2,1,5,65,0,0,65
370665,6,12,2,20,35.08864167,-77.77395,12,1,10,2,20,1,1,55
370666,6,21,4,19,35.94371389,-78.32404722,34,1,1,1,75,1,1,55
370667,6,30,6,21,36.37267778,-77.619875,8,2,1,1,55,0,0,55
370668,6,21,4,3,35.32103333,-79.046325,32,2,2,1,120,2,0,55
370669,6,13,3,9,35.35243056,-77.56550556,34,1,1,1,70,1,1,55
370670,6,24,7,20,35.59788056,-77.55566111,35,1,1,1,100,1,0,70
370671,6,4,1,17,35.63668056,-79.99984722,12,1,1,2,5,1,0,45
370672,6,19,2,5,34.78383333,-78.32304167,34,4,1,1,85,1,0,55
370673,6,18,1,2,35.74186944,-78.59171944,12,2,1,2,80,0,1,65
370674,5,8,2,21,35.69646389,-83.04479444,14,2,1,1,55,1,0,55
370675,5,31,4,22,35.03155833,-79.11895278,8,2,1,2,0,0,0,55
370676,5,2,3,21,35.90658056,-79.01549722,33,3,10,1,50,2,1,25
370677,5,11,5,21,35.9665,-79.05923056,8,2,1,1,35,0,0,35
370678,5,6,7,13,35.63755556,-80.57263889,12,1,1,2,5,1,0,55
370679,5,26,6,14,35.28926389,-82.91489167,34,1,1,1,40,1,0,40
370680,5,3,4,3,35.71884444,-78.58380556,8,3,1,2,105,0,1,65
370681,5,17,4,18,35.57159722,-78.69010278,12,1,1,2,30,1,0,45
370682,5,29,2,13,35.72295833,-78.88039167,9,1,10,1,22,0,0,25
370683,5,1,2,1,36.23705278,-81.74630556,35,2,1,1,50,1,0,50
370684,5,4,5,20,35.32319722,-77.92586667,8,2,1,1,55,0,0,55
370685,5,1,2,12,34.45196389,-77.50217222,15,1,1,1,45,0,0,45
370686,7,12,4,17,36.49260278,-81.10499444,12,1,1,2,35,0,0,35
370687,7,22,7,5,36.55259444,-80.93553333,43,2,1,1,60,1,1,55
370688,7,15,7,3,36.10716944,-81.85046111,12,2,1,2,55,0,1,55
370689,7,9,1,13,36.13827222,-77.16708333,12,1,1,2,55,2,0,55
370690,7,29,7,5,36.20402778,-77.08936389,8,2,1,1,55,0,0,55
370691,7,31,2,23,34.50315556,-78.62626667,34,2,1,1,70,1,0,55
370692,7,22,7,17,34.22656667,-78.00588333,57,1,2,1,60,1,0,60
370693,7,13,5,7,35.77307778,-82.50539444,12,1,1,2,55,1,0,55
370694,7,22,7,21,35.51535,-82.52135278,42,1,1,1,10,1,0,45
370695,7,4,3,14,35.80076944,-81.77304167,1,1,1,1,65,1,0,45
370696,7,17,2,17,35.73551111,-81.52213333,12,1,1,4,70,1,0,65
370697,7,23,1,3,35.48806944,-80.64228611,8,3,1,1,30,0,0,35
370698,7,7,6,15,35.92769444,-81.6613,23,1,2,1,55,1,0,55
370699,7,9,1,23,35.67121111,-81.24625833,32,3,1,1,45,1,0,45
370700,7,27,5,18,35.67551111,-81.22337222,38,1,1,1,70,1,0,45
370701,7,12,4,12,35.25655,-81.69885556,1,1,1,1,45,1,0,45
370702,7,14,6,21,35.25160278,-81.599225,12,2,1,2,55,0,1,55
370703,7,7,6,21,35.31444722,-81.52782222,53,6,1,1,60,1,1,35
370704,7,20,5,12,35.28765,-81.68774167,12,1,10,2,100,0,0,45
370705,7,15,7,21,34.36913056,-78.265025,8,2,1,1,55,0,0,55
370706,7,28,6,20,34.40359722,-78.55254722,34,5,1,1,55,1,1,55
370707,7,30,1,2,34.39372778,-78.95483611,34,2,1,1,55,1,1,55
370708,7,18,3,2,35.097525,-77.037475,9,2,1,1,55,0,0,55
370709,7,25,3,9,35.84348333,-75.63243333,19,1,1,1,45,1,0,25
370710,7,10,2,20,35.88548333,-80.08754722,14,5,1,1,15,0,0,35
370711,7,2,1,0,35.99043889,-78.85941111,8,3,1,1,40,0,0,35
370712,7,3,2,18,36.03434444,-78.89149444,30,1,1,1,60,1,1,35
370713,7,25,3,9,36.02913056,-78.8471,12,1,1,2,90,1,0,60
370714,7,29,7,15,36.01235,-78.8867,33,1,1,1,30,0,1,35
370715,7,31,2,0,35.91326111,-78.98201944,8,2,1,1,70,0,0,65
370716,7,2,1,19,36.04443056,-77.56776667,42,1,1,1,70,1,1,55
370717,7,29,7,6,35.88698889,-77.59319722,34,4,1,1,100,1,0,70
370718,7,1,7,19,36.14481944,-80.22759722,40,1,10,1,45,1,0,45
370719,7,30,1,22,36.02414722,-80.35413611,8,6,1,1,50,0,0,50
370720,7,3,2,21,35.92766111,-78.26472222,1,2,1,1,80,1,1,55
370721,7,16,1,17,35.26279722,-81.15266111,12,1,1,2,60,1,0,35
370722,7,5,4,21,35.16980278,-81.13897778,43,5,1,1,45,1,0,45
370723,7,22,7,17,35.27102222,-81.15428889,12,1,1,3,110,1,1,60
370724,7,12,4,21,35.22475278,-81.24400833,42,2,1,1,60,1,0,45
370725,7,14,6,17,36.017575,-79.97769444,12,1,1,6,56,1,0,45
370726,7,17,2,21,36.06964444,-79.86888333,8,3,1,1,30,0,0,35
370727,7,12,4,17,36.36391389,-77.67273056,12,1,1,2,0,0,0,70
370728,7,2,1,19,35.40084444,-79.08824722,34,1,1,1,90,1,0,55
370729,7,15,7,18,35.52241944,-78.72006944,12,1,1,2,20,1,0,55
370730,7,14,6,23,35.31354167,-78.60283611,12,3,1,2,60,0,1,35
370731,7,17,2,20,35.39193056,-82.50207222,59,1,1,2,90,1,1,45
370732,7,3,2,17,35.06958333,-79.35412778,12,1,1,2,55,1,0,55
370733,7,14,6,13,34.86901944,-79.16841667,9,1,10,1,45,0,0,45
370734,7,14,6,15,35.71527222,-80.84903889,42,1,1,1,45,1,0,45
370735,7,14,6,18,35.77451944,-81.02543056,12,5,1,2,10,1,0,45
370736,7,4,3,1,35.41441389,-78.470375,8,2,1,1,65,0,0,65
370737,7,17,2,11,35.60529167,-78.533675,30,1,1,1,55,1,0,55
370738,7,19,4,23,35.37906111,-78.50685,8,2,1,1,70,0,0,70
370739,7,21,6,16,35.20178056,-77.71026667,34,1,1,1,60,1,0,55
370740,7,22,7,19,35.483825,-80.98516111,42,1,1,1,55,1,0,45
370741,7,8,7,23,35.77236944,-82.63569444,42,2,1,1,60,1,0,45
370742,7,17,2,13,35.82634167,-76.82076944,34,1,1,1,55,1,0,55
370743,7,6,5,10,35.71327222,-82.03763333,12,1,1,3,74,0,0,50
370744,7,1,7,20,35.34180278,-80.70104167,12,2,1,2,118,0,0,55
370745,7,11,3,12,35.19593056,-80.62916944,8,1,1,1,60,0,0,70
370746,7,15,7,20,35.28090556,-80.673525,12,1,10,3,120,1,0,70
370747,7,23,1,1,35.28006944,-80.78914444,12,2,1,2,60,0,0,60
370748,7,27,5,10,35.11114722,-80.89880556,12,1,1,3,998,1,0,45
370749,7,12,4,14,35.250375,-80.03331111,34,1,1,1,55,1,0,55
370750,7,19,4,5,35.79503333,-78.16178333,42,2,1,1,70,1,0,70
370751,7,25,3,7,35.85204444,-78.050225,12,1,1,2,55,0,0,55
370752,7,26,4,1,35.97061389,-77.92255556,8,2,1,1,55,0,0,55
370753,7,7,6,22,35.92105833,-78.02096667,34,2,1,1,90,1,1,55
370754,7,20,5,2,35.92806111,-77.81599722,9,3,1,1,998,0,0,35
370755,7,17,2,18,34.28080833,-77.88151667,53,1,10,1,80,1,1,55
370756,7,20,5,21,34.23951389,-77.88938056,12,2,1,2,90,1,0,35
370757,7,7,6,12,34.75844167,-77.33360556,12,1,1,2,10,0,0,45
370758,7,25,3,16,34.91057778,-77.57485833,18,1,1,2,0,0,0,55
370759,7,5,4,8,35.96183333,-79.01581111,8,2,10,1,65,0,0,65
370760,7,29,7,1,36.48946111,-78.95719444,42,2,1,1,80,2,1,45
370761,7,21,6,18,35.52533611,-77.38976667,12,1,1,2,80,1,1,50
370762,7,24,2,13,35.41663889,-77.4347,34,1,1,1,60,1,0,60
370763,7,28,6,9,35.51468333,-77.31914444,12,1,1,2,55,1,0,55
370764,7,20,5,16,35.5177,-77.38394167,12,1,1,2,55,0,0,55
370765,7,5,4,12,35.73103333,-79.78058333,35,1,1,1,65,1,0,55
370766,7,10,2,15,35.63371389,-79.82650833,12,1,1,3,45,0,0,45
370767,7,31,2,9,35.88981111,-79.91482778,24,1,1,1,90,1,0,65
370768,7,8,7,13,34.92363889,-79.71105,12,1,1,2,40,1,0,45
370769,7,9,1,6,34.62358889,-78.90987778,34,4,1,1,55,1,0,55
370770,7,12,4,21,34.72545556,-79.21994722,12,2,1,2,55,0,0,55
370771,7,24,2,5,34.85314722,-79.09522222,8,2,1,1,55,0,0,55
370772,7,26,4,8,34.68137778,-79.15049722,12,1,1,2,35,1,0,55
370773,7,26,4,23,34.81603333,-79.14881944,42,2,1,1,75,1,0,55
370774,7,1,7,3,34.77530278,-79.32611389,8,2,1,1,55,0,0,55
370775,7,25,3,16,34.83056389,-79.081825,12,1,1,2,55,0,0,55
370776,7,28,6,19,34.85229167,-79.11588611,12,1,1,2,35,1,0,55
370777,7,4,3,14,35.558275,-80.28331667,12,1,1,2,55,0,0,55
370778,7,15,7,1,35.52872778,-80.45080556,35,2,1,1,55,1,0,55
370779,7,28,6,20,34.72496944,-78.21066944,8,2,1,1,55,0,0,55
370780,7,16,1,17,35.06191111,-78.33483333,12,1,1,2,45,1,0,45
370781,7,11,3,11,36.27813611,-80.39884444,17,1,1,1,55,1,0,55
370782,7,25,3,15,36.35205,-80.21644722,12,1,1,2,10,1,0,45
370785,7,29,7,16,35.46721389,-83.92,12,1,1,3,35,1,0,30
370786,7,14,6,11,35.89921111,-76.07605833,12,1,2,2,55,1,0,55
370787,7,4,3,16,34.91873056,-80.54536111,1,1,1,1,55,1,0,55
370788,7,21,6,16,35.058225,-80.31044444,42,1,1,1,75,1,1,55
370789,7,27,5,9,34.89853056,-80.330575,12,1,1,2,106,1,0,55
370790,7,11,3,18,36.31677222,-78.28037222,34,1,1,1,60,1,0,45
370791,7,8,7,21,35.84404444,-78.57998611,8,3,1,1,45,0,0,45
370792,7,15,7,23,35.82747778,-78.58579167,8,3,10,1,60,0,0,45
370793,7,8,7,18,35.66463056,-78.60101944,12,1,2,2,65,1,1,45
370794,7,29,7,12,35.82428889,-78.37669167,42,1,1,1,90,1,0,70
370795,7,21,6,8,35.75843056,-78.75190833,12,1,1,2,80,1,0,55
370796,7,16,1,15,36.24501389,-81.19688889,12,1,1,2,55,0,0,55
370797,7,31,2,5,35.69121111,-78.05431111,12,1,1,2,70,0,0,70
370798,7,21,6,7,36.18282222,-80.81221667,24,1,1,1,67,1,0,70
370799,7,27,5,19,35.09253889,-78.98493611,12,1,1,2,63,1,0,40
370800,7,22,7,14,35.58640833,-80.15320556,12,1,1,2,10,1,0,55
370801,7,11,3,21,34.92456111,-77.77831667,8,2,1,1,35,0,0,35
370802,7,20,5,22,34.82151944,-79.306275,12,2,1,2,55,0,0,55
370803,8,26,7,23,36.01543889,-81.19333056,12,2,1,3,55,1,0,55
370804,3,6,2,19,35.07924444,-79.01008611,12,3,1,3,51,1,0,45
370805,3,15,4,19,35.08665,-78.97826667,12,5,1,2,75,1,0,40
370806,6,17,7,6,35.08269722,-78.882375,12,1,1,2,63,0,1,35
370807,7,16,1,15,35.03123889,-79.05980833,12,1,1,2,50,2,0,45
370808,7,20,5,22,34.73670833,-79.144825,9,2,1,1,55,0,0,55
370810,1,1,1,14,35.01498333,-79.06122222,32,1,1,1,67,1,1,55
370811,7,22,7,6,35.25626389,-77.84749167,34,1,1,1,95,1,1,55
370812,7,28,6,16,35.3808,-77.86678333,12,1,1,2,15,0,0,70
370813,7,15,7,9,36.08881389,-79.98611389,31,1,1,1,75,1,0,65
370815,7,28,6,22,36.02851389,-79.82617222,8,3,1,1,45,0,0,55
370816,7,29,7,9,35.63605,-78.49588889,12,1,1,2,55,1,0,55
370817,7,18,3,19,35.26861667,-77.57543333,1,1,1,1,80,1,1,35
370818,7,22,7,23,35.81365,-78.23665,12,2,1,2,130,0,1,70
370819,7,23,1,14,36.05826944,-78.65156111,1,1,1,2,45,1,0,45
370821,6,26,2,21,34.56746389,-79.03819722,12,2,1,2,60,0,1,45
370823,8,1,3,7,35.98599444,-81.17743333,12,1,1,2,55,0,0,55
370824,8,28,2,19,35.83329167,-81.21657222,1,5,2,1,55,1,1,45
370825,8,30,4,9,35.89528333,-81.106675,12,1,1,2,5,1,0,55
370826,8,8,3,2,35.05004167,-80.18268889,8,2,1,1,60,0,0,55
370827,8,6,1,14,36.33876111,-81.53053889,31,1,1,2,65,0,0,55
370828,8,25,6,13,36.07085833,-76.90715278,34,1,1,1,70,1,1,55
370829,8,4,6,10,35.55768056,-82.63973056,12,1,10,2,75,1,0,45
370830,8,26,7,12,35.97048056,-76.88548333,34,1,1,1,90,1,0,55
370831,8,13,1,20,35.70040278,-82.57557222,35,2,1,1,95,1,1,60
370832,8,6,1,8,35.77149444,-82.5394,1,1,1,1,65,2,0,65
370833,8,26,7,19,35.56286111,-82.69645556,12,1,1,3,50,1,0,35
370834,8,28,2,14,35.56316667,-82.687675,59,1,10,1,60,1,1,35