ST_CASE,MONTH,DAY,DAY_WEEK,HOUR,LATITUDE,LONGITUD,HARM_EV,LGT_COND,WEATHER,VE_FORMS,TRAV_SP,DEATHS,DR_DRINK,VSPD_LIM
371194,11,8,4,9,36.06604167,-80.18001944,34,1,1,1,94,1,0,35
371195,11,19,1,20,36.14578056,-80.15563889,8,2,1,2,0,0,0,65
371196,11,8,4,0,35.17141111,-81.14876944,53,2,1,1,55,1,1,55
371197,11,11,7,18,35.25601944,-81.05016944,8,2,1,1,45,0,0,45
371198,11,8,4,20,36.13368056,-79.9393,15,2,1,1,56,0,0,45
371199,11,10,6,20,36.11721111,-79.75358889,9,2,1,1,45,0,0,35
371200,11,13,2,0,35.97530278,-79.97918333,34,3,10,1,82,1,1,35
371201,11,19,1,0,35.98267778,-80.02311944,12,3,1,2,85,1,0,45
371202,11,25,7,20,36.40673056,-77.71013889,12,2,1,3,50,0,0,45
371203,11,2,5,6,35.32978889,-79.02893056,12,2,1,3,75,1,0,55
371204,11,8,4,14,34.90516944,-79.33738611,12,1,1,2,55,1,0,55
371205,11,11,7,10,34.98206944,-79.13398056,12,1,2,2,70,1,0,55
371206,11,21,3,3,35.54410556,-80.74049167,42,2,2,1,55,1,0,45
371207,11,18,7,14,35.36366111,-80.71843889,25,1,1,1,80,1,0,65
371208,11,14,3,22,35.71761667,-81.33814444,12,3,1,2,45,0,0,45
371209,11,16,5,23,35.60616111,-81.11406944,12,2,1,3,55,0,0,55
371210,11,17,6,18,34.9437,-78.86896111,8,2,1,1,30,0,0,45
371211,11,13,2,19,35.83558889,-80.28098889,8,2,1,2,45,0,1,45
371212,11,26,1,15,36.0621,-78.78921944,8,1,1,1,998,0,0,98
371213,11,24,6,0,36.06957778,-80.16366944,12,3,1,2,5,1,0,45
371214,11,23,5,13,36.10616111,-80.4058,53,1,1,1,100,1,0,45
371215,11,17,6,6,36.08765833,-79.74829444,8,4,10,1,52,0,0,45
371216,11,17,6,1,35.22623056,-78.94942778,33,2,1,1,120,1,0,45
371217,11,13,2,21,35.31183611,-77.80501111,1,2,1,1,75,1,1,45
371218,11,14,3,17,35.23591944,-77.62745833,8,2,1,2,45,0,0,50
371219,11,7,3,15,35.49013611,-81.23174722,1,1,1,1,100,1,0,65
371220,11,17,6,17,35.518625,-81.3681,12,1,1,2,30,1,0,45
371221,11,8,4,21,35.27903333,-80.793575,12,3,1,2,40,0,0,40
371222,11,12,1,2,35.28038889,-80.7866,8,2,10,1,998,0,1,35
371223,11,13,2,21,35.039325,-80.80615,19,3,1,1,90,1,0,45
371226,10,18,4,21,35.360125,-78.08012222,9,2,1,1,58,0,0,55
371227,10,28,7,2,35.25583889,-78.97599167,32,2,1,1,115,2,1,45
371228,10,30,2,8,35.54854444,-82.46352222,12,1,1,3,45,0,0,45
371229,11,8,4,15,35.63582222,-82.56368889,12,1,1,2,20,0,0,35
371230,11,15,4,21,35.98255556,-79.61742222,1,2,1,1,55,1,0,55
371231,11,18,7,7,36.08105,-80.33891389,8,1,1,1,25,0,0,35
371232,11,18,7,7,36.00084722,-80.23738611,12,1,1,2,0,0,0,65
371233,11,26,1,2,34.96359167,-80.04966389,1,2,1,3,100,1,0,35
371234,10,29,1,2,35.72445556,-81.36453611,33,2,1,1,80,2,0,35
371235,10,26,5,17,35.635925,-79.04744444,1,1,1,1,80,1,0,70
371236,10,17,3,8,35.93584722,-80.23625278,12,1,1,2,35,1,0,45
371238,9,8,6,21,34.84491389,-79.06948611,12,2,1,2,55,0,0,55
371239,9,4,2,13,35.73928333,-78.54776944,12,1,1,2,80,1,0,45
371240,9,15,6,23,35.74828611,-78.44742222,8,2,1,1,45,0,0,45
371241,11,26,1,6,35.84016944,-79.26719167,34,1,1,1,60,1,1,55
371242,10,25,4,12,34.19563889,-77.90889444,12,1,1,2,10,1,0,45
371243,10,19,5,16,35.64108056,-77.36784722,12,1,2,2,20,0,0,35
371244,10,10,3,23,35.82792778,-80.28963889,9,2,1,1,45,0,0,45
371245,10,30,2,21,36.08268056,-78.56290833,8,2,1,1,45,0,1,45
371246,10,30,2,7,35.282675,-82.423025,59,1,1,1,50,0,1,45
371247,10,24,3,14,35.78219722,-78.67905556,12,1,1,4,50,1,0,45
371249,11,29,4,20,33.99951667,-78.53965,8,2,1,1,55,0,0,55
371250,11,19,1,8,33.92401111,-78.02354167,8,2,1,1,5,0,0,25
371251,11,12,1,16,36.41497222,-79.48728056,12,1,1,2,50,0,0,50
371252,11,11,7,9,34.32023889,-78.82644722,12,1,10,2,35,1,0,35
371253,11,24,6,21,35.13349444,-78.89149167,12,3,1,2,70,1,0,35
371254,11,29,4,23,35.78188333,-80.22045,39,2,1,1,50,1,0,45
371255,11,27,2,8,36.15277222,-78.90573611,12,1,1,2,55,1,0,55
371256,11,14,3,21,36.21964167,-78.92683889,14,2,1,1,45,1,0,45
371257,11,29,4,15,36.04906667,-78.34328889,12,1,1,3,45,0,0,45
371258,11,28,3,14,36.10045833,-77.47145,12,1,1,2,40,0,0,45
371259,11,14,3,17,35.42207222,-79.11947778,12,2,1,2,998,0,0,98
371260,11,13,2,19,35.22347222,-80.86655556,39,3,1,1,60,1,0,55
371261,11,30,5,0,35.23690833,-80.80143333,8,3,1,1,998,0,0,35
371262,11,25,7,9,35.23160556,-80.01704167,11,1,1,1,55,1,0,55
371263,11,3,6,18,35.18793056,-79.39093333,1,2,1,1,35,1,0,35
371264,11,2,5,15,35.36462222,-79.68361111,12,1,1,3,55,0,0,55
371265,11,7,3,10,35.16209167,-79.42080278,9,1,1,1,10,0,0,50
371267,9,22,6,22,35.56774167,-82.545575,8,3,1,1,35,0,0,35
371268,11,20,2,2,36.021425,-77.85703333,21,2,1,1,75,2,1,70
371269,11,4,7,16,34.7073,-77.28246389,12,1,1,2,100,1,0,55
371270,11,13,2,19,34.75456389,-77.46060556,8,3,1,1,45,0,0,45
371271,11,3,6,2,36.06121944,-79.133975,12,2,1,2,64,0,0,65
371272,11,10,6,2,36.12206944,-79.24912222,42,2,1,1,55,1,0,55
371273,11,21,3,13,36.08171389,-79.15031111,42,1,2,1,70,1,0,55
371274,11,6,2,20,36.25100278,-76.21373333,34,2,1,1,70,1,0,55
371275,11,4,7,16,34.50173889,-78.05643333,12,1,1,2,20,1,0,55
371276,11,5,1,20,34.32137222,-77.75412778,1,2,1,1,80,1,0,45
371277,11,11,7,15,34.42912222,-78.08065278,34,1,2,1,55,1,0,55
371278,11,4,7,15,35.62274722,-77.58978889,32,1,1,1,50,1,0,50
371279,11,7,3,12,35.60393333,-77.61806944,53,1,1,1,100,1,0,55
371280,11,24,6,1,35.52967222,-77.22057778,43,2,1,1,80,1,0,55
371281,11,20,2,14,35.76829444,-79.82831389,12,1,1,2,65,1,0,65
371282,11,3,6,14,34.68569722,-79.36920278,12,1,1,3,45,1,0,55
371283,11,4,7,16,34.72214167,-79.26751667,53,1,1,1,90,1,0,55
371284,11,9,5,15,34.7812,-79.31889444,12,1,1,2,50,0,0,55
371285,11,14,3,17,34.57467222,-79.31653889,8,2,1,1,55,0,0,55
371286,11,27,2,5,34.89846389,-79.04740556,12,2,1,2,55,0,0,55
371287,11,24,6,4,35.58819167,-80.545425,45,2,1,1,70,1,0,70
371288,11,12,1,11,35.53911944,-80.30728889,34,1,1,1,70,1,0,55
371289,11,1,4,19,34.74622222,-79.37437778,9,2,1,1,55,0,0,45
371290,11,16,5,17,34.93690278,-79.40771111,12,1,1,2,55,1,0,55
371291,11,18,7,22,34.80003889,-79.53471667,12,2,1,2,85,0,1,45
371292,11,23,5,13,35.20303056,-80.36326389,12,1,10,2,55,0,1,45
371293,11,15,4,18,36.39862778,-80.43306667,42,2,1,1,50,1,0,55
371294,11,8,4,10,35.15151944,-82.70049722,1,1,1,1,30,1,0,35
371295,11,1,4,16,34.98222222,-80.45888611,12,1,1,4,60,1,0,35
371296,11,26,1,16,35.76947222,-78.63868056,12,1,1,2,90,1,0,35
371297,11,28,3,22,35.56047222,-82.59824167,9,2,1,1,40,0,0,45
371298,11,27,2,20,36.16698889,-80.13496389,12,1,1,2,5,1,0,55
371299,11,13,2,17,36.00504167,-77.810725,59,2,1,1,58,1,0,55
371300,11,12,1,18,34.18775278,-77.93215556,8,3,2,1,45,0,0,45
371301,11,4,7,18,35.59416944,-77.42836944,8,2,1,1,45,0,0,45
371302,11,6,2,7,35.31024722,-82.20181111,42,4,1,1,45,1,0,45
371303,11,18,7,17,34.94049722,-79.75218611,42,2,1,1,35,1,1,35
371304,11,3,6,1,34.62579722,-79.04396111,8,2,1,1,60,0,0,60
371305,11,11,7,13,36.49389167,-79.76513611,30,1,1,1,35,1,0,35
371306,11,9,5,21,36.26811389,-80.85844722,12,2,1,2,45,1,0,45
371307,11,9,5,14,35.85501944,-78.58619167,12,1,1,2,47,0,0,45
371308,11,10,6,4,35.77999167,-78.61395278,8,3,1,1,55,0,0,45
371309,11,11,7,13,35.81795556,-78.73965278,12,1,10,2,85,2,0,60
371310,11,15,4,1,35.75201667,-78.70685556,12,2,1,2,130,1,0,65
371311,11,19,1,2,35.90784444,-78.55530833,12,2,1,2,70,0,1,55
371312,11,20,2,14,35.81709167,-78.63939167,14,1,1,1,34,1,0,35
371313,11,21,3,23,35.825225,-78.31268056,8,3,2,1,35,0,0,35
371314,11,30,5,2,35.84286389,-78.29446667,57,3,1,1,70,1,0,70
371315,11,30,5,4,35.91471111,-78.6829,57,2,1,1,85,1,1,70
371316,11,9,5,15,36.23556389,-81.56147222,42,1,1,1,55,1,0,55
371317,11,21,3,15,36.31771111,-81.74303333,12,1,2,3,55,1,1,55
371318,11,6,2,19,35.34075833,-77.919375,8,2,1,1,45,0,0,45
371319,11,12,1,13,35.18478056,-77.95431944,12,1,1,2,55,0,0,55
371320,11,12,1,16,36.12421944,-81.10168611,35,1,1,1,50,1,0,55
371321,11,26,1,17,36.11028056,-81.51443611,1,1,1,1,100,1,1,35
371322,11,18,7,7,35.68577778,-77.86645278,1,1,1,1,65,1,1,55
371323,11,29,4,8,35.73291667,-77.86738056,12,1,1,2,55,1,0,45
371324,11,6,2,10,36.07726111,-80.64908889,8,1,1,1,50,0,0,55
371325,11,22,4,5,35.68316389,-78.53636944,12,2,2,3,60,1,0,55
371326,12,4,2,14,35.96388056,-81.19418056,12,1,1,2,10,0,0,45
371327,12,13,4,21,35.00149444,-80.21500278,1,2,1,1,110,1,0,55
371328,12,14,5,10,33.94346111,-78.27581111,1,1,1,1,80,1,1,45
371329,12,22,6,14,34.25776111,-78.0658,12,1,1,2,5,0,0,55
371330,12,24,1,7,35.58726944,-82.48561667,12,4,1,2,15,0,0,45
371331,12,2,7,15,35.5984,-82.4118,12,1,2,2,45,1,0,45
371332,12,29,6,8,35.5985,-82.3897,24,1,10,1,65,1,0,45
371333,12,23,7,21,35.27535,-80.66981944,42,2,1,1,45,1,1,35
371334,12,10,1,2,35.88316389,-81.51475278,9,3,2,1,55,0,1,55
371335,12,20,4,9,35.88360556,-81.56721389,12,1,1,2,55,1,0,35
371336,12,3,1,3,35.73446944,-79.33948889,8,2,10,1,70,0,0,55
371337,12,21,5,21,35.73858889,-79.21043056,59,2,1,1,65,1,0,65
371338,12,3,1,23,35.17563889,-83.82098889,42,2,1,1,75,1,0,35
371339,12,19,3,17,35.10796944,-84.04686667,12,2,10,2,40,1,0,35
371340,12,11,2,2,35.11701111,-78.76063056,5,2,2,2,998,1,0,60
371341,12,19,3,20,35.08836944,-78.82138056,59,2,1,1,55,1,0,55
371342,12,30,7,6,34.9831,-78.77435,8,2,10,1,55,0,0,55
371343,12,12,3,1,35.90623889,-80.08157222,8,2,1,1,55,0,0,55
371344,12,28,5,11,35.79513333,-80.50823611,59,1,1,1,50,1,0,55
371345,12,10,1,6,34.99371111,-77.81492222,18,4,2,1,80,1,0,55
371346,12,10,1,5,34.79025,-77.879,12,2,2,2,55,0,0,55
371347,12,10,1,5,34.77403333,-77.91881389,42,2,10,1,40,1,1,55
371348,12,28,5,0,35.90993333,-78.86418611,42,2,10,1,65,1,0,65
371349,12,8,6,3,36.14738056,-80.30474722,43,3,1,1,45,1,0,45
371350,12,15,6,16,36.131875,-80.20070833,12,1,1,2,5,0,0,35
371351,12,17,1,0,36.047925,-80.33425278,42,3,1,1,36,1,1,35
371352,12,18,2,8,36.09367222,-80.27743611,24,1,1,1,65,1,0,55
371353,12,5,3,15,35.28634167,-81.1614,8,1,1,1,20,0,0,25
371355,12,19,3,15,35.284625,-81.23961667,12,1,1,3,60,1,1,45
371356,12,21,5,18,35.19388333,-81.23294722,9,2,1,1,45,0,0,45
371357,12,5,3,10,36.406525,-78.64802222,42,1,1,1,55,1,0,55
371358,12,1,6,2,36.04040278,-79.84769722,8,2,1,1,35,0,0,35
371359,12,13,4,7,35.51155833,-78.74075278,8,3,1,1,35,0,0,35
371360,12,18,2,21,35.36657778,-78.70495,42,2,2,1,55,1,0,55
371361,12,1,6,22,35.78759167,-80.95515556,12,2,5,2,0,1,1,65
371362,12,12,3,16,35.39918333,-83.29322778,12,1,1,2,65,1,0,65
371363,12,12,3,15,35.3849,-83.29107222,12,1,1,2,5,1,0,55
371364,12,11,2,14,35.60055833,-78.41558056,12,1,1,2,60,0,0,60
371365,12,25,2,7,35.38766667,-78.52199722,52,1,1,1,75,1,0,60
371366,12,14,5,5,35.54162778,-79.24420278,12,2,1,2,25,0,0,65
371367,12,31,1,2,35.51720833,-81.22270278,12,2,1,2,65,1,0,65
371368,12,8,6,14,35.78493611,-82.04051389,9,1,1,2,50,0,0,50
371369,12,2,7,16,35.18334722,-80.75592222,8,1,10,1,46,0,0,50
371370,12,2,7,20,35.21516389,-80.68912778,12,3,1,2,80,0,1,35
371372,12,7,5,9,35.23454167,-80.77109444,59,1,1,1,42,1,0,35
371373,12,10,1,21,35.16615833,-80.75509167,12,3,10,2,998,1,0,40
371374,12,11,2,6,35.13180278,-80.92368056,12,4,1,2,70,1,0,70
371375,12,22,6,17,35.21584722,-80.78311667,8,3,1,1,44,0,0,35
371376,12,25,2,19,35.20353611,-80.76026111,8,3,2,1,998,0,0,35
371377,12,26,3,7,35.29777778,-80.96205,14,1,10,1,30,1,0,25
371378,12,31,1,20,35.09813889,-80.71725278,12,2,1,2,70,1,1,70
371379,12,10,1,22,35.34701111,-79.89440833,8,2,2,1,35,0,0,55
371380,12,27,4,18,35.32939444,-79.76500278,12,2,1,2,55,1,1,55
371381,12,22,6,1,35.78869444,-78.13476389,42,2,1,1,70,1,0,70
371382,12,25,2,18,34.23625556,-77.93671389,12,3,1,3,15,0,0,35
371383,12,22,6,21,34.76070833,-77.415575,12,1,1,2,40,1,0,45
371384,12,18,2,21,34.91305556,-77.58708611,9,2,1,1,55,0,0,55
371385,12,28,5,19,34.75717222,-77.48024444,12,2,1,2,20,1,0,45
371386,12,2,7,14,35.96984444,-79.06172778,12,1,10,2,14,0,0,45
371387,12,9,7,2,36.04126667,-79.26119167,42,2,1,1,60,1,0,50
371388,12,1,6,1,36.28636111,-76.24005833,33,6,1,1,80,1,0,45
371389,12,7,5,18,34.46757778,-78.06831667,34,2,1,1,60,1,0,55
371390,12,2,7,9,35.7507,-79.60025833,11,1,10,3,55,1,0,55
371391,12,1,6,0,34.91348889,-78.95801111,12,2,1,2,55,0,0,55
371392,12,18,2,13,34.59426667,-79.17941389,42,1,1,1,65,1,0,70
371393,12,10,1,12,34.91071111,-78.960475,12,1,10,2,45,0,0,45
371394,12,25,2,22,35.64178889,-80.47843889,8,2,2,1,45,0,0,45
371395,12,21,5,20,36.4742,-78.48320833,42,2,1,1,70,1,0,45
371396,12,28,5,20,35.77429167,-78.63674722,12,3,1,2,60,1,0,25
371397,12,31,1,11,35.77702222,-78.770275,8,1,1,1,50,0,0,35
371398,12,5,3,18,35.62152222,-78.62217778,8,2,1,1,45,0,0,45
371399,12,8,6,1,35.99470833,-78.660775,42,2,1,1,45,1,1,45
371400,12,9,7,2,35.82285278,-78.60785556,42,3,1,1,65,1,1,35
371401,12,27,4,4,35.953725,-78.41961944,53,2,2,1,65,1,0,55
371402,12,28,5,9,35.76463056,-78.01904722,12,1,10,2,35,1,0,45
371403,12,22,6,3,35.77147222,-78.003925,42,2,1,1,70,1,0,70
371404,12,11,2,12,36.1858,-80.78939444,42,1,1,1,998,1,1,55
371405,12,26,3,1,36.21743333,-80.52495556,8,2,2,1,45,0,0,55
371406,2,11,7,21,35.05710556,-78.88601111,19,3,2,1,61,1,0,45
371407,2,9,5,0,35.09914722,-76.83778611,9,2,1,1,55,0,0,55
371408,2,21,3,12,35.61442222,-80.53565833,12,1,1,2,5,0,0,55
371410,5,25,5,16,35.89586111,-78.506625,12,1,1,2,55,0,0,55
371411,7,30,1,23,36.07381667,-78.77430833,12,2,1,2,75,0,0,70
371412,7,7,6,8,35.75161667,-81.33633889,12,1,1,4,40,1,0,35
371413,9,26,3,0,34.94574722,-79.297175,8,2,1,1,55,0,0,55
371414,9,10,1,2,35.39584722,-77.96663333,42,2,1,1,100,1,0,55
371415,10,22,1,9,35.51631111,-80.71838611,12,1,10,2,15,0,0,55
371416,10,30,2,18,35.1518,-80.59971389,42,2,1,1,120,1,0,45
371417,10,15,1,14,35.85771944,-78.55309444,9,1,1,1,10,0,0,10
371418,11,28,3,15,36.16020278,-79.33491111,12,1,1,5,50,0,0,50
371419,11,4,7,17,36.08018056,-80.238125,5,5,1,1,22,1,0,35
371420,11,30,5,23,35.19981944,-81.12285556,42,2,1,1,55,1,1,45
371421,11,6,2,11,35.15526944,-80.87618611,8,1,1,1,5,0,0,0
371422,12,12,3,1,36.06292778,-79.43101944,42,3,1,1,95,1,0,35
371423,12,16,7,17,36.15318889,-79.36095278,12,2,1,2,55,1,0,55
371424,12,22,6,23,33.94294167,-78.31935,53,2,1,1,45,1,0,45
371425,12,11,2,15,35.81245278,-78.96557778,12,1,1,4,55,1,1,55
371426,12,13,4,11,36.16179444,-80.32513333,12,1,1,2,45,0,1,45
371427,12,17,1,20,36.08554444,-80.22895556,12,2,1,2,65,1,0,55
371428,12,18,2,19,36.17355556,-80.29259722,43,3,1,1,60,1,1,45
371429,12,22,6,23,36.13781944,-80.23935278,12,2,1,2,68,1,1,55
371430,12,22,6,16,36.03221111,-78.47172222,42,5,1,1,50,1,1,45
371431,12,14,5,0,36.16033889,-79.65784167,12,2,1,2,60,1,1,55
371432,12,17,1,20,36.00019444,-79.90796667,12,2,2,2,35,1,1,35
371433,12,31,1,21,35.49958889,-78.70938611,34,2,1,1,70,1,0,45
371434,12,16,7,20,35.30321389,-78.71154444,8,2,1,1,55,0,0,55
371435,12,21,5,21,35.53911667,-83.02501111,24,2,1,1,75,1,1,55
371436,12,25,2,12,35.37378889,-82.47397222,8,1,2,1,55,0,0,55
371437,12,16,7,4,34.99024444,-79.23794722,42,2,1,1,65,1,0,35
371438,12,17,1,22,35.50394722,-81.40766389,42,2,10,1,45,1,1,55
371439,12,19,3,5,35.20098056,-80.77535,59,3,1,1,998,1,0,50
371440,12,23,7,19,35.37568333,-79.89004167,12,2,1,2,120,0,1,45
371441,12,12,3,21,35.33168333,-79.40229444,12,2,1,2,80,1,0,55
371442,12,15,6,14,36.12356944,-77.74073056,42,1,1,1,55,1,0,55
371443,12,3,1,4,34.86662222,-77.621325,34,2,1,1,45,1,1,45
371444,12,9,7,0,34.73894722,-77.360375,42,2,1,1,45,1,1,45
371445,12,19,3,11,34.693225,-77.13018333,8,1,1,1,35,0,0,35
371446,12,19,3,3,34.59487778,-79.10908611,38,2,1,1,90,1,1,65
371447,12,14,5,5,34.57547222,-79.15405556,8,2,1,1,5,0,0,70
371448,12,7,5,18,36.51727222,-79.69713889,8,3,1,1,35,0,0,35
371449,12,9,7,20,36.389375,-79.62209167,8,2,2,1,45,0,0,50
371450,12,20,4,16,35.32324167,-81.93499167,12,1,1,2,80,1,0,45
371451,12,24,1,2,34.80380278,-79.54001667,12,2,1,2,85,0,0,45
371452,12,22,6,20,36.39194167,-80.70505833,34,2,1,1,55,1,0,55
371453,12,16,7,19,35.77094722,-78.60864722,1,2,10,1,55,1,0,35
371454,12,23,7,22,36.00293889,-78.52195556,12,3,1,3,55,0,1,55
371455,12,16,7,18,35.77665556,-78.61111111,8,3,10,1,35,0,0,35
371456,12,26,3,10,36.17865833,-81.92538056,43,1,1,1,40,1,0,40
371457,12,29,6,8,35.63212778,-80.51959167,9,9,8,1,55,0,0,55
371458,12,8,6,18,35.4482,-80.17921389,12,2,1,2,100,1,1,55
371459,12,17,1,18,35.964275,-78.84615,12,3,2,3,45,1,0,45
371460,12,23,7,16,34.72056389,-78.96651389,12,1,1,2,55,0,0,55
371461,12,27,4,2,35.63760278,-79.83271389,32,2,2,1,65,1,0,65
371462,4,18,3,18,36.24160278,-75.87976111,1,1,1,2,50,1,0,98
371463,4,21,6,13,35.89718333,-80.25583333,1,1,1,2,55,1,0,55
371464,11,13,2,17,34.334875,-78.13576667,9,5,1,1,45,0,0,45
371465,8,3,5,13,34.51601111,-77.90405278,12,1,1,5,59,1,1,50
371466,9,6,4,4,35.0316,-79.13135,9,2,1,1,80,0,0,55
371467,9,27,4,17,35.43078889,-82.05446111,12,1,10,2,55,0,0,55
371468,7,1,7,1,35.8793,-78.6364,38,2,10,1,60,1,0,45
371469,12,30,7,17,35.00913333,-78.898025,8,5,1,1,35,0,0,35
371470,12,23,7,10,35.01091944,-78.90101389,8,1,1,1,2,0,0,35
371471,11,30,5,23,36.2287,-78.441525,8,2,1,1,55,0,0,55
371472,8,16,4,16,35.99231111,-78.932975,42,1,2,1,15,1,0,35
371473,4,30,1,17,35.80251667,-78.56649444,42,1,2,1,80,1,0,35
371474,4,30,1,5,36.21947778,-77.82308333,34,3,2,1,15,1,0,15
371475,11,5,1,2,36.09153056,-79.91476389,12,2,10,2,999,1,0,65
371476,5,22,2,5,35.60070833,-82.55373056,8,2,1,2,10,0,0,35
371477,10,15,1,13,35.54605833,-78.69553056,12,1,1,2,55,1,0,55
371479,8,3,5,17,35.89217222,-80.05131389,53,1,10,1,40,1,0,35
371480,12,5,3,9,35.15374444,-80.92002778,15,1,1,1,10,0,0,15
371481,12,27,4,22,35.19278889,-80.87971667,8,3,1,1,998,0,0,45
371482,10,3,3,18,77.7777,777.7777,12,8,98,2,998,1,0,45
371484,7,12,4,17,77.7777,777.7777,12,1,98,2,998,1,0,98
380001,1,1,1,5,46.6709,-96.83131111,8,2,1,1,75,0,0,75
380002,1,12,5,21,46.60247778,-100.6249861,12,2,1,2,998,1,1,65
380003,1,16,2,1,46.87675278,-102.5094417,12,2,5,2,998,1,1,75
380004,1,17,3,19,47.74443611,-97.47259167,1,2,4,1,998,1,0,65
380005,1,18,4,6,48.342225,-103.5115361,12,2,1,2,999,1,0,70
380006,1,22,1,16,48.06387778,-100.9676611,12,1,1,2,998,1,1,65
380007,2,20,2,11,47.73435556,-97.066875,12,1,11,2,998,1,0,55
380008,3,1,4,15,48.3727,-102.7488722,10,1,1,1,999,1,0,45
380009,3,2,5,21,48.29546389,-97.24475556,1,2,1,1,998,1,0,55
380010,3,10,6,18,48.07921389,-103.6849972,12,5,11,2,999,1,0,65
380011,3,13,2,5,46.26168611,-96.84502778,12,2,1,4,998,0,0,65
380012,3,14,3,8,48.58069722,-97.44786111,12,1,11,2,55,1,0,65
380013,3,15,4,13,46.876575,-97.11051389,12,1,1,2,998,1,0,75
380014,3,16,5,9,46.69745278,-100.9004583,12,1,10,2,998,0,0,65
380015,4,3,2,20,48.24124167,-103.4815806,10,1,1,1,998,2,0,55
380016,4,3,2,23,48.32737222,-101.8557889,1,2,11,2,998,2,0,70
380017,4,12,4,21,46.876325,-96.87161111,12,3,1,3,998,0,1,40
380018,4,16,1,5,48.66086111,-99.6473,1,2,1,1,998,1,0,55
380019,4,21,6,12,46.79056944,-98.65350278,1,1,4,1,998,1,0,55
380020,5,1,2,11,46.80528889,-100.7816028,8,1,1,1,998,0,0,25
380021,5,3,4,20,48.15015556,-97.27016667,10,5,1,1,998,1,0,55
380022,5,6,7,11,47.97889444,-101.2936806,12,1,10,2,70,0,0,70
380023,5,12,6,16,48.19274167,-102.9344028,12,1,2,2,998,0,0,65
380024,5,20,7,18,46.81924444,-100.901775,12,1,1,2,998,1,0,25
380025,5,22,2,13,48.19363611,-101.2961139,12,1,1,2,998,1,0,40
380026,5,25,5,8,46.48350278,-98.07590833,54,1,1,2,998,0,0,65
380027,5,27,7,5,48.63113611,-99.00600556,35,4,10,1,998,1,1,65
380028,5,28,1,16,48.56941389,-103.6241833,12,1,1,2,999,0,0,65
380029,4,28,6,8,46.87596944,-96.79407778,12,1,1,2,998,0,0,30
380030,6,1,5,10,46.28331389,-99.25793889,1,1,1,1,999,1,1,65
380031,6,7,4,6,47.91341389,-103.4148583,12,1,1,2,60,0,0,55
380032,6,11,1,99,47.02093333,-97.17630833,1,9,1,1,998,1,1,55
380033,6,14,4,13,47.97885,-101.2936972,12,1,1,2,998,0,0,70
380034,6,16,6,99,47.64393056,-97.68636667,1,9,1,1,998,1,1,55
380035,6,21,4,8,47.7035,-103.4333139,12,1,1,2,58,0,0,55
380036,6,28,4,21,46.85125278,-96.88311944,12,5,1,2,998,0,0,30
380037,6,30,6,18,46.08989167,-102.6841972,12,1,1,2,999,1,0,55
380038,7,3,2,21,47.97813889,-99.02737778,12,9,99,2,998,1,1,25
380039,7,5,4,99,46.12471389,-100.1913972,1,9,1,1,998,1,1,55
380040,7,9,1,2,47.19506111,-96.98984722,1,2,1,2,999,1,1,75
380041,7,11,3,2,47.58301111,-97.24034444,1,2,1,1,998,1,1,55
380042,7,12,4,18,47.89676944,-97.06670556,12,1,1,2,998,1,0,40
380043,7,13,5,15,47.20148333,-97.85463889,1,1,1,1,998,1,0,55
380044,7,15,7,16,46.84829722,-101.3649778,12,1,1,2,998,1,0,55
380045,7,15,7,20,46.88000833,-97.05747778,5,1,1,1,998,1,1,20
380046,7,17,2,20,48.61846944,-101.4532083,11,1,1,1,998,1,0,65
380047,7,18,3,2,47.57269722,-98.51149444,1,2,10,1,998,1,1,55
380048,8,1,3,17,48.062625,-103.6704278,12,1,2,2,998,2,0,65
380049,8,3,5,99,46.795675,-99.13245833,3,9,1,1,998,1,1,55
380050,8,4,6,3,47.97785556,-102.4376444,8,2,99,1,999,0,0,45
380051,8,5,7,99,47.99436944,-102.4447083,1,9,1,1,998,1,1,35
380052,8,10,5,16,48.22973333,-101.3674028,12,1,1,2,998,2,0,60
380053,8,17,5,21,47.8028,-98.36033889,35,2,1,1,998,1,1,65
380054,8,18,6,3,46.92016667,-97.85463056,8,2,10,1,69,0,0,75
380055,8,18,6,14,46.46524167,-101.1021417,1,1,1,1,998,1,0,65
380056,8,20,1,3,48.1548,-103.66915,8,3,10,1,35,0,0,35
380057,8,22,3,15,47.97886944,-101.2936806,12,1,1,2,998,0,0,70
380058,8,26,7,13,47.9038,-97.63776111,35,1,1,1,998,2,0,55
380059,9,1,6,15,47.24363889,-101.296,12,1,1,2,998,1,1,55
380060,9,3,1,1,47.97787778,-98.82772778,12,6,99,2,999,1,0,50
380061,9,4,2,99,48.14719444,-103.65205,24,9,1,1,999,2,1,40
380062,9,10,1,99,48.41478056,-100.3854917,1,9,99,1,998,1,1,65
380063,9,13,4,5,46.86164444,-96.82998611,8,3,1,1,998,0,0,35
380064,9,14,5,15,47.9041,-97.9897,12,1,1,2,998,0,0,65
380065,9,14,5,17,48.70435556,-99.84185,12,1,1,2,40,1,0,55
380066,9,16,7,21,48.85618889,-99.85408333,12,6,1,2,998,1,1,50
380067,9,17,1,3,46.86175,-96.83645,46,3,10,1,998,1,1,35
380068,9,18,2,99,48.33988611,-99.79796389,35,9,1,1,998,1,0,70