ST_CASE,MONTH,DAY,DAY_WEEK,HOUR,LATITUDE,LONGITUD,HARM_EV,LGT_COND,WEATHER,VE_FORMS,TRAV_SP,DEATHS,DR_DRINK,VSPD_LIM
380069,9,22,6,2,47.99843333,-98.93720278,8,2,2,1,998,0,0,55
380070,9,25,2,20,47.88583889,-97.06688333,12,3,1,2,998,1,0,40
380071,9,28,5,12,46.87494722,-102.5557389,42,1,1,1,998,1,0,75
380072,9,29,6,99,46.39776667,-100.6306167,99,9,99,1,998,1,1,55
380073,10,5,5,0,47.9982,-98.96183056,1,6,2,1,998,1,1,55
380074,10,6,6,15,46.81474167,-100.8431611,12,1,1,2,998,1,0,40
380075,10,12,5,19,46.25399167,-96.60621111,8,2,1,1,998,0,1,25
380076,10,12,5,23,47.90231111,-99.12527778,12,6,98,2,998,0,1,55
380077,10,16,2,9,46.60071111,-100.6227722,12,1,1,2,998,1,0,65
380078,10,18,4,8,46.14025833,-98.52532222,12,1,10,2,998,0,0,55
380079,10,19,5,99,48.57341944,-98.38356944,34,9,1,1,998,1,1,65
380080,10,22,1,99,46.82654444,-101.8956972,35,9,1,1,998,1,1,55
380081,10,28,7,1,46.92019167,-97.82858333,1,6,1,1,998,1,0,75
380082,11,1,4,99,47.67196111,-97.30315556,59,9,1,1,998,1,1,55
380083,11,2,5,7,46.8236,-100.7306833,12,3,1,2,998,1,0,50
380084,11,11,7,23,48.24285,-101.3049167,59,3,1,1,998,1,1,25
380085,11,12,1,0,47.24975,-97.01629167,12,2,1,2,998,1,1,75
380086,11,13,2,15,48.63124444,-99.09671667,12,1,10,2,998,1,1,65
380087,11,18,7,99,47.81811667,-99.6934,1,9,1,1,998,1,1,55
380088,11,18,7,22,48.31683056,-101.7336167,42,2,1,1,998,1,1,25
380089,11,23,5,2,48.81862222,-99.7993,12,6,99,2,999,0,1,25
380090,11,25,7,12,46.75993889,-97.55598333,12,1,1,2,62,1,0,25
380091,11,25,7,20,46.878075,-102.6287472,1,2,4,1,998,1,0,75
380092,12,11,2,7,46.88145556,-100.74845,12,2,10,2,998,0,0,55
380093,12,14,5,18,47.86014167,-97.08778333,12,2,1,2,80,0,0,75
380094,12,15,6,11,48.31101944,-100.5961917,35,1,1,1,998,1,0,70
380095,12,23,7,19,48.20815833,-97.19081111,34,2,5,1,58,1,0,55
380096,12,16,7,99,46.04850278,-100.690975,1,9,99,1,999,1,1,55
390001,1,3,3,17,39.97931111,-82.84356944,12,3,10,3,999,2,0,50
390002,1,2,2,17,40.00103889,-83.15411944,12,5,10,2,10,0,0,45
390003,1,4,4,0,41.33938056,-80.97986111,34,2,10,1,999,2,0,45
390004,1,5,5,18,39.95378056,-83.09323056,8,3,2,1,998,0,0,98
390006,1,6,6,20,39.85580278,-82.90006389,12,3,1,2,999,1,0,50
390007,1,7,7,2,39.10218333,-84.54819444,24,3,1,1,998,1,1,40
390008,1,1,1,19,39.69867222,-84.28971111,12,2,10,2,65,0,1,55
390009,1,1,1,2,41.34549444,-81.50183611,8,2,10,1,998,0,0,60
390010,1,2,2,21,39.472925,-82.16560833,12,2,10,2,40,0,1,55
390012,1,7,7,7,39.94222778,-83.47208056,52,4,1,1,999,1,0,70
390013,1,13,6,0,40.00036111,-82.97568889,12,3,1,2,30,1,0,35
390014,1,15,1,3,40.08726944,-82.90698889,12,3,10,2,999,0,0,65
390015,1,13,6,6,41.09539722,-83.7651,12,2,10,2,999,1,0,55
390016,1,5,5,18,39.94026389,-83.05631389,8,3,2,2,35,0,0,35
390017,1,3,3,22,39.0526,-82.94804722,45,2,10,1,67,1,0,60
390018,1,13,6,17,39.11251667,-84.60665833,14,3,3,2,35,1,0,35
390019,1,5,5,21,39.58608056,-82.95326944,8,2,10,1,55,0,0,55
390021,1,7,7,19,41.30377778,-81.73791944,25,2,4,1,999,1,0,70
390022,1,11,4,19,38.89216389,-83.16076111,30,2,10,1,999,1,0,55
390024,1,7,7,2,41.38717778,-80.54889444,34,2,10,1,999,1,1,55
390025,1,9,2,11,40.60420556,-83.170025,12,1,10,2,999,2,0,55
390026,1,17,3,21,39.37845,-84.40851111,8,2,1,1,65,0,0,65
390027,1,18,4,9,41.08487778,-82.39475278,18,1,10,1,998,1,0,25
390028,1,14,7,16,41.21691389,-82.78895,12,1,10,2,999,1,1,55
390029,1,19,5,5,39.50336667,-83.84221111,12,2,10,2,999,1,0,55
390030,1,24,3,2,39.93427778,-83.19296944,42,2,1,1,80,2,1,45
390031,1,20,6,7,41.56241111,-81.12328056,12,1,4,2,40,1,0,55
390032,1,17,3,20,40.11191389,-82.35537222,1,2,1,1,999,1,0,55
390033,1,20,6,21,41.68611389,-81.41819722,9,3,4,1,25,0,1,35
390034,1,18,4,18,41.6899,-83.4527,31,3,1,1,999,1,0,45
390035,1,19,5,20,41.44541389,-82.14268889,8,3,2,1,999,0,0,35
390036,1,17,3,13,41.55734167,-83.46033889,54,1,10,2,65,0,0,65
390037,1,21,7,22,39.79047222,-84.24530556,8,2,10,1,999,0,0,35
390038,1,12,5,17,39.00356944,-83.78144444,12,5,2,2,999,1,0,55
390039,1,14,7,3,40.76466389,-81.330975,24,3,4,1,96,1,1,55
390040,1,11,4,17,39.91396111,-84.27461111,12,5,10,2,998,0,0,50
390041,1,22,1,3,39.50672778,-82.35133889,43,2,1,1,999,1,0,55
390043,1,22,1,13,40.34759722,-82.57086389,12,1,4,2,999,0,0,55
390044,1,21,7,17,41.68904444,-80.78118889,12,2,10,2,2,0,0,55
390045,1,20,6,8,39.96421389,-83.80268889,53,1,10,1,999,1,0,45
390046,1,22,1,3,40.44261667,-81.73171111,42,2,1,1,998,1,1,55
390047,1,22,1,10,41.03394167,-81.761275,35,1,4,1,55,1,0,65
390048,1,22,1,5,39.39393333,-81.35616389,34,2,10,1,999,1,0,55
390049,1,21,7,7,40.07407222,-82.06178611,34,2,10,1,69,2,1,55
390050,1,23,2,19,40.15860833,-82.52014722,12,2,1,2,55,0,0,55
390051,1,22,1,14,41.35710833,-81.8982,25,1,4,1,999,1,0,70
390052,1,16,2,14,40.59686389,-84.647525,12,1,2,2,40,0,0,55
390053,1,26,5,19,40.82722778,-84.335,34,2,1,1,999,1,0,55
390054,1,23,2,10,41.52216389,-83.46341667,12,1,10,2,999,1,0,65
390055,1,24,3,21,41.71602222,-83.61546389,8,3,1,1,998,0,0,98
390056,2,4,7,20,39.91994722,-82.93196944,12,3,10,2,999,1,1,65
390057,1,29,1,2,41.65993056,-83.5605,31,3,3,1,998,1,1,35
390058,1,19,5,17,41.49600278,-81.56510556,8,3,1,1,30,0,0,25
390060,1,23,2,16,41.13476944,-81.37361667,12,1,10,2,999,0,0,50
390061,1,24,3,16,39.84919167,-84.11258889,12,1,10,4,998,0,0,35
390062,1,24,3,16,41.44141667,-84.59748333,12,1,10,2,50,0,0,55
390063,1,27,6,19,40.83669167,-82.09343333,12,2,11,2,50,1,0,55
390064,1,28,7,19,39.95260833,-84.04403056,30,2,1,1,999,1,1,35
390067,2,5,1,0,39.95141111,-82.81913889,12,3,1,2,998,1,1,25
390068,2,5,1,19,41.50124722,-81.56544167,12,3,10,4,998,0,0,25
390069,1,4,4,17,39.31348611,-83.11338611,12,5,1,2,55,1,0,55
390070,1,30,2,7,41.01471944,-81.66466389,52,4,2,2,998,0,0,60
390071,1,31,3,14,41.06392222,-83.2156,24,1,1,1,999,1,0,55
390072,2,2,5,8,40.37586944,-80.66537778,12,1,1,2,20,1,0,35
390073,1,5,5,13,41.53208611,-81.16317222,12,1,1,2,999,1,0,45
390074,2,1,4,6,40.38047778,-84.571725,12,2,1,2,55,1,0,55
390075,1,17,3,6,41.70066667,-83.91349722,12,2,5,2,999,0,0,55
390076,1,28,7,4,40.36049444,-81.44719444,24,2,10,1,999,1,1,55
390078,1,29,1,17,40.80914444,-81.37076667,8,3,2,1,998,0,0,35
390079,1,17,3,18,41.09690833,-81.50404722,8,3,10,1,998,0,0,25
390080,2,5,1,22,40.99916111,-81.39921667,30,2,10,1,999,1,1,35
390081,2,5,1,20,41.18211667,-80.72137222,8,2,10,1,35,0,0,35
390082,2,7,3,21,39.91598889,-82.88071389,9,2,2,1,998,0,0,98
390083,2,8,4,21,39.79721111,-84.25121111,30,3,2,1,55,1,1,35
390084,1,1,1,21,41.46411389,-81.69341667,12,3,10,2,0,1,0,60
390085,2,2,5,11,39.4342,-84.01228611,43,1,10,1,999,2,0,55
390086,2,5,1,8,40.25267778,-82.51971111,35,1,1,1,999,1,1,55
390087,1,30,2,11,40.84170833,-80.81211944,12,1,10,2,999,1,0,55
390088,2,2,5,16,39.23648611,-81.759025,12,1,10,2,999,2,0,60
390089,2,3,6,6,39.13480556,-84.49775278,8,3,1,1,998,0,0,30
390090,2,12,1,2,39.81016389,-83.16078889,12,2,1,2,999,0,1,55
390091,2,14,3,8,41.69928056,-83.62431111,12,1,1,2,10,0,0,40
390092,2,7,3,19,40.54945,-83.10774722,12,2,1,2,999,0,1,50
390093,1,31,3,17,38.79827778,-83.93063611,12,5,10,2,60,0,0,55
390094,1,30,2,3,39.82848056,-84.78816667,12,2,10,2,999,1,0,70
390095,2,15,4,18,39.90085278,-83.10376389,12,5,1,2,999,1,1,35
390096,1,26,5,16,41.22551667,-83.93968889,12,1,10,3,999,1,1,98
390097,2,6,2,7,39.36238056,-83.05104444,12,4,10,2,50,0,0,55
390098,2,7,3,9,40.09563333,-81.55986389,24,1,10,3,999,1,0,55
390099,2,9,5,22,41.38541667,-80.56843333,8,2,1,1,47,0,0,45
390100,2,16,5,16,39.92140833,-82.88015278,8,1,1,1,45,0,0,45
390101,2,18,7,0,41.64658889,-83.58215,8,3,1,1,35,0,0,35
390102,2,20,2,14,39.76368333,-84.16638333,30,1,10,1,998,1,1,35
390103,2,11,7,20,40.34013611,-80.96038611,26,2,1,1,999,1,0,55
390104,2,11,7,10,41.02330833,-81.34702778,12,1,1,2,999,1,0,40
390105,2,13,2,15,40.79434722,-81.25453611,12,1,1,3,999,1,0,55
390106,2,13,2,5,41.18683056,-81.02453611,12,4,10,3,57,0,0,55
390108,2,14,3,15,41.44813889,-81.05126667,9,1,1,1,58,0,0,55
390109,2,15,4,16,41.30257778,-80.801825,12,1,1,2,999,1,1,45
390110,2,15,4,17,40.63017778,-83.07325,12,1,1,3,40,1,0,55
390111,2,17,6,0,39.09820278,-84.19712778,59,2,10,1,999,1,1,55
390112,2,20,2,15,39.12028889,-84.7001,33,1,1,1,45,1,0,40
390113,2,16,5,8,40.82776111,-83.88030833,12,1,2,2,999,1,0,70
390114,2,21,3,15,39.67184722,-84.31439722,12,1,1,2,50,1,1,55
390115,2,15,4,14,39.54870278,-83.44944444,12,1,1,2,5,0,0,45
390116,2,25,7,2,40.34251667,-83.53776389,1,2,1,1,999,1,0,55
390117,2,20,2,10,41.59119722,-83.65623056,35,1,1,1,999,2,0,70
390118,2,21,3,21,41.44973611,-82.16321944,42,3,1,1,999,1,0,25
390119,2,27,2,4,39.80036667,-84.21384167,8,3,99,1,998,0,0,25
390120,2,18,7,0,41.28478611,-81.05686389,34,2,1,1,999,1,1,40
390121,2,26,1,17,39.13564722,-84.53340278,14,1,1,2,65,0,1,55
390122,2,25,7,18,40.72085556,-84.1131,12,1,1,2,35,0,0,35
390123,2,25,7,22,39.53476944,-84.37163889,12,3,1,2,998,1,1,98
390124,1,30,2,14,41.51386111,-81.62301944,12,1,10,2,40,1,0,25
390125,2,5,1,20,41.46705833,-81.76283333,12,3,1,2,60,0,0,60
390126,2,22,4,10,41.79877222,-80.74622222,12,1,4,2,999,1,0,70
390127,2,23,5,19,38.63113056,-83.31086944,11,5,1,1,55,1,0,55
390128,2,24,6,19,39.76459167,-82.18881111,8,2,1,1,45,0,0,55
390130,2,25,7,21,39.54636111,-84.28896944,12,3,1,2,0,0,0,65
390131,3,2,5,12,41.68736111,-83.64743056,12,1,1,2,60,1,0,60
390132,3,3,6,19,39.98481944,-83.07496944,35,3,2,1,35,1,0,35
390133,2,6,2,17,40.90313056,-80.84125833,12,5,10,2,998,1,0,25
390134,2,19,1,7,40.95306389,-81.58366944,43,4,10,1,999,1,1,40
390135,2,25,7,20,39.99313611,-80.74170833,12,2,1,2,55,1,0,55
390136,2,18,7,11,40.74207778,-82.62561111,34,1,1,1,40,1,0,45
390137,3,2,5,17,41.62872222,-83.89696667,38,1,10,1,999,1,1,55
390138,3,6,2,21,40.03442222,-82.996275,12,3,1,2,998,1,1,65
390139,3,3,6,11,39.15764722,-84.56893889,24,1,2,1,65,1,0,65
390140,2,27,2,16,40.91938889,-81.90963889,12,1,10,2,999,1,0,55
390141,3,2,5,17,39.99893056,-81.84189444,1,1,1,1,999,1,0,55
390142,3,4,7,5,41.37745,-83.51285,32,2,1,1,998,2,0,98
390143,3,8,4,22,39.91741111,-82.96586667,30,3,1,1,50,1,1,35
390144,3,1,4,7,38.76927222,-82.39768611,1,1,1,1,999,1,0,55
390146,2,23,5,19,39.64051111,-84.233425,12,3,10,2,998,1,1,98
390147,3,2,5,15,39.04210833,-83.30803611,34,1,1,1,999,1,0,55
390148,3,7,3,17,40.772,-81.91777222,8,1,1,1,45,0,0,45
390149,3,8,4,21,39.92338889,-83.78876389,8,3,10,1,35,0,0,35
390150,3,12,1,14,39.89463611,-82.90568611,12,1,10,2,999,0,0,65
390151,2,23,5,13,38.93004444,-83.26912222,34,1,1,1,50,1,0,55
390152,2,3,6,0,40.9586,-81.31981111,18,6,4,1,998,1,0,35
390153,3,10,6,14,40.019225,-82.805275,12,1,2,2,999,2,0,45
390154,2,13,2,12,41.13440556,-81.50859444,8,1,1,1,15,0,0,25
390155,3,1,4,19,39.57399722,-84.25734167,8,2,2,1,65,0,0,65
390156,3,6,2,19,40.04791944,-84.21121111,9,5,1,1,10,0,0,10
390157,3,13,2,19,39.94468056,-82.87603056,12,5,1,2,998,0,0,35
390158,3,13,2,2,39.9449,-82.83904167,35,2,1,1,999,2,1,98
390159,1,19,5,8,40.079125,-83.15783056,8,1,10,1,45,0,0,45
390160,2,27,2,21,39.50884444,-83.37787222,59,2,6,1,999,1,1,55
390161,3,1,4,17,39.11913611,-84.79094444,1,1,1,1,998,1,0,35
390162,3,7,3,13,41.51392222,-84.59360833,12,1,1,2,999,1,0,55
390163,3,3,6,17,39.4131,-84.5531,12,5,2,2,999,1,0,35
390164,3,7,3,15,40.97484167,-81.99619722,12,1,1,2,999,1,0,55
390165,3,7,3,11,39.25838333,-83.55237222,12,1,10,2,999,1,0,55
390166,3,9,5,15,39.95825833,-83.29373611,30,1,1,1,999,1,0,40
390167,3,3,6,19,41.3285,-82.64713611,12,2,2,2,0,0,0,70
390168,3,9,5,15,39.46436667,-81.55928889,34,1,1,1,999,1,0,35
390169,3,11,7,14,40.89081944,-82.27098333,12,1,10,2,999,1,0,55
390170,3,20,2,2,39.73792222,-84.26824167,8,3,10,1,87,0,0,50
390171,3,19,1,17,39.50713333,-84.42475,23,1,1,1,45,1,1,45
390172,3,17,6,20,40.8341,-83.28123889,59,3,1,1,30,1,0,35
390173,2,18,7,13,41.05376667,-81.60788889,53,9,1,1,29,1,0,35
390174,2,16,5,18,39.92339444,-83.77553333,8,3,10,1,35,0,0,35
390175,3,9,5,4,39.23898889,-84.62411944,12,3,1,2,9,0,0,65
390176,3,13,2,6,38.66151389,-82.27179167,59,4,1,1,999,1,0,45
390177,3,18,7,0,41.62330833,-83.60191389,9,2,1,1,998,0,0,40
390178,3,11,7,5,41.3413,-83.37847222,12,2,1,2,999,1,1,55
390179,3,20,2,20,39.60986944,-82.94938889,12,2,1,3,0,1,0,60
390180,3,15,4,18,40.88046389,-82.64574167,1,1,1,2,999,0,0,25
390181,2,9,5,0,39.93363333,-82.84248889,12,3,2,2,0,0,0,65
390182,3,17,6,0,39.64944722,-82.78332778,42,2,1,1,999,1,1,55
390183,3,16,5,19,39.52119444,-84.38274167,21,3,2,1,998,1,1,35
390184,3,12,1,22,41.29473611,-80.84844722,43,3,12,1,999,1,1,35
390185,3,14,3,12,41.51388889,-83.16430833,12,1,10,3,999,1,0,55
390186,3,15,4,5,40.27976111,-83.542375,12,2,1,3,999,1,1,70
390187,3,17,6,0,39.92582222,-82.78598889,12,3,1,3,75,1,1,45
390188,3,18,7,11,40.66391667,-82.15328889,12,1,10,3,60,0,0,55
390189,3,17,6,6,41.31954167,-83.01184722,12,2,2,2,1,0,0,60
390190,3,23,5,20,40.1799,-81.90415,12,2,2,2,998,0,0,55
390191,1,24,3,9,41.31400556,-81.53089444,12,1,1,2,25,0,0,35
390192,3,20,2,20,39.95978333,-83.82816389,30,2,1,1,999,1,0,55
390193,3,16,5,11,40.394175,-82.48888056,8,1,10,1,2,0,0,25
390194,3,20,2,23,41.29503611,-82.91937778,8,2,1,1,60,0,0,60
390195,3,5,1,9,41.03907778,-81.565425,8,1,1,2,55,0,0,55
390196,1,28,7,23,39.53861111,-82.96661944,12,2,1,3,60,0,0,60
390197,3,17,6,13,40.04998889,-81.33758611,12,1,2,2,62,0,0,70
390198,3,20,2,8,41.31028889,-81.04651111,30,1,1,1,45,1,0,45
390199,3,21,3,0,39.20633889,-81.79938056,34,2,1,1,999,1,1,55
390200,3,25,7,12,39.44460833,-84.38821389,12,1,10,2,999,0,0,55
390201,3,28,3,16,40.83145833,-81.74273333,34,1,10,1,999,1,1,55
390202,3,31,6,0,40.89240556,-83.6803,34,2,1,1,999,1,1,55
390203,3,10,6,17,39.56203333,-84.2554,12,1,10,2,998,1,0,45
390204,3,25,7,15,41.52526389,-83.90218056,53,1,10,1,999,1,1,55
390205,3,31,6,12,39.33876667,-84.46181667,12,1,2,3,15,1,0,25
390206,1,25,4,18,39.34319722,-82.86833056,11,2,2,1,999,1,0,45
390207,3,28,3,20,41.06225278,-81.54668889,8,3,10,2,30,0,0,35
390208,3,27,2,9,40.69181944,-84.11796111,38,1,10,1,999,1,0,70
390209,3,31,6,7,41.81534722,-80.75791944,42,4,10,1,999,1,0,55
390210,4,3,2,20,39.34908056,-84.39548889,12,1,1,2,999,1,0,40
390211,3,1,4,14,41.47391389,-81.70664722,12,1,1,2,100,0,0,60
390212,1,3,3,3,39.96341111,-83.00268056,8,3,2,1,998,0,0,98
390213,3,28,3,20,41.13933333,-82.21828333,32,2,1,1,999,1,1,55
390214,3,31,6,17,40.69632222,-81.89592222,53,1,2,1,999,1,0,55
390215,3,29,4,20,39.89626944,-82.99481111,8,3,1,2,45,0,0,45
390216,4,9,1,2,39.947,-83.01716944,30,3,1,1,999,1,0,35
390218,4,2,1,10,39.29864722,-84.3091,12,1,1,2,999,0,1,65
390219,4,1,7,0,40.36397222,-83.18679722,42,2,10,1,999,1,0,55
390220,3,31,6,3,41.41706111,-81.60729444,42,3,10,1,80,1,0,35
390221,3,20,2,20,39.88984167,-81.99595278,9,2,1,1,50,0,0,55
390222,4,4,3,14,40.72236944,-84.20026111,34,1,1,1,55,1,0,55
390223,4,7,6,7,39.82470278,-83.17121667,21,1,10,1,999,1,1,55
390224,3,29,4,15,41.57337222,-83.45409444,12,1,10,2,999,1,0,55
390226,2,16,5,9,39.34373889,-84.49162222,12,1,10,2,999,1,0,35
390227,3,20,2,23,40.09001111,-82.9926,8,3,1,1,35,0,0,35
390228,3,31,6,10,40.10534167,-81.37065556,12,1,2,2,999,1,0,55
390229,4,3,2,16,39.01583056,-82.84645,12,1,1,2,999,3,0,60
390230,4,11,3,23,39.9315,-82.94723889,38,3,1,1,60,1,0,25
390231,4,11,3,8,40.10065833,-81.8842,53,1,1,1,999,1,0,98
390232,2,5,1,17,39.85775,-84.71604167,98,1,1,1,15,1,0,55
390233,3,12,1,19,41.04138889,-81.49124444,12,3,10,2,999,1,0,35
390234,3,22,4,14,40.416275,-84.27904167,12,1,10,2,55,2,0,55
390235,4,5,4,11,39.68747778,-83.27071111,34,1,10,1,999,1,1,55
390236,4,6,5,12,39.85017222,-81.51958889,1,1,10,1,63,1,0,55
390237,4,9,1,18,40.81919444,-83.09302222,12,1,1,2,999,1,0,55
390238,4,8,7,0,40.60590556,-83.14333611,30,3,1,1,999,1,1,35
390239,4,8,7,10,39.35668889,-83.63868889,12,1,10,2,999,1,0,55
390240,4,10,2,21,41.00235556,-83.4778,12,2,1,2,999,0,1,55
390241,4,10,2,16,40.55285,-81.22102222,12,1,1,2,50,0,0,55
390242,4,10,2,13,39.08851111,-84.22419167,32,1,1,1,121,1,0,55
390244,4,11,3,17,40.01393333,-82.52324722,12,1,1,3,999,1,0,55
390245,4,11,3,12,39.68351111,-84.22596944,12,1,1,2,999,0,0,35
390246,4,7,6,10,39.96703056,-83.09266389,12,1,1,2,35,1,0,45
390247,4,14,6,11,39.318625,-83.40559722,32,1,10,1,999,1,0,55
390248,4,14,6,13,41.36140556,-82.76965278,12,1,1,2,35,0,1,55
390249,4,15,7,13,41.69870833,-83.47930556,12,1,1,2,20,0,0,40
390250,3,26,1,12,39.12769167,-84.55399444,30,1,1,1,40,1,0,40
390251,4,13,5,13,41.105125,-82.70214722,12,1,1,2,999,1,0,55
390252,4,8,7,17,40.85483056,-81.55789444,12,1,1,2,998,1,0,98
390253,4,13,5,21,39.97884167,-82.97208056,12,2,1,3,80,1,0,65
390254,3,5,1,9,41.47566111,-81.71124444,39,1,10,1,6,1,1,25
390255,4,14,6,10,41.4417,-84.6598,12,1,1,3,999,0,0,55
390256,4,15,7,7,39.98492222,-81.39404167,34,4,10,1,999,1,0,55
390257,4,16,1,14,41.099575,-80.7847,12,1,1,2,999,1,0,45
390258,4,17,2,13,40.13678056,-84.49798333,12,1,2,2,10,2,0,55
390259,3,31,6,0,39.22204167,-84.54912222,33,3,10,2,84,1,0,25
390260,4,3,2,10,39.26081667,-84.52051389,42,1,10,1,48,2,0,35
390261,4,12,4,22,41.20759722,-80.82641944,12,2,1,2,70,1,1,45
390262,3,22,4,23,39.80718333,-84.25967222,15,2,10,1,47,0,0,35
390263,4,15,7,3,41.42209722,-82.36961111,30,3,1,1,999,1,1,45
390264,4,21,6,16,39.932525,-83.85189722,34,1,2,2,999,2,0,70
390265,4,15,7,15,41.56430833,-83.19020556,34,1,1,1,999,1,1,55
390266,4,8,7,19,39.56987222,-81.45825278,12,1,1,2,55,1,1,55
390267,4,13,5,23,39.73677222,-84.11005,33,2,1,1,999,1,1,35
390268,4,22,7,2,40.00256111,-82.91860278,8,2,2,1,999,0,0,45
390269,4,12,4,7,40.46856389,-84.01646111,12,1,1,2,60,0,0,55
390270,4,19,4,11,41.24734167,-82.44335556,12,1,1,3,999,1,0,55
390271,4,14,6,2,39.08209167,-84.40942778,33,3,10,1,998,1,1,35
390272,3,11,7,0,39.36221667,-84.53151389,1,3,10,1,40,1,1,35
390273,2,1,4,6,41.16446944,-80.60757778,8,2,10,1,999,0,0,65
390274,4,19,4,7,39.80691389,-82.71256389,12,1,1,2,999,1,0,70
390275,4,18,3,20,39.76415556,-83.86501667,34,2,1,1,999,1,1,55
390276,4,30,1,1,39.77274722,-84.21481944,33,3,10,1,998,1,0,35
390277,2,26,1,13,39.13370278,-84.33778333,12,1,1,2,998,1,0,45
390278,4,24,2,22,41.02783889,-82.17129167,12,2,1,2,999,1,0,55
390279,5,1,2,11,39.47265,-83.83864722,12,1,10,3,999,1,0,55
390280,5,2,3,6,40.1356,-83.0169,12,4,10,2,999,0,0,45
390281,5,2,3,16,39.96131667,-82.91449167,33,1,10,1,35,0,0,35
390282,5,3,4,4,41.72011944,-83.64961944,42,3,1,1,998,1,0,40
390283,4,25,3,2,41.4087,-81.63394167,25,3,1,1,999,1,0,60
390284,4,10,2,11,41.04647222,-80.66271111,12,1,1,2,0,0,0,40
390285,4,10,2,13,40.87744444,-81.22995556,42,1,1,1,999,1,0,60
390286,5,3,4,15,41.74399167,-80.76942222,30,1,10,1,999,1,0,25
390288,4,9,1,15,40.79107778,-83.86513889,12,1,1,2,2,0,0,0
390289,4,30,1,3,40.843425,-81.842475,34,2,2,1,94,1,1,55
390290,4,26,4,15,41.13211667,-82.78569722,12,1,1,2,999,0,0,55
390291,4,26,4,16,39.57075278,-84.32378889,43,1,1,1,999,1,0,45
390292,4,28,6,22,39.68841667,-82.65986111,12,2,10,2,55,0,0,70
390293,4,28,6,21,41.66986667,-84.09913056,12,2,2,2,65,0,0,55
390294,4,28,6,14,41.02106944,-81.70389444,9,1,10,1,999,0,0,35
390295,4,30,1,15,39.52730278,-83.47093611,12,1,2,2,999,0,0,55
390296,4,28,6,16,39.91266389,-82.98978889,12,1,10,2,999,1,0,25
390297,5,6,7,10,40.10311944,-82.98865,12,1,1,2,999,1,0,98
390298,4,5,4,9,40.05230833,-83.60848056,12,1,10,2,998,1,0,55
390299,4,29,7,19,41.41973889,-81.67979722,33,1,10,1,999,1,0,35
390300,4,16,1,22,40.08316389,-82.06336389,34,2,1,1,96,1,1,55
390301,4,21,6,0,39.71939167,-84.21436944,12,3,10,2,55,0,1,45
390302,4,9,1,15,40.08384444,-83.66617222,12,1,1,2,15,1,0,55
390303,3,14,3,8,41.03885833,-81.546475,12,1,4,3,0,0,0,35
390304,4,13,5,22,41.09640278,-81.54280556,8,3,1,1,999,0,0,25
390305,4,19,4,10,40.660325,-80.61271667,12,1,1,2,35,0,0,40
390306,4,28,6,23,39.06645556,-83.59966111,34,2,10,1,25,1,0,45
390307,5,9,3,5,40.28071111,-83.06738333,12,3,1,2,55,1,0,55
390308,4,30,1,10,41.42098611,-82.09626667,33,1,1,2,999,1,0,35
390309,2,19,1,2,40.96073056,-81.43664167,38,2,10,1,35,0,1,35
390310,4,30,1,1,39.83141944,-84.18943056,12,3,10,3,999,1,0,65
390311,4,29,7,3,39.64672778,-84.63211667,18,2,1,1,999,1,1,55
390313,5,10,4,11,39.7718,-84.1853,24,1,1,1,998,1,0,55
390314,5,3,4,13,40.74350833,-82.66210278,12,1,10,2,999,1,0,50
390315,5,4,5,22,40.02432778,-82.02085556,35,2,1,1,999,1,1,55
390316,5,5,6,6,40.52975278,-81.18756667,12,1,1,2,999,1,0,55
390317,5,6,7,2,41.41331667,-82.6181,24,2,1,1,999,1,1,55
390318,5,8,2,6,39.94934167,-83.19426389,12,4,1,2,55,1,0,55
390319,5,11,5,14,39.72423889,-84.21050278,12,1,1,2,60,1,1,55
390320,5,5,6,18,41.46948611,-81.91673056,32,1,1,1,120,1,1,60
390321,5,6,7,14,40.03856389,-82.42898889,12,1,1,3,998,1,0,35
390322,5,12,6,19,39.70738889,-84.14173889,42,1,1,1,3,1,0,35
390323,4,23,1,1,41.50341667,-81.67915278,12,3,1,2,999,1,1,25
390324,4,27,5,21,41.44553889,-81.58494722,33,3,10,1,999,1,1,35
390325,2,18,7,4,39.87036111,-84.14368611,59,3,1,1,998,1,1,65
390326,5,10,4,16,39.31834722,-83.95207222,59,1,1,1,999,1,0,55
390327,5,6,7,3,39.69573611,-84.424175,1,2,1,1,999,1,1,55
390328,4,25,3,7,41.4688,-81.69117222,12,1,1,4,999,1,0,35
390329,5,7,1,15,41.69816389,-81.29206389,53,1,1,1,999,1,0,25
390330,5,16,3,13,39.89219167,-83.03916667,12,1,2,2,999,1,0,65
390331,5,10,4,12,41.38050278,-81.73981389,12,1,1,2,998,0,0,25
390332,5,17,4,5,39.10420556,-84.52800556,8,3,1,1,55,0,0,55
390333,5,8,2,4,40.90187778,-81.26566389,12,2,1,3,999,0,0,55
390334,5,8,2,0,41.09711944,-81.50284722,33,3,10,1,999,1,1,25
390335,5,9,3,21,40.5195,-83.21008611,11,2,1,1,999,1,1,55
390336,5,13,7,0,40.14501944,-83.01762222,12,2,2,2,45,0,0,45
390337,5,11,5,22,40.15209167,-83.11104167,12,2,1,2,50,0,0,45