ST_CASE,MONTH,DAY,DAY_WEEK,HOUR,LATITUDE,LONGITUD,HARM_EV,LGT_COND,WEATHER,VE_FORMS,TRAV_SP,DEATHS,DR_DRINK,VSPD_LIM
390338,5,17,4,17,41.6577,-81.10671944,35,1,1,1,999,1,1,45
390339,5,19,6,23,40.08759167,-82.98887222,12,3,1,2,90,1,1,45
390340,5,1,2,23,39.12773056,-84.60555833,12,3,2,2,998,1,0,98
390341,5,16,3,19,40.19250278,-84.48711667,34,1,1,1,999,1,1,55
390342,5,12,6,10,39.67548056,-82.56332778,1,1,1,1,999,1,0,55
390343,5,20,7,23,41.68331944,-83.566675,8,2,1,1,40,0,0,35
390344,5,17,4,14,41.42796667,-83.846925,12,1,1,2,25,0,0,55
390345,5,19,6,15,39.13199167,-84.53057778,30,1,1,1,998,1,1,98
390346,4,30,1,2,40.10455,-83.07346111,43,2,2,1,999,2,1,25
390347,5,5,6,0,40.03163333,-82.96395833,12,3,1,3,999,0,0,35
390348,5,22,2,20,39.98698056,-82.8902,12,1,1,2,45,0,0,45
390349,2,22,4,16,39.24554167,-84.51694444,8,1,1,1,30,0,0,25
390350,4,11,3,19,41.43431389,-81.70693889,12,5,1,2,88,1,0,25
390351,5,15,2,9,40.39568056,-84.67460278,12,1,1,2,10,1,0,55
390352,5,21,1,20,41.65074444,-80.86553056,1,1,1,1,999,1,1,55
390354,5,24,4,9,39.96978889,-83.06873889,12,1,1,2,999,1,0,65
390355,5,10,4,15,41.09752778,-83.22833056,8,1,1,1,20,0,0,55
390356,4,26,4,6,41.57873611,-81.51347222,33,1,1,1,45,1,0,35
390357,5,19,6,10,41.58544444,-82.83328056,31,1,1,1,998,1,1,45
390358,5,22,2,17,41.15708056,-83.4597,12,1,1,2,999,1,0,98
390359,5,18,5,0,41.68471944,-83.55535,59,3,1,1,998,1,0,35
390360,5,25,5,22,41.62858056,-83.60781111,12,3,1,2,35,1,0,35
390361,5,28,1,17,41.56660278,-83.656025,12,1,1,2,10,0,0,25
390362,5,4,5,22,39.16018333,-84.540675,8,3,1,1,35,0,0,35
390363,5,16,3,21,39.23288333,-84.45018333,12,3,10,2,100,1,0,55
390364,5,21,1,21,41.35173889,-82.49399167,8,2,1,1,60,0,0,55
390365,5,20,7,23,39.568375,-84.16411111,12,3,10,2,999,2,0,50
390366,5,19,6,18,39.37576667,-83.86141111,12,1,1,2,999,1,0,55
390367,5,22,2,9,40.26348889,-83.4693,12,1,1,2,999,1,0,55
390368,5,22,2,22,41.76692222,-80.94624167,35,3,1,1,83,1,1,45
390369,5,5,6,15,41.10523889,-81.1584,24,1,1,1,999,1,0,70
390370,3,28,3,13,41.59942778,-81.50688056,59,1,1,1,998,1,1,60
390371,5,21,1,4,40.06881944,-81.20960833,1,2,1,1,999,1,1,55
390372,5,19,6,17,39.53605,-82.43691111,14,1,1,1,75,1,0,70
390373,5,18,5,14,39.87711667,-82.28928611,1,1,1,1,999,1,1,55
390374,5,22,2,8,39.46586111,-84.32093333,12,1,10,2,24,0,0,35
390375,5,22,2,17,39.44405278,-81.43473056,35,1,1,1,999,1,0,70
390376,5,28,1,17,39.95516944,-83.11037778,12,1,1,2,999,1,1,40
390377,5,28,1,8,39.88874722,-83.04143611,34,1,1,1,999,1,0,65
390378,5,24,4,22,40.18699444,-80.92708056,11,2,1,1,999,1,0,55
390379,5,27,7,7,39.10640278,-84.56604167,14,1,1,2,998,1,1,35
390380,5,13,7,19,40.57268333,-83.33203333,12,1,1,2,999,0,0,55
390381,4,4,3,7,39.86125,-84.28281111,30,3,10,2,35,1,0,35
390382,5,22,2,14,40.12863333,-84.32005,12,1,1,2,999,1,0,55
390383,5,21,1,18,39.89108333,-82.97920833,12,1,1,3,999,0,1,40
390384,5,21,1,0,38.9773,-84.11401944,12,2,1,2,45,0,0,55
390385,5,25,5,18,39.95337222,-82.06354722,12,1,1,2,10,1,0,40
390386,5,25,5,16,38.45840833,-82.32346944,1,1,1,1,999,1,0,25
390387,5,23,3,14,41.27600278,-81.806175,32,1,1,1,999,1,0,70
390388,5,27,7,5,41.60474722,-81.43436111,25,1,1,1,999,1,0,60
390389,5,28,1,15,40.77373889,-80.80825278,34,1,10,1,999,1,1,55
390391,5,29,2,22,39.91826667,-82.834525,8,2,1,1,998,0,0,98
390392,5,30,3,20,39.12234167,-84.57846111,15,5,1,1,10,0,0,25
390393,5,30,3,9,40.89100833,-82.95853611,12,1,1,2,998,1,0,55
390394,5,19,6,21,41.43716944,-82.18534444,12,3,1,2,96,1,1,35
390395,5,29,2,16,40.08306111,-84.23374167,12,1,1,2,999,1,0,70
390396,6,1,5,4,39.78876111,-84.18321944,52,3,1,1,998,2,0,55
390397,6,3,7,8,40.71856389,-82.81012222,12,1,1,2,998,1,0,55
390398,5,25,5,4,40.28972222,-83.02055278,12,2,1,2,50,1,1,50
390400,5,27,7,16,41.501325,-81.54926111,12,1,1,2,998,1,0,35
390401,5,27,7,19,40.00469722,-84.598125,12,1,1,2,10,1,0,55
390402,5,27,7,15,38.89233611,-84.20799167,1,1,10,1,999,1,0,55
390403,5,28,1,0,39.00161667,-84.04217778,8,2,1,1,55,0,0,55
390404,5,29,2,19,40.38649722,-83.45373611,34,1,1,1,999,1,0,55
390405,6,2,6,9,39.98024722,-82.83620278,12,1,1,2,10,0,0,50
390406,6,4,1,22,39.246925,-84.44716389,25,2,1,1,70,1,1,55
390407,5,6,7,18,41.50153333,-81.63846667,43,1,10,1,999,1,1,35
390408,4,5,4,2,39.20182222,-84.46507778,33,2,10,1,998,1,1,35
390409,5,24,4,0,40.68720278,-82.37822778,34,2,1,1,60,1,1,55
390410,5,26,6,20,39.99819167,-81.50264444,11,1,1,1,999,1,1,55
390411,5,27,7,21,41.08220278,-81.53235833,33,5,1,1,999,1,1,25
390412,5,28,1,19,40.75106944,-84.24256111,18,1,1,1,999,1,1,55
390413,5,30,3,4,41.08181111,-82.662925,34,2,1,1,999,1,1,55
390414,5,31,4,5,40.02453611,-81.54374444,17,4,10,1,999,1,0,55
390415,6,1,5,14,39.49931944,-83.325275,32,1,1,1,999,2,0,70
390416,4,6,5,1,39.20621944,-84.70966389,24,2,2,1,998,1,1,65
390418,6,1,5,22,41.82771389,-80.77050556,24,3,1,1,95,1,0,45
390419,6,1,5,15,39.34988056,-84.309825,33,1,1,1,998,1,0,35
390420,5,30,3,10,39.51873889,-84.07271389,12,1,1,2,999,2,0,55
390421,5,31,4,9,41.62932222,-81.41955833,12,1,1,2,20,1,0,25
390422,6,3,7,1,40.40945278,-82.35433333,7,3,1,1,999,2,1,98
390423,4,22,7,10,40.623975,-81.1679,42,1,2,1,998,1,0,55
390424,4,30,1,2,39.58401111,-84.7198,34,2,1,1,998,1,1,55
390425,5,23,3,10,39.41318611,-84.35451389,1,1,1,2,15,0,0,25
390426,5,26,6,15,41.02471389,-81.06933333,12,1,1,2,1,0,0,55
390427,5,27,7,14,40.75971111,-82.59035,12,1,1,3,999,1,1,35
390429,5,29,2,19,40.38339444,-83.25055,42,1,1,1,999,1,1,55
390430,5,31,4,22,39.92893889,-82.95535,12,3,1,2,998,0,0,35
390431,6,1,5,21,40.04454167,-83.34774444,34,2,1,1,999,1,1,55
390432,6,1,5,17,39.82579167,-82.72028889,12,1,1,2,10,0,0,60
390433,5,27,7,13,38.84561111,-83.96961111,58,1,1,1,999,1,0,55
390434,6,2,6,22,41.30898333,-82.45056667,12,2,1,2,999,1,1,55
390435,6,2,6,22,39.9451,-82.88277222,15,3,10,2,35,0,0,35
390436,6,3,7,16,41.34812778,-82.88901944,12,1,1,2,55,1,0,55
390438,6,4,1,5,39.218575,-83.74026944,42,4,10,1,999,1,1,55
390439,5,23,3,19,39.12419167,-84.04485556,34,1,1,1,999,1,0,45
390440,5,25,5,1,41.60643889,-81.49428611,1,3,1,1,80,1,1,60
390441,6,10,7,19,39.68866111,-84.128,25,1,1,1,998,1,0,35
390442,6,10,7,13,40.05193056,-83.03381111,12,1,1,3,15,0,0,35
390444,6,11,1,1,39.11416944,-84.50081944,12,3,1,2,998,0,1,55
390445,4,22,7,21,40.03216389,-83.12478333,1,3,1,1,999,1,0,65
390446,5,27,7,5,40.03810556,-83.12537778,12,4,1,2,999,1,1,65
390447,6,4,1,1,39.111875,-82.54283611,24,3,1,1,999,1,0,35
390448,6,9,6,22,39.10681389,-84.68798056,12,3,1,2,55,0,0,45
390449,6,12,2,0,39.7912,-84.2063,42,3,2,1,998,2,1,40
390450,5,29,2,11,39.15016667,-84.46436389,12,1,1,2,106,2,0,25
390451,5,30,3,0,41.2474,-80.83593611,19,3,10,1,45,1,1,25
390452,6,2,6,12,40.749275,-82.44382778,24,1,1,1,999,1,0,70
390453,6,7,4,21,40.53516111,-82.85432222,12,5,1,2,999,1,0,50
390455,6,13,3,15,39.61623056,-84.15998889,8,1,10,1,40,0,0,35
390456,6,7,4,20,40.86852222,-83.32639722,14,5,1,1,70,1,0,65
390457,6,9,6,15,40.95937222,-80.95486111,12,1,10,3,999,0,0,35
390458,6,10,7,13,40.31694167,-81.12431667,12,1,1,2,999,1,0,55
390459,6,14,4,12,40.06313611,-83.04016667,8,1,1,1,20,0,0,40
390460,6,15,5,10,39.9686,-82.94238889,42,1,1,1,35,1,0,35
390461,6,9,6,6,41.37636111,-82.26049444,30,1,10,1,999,2,0,70
390462,6,15,5,12,41.84008056,-80.85636944,12,1,10,2,10,0,0,45
390463,6,18,1,13,41.45632778,-83.45385833,32,1,1,1,999,1,0,55
390464,6,19,2,5,41.42610833,-81.7587,52,3,1,1,65,1,0,60
390466,6,10,7,18,41.6057,-80.90345833,12,1,1,2,999,0,0,55
390467,3,28,3,22,41.06767222,-81.48466667,31,3,10,1,999,1,1,25
390468,6,20,3,14,41.72744444,-83.60534444,8,1,1,1,998,0,0,35
390469,6,10,7,15,40.49149444,-83.07483056,32,1,1,1,999,1,0,65
390470,6,11,1,13,38.92074722,-82.23896389,12,1,2,2,50,0,0,55
390471,6,1,5,17,41.54779444,-83.538025,12,1,1,2,999,0,0,55
390472,4,7,6,21,39.05738889,-84.38249167,14,2,10,2,999,0,1,65
390473,5,27,7,18,41.15133056,-81.47419444,12,1,1,2,90,1,0,35
390474,6,8,5,19,41.34361111,-81.54662778,12,5,10,2,999,1,1,35
390475,6,12,2,11,39.93594444,-84.18875278,12,1,10,3,999,0,0,65
390476,6,14,4,11,40.39929722,-82.721875,12,1,1,2,10,0,0,45
390477,6,17,7,1,41.64504167,-83.25126944,1,2,1,1,999,1,1,55
390478,6,17,7,16,39.07071389,-83.85402778,32,1,1,1,999,1,0,55
390479,6,17,7,13,39.07774167,-84.15884444,8,1,1,1,48,0,0,45
390480,6,17,7,19,41.7514,-80.68536667,12,1,1,2,999,0,0,45
390481,6,20,3,19,40.31061111,-83.96053056,34,1,1,1,998,1,1,55
390482,6,25,1,0,40.83124167,-81.37301111,12,3,1,2,998,0,0,0
390483,6,16,6,17,40.11184444,-84.60198889,12,1,10,2,999,1,1,55
390484,6,18,1,17,39.27021667,-83.47037778,34,1,1,1,999,1,0,55
390486,6,22,5,17,40.28899722,-84.50473889,12,2,1,2,999,1,0,55
390487,5,27,7,17,41.45621111,-81.70114722,1,1,1,2,0,0,0,25
390488,6,16,6,21,39.49285,-81.88540833,34,2,1,1,999,1,1,55
390489,6,18,1,21,41.1194,-80.56906667,12,2,1,2,45,0,0,55
390490,6,23,6,11,39.83753333,-82.93364167,12,1,2,3,998,1,0,50
390491,6,23,6,23,39.83215833,-84.19847222,12,3,1,2,10,0,1,0
390492,5,6,7,11,41.14833889,-80.68420278,24,1,1,1,65,1,0,65
390493,6,16,6,10,39.47429167,-84.319275,32,1,10,1,999,1,0,45
390494,6,25,1,6,39.55830833,-81.79095556,34,1,5,1,999,1,1,55
390495,6,25,1,4,38.95492222,-84.27076667,31,2,1,1,999,1,1,35
390496,6,23,6,1,41.37928333,-81.81887222,8,3,1,1,91,0,1,60
390497,6,26,2,22,41.41823889,-82.14023611,12,3,1,2,999,1,1,45
390498,6,27,3,20,39.55431111,-81.68048333,35,1,10,1,999,1,1,55
390500,6,28,4,11,39.27416389,-84.41138611,19,1,1,1,999,1,0,35
390501,6,29,5,14,41.41313611,-81.60877222,31,1,10,1,999,1,0,60
390502,6,29,5,10,41.22226111,-80.66371389,12,1,5,2,999,1,0,55
390503,6,29,5,18,41.62189722,-80.58893611,11,1,5,1,999,1,0,55
390504,7,1,7,15,40.94493333,-81.994025,12,1,10,2,999,1,0,55
390505,7,1,7,1,39.68799167,-84.22599167,12,3,1,2,998,0,0,40
390506,6,30,6,10,40.61746667,-82.78650278,24,1,10,1,999,1,0,55
390507,7,1,7,14,41.37102778,-83.65052778,18,1,10,1,40,0,1,25
390508,7,1,7,7,39.93854722,-82.94256389,12,1,1,2,998,0,0,98
390509,7,2,1,2,39.91143056,-84.0925,32,2,2,1,50,1,0,55
390511,7,3,2,22,41.03887778,-83.62895556,8,2,1,1,5,0,0,25
390512,7,4,3,20,39.91720278,-82.91015833,12,1,1,3,999,2,1,45
390513,7,4,3,0,41.46078056,-83.62210556,12,2,1,2,997,1,1,70
390515,6,29,5,6,41.67976944,-83.5912,12,1,1,2,50,0,0,60
390516,6,26,2,20,39.62503333,-84.10598611,12,1,10,2,40,0,0,55
390517,7,4,3,23,41.43741111,-82.15519167,8,3,1,1,999,0,1,25
390518,6,26,2,18,41.24063611,-80.53534167,12,1,10,2,999,1,1,40
390519,7,1,7,11,39.81924444,-83.27033333,34,1,2,1,999,1,1,55
390520,4,29,7,4,39.19256111,-84.77023889,52,2,10,1,998,1,1,35
390521,5,9,3,9,39.05635278,-84.40728056,12,1,1,4,998,0,0,65
390522,6,4,1,21,41.50959167,-81.67875278,8,5,10,1,63,0,0,25
390523,6,6,3,14,39.72075556,-84.31869722,30,1,1,1,999,1,0,50
390524,6,10,7,3,41.09106111,-81.52346111,33,3,1,1,65,1,1,25
390525,6,16,6,2,39.47288333,-81.72449167,42,2,2,1,999,1,1,55
390526,6,17,7,22,41.43121389,-82.234075,32,3,1,1,999,1,1,25
390527,6,17,7,15,40.8032,-81.42601389,12,1,1,2,999,1,0,40
390528,6,21,4,0,41.07038611,-81.46960278,1,3,1,1,999,1,1,30
390529,6,21,4,17,39.895175,-82.92966667,12,1,1,2,999,0,0,98
390530,6,24,7,18,40.71251667,-82.44661944,59,1,1,1,999,1,1,55
390531,6,23,6,22,39.91184722,-83.14390833,9,2,10,2,999,0,0,98
390532,6,23,6,13,40.37749722,-83.07373056,12,1,2,2,999,1,0,60
390533,6,22,5,2,41.21018056,-81.793475,14,2,1,1,70,0,0,70
390534,6,23,6,0,39.22211111,-84.10302222,53,2,10,1,999,1,1,45
390535,6,23,6,4,41.65761667,-83.89880833,42,2,1,1,999,1,1,55
390536,6,26,2,0,41.60398333,-83.81438611,43,2,10,1,999,1,1,55
390537,6,14,4,19,40.00564167,-82.66001111,8,5,1,1,20,0,0,35
390538,6,21,4,21,40.60998889,-84.35852778,32,5,10,1,999,1,1,55
390539,6,6,3,22,41.58818889,-83.63916389,9,3,1,1,35,0,0,35
390540,5,20,7,17,39.12457222,-84.54296944,12,1,1,2,998,1,1,35
390541,6,10,7,8,41.44191944,-81.57133889,12,1,1,2,10,0,0,35
390542,7,7,6,18,41.68931944,-83.40475833,53,1,1,1,61,2,0,35
390543,7,3,2,2,41.56887778,-81.53543611,31,3,10,1,998,1,1,35
390544,7,3,2,23,41.41533611,-81.92411667,12,3,10,2,90,1,1,60
390545,5,6,7,18,41.41703611,-81.601375,30,1,1,3,60,1,1,35
390546,6,29,5,15,39.34819444,-81.55428611,12,1,5,2,0,0,0,60
390547,7,3,2,20,40.83721389,-81.534225,34,2,10,1,999,1,1,40
390548,3,4,7,23,41.52087222,-81.444475,25,3,1,1,60,1,0,60
390549,7,10,2,19,40.74504167,-84.1277,12,1,1,2,998,1,0,25
390550,3,27,2,9,41.282475,-82.83825278,1,1,10,1,35,1,0,35
390551,5,20,7,3,41.09303056,-80.65533889,35,3,2,1,998,1,1,50
390552,6,30,6,18,41.56741944,-83.92136944,14,1,10,1,999,1,1,55
390553,7,2,1,2,41.66116111,-83.28693056,1,2,10,1,999,1,1,55
390554,7,9,1,18,39.43348889,-84.43956111,12,1,1,2,5,0,0,98
390555,6,30,6,21,39.23111111,-83.34008056,12,2,1,2,999,0,0,55
390556,7,4,3,23,40.62713889,-81.17846944,11,2,1,1,999,1,1,55
390557,7,4,3,17,39.81670556,-83.88930833,9,1,1,1,44,0,0,55
390558,7,5,4,17,40.21404444,-83.57004167,8,1,10,1,1,0,0,0
390559,5,24,4,6,39.28399444,-84.69256944,43,2,10,1,998,1,0,35
390560,7,9,1,2,39.984925,-82.85658056,8,2,10,1,65,0,0,65
390561,7,7,6,8,38.93180833,-83.56207778,12,1,1,2,999,1,0,55
390562,7,14,6,1,41.64303056,-83.5929,12,2,1,2,35,1,1,35
390563,6,25,1,10,39.30700278,-81.56633889,1,1,1,1,998,1,0,60
390564,6,29,5,5,40.00071944,-81.58321111,24,4,5,2,75,3,0,70
390565,7,5,4,7,39.94573056,-82.96356389,30,1,1,1,50,1,0,35
390566,7,8,7,0,39.93699722,-83.06345833,12,3,1,2,999,1,1,25
390567,7,6,5,23,39.08455278,-84.23178889,53,2,1,1,999,2,1,45
390568,7,5,4,10,41.23804722,-82.35696111,9,1,1,1,50,0,0,55
390569,7,7,6,23,40.09853889,-84.61246667,12,2,1,2,999,0,1,0
390570,7,7,6,23,40.312625,-80.95411667,12,2,1,3,999,1,1,55
390571,7,6,5,15,39.44018611,-84.33462222,35,1,1,2,999,1,0,65
390572,7,16,1,7,41.33433889,-83.66985,12,1,5,2,999,1,0,98
390573,7,17,2,0,41.45175556,-82.72079444,30,3,1,1,998,1,1,35
390574,7,16,1,17,40.14861111,-82.97966111,12,1,1,2,999,0,0,0
390575,4,7,6,16,41.11974722,-81.47054167,8,1,1,1,5,0,0,5
390576,7,4,3,20,41.14845278,-80.59782778,19,5,1,1,999,1,1,45
390577,7,8,7,16,39.27162778,-84.47579722,42,1,10,1,52,1,0,40
390578,7,10,2,0,41.25897222,-84.44858889,12,2,1,2,999,1,1,65
390579,7,7,6,12,41.36993056,-82.54981667,12,1,1,3,67,0,0,70
390580,7,12,4,7,39.76904722,-82.622725,12,1,1,2,999,1,0,45
390581,7,18,3,16,39.98346944,-82.98938056,12,1,1,2,10,0,0,35
390582,7,7,6,19,41.398525,-84.13200556,12,1,1,2,10,0,0,35
390583,7,14,6,20,39.2052,-84.46403889,12,1,1,2,998,0,0,60
390584,6,11,1,19,40.45002778,-83.83043889,12,1,2,3,998,1,0,55
390585,5,30,3,19,39.21158056,-84.44758333,12,1,1,3,998,1,0,25
390586,7,6,5,23,41.36183333,-82.92903611,12,2,10,2,68,0,0,70
390588,7,12,4,12,39.26163611,-84.79997778,12,1,10,2,44,1,0,70
390589,7,13,5,21,39.54342778,-84.11438333,12,2,1,3,999,1,1,55
390590,7,13,5,3,40.89069444,-83.33933611,12,2,1,2,10,0,0,65
390591,7,14,6,19,40.94133333,-81.85943056,8,1,1,1,45,0,0,55
390592,6,20,3,19,39.93039444,-82.96695278,9,1,2,1,60,0,1,25
390593,7,20,5,19,41.12425556,-83.72435,34,1,1,1,999,1,1,55
390594,7,1,7,13,39.92976944,-83.11646111,12,1,10,3,40,0,0,35
390595,7,23,1,15,39.89633333,-84.15373611,34,1,1,1,35,1,1,55
390596,7,21,6,11,40.75703333,-81.99428056,12,1,10,2,999,1,0,55
390597,7,23,1,1,39.78116111,-84.20788056,33,3,1,1,998,1,1,35
390598,5,19,6,19,41.80409722,-81.01593333,42,1,10,1,60,1,0,45
390599,7,14,6,22,39.15655833,-84.03550556,12,2,1,2,999,1,1,45
390600,7,12,4,19,40.74501389,-82.46583333,12,1,1,2,999,0,0,45
390601,4,17,2,16,39.51163611,-82.89590278,42,1,10,1,999,1,0,55
390602,7,16,1,0,41.23543889,-80.52853611,12,3,10,2,999,1,0,35
390603,7,19,4,5,41.24373333,-81.18503333,1,2,1,1,999,1,1,70
390604,7,22,7,10,40.80059722,-81.73206667,12,1,1,2,999,0,0,55
390605,7,21,6,21,41.25492778,-81.023575,12,1,1,2,999,1,0,55
390606,7,20,5,7,39.18801389,-84.25184444,12,1,1,3,55,0,0,55
390607,7,28,6,2,39.95701111,-83.14513889,38,2,1,1,998,1,1,35
390608,7,29,7,0,39.93328056,-83.01011111,12,2,1,4,999,1,1,98
390609,7,28,6,18,39.99226111,-82.95055,12,1,1,2,999,1,0,25
390610,7,25,3,15,41.4389,-82.11979722,12,1,1,2,999,1,0,35
390611,7,16,1,22,41.14662778,-81.63736389,24,2,10,1,999,1,0,65
390612,7,22,7,14,41.5325,-80.55709722,12,1,1,2,999,1,0,55
390613,7,22,7,4,39.942375,-83.49828333,12,2,1,2,999,0,1,70
390614,7,23,1,11,40.051925,-83.03271667,26,1,1,2,60,1,0,35
390615,7,27,5,3,41.390525,-82.10491667,31,3,2,1,999,1,1,35
390616,7,15,7,8,40.10047222,-82.38366667,34,1,10,1,90,1,1,55
390617,7,30,1,22,40.32406111,-83.87323056,32,2,2,1,998,1,1,45
390618,7,27,5,21,41.29588611,-81.85792222,8,3,1,1,30,0,0,35
390619,3,17,6,15,41.40775,-81.63975556,20,1,10,5,60,1,1,60
390621,7,30,1,1,39.13419167,-84.57373056,12,3,1,2,30,0,0,35
390622,1,9,2,5,41.46989167,-81.61133333,33,3,10,2,50,1,0,35
390623,1,14,7,0,41.56095278,-81.575525,12,3,4,2,25,1,0,25
390624,1,17,3,23,41.45078056,-81.81315,8,3,10,1,30,0,0,25
390625,3,31,6,1,41.48701111,-81.69733333,33,3,1,1,999,1,0,35
390626,2,23,5,9,41.35223889,-81.97833889,30,1,2,1,45,1,0,35
390627,5,18,5,14,41.14493611,-81.30810556,42,1,1,1,999,1,0,35
390628,6,17,7,11,39.2035,-84.55642222,12,1,1,2,998,1,0,98
390629,7,20,5,22,39.52452778,-83.461175,8,3,2,1,65,0,0,70
390630,5,19,6,13,41.27878333,-81.68480278,59,1,1,2,998,1,0,45
390631,2,21,3,22,41.603275,-81.49941389,14,2,1,1,999,1,0,60
390632,7,31,2,11,39.152,-84.40373611,12,1,1,2,998,1,1,35
390633,7,22,7,19,41.17775,-84.43709444,34,1,10,1,999,1,1,55
390634,7,11,3,22,41.233925,-80.78492222,30,3,10,1,40,1,1,25
390635,6,28,4,16,40.06167778,-82.99875,12,1,1,3,15,0,0,40
390636,4,8,7,12,39.79082222,-82.252425,34,1,10,1,999,1,0,55
390637,6,29,5,10,40.84151667,-81.39805833,33,1,5,1,998,1,0,35
390638,6,21,4,7,39.67488611,-82.80723889,12,1,1,2,100,1,0,55
390639,7,23,1,21,39.99411667,-82.85620833,12,2,2,3,24,0,0,65
390640,7,26,4,15,41.422625,-82.11914722,12,1,10,2,999,0,0,35
390641,7,28,6,13,40.83588333,-82.69835278,10,1,1,1,999,1,0,55
390642,7,29,7,3,41.56376111,-83.52805278,12,2,2,2,999,1,0,55
390643,7,27,5,12,40.25639167,-83.48932222,34,1,1,1,74,1,1,55
390644,7,27,5,20,40.76176389,-80.69298611,34,2,1,1,999,1,1,55
390645,7,28,6,7,39.39109444,-81.94270556,35,1,10,1,999,1,1,55
390646,7,29,7,1,41.35900556,-81.64985833,12,3,10,3,999,0,0,60
390647,7,26,4,8,41.238875,-81.32071111,12,1,1,2,40,1,0,40
390648,7,8,7,12,41.62877222,-83.49634444,10,1,10,1,10,1,0,35
390649,7,25,3,14,41.61404444,-80.54576111,8,1,1,1,2,0,0,98
390650,6,11,1,12,40.05095,-84.41488056,12,1,2,2,50,0,0,98
390651,7,29,7,21,39.44509722,-83.85363611,33,3,1,2,40,1,0,35
390652,8,2,4,7,40.71868333,-82.73185278,42,1,1,1,998,1,0,55
390653,7,8,7,23,41.51788889,-81.6519,12,3,1,2,10,0,0,35
390654,7,10,2,3,41.46344167,-81.63331944,12,3,1,2,999,0,0,25
390655,7,31,2,23,41.41861944,-81.81464722,8,3,1,1,35,0,0,35
390656,8,1,3,11,40.10823056,-82.42758889,12,1,10,3,45,0,0,45
390657,8,4,6,8,41.32902222,-82.621325,12,1,1,2,10,1,0,0
390659,8,7,2,13,40.97811944,-81.40680833,18,1,10,1,65,1,0,35
390660,7,23,1,16,39.86493889,-84.191225,26,1,10,1,999,1,0,65
390661,7,29,7,13,38.70382222,-83.08748611,12,1,1,2,90,1,0,55
390662,7,1,7,3,41.465,-81.58719167,1,3,1,1,999,1,0,25
390663,7,23,1,11,41.60845833,-81.52684722,8,1,1,1,10,0,0,35
390664,7,22,7,20,41.46823333,-81.7689,26,5,1,3,999,1,1,35
390665,8,6,1,11,41.36180278,-81.62196111,12,1,1,2,998,1,0,35
390666,8,6,1,21,39.33599167,-84.27906944,12,3,10,3,24,0,0,35
390667,7,11,3,21,41.51791389,-81.65189722,12,3,1,2,10,1,0,35
390668,8,5,7,23,39.60429444,-84.36968889,12,2,1,2,83,0,1,55
390669,7,2,1,21,41.53232778,-81.57905,12,3,2,3,999,1,0,25
390670,3,23,5,12,41.72306944,-83.50971944,12,1,10,2,35,0,0,50
390671,4,19,4,23,41.59478889,-83.68438056,12,3,10,2,998,1,0,35
390672,6,23,6,13,39.18303333,-84.79607778,12,1,10,2,70,0,0,65
390673,7,30,1,22,39.65393333,-83.531875,18,2,1,1,73,1,0,70
390674,7,30,1,0,39.28789722,-84.47306667,42,3,1,1,998,1,1,35
390675,8,1,3,19,39.37611111,-82.14483889,30,1,10,1,999,1,0,55
390676,8,2,4,17,40.16869722,-83.12638889,12,1,1,2,999,1,0,55
390677,8,2,4,12,40.965375,-82.36590556,12,1,10,2,2,0,0,35
390678,8,4,6,9,39.75180833,-82.54926389,12,1,1,2,999,1,0,45
390679,7,27,5,22,41.51339444,-82.01013611,12,3,1,2,80,1,1,35
390680,8,12,7,4,41.66931944,-83.50736111,33,3,1,1,35,1,1,35
390681,8,12,7,20,39.99339167,-82.96499722,8,5,1,1,10,0,0,25
390682,8,12,7,2,41.69228056,-83.5895,8,3,1,1,998,0,0,35
390684,8,11,6,4,40.83076111,-81.391,42,3,1,1,90,1,1,55
390685,7,30,1,22,39.28613333,-84.44927222,30,3,10,1,998,1,1,35
390686,7,5,4,0,41.46991389,-81.65130556,8,3,1,1,44,0,0,35
390687,8,12,7,19,40.31775556,-83.76046667,12,1,1,4,70,1,1,55
390688,5,19,6,11,40.17848889,-82.86878889,12,1,10,2,45,1,0,45
390689,8,2,4,19,41.06424444,-81.44740833,12,1,1,2,999,1,0,55
390690,8,7,2,13,39.13941667,-81.85639444,12,1,2,2,60,0,0,55
390691,5,19,6,20,40.07319167,-83.10755278,12,1,1,4,999,1,1,50
390692,8,8,3,13,40.24751111,-83.30957778,35,1,10,1,999,1,1,55
390693,8,6,1,11,40.287175,-81.68423611,12,1,1,2,55,1,0,55
390694,8,12,7,21,39.92333611,-83.76955278,12,3,10,2,80,1,1,35
390695,8,14,2,18,41.23948889,-83.58006111,52,1,10,1,999,1,0,55
390696,8,15,3,9,41.46285556,-81.31425833,12,1,1,2,50,1,0,50
390697,8,4,6,14,39.94016111,-83.05656111,12,1,1,2,998,1,0,35
390698,8,8,3,4,41.49471667,-83.87469444,30,2,1,1,999,1,1,55
390699,7,29,7,13,41.27855833,-82.55711944,12,1,10,2,999,1,0,0
390700,7,8,7,16,41.62175833,-81.50036667,12,1,2,2,5,0,0,25
390701,8,9,4,1,39.45831944,-84.50326944,34,2,1,1,999,1,1,45
390702,8,12,7,23,41.69168056,-81.19090278,18,2,1,1,999,1,1,50
390703,8,11,6,19,39.59793889,-83.28980556,1,1,1,1,999,1,0,55
390704,8,6,1,19,41.81184722,-80.92497778,8,1,1,1,999,0,0,45