ST_CASE,MONTH,DAY,DAY_WEEK,HOUR,LATITUDE,LONGITUD,HARM_EV,LGT_COND,WEATHER,VE_FORMS,TRAV_SP,DEATHS,DR_DRINK,VSPD_LIM
400591,6,10,7,18,35.50706111,-94.79653056,12,1,1,2,998,0,0,45
400592,1,1,1,1,34.9117,-95.745175,5,3,1,1,998,1,1,50
400593,5,1,2,13,35.05225833,-94.62543333,33,1,1,2,998,1,0,35
400595,5,17,4,19,33.95417222,-96.40628889,12,1,10,2,998,0,0,45
400596,6,30,6,18,36.63193889,-94.81506111,12,1,1,2,0,1,0,50
400597,7,2,1,0,35.20487778,-97.48046389,21,3,1,1,998,1,1,50
400598,7,13,5,15,34.83668056,-95.83633611,12,1,1,2,998,1,0,50
400599,7,21,6,21,35.01499167,-94.66940833,12,2,10,2,998,1,0,65
400600,7,22,7,1,36.75865278,-95.93551111,25,3,1,1,998,1,0,35
400601,7,29,7,5,35.55159722,-97.62365556,5,3,1,1,998,1,1,45
400602,8,7,2,8,35.24056389,-97.51205556,34,1,1,1,998,1,0,25
400603,8,17,5,23,35.65311111,-97.48731667,8,3,1,1,998,0,0,0
400604,9,12,3,0,36.39787778,-97.87124167,33,6,1,1,998,1,1,35
400605,9,14,5,16,35.7408,-96.13921944,12,1,1,2,998,0,0,65
400606,9,17,1,15,36.23135,-95.84938889,12,1,1,3,30,0,0,65
400607,9,21,5,9,34.78984722,-96.67885556,12,1,1,3,998,1,0,40
400608,10,11,4,14,36.40536111,-97.92599167,8,1,1,1,998,0,0,35
400609,10,17,3,14,35.51168056,-97.23045278,34,1,1,1,998,1,0,45
400610,11,11,7,9,35.45212222,-97.26493333,32,1,1,1,998,1,0,45
400611,3,11,7,17,34.19390278,-97.160475,12,1,1,2,998,1,0,35
400612,11,3,6,12,33.99917778,-96.40331389,59,1,1,1,998,1,0,70
400613,11,17,6,15,36.28148889,-95.32843333,12,1,1,2,998,1,0,55
400614,11,27,2,21,35.58121667,-97.63547222,33,3,10,1,998,1,0,0
400615,11,27,2,22,35.72619167,-95.32801111,32,2,1,1,998,1,0,35
400616,6,7,4,21,36.0174,-95.79930278,33,2,1,1,39,2,0,30
400617,12,1,6,18,34.23801944,-96.68628056,1,2,1,1,998,1,0,30
400618,12,7,5,7,36.15356111,-95.99393056,12,1,1,2,998,1,0,25
400619,12,11,2,18,35.73173056,-95.38019722,32,1,1,1,998,1,0,60
400620,12,13,4,7,35.25950833,-97.42369167,12,1,10,5,998,0,0,50
400621,12,17,1,20,35.62362778,-97.54357222,12,2,1,3,998,0,0,25
400622,12,24,1,1,36.32049722,-95.82234722,43,2,2,1,998,1,1,35
400623,12,30,7,15,35.46409444,-97.37257222,12,1,1,2,998,1,0,40
400624,2,8,4,9,35.35445833,-96.91219167,12,1,2,4,998,1,0,30
400625,5,3,4,18,35.91672222,-95.884,8,1,1,1,998,0,0,50
400626,5,11,5,21,35.36462778,-96.91212778,9,8,98,1,998,0,0,35
400627,7,22,7,0,35.94468333,-95.87767222,44,2,1,1,998,1,0,30
400628,8,1,3,16,35.50749444,-97.35226667,12,1,1,2,998,1,0,45
400629,10,21,7,23,35.49577222,-97.38876389,34,6,98,1,75,1,0,98
400630,1,27,6,14,36.37228889,-95.82124167,12,1,1,2,998,1,0,50
400631,7,10,2,19,33.89416667,-96.4775,57,1,1,2,998,1,1,70
400632,8,21,2,21,34.52166389,-97.99646944,12,2,1,2,998,1,0,35
400633,2,21,3,18,34.57998056,-98.40474444,8,3,10,1,998,0,1,45
400634,3,10,6,19,35.65008333,-97.41958889,43,2,1,1,998,1,0,98
400635,5,26,6,21,34.623375,-98.471725,8,3,1,1,998,0,1,40
400636,8,1,3,6,34.59435278,-98.33437222,12,4,1,2,998,1,0,45
400637,8,30,4,5,34.62348056,-98.46275556,8,2,1,1,998,0,0,40
400638,9,24,1,20,34.38409167,-96.12911944,8,3,1,1,998,0,0,45
400639,3,3,6,5,36.14094444,-96.08721111,8,2,2,1,998,0,0,40
400640,8,4,6,15,34.72450278,-98.46358333,12,1,1,2,998,1,0,55
400641,11,18,7,15,35.34878611,-97.48250556,12,1,1,3,73,1,0,35
400642,3,11,7,1,35.14494722,-96.49179444,1,3,1,1,998,1,1,35
400643,5,9,3,21,34.00384167,-95.10358333,12,2,1,2,998,0,0,0
400644,12,15,6,15,36.58315278,-94.76026111,30,1,2,1,998,1,0,30
400645,10,22,1,2,34.18091111,-98.01593333,30,2,1,1,120,2,1,65
400646,5,4,5,5,36.44353611,-96.00411389,42,6,98,1,998,1,0,55
400647,11,3,6,99,88.8888,888.8888,99,8,98,1,998,1,0,65
400648,2,22,4,9,36.60346944,-95.21579722,12,1,2,2,998,1,0,65
400649,5,9,3,17,35.9154,-94.94895278,12,1,1,2,998,1,0,35
400650,9,13,4,8,34.6912,-99.91224444,12,1,10,2,998,1,0,45
400651,6,21,4,17,35.028625,-97.56475,99,1,1,1,998,1,0,45
400652,11,30,5,6,36.50844167,-101.7870806,8,2,1,1,998,0,0,98
410001,1,1,1,0,45.50252778,-122.5348194,14,3,10,1,998,1,0,25
410002,1,2,2,21,43.10633889,-123.4639722,12,2,10,2,999,2,0,55
410003,1,2,2,19,42.76370833,-121.8374806,12,2,1,3,55,0,0,60
410004,1,3,3,6,42.24351667,-123.1353778,18,2,5,1,999,1,0,55
410005,1,1,1,15,42.30135833,-122.9056194,42,1,1,1,105,1,1,35
410006,1,4,4,15,44.64012222,-123.1511611,54,1,10,2,998,0,0,55
410007,1,5,5,6,45.51831667,-123.0991639,8,9,10,1,10,0,0,35
410008,1,5,5,18,44.07581111,-122.7786389,8,2,10,2,55,0,0,55
410009,1,6,6,17,45.50458333,-122.4895611,8,3,10,1,35,0,0,30
410010,1,8,1,16,45.71720833,-119.0093722,8,5,3,1,60,0,0,70
410011,1,8,1,21,44.05217778,-123.1087667,8,3,10,1,998,0,0,98
410012,1,10,3,17,42.42359167,-123.3216278,12,3,2,2,999,1,0,35
410013,1,10,3,20,43.14955278,-123.3721722,9,2,1,1,50,0,0,55
410014,1,11,4,9,45.04211389,-122.7933361,12,1,10,3,15,0,0,55
410015,1,11,4,5,45.37021944,-122.3736611,12,2,1,3,998,1,0,45
410016,1,15,1,9,45.49748333,-122.5808917,12,1,2,2,998,1,0,30
410018,1,19,5,16,45.27553889,-122.9987639,12,1,10,2,999,1,0,55
410019,1,2,2,16,44.27012222,-120.8124722,12,5,1,2,50,0,0,55
410020,1,21,7,14,45.56834444,-123.1082556,34,1,1,1,998,1,1,55
410021,1,21,7,10,43.61181389,-122.0632722,12,1,10,2,999,2,0,55
410022,1,22,1,12,44.84226667,-123.1127667,38,1,1,1,999,1,0,55
410023,1,23,2,9,44.05120833,-121.1933611,12,1,1,2,50,0,0,45
410024,1,23,2,3,45.49005,-122.5690833,8,3,1,1,998,0,0,98
410025,1,24,3,22,45.49756667,-122.6111917,8,3,1,1,29,0,0,30
410026,1,2,2,19,45.18265833,-123.2283694,8,2,2,4,50,0,0,55
410028,1,30,2,9,44.70472222,-123.0315194,32,1,1,1,998,1,0,45
410029,1,30,2,4,44.87732778,-117.0400556,17,2,1,1,998,1,0,55
410030,1,29,1,5,42.32781389,-122.8623139,33,3,1,1,87,1,1,30
410031,1,30,2,14,44.55551944,-123.1091472,12,1,1,2,80,1,0,45
410032,1,30,2,16,45.224075,-123.082675,12,1,1,2,998,1,1,55
410033,1,30,2,19,44.63194722,-122.8675111,12,2,1,2,998,3,0,55
410035,1,30,2,15,44.76301389,-122.5549667,12,1,1,2,998,1,1,98
410036,2,1,4,6,45.52157222,-122.8157611,12,3,1,2,50,0,0,35
410038,2,2,5,20,43.03201944,-123.3019306,17,2,1,1,998,1,1,98
410039,2,3,6,2,45.469425,-122.3599778,8,2,10,1,45,0,0,35
410040,2,3,6,12,45.73555833,-123.2580694,12,1,2,2,999,1,0,55
410041,2,3,6,17,42.30820833,-122.989725,42,5,10,1,73,1,0,45
410042,2,4,7,19,45.02771944,-122.9724167,42,2,10,1,999,1,1,55
410043,2,4,7,17,43.33525556,-123.5914694,42,5,10,1,998,1,1,98
410044,2,7,3,10,45.32820833,-123.1095917,42,1,2,1,998,1,0,55
410045,2,8,4,6,44.38232222,-122.76635,42,2,5,1,998,1,0,55
410046,2,6,2,13,45.88739722,-123.1291694,1,1,2,1,998,1,0,98
410047,2,8,4,17,45.51917778,-122.4659306,8,5,1,1,35,0,0,30
410048,2,8,4,7,44.77899722,-122.8586722,12,2,5,2,50,0,0,55
410049,2,8,4,9,43.61798611,-122.0809611,12,1,10,2,999,1,0,55
410050,2,9,5,10,43.68941944,-124.1416361,12,1,1,2,998,1,0,55
410051,2,10,6,18,44.49513889,-123.2711472,12,2,1,2,75,0,0,55
410052,2,11,7,18,43.73771389,-122.8782306,1,2,99,1,999,1,0,55
410053,2,13,2,19,44.682475,-117.8617639,35,2,4,1,999,1,1,55
410054,2,14,3,6,45.20201667,-123.1309556,12,4,5,2,998,1,0,55
410055,2,14,3,0,44.08381389,-121.2955528,8,3,1,1,30,0,0,98
410056,2,14,3,7,45.52947222,-122.5629056,8,1,10,1,15,0,0,98
410057,2,15,4,21,45.634925,-118.6789028,1,3,1,1,999,1,0,70
410058,2,17,6,15,45.72980833,-123.1989194,12,1,10,2,999,1,0,55
410059,2,18,7,23,45.62228056,-122.7304167,12,3,10,2,998,0,0,40
410060,2,19,1,18,46.10291667,-123.1803667,8,2,2,2,998,0,1,55
410061,2,6,2,18,44.61923056,-121.1419333,8,3,1,1,40,0,0,45
410062,2,17,6,16,45.59757778,-123.2192333,8,1,10,1,53,0,0,50
410063,2,13,2,5,45.53473611,-122.877975,8,3,10,1,45,0,0,45
410064,2,21,3,9,44.91948611,-120.9453222,12,1,1,2,998,0,0,65
410065,2,23,5,20,44.07324722,-123.1457667,8,3,10,1,998,0,0,98
410066,2,25,7,15,45.264325,-121.7161833,45,1,1,1,20,2,0,55
410067,2,26,1,20,45.91111944,-119.3445306,17,2,1,1,52,1,1,35
410068,2,20,2,14,45.52223889,-122.4894389,53,1,1,1,998,0,0,30
410069,2,23,5,7,43.09773889,-123.4299861,23,2,4,1,998,1,0,98
410071,2,24,6,20,45.59246667,-122.5832917,12,2,10,2,998,1,1,40
410072,2,25,7,9,44.36302222,-123.2916056,12,1,1,2,998,1,0,55
410075,1,28,7,20,42.34212222,-123.3126528,1,2,1,1,999,1,0,55
410076,2,7,3,13,44.56754444,-122.0005556,12,1,10,3,40,1,0,55
410077,3,3,6,2,44.76042778,-121.2274,34,2,1,1,998,1,1,55
410078,3,4,7,7,45.54168333,-122.2817806,24,1,3,1,999,1,1,65
410079,3,3,6,3,44.93754444,-122.9828278,59,3,10,1,998,1,1,35
410080,3,4,7,18,45.5494,-122.4960056,8,8,10,1,998,0,0,98
410081,2,17,6,20,45.37396111,-122.5867806,12,1,1,2,998,1,0,45
410082,3,9,5,13,43.11638889,-123.5011333,12,1,10,2,999,1,0,55
410084,2,2,5,16,42.21864444,-121.7492083,42,1,1,1,60,1,0,55
410085,3,9,5,17,43.59051389,-123.3050694,38,5,10,1,80,1,1,40
410086,3,12,1,13,44.86163611,-117.8180056,12,1,10,2,998,0,0,45
410087,3,14,3,99,45.55861389,-122.4792083,1,9,1,1,998,1,1,98
410090,3,15,4,15,44.47287778,-124.0797861,12,1,1,3,999,1,1,55
410091,3,16,5,18,42.02667222,-123.7300139,12,1,1,2,999,1,0,55
410092,3,17,6,3,45.4931,-122.8603944,8,3,1,1,72,0,0,45
410095,3,20,2,7,43.88984167,-121.3798278,35,1,10,1,999,1,0,45
410097,3,18,7,16,45.27816667,-122.9447222,12,1,1,2,998,2,1,55
410098,3,23,5,12,43.44013889,-123.40555,42,1,2,1,998,1,0,55
410099,3,24,6,5,43.75052222,-123.1731333,12,2,2,2,999,1,0,65
410100,3,25,7,13,45.68792222,-120.769025,14,1,1,1,75,0,0,65
410101,3,26,1,3,44.537775,-122.9552389,34,2,10,1,998,1,1,55
410102,3,20,2,19,44.52738611,-122.9523778,34,5,10,1,998,1,0,55
410103,3,4,7,21,45.52999444,-122.4059667,8,6,98,1,10,0,0,98
410104,3,6,2,18,44.94956389,-123.0033833,8,3,10,1,35,0,0,35
410105,3,27,2,10,45.3517,-118.1707528,35,9,1,1,999,1,1,70
410106,3,27,2,18,45.88888333,-123.9576139,12,3,10,2,998,1,0,55
410108,3,28,3,15,44.93354444,-123.0402833,9,1,2,1,999,0,0,25
410109,3,30,5,20,45.14626667,-122.8357528,8,2,10,1,35,0,0,35
410110,3,31,6,8,44.23456389,-123.1992111,12,1,1,2,60,0,0,55
410111,4,1,7,0,45.43261111,-122.3615556,8,2,2,1,45,0,0,55
410112,4,3,2,7,43.66173056,-123.7097556,32,1,10,1,998,1,0,98
410113,4,3,2,14,43.52244167,-124.2164917,12,1,1,2,998,1,0,55
410114,4,9,1,21,44.53977778,-121.1735111,12,2,1,4,998,1,1,98
410115,4,10,2,18,42.25902778,-123.5661694,42,1,2,1,998,1,1,55
410116,4,12,4,6,43.86000556,-121.4095583,34,4,4,1,998,1,0,55
410117,3,22,4,99,43.79815278,-117.1151528,34,9,99,1,998,1,0,98
410118,4,13,5,14,44.38261111,-123.2874778,42,1,1,1,998,1,1,55
410119,4,14,6,18,45.57003889,-122.608825,12,1,10,2,74,1,0,35
410120,4,15,7,14,42.15842222,-123.5639889,30,1,1,1,999,1,0,55
410121,4,13,5,21,45.48717778,-122.871825,8,3,1,1,20,0,0,35
410123,4,16,1,23,45.45735278,-122.8262306,42,3,10,2,998,1,0,45
410124,4,16,1,21,43.83458611,-123.0290444,8,2,2,1,50,0,0,65
410126,4,17,2,9,44.63136111,-123.9943528,12,1,2,2,999,1,0,55
410127,4,18,3,13,46.17068611,-123.4709861,12,1,2,2,998,2,0,55
410128,4,18,3,11,43.21434167,-124.2458556,12,1,10,2,998,1,0,55
410129,4,20,5,13,44.69008611,-123.0258694,42,1,2,1,80,1,0,45
410131,4,13,5,16,42.07751389,-124.2057778,12,1,1,2,998,0,1,40
410132,4,25,3,3,45.90834167,-123.8300917,42,2,10,1,999,1,1,55
410133,4,25,3,13,43.31061389,-124.209125,12,1,1,2,998,1,1,50
410134,4,25,3,14,45.38026944,-122.4730278,12,1,1,3,999,1,1,55
410135,4,25,3,17,44.09678611,-123.1687472,24,1,1,1,35,1,0,55
410136,4,21,6,13,43.12055278,-117.0539278,12,1,1,4,80,1,1,65
410137,1,24,3,17,42.04795,-124.2646722,8,5,98,1,998,0,0,98
410138,2,26,1,2,45.53742778,-122.4772722,8,3,4,1,25,0,0,35
410139,4,28,6,0,45.52647222,-122.5789417,15,6,1,1,998,0,0,30
410142,4,29,7,22,45.86337222,-119.2909,8,2,1,1,45,0,1,45
410143,4,30,1,3,42.01963611,-122.6092611,14,2,1,1,55,0,0,55
410144,4,22,7,12,42.436475,-123.1701833,38,1,98,1,25,1,1,20
410145,5,3,4,13,45.62297778,-122.7321,30,1,1,1,998,1,1,40
410146,5,3,4,11,45.40670833,-122.7459333,12,1,1,2,10,1,0,35
410147,5,4,5,0,42.91931111,-124.1156222,35,2,10,1,999,1,1,55
410148,5,4,5,20,43.97638889,-122.6650333,30,2,1,1,999,1,1,55
410149,5,6,7,7,45.40502778,-122.7446944,42,1,1,1,999,1,0,55
410150,5,7,1,3,44.62644167,-123.0618389,12,3,1,2,65,2,0,65
410151,5,7,1,16,45.49315278,-123.8481361,12,1,1,2,999,1,0,55
410152,5,7,1,0,44.46253056,-123.2746694,34,2,1,1,998,1,1,55
410153,5,2,3,13,43.853675,-118.9515806,42,1,1,1,998,1,0,98
410154,4,15,7,0,45.49390833,-122.4058389,39,3,1,1,998,1,1,35
410155,5,7,1,18,42.50683333,-123.3979528,21,1,10,1,999,1,0,45
410156,5,9,3,13,42.27363333,-123.0225139,12,1,1,2,998,1,1,55
410157,5,11,5,13,45.4759,-122.5893611,12,1,1,3,998,1,0,25
410158,4,25,3,5,45.55367778,-122.5370917,8,3,1,1,35,0,0,30
410159,5,9,3,13,45.53499444,-122.6506,8,1,1,1,5,0,0,20
410160,5,11,5,19,45.43736111,-122.7563306,12,1,1,5,998,0,1,98
410162,5,13,7,11,42.28030556,-122.8195972,12,1,1,2,998,0,0,35
410164,5,14,1,0,45.75334167,-123.2800917,1,2,1,1,999,1,1,55
410165,5,14,1,0,45.54531389,-122.4006722,12,3,1,2,34,0,0,45
410166,5,16,3,1,45.51650556,-122.6659972,23,3,10,1,998,1,1,55
410167,5,16,3,10,42.24648611,-123.0305917,34,1,1,1,998,1,0,55
410168,5,16,3,15,45.49232222,-122.4757167,15,1,1,1,999,0,0,0
410169,5,17,4,12,43.68405556,-123.9536167,42,1,1,1,999,1,0,55
410170,5,17,4,12,44.10675,-123.2527917,12,1,1,3,999,1,0,98
410171,1,24,3,16,42.42355556,-121.5198194,12,1,1,2,999,1,0,55
410172,1,26,5,14,45.01685556,-123.4194583,24,1,98,1,998,1,0,98
410174,2,3,6,13,44.92796111,-122.9935528,12,1,1,3,999,1,0,45
410176,5,13,7,3,44.03343611,-123.0783417,8,2,1,1,25,0,0,98
410177,5,18,5,14,44.74600833,-123.0515056,14,1,1,1,999,0,0,65
410179,5,20,7,21,45.952025,-122.8637278,12,3,1,2,5,0,0,55
410180,5,21,1,11,42.98855833,-117.139725,12,1,1,2,998,1,0,70
410181,5,22,2,0,45.53909444,-122.9958639,53,3,1,1,999,1,1,35
410182,5,22,2,6,42.233875,-121.5894333,34,9,1,1,998,1,0,55
410183,5,22,2,19,43.25029167,-123.1123722,38,1,1,1,999,1,0,55
410184,4,6,5,15,44.86385556,-123.2198111,32,1,2,1,45,1,0,45
410185,4,28,6,22,45.053075,-122.6203833,1,2,1,1,998,1,1,98
410186,5,21,1,3,44.96128056,-122.9836639,12,3,1,3,998,0,1,35
410187,5,23,3,12,43.21625,-124.3074556,12,1,10,2,60,0,0,55
410188,5,23,3,10,44.76331111,-122.5661806,30,1,1,1,998,1,0,55
410189,5,24,4,8,42.23958611,-122.7645472,34,1,1,1,65,1,0,65
410190,5,24,4,13,45.50403333,-122.5364667,8,1,98,1,998,0,0,98
410191,4,15,7,7,44.56553611,-122.8146611,24,4,1,1,998,1,1,98
410192,4,28,6,23,42.18253611,-121.3632361,34,2,1,1,999,1,1,55
410193,4,30,1,0,45.48926111,-122.5959528,12,3,1,2,998,1,1,20
410194,5,27,7,17,42.57168611,-122.8155056,12,1,1,2,999,1,1,55
410195,5,28,1,1,45.51916111,-122.521,12,3,1,2,83,1,1,30
410196,5,27,7,17,43.956025,-122.7193583,42,1,1,1,35,1,0,55
410197,5,24,4,0,45.033675,-122.7598528,9,2,1,1,55,0,0,60
410198,3,11,7,2,45.83942222,-119.290825,8,3,1,1,998,0,1,25
410200,5,14,1,18,45.42844167,-122.3752528,21,1,1,1,998,1,1,35
410201,6,1,5,11,42.40948056,-123.4331361,12,1,1,2,5,1,0,55
410202,6,2,6,20,44.25549722,-122.0390306,12,5,1,2,998,1,0,55
410203,6,4,1,2,45.51649167,-122.6659028,25,2,1,1,101,2,1,35
410204,6,5,2,3,42.38308056,-122.9097944,38,3,1,1,999,1,0,65
410205,5,31,4,23,45.59990833,-122.0500778,14,2,1,1,75,1,0,65
410206,6,5,2,18,42.97832778,-124.4237,12,1,1,2,999,1,1,55
410207,6,6,3,19,45.54829444,-122.66665,12,1,1,2,998,1,1,20
410208,6,6,3,22,45.57249444,-122.6306222,8,3,1,2,998,0,0,98
410209,6,6,3,22,42.38001944,-122.9058333,8,3,10,1,68,0,1,65
410210,6,10,7,11,45.07019167,-123.0726639,9,1,1,1,30,0,0,55
410211,6,10,7,22,42.52044722,-122.8619972,12,2,1,3,998,0,1,55
410212,6,11,1,15,44.69258333,-121.9734889,17,1,1,3,999,1,1,45
410214,6,8,5,22,44.28701944,-121.1676556,12,3,10,2,998,0,0,55
410215,6,14,4,15,45.51995556,-122.9260111,12,1,1,2,998,1,0,40
410216,6,15,5,11,44.92885278,-123.2462306,12,1,1,2,999,1,0,55
410217,5,14,1,11,45.26385278,-122.5177361,42,1,1,1,999,1,0,55
410218,6,15,5,15,45.17213889,-121.0919,12,1,1,2,998,1,0,45
410219,6,20,3,5,46.02175278,-122.8787778,12,4,10,2,999,1,0,55
410220,6,17,7,4,45.00449167,-122.9830139,15,2,10,1,35,0,0,45
410221,6,17,7,16,44.05490833,-121.2710972,9,1,1,1,5,0,0,25
410222,6,17,7,19,45.85902778,-122.8213056,12,1,1,2,998,1,1,35
410223,6,22,5,17,45.51903611,-122.5248472,12,1,1,2,998,1,0,30
410224,6,23,6,2,44.88534444,-123.0032306,35,3,1,1,40,2,1,45
410226,6,23,6,3,43.02401111,-121.8259056,12,2,1,2,999,2,0,65
410227,6,23,6,3,44.01409722,-123.7873556,8,2,10,1,50,0,0,55
410228,6,24,7,22,44.05133056,-124.0978028,12,2,1,2,998,0,0,55
410229,6,25,1,0,44.95219722,-123.0846639,1,3,1,1,998,1,0,98
410230,6,25,1,1,44.04591667,-122.9822528,15,3,10,1,25,0,1,35
410231,6,25,1,1,45.30276389,-122.7851111,42,3,1,1,100,1,1,35
410232,6,25,1,18,45.52647778,-122.5116833,12,1,1,4,998,0,1,30
410233,6,24,7,22,43.191125,-123.3656111,8,2,1,2,70,0,0,65
410234,6,26,2,0,45.39625556,-122.2613389,12,3,1,2,80,1,1,25
410235,6,28,4,12,43.74096389,-124.1117583,12,1,1,2,998,1,0,55
410236,6,29,5,2,45.42966389,-122.7852528,42,3,1,1,998,1,1,30
410237,5,19,6,15,44.59973333,-123.1134056,12,1,1,2,998,1,0,0
410238,5,28,1,19,42.949275,-121.1139583,34,1,1,1,998,1,1,98
410239,6,29,5,14,44.92010278,-120.9455889,12,1,1,2,999,1,0,65
410240,6,29,5,23,45.58670833,-122.6319333,8,3,1,1,998,0,0,45
410241,7,2,1,4,42.07465556,-122.605,1,6,1,1,999,1,0,55
410242,7,2,1,12,44.56029444,-118.3673111,24,1,1,1,998,1,0,65
410243,6,30,6,5,42.77740833,-117.8368417,12,4,1,2,998,1,0,70
410244,7,2,1,19,42.42554167,-123.3285389,12,1,1,2,999,1,1,45
410245,7,3,2,14,44.93272222,-123.1486111,38,1,1,1,998,1,0,55
410246,7,5,4,21,45.47877778,-122.5648028,12,3,1,2,998,2,0,35
410247,7,5,4,17,44.02176667,-123.6083028,12,1,1,3,998,1,0,55
410248,7,6,5,8,43.91810278,-117.410825,12,1,1,2,998,1,0,65
410249,5,4,5,15,44.35005833,-123.192275,34,1,10,1,65,1,1,55
410250,6,29,5,9,42.42238611,-123.3863972,12,1,1,2,998,1,0,35
410251,6,22,5,18,44.83871667,-122.9067694,12,1,1,2,5,0,0,55
410252,7,5,4,16,43.27982778,-123.4105,38,1,1,1,998,1,1,55
410253,7,6,5,17,44.60198333,-123.2476444,12,1,1,3,998,0,0,98
410254,7,7,6,5,44.85875278,-123.0186111,35,4,10,1,998,1,1,25
410255,7,7,6,13,44.84831389,-124.0451583,9,1,1,1,38,0,0,45
410256,7,8,7,1,42.36975556,-121.8187694,12,2,1,2,999,1,1,65
410257,7,8,7,15,45.04816667,-121.5103944,12,1,1,2,998,1,1,55
410258,7,8,7,16,45.11253889,-118.97325,35,1,1,1,999,1,0,55
410259,7,8,7,22,45.51905,-122.5584667,12,3,1,2,86,0,1,30
410260,7,9,1,13,45.70325556,-118.6836694,12,1,1,2,998,1,1,55
410261,7,11,3,3,43.61396111,-123.0814778,12,2,1,2,45,0,0,55
410262,7,11,3,14,45.28649722,-121.1838917,34,1,1,1,998,1,0,65
410263,7,11,3,16,43.557175,-119.875825,12,1,1,2,998,1,0,65
410264,7,12,4,4,44.79545278,-123.0335028,8,4,1,1,50,0,0,65
410265,7,11,3,99,42.39054722,-121.5462611,17,9,1,1,998,1,1,55
410267,7,14,6,13,42.33543611,-123.3026194,12,1,1,2,999,1,0,55
410268,7,14,6,14,45.45658333,-122.7139083,12,1,1,2,998,0,0,98
410269,7,15,7,9,44.74066389,-119.1018111,1,1,1,1,998,1,0,98
410270,7,15,7,18,45.51511389,-122.623,12,1,1,2,45,0,1,30
410271,7,15,7,23,45.62831667,-122.7417528,12,3,1,2,998,1,0,45
410272,7,16,1,22,45.53145833,-122.6651889,8,3,1,1,998,0,0,98
410273,7,18,3,4,43.43003056,-123.3995861,34,2,1,1,999,1,0,55
410274,7,15,7,11,43.72528333,-122.8632194,24,1,1,2,998,0,0,45
410275,7,18,3,10,45.05510833,-123.75795,1,1,1,1,75,1,1,55
410276,7,13,5,15,44.30951111,-122.016025,35,1,1,1,998,1,0,98
410277,7,20,5,21,45.49741667,-122.5983472,12,3,1,2,998,2,0,30
410278,7,21,6,1,45.4642,-122.7002139,12,3,1,2,998,1,1,35
410279,7,20,5,22,44.10446667,-123.1628833,8,2,98,1,998,0,0,40
410281,7,21,6,16,45.38551667,-120.7892194,34,1,1,1,998,1,1,55
410282,7,22,7,10,45.54270556,-123.9019333,12,1,98,2,998,1,0,98
410283,7,23,1,10,45.20479444,-122.3764722,12,1,1,2,999,1,0,55
410284,6,10,7,17,45.32925833,-123.0309694,1,1,1,1,999,1,1,55
410286,7,13,5,14,45.38403333,-122.8520583,12,1,1,2,65,1,0,45
410287,7,24,2,15,45.15031111,-122.8549,12,1,1,3,998,1,0,35
410288,7,18,3,21,45.38711389,-122.949575,42,2,10,1,998,1,0,55
410289,7,25,3,15,44.36595833,-123.1978917,12,1,1,2,998,1,0,55
410290,7,26,4,20,44.98243333,-122.7296167,12,5,1,2,10,0,0,55
410291,7,18,3,18,45.09514444,-123.5395528,30,1,1,1,998,1,0,55
410292,7,28,6,16,44.14518333,-121.3310278,12,1,1,2,999,1,0,35
410293,7,28,6,19,45.53348611,-122.5465444,33,5,1,2,998,1,1,98
410294,7,30,1,0,45.52641667,-122.6022444,8,3,1,1,998,0,0,98
410295,7,30,1,18,45.90928889,-123.7232306,42,1,1,1,998,1,0,55
410296,7,31,2,8,44.63001667,-122.9529833,9,1,1,1,45,0,0,55
410297,7,14,6,22,42.73948056,-123.4645056,1,2,1,1,998,1,0,45
410298,7,21,6,5,45.53861667,-123.0422306,9,1,1,1,35,0,0,45
410299,7,24,2,7,45.51808333,-122.8046778,25,1,98,1,998,1,0,55
410301,7,16,1,12,42.56135278,-124.3860111,1,1,1,1,999,1,0,55
410302,8,2,4,19,43.25515,-124.2829694,12,1,1,3,55,0,0,55
410303,7,6,5,13,43.01728056,-124.1340111,35,1,1,1,50,1,0,55
410304,8,3,5,14,45.51921944,-122.4911639,12,1,1,2,999,1,0,35
410305,8,4,6,7,42.217375,-121.7474,12,4,1,2,95,1,0,50
410306,8,4,6,21,44.47210833,-122.8144278,12,2,1,2,120,1,1,55
410307,8,5,7,7,45.32518333,-121.7111583,9,1,10,1,30,0,0,45
410308,8,6,1,3,45.96883889,-118.3870972,15,6,1,1,998,0,0,50
410309,6,17,7,11,44.64678333,-122.9897639,32,1,1,1,998,2,1,55
410310,8,6,1,13,44.91571667,-122.9524278,12,1,1,3,998,0,0,98
410311,8,4,6,12,42.87498333,-124.0623111,42,1,1,1,30,1,0,55
410312,7,28,6,20,43.54049722,-121.615675,1,1,1,1,999,1,1,65
410313,8,11,6,17,46.09450278,-122.9584417,12,1,1,2,998,1,0,55
410314,8,12,7,10,44.91200833,-122.9963917,8,1,1,1,2,0,0,0
410315,8,12,7,15,42.43155833,-123.0439472,35,1,1,1,998,1,1,45
410316,8,12,7,19,44.73245833,-123.0103556,9,1,1,1,998,0,0,45
410317,3,8,4,11,45.74976667,-122.8774306,8,1,1,1,998,0,0,98
410318,3,27,2,21,45.39730556,-122.2697806,8,2,10,1,998,0,0,25