ST_CASE,MONTH,DAY,DAY_WEEK,HOUR,LATITUDE,LONGITUD,HARM_EV,LGT_COND,WEATHER,VE_FORMS,TRAV_SP,DEATHS,DR_DRINK,VSPD_LIM
410319,3,11,7,2,45.52299722,-122.6457667,19,3,98,1,998,1,1,20
410320,3,31,6,16,45.29365,-123.2124778,12,1,2,2,998,1,1,98
410321,2,26,1,18,45.49898611,-122.5819722,8,2,4,1,998,0,0,98
410322,3,2,5,18,45.50644722,-122.4206639,8,3,10,1,35,0,0,35
410323,4,3,2,23,42.16934722,-123.6418306,8,2,10,1,30,0,0,35
410324,4,8,7,10,46.12144167,-123.2376167,24,1,10,2,999,1,0,55
410325,4,9,1,99,42.63267778,-124.0532361,1,8,98,1,998,1,1,98
410326,4,13,5,2,46.01124167,-123.0314111,42,2,10,1,999,1,1,55
410327,4,13,5,21,44.07052222,-123.1020722,8,3,98,2,60,0,0,55
410329,4,20,5,20,45.49408056,-122.8096528,8,3,10,1,998,0,1,35
410330,4,21,6,22,44.61295,-121.1029222,1,8,98,1,80,1,0,98
410331,4,21,6,21,45.51909722,-122.4909361,8,3,1,1,35,0,0,35
410332,4,22,7,0,42.73230556,-123.4060833,42,2,1,1,998,1,1,55
410333,4,27,5,18,44.05126667,-123.0870472,12,1,1,2,70,1,0,25
410334,5,4,5,99,42.43934167,-124.3537028,42,9,99,1,998,1,1,98
410335,5,8,2,23,45.70165,-123.8270333,17,6,1,1,998,1,1,98
410336,5,8,2,14,42.41686389,-123.1304,42,1,10,1,998,1,1,55
410337,5,23,3,15,45.842825,-119.3109611,12,1,1,2,999,1,0,30
410338,5,29,2,22,45.56701667,-122.5903583,12,3,1,2,998,1,1,98
410339,6,4,1,2,45.12419444,-122.8721278,59,6,98,1,998,1,1,55
410340,8,14,2,19,42.46183611,-122.8315333,42,5,1,1,998,1,1,55
410341,8,15,3,12,45.62795833,-123.0903139,12,1,1,3,999,1,0,55
410342,8,16,4,2,44.63956111,-117.535725,1,2,1,1,999,1,0,70
410343,8,16,4,5,45.16941667,-117.9666361,1,4,1,4,62,0,0,65
410344,8,1,3,19,42.31969167,-122.8660472,12,1,1,2,998,0,0,35
410346,8,14,2,16,44.40701389,-118.6887833,1,1,1,1,998,1,1,98
410347,8,17,5,13,45.30048333,-118.3033,1,1,1,1,998,1,0,55
410348,8,17,5,21,44.729125,-122.1437639,8,2,1,1,998,0,0,40
410349,8,21,2,20,42.43724167,-123.3754389,42,5,1,1,90,1,1,45
410350,8,22,3,99,44.00799444,-121.6712361,42,2,1,1,998,1,0,55
410351,8,23,4,8,44.49155833,-122.8393056,12,1,1,2,998,1,0,55
410352,8,23,4,12,43.93951944,-117.3712139,12,1,1,2,999,1,0,65
410353,8,24,5,13,44.75614444,-124.0601028,42,1,1,1,999,1,1,55
410354,8,11,6,5,45.44535,-122.4746611,8,2,1,1,50,0,0,45
410355,8,24,5,16,43.2208,-123.4151889,12,1,1,2,80,1,0,55
410356,8,26,7,15,43.69326944,-123.9990667,12,1,1,2,5,0,0,55
410357,8,28,2,4,46.10003611,-123.16345,12,2,2,2,999,0,0,55
410358,4,25,3,12,44.06598056,-123.1389583,8,1,1,1,35,0,0,98
410359,7,29,7,17,43.19161944,-124.2224944,35,1,1,1,998,1,0,55
410360,8,26,7,22,42.09823056,-123.095625,35,2,1,1,998,1,1,55
410361,8,31,5,17,42.25483056,-124.3975611,12,1,10,3,998,0,0,55
410362,9,1,6,5,45.55813889,-122.5478028,42,3,10,1,112,1,1,30
410363,9,2,7,15,42.99180556,-122.3886417,12,1,10,2,998,0,0,55
410364,9,2,7,20,44.37906667,-122.7696583,42,2,1,1,998,1,0,55
410365,9,2,7,9,44.02541111,-123.0845472,33,1,1,1,998,1,0,35
410366,7,27,5,14,44.87844722,-123.23855,59,1,1,1,999,1,0,55
410367,7,30,1,1,46.07102222,-122.9650889,30,2,1,1,998,1,1,55
410368,9,3,1,17,45.49856389,-122.5194278,12,1,1,2,44,1,1,30
410369,9,5,3,13,45.9602,-122.8680111,12,1,1,2,999,0,0,55
410370,9,5,3,17,44.62594167,-123.9737722,12,1,1,2,999,1,0,55
410371,9,6,4,7,42.43888889,-122.8375306,12,1,1,2,999,1,0,45
410372,9,6,4,23,42.43147778,-122.8468194,8,2,1,1,55,0,0,45
410373,9,7,5,14,44.437675,-124.0749611,12,1,1,2,999,0,0,55
410374,8,21,2,12,44.19339722,-123.2419389,12,1,10,2,10,0,0,55
410375,8,30,4,19,43.211325,-123.2615639,12,5,1,2,998,1,1,98
410376,9,8,6,9,44.60013333,-123.0775306,42,1,1,1,998,0,0,98
410377,9,8,6,17,45.96160556,-118.3871583,12,1,1,3,998,1,0,50
410378,9,9,7,17,45.22865556,-122.8785944,12,1,1,2,45,0,0,55
410379,9,10,1,14,44.38106944,-123.7112528,24,1,1,1,999,1,0,55
410381,9,8,6,12,45.40178611,-122.5665694,12,1,1,2,78,0,1,40
410382,9,14,5,3,45.2596,-122.8129944,12,2,10,2,998,1,0,55
410383,9,8,6,19,42.20655556,-121.7185917,8,5,1,1,45,0,0,35
410384,9,14,5,18,45.70936667,-120.2723,57,1,1,1,999,1,1,70
410385,9,16,7,11,45.34060556,-118.09025,38,1,1,1,998,1,0,65
410386,9,17,1,17,42.74168611,-123.3724417,24,1,1,1,999,1,0,65
410387,9,18,2,23,42.42702222,-123.1036778,12,2,1,3,999,1,0,65
410388,9,16,7,15,45.42895833,-122.83165,46,1,1,1,998,1,0,98
410389,9,19,3,5,45.60849444,-122.70975,9,3,10,1,998,0,0,98
410390,9,20,4,7,42.03706944,-121.8736139,12,4,1,2,999,1,0,55
410391,9,18,2,20,45.438975,-122.7654389,8,6,98,1,998,0,0,98
410392,9,21,5,16,44.56385278,-123.2427861,12,1,1,2,999,0,0,50
410393,9,23,7,0,45.43550556,-122.5651861,33,6,1,1,999,1,1,25
410394,9,23,7,23,44.05104722,-121.2841611,33,3,1,1,998,1,1,35
410395,9,24,1,0,45.43714444,-122.8565528,34,2,2,1,998,1,1,98
410396,9,22,6,9,43.99918611,-121.3124806,12,1,1,2,998,1,0,40
410397,9,22,6,17,45.27583333,-122.7728222,12,1,1,3,998,1,0,65
410398,9,19,3,21,44.47845278,-124.0794222,35,2,99,1,999,1,1,55
410400,9,17,1,16,43.40669444,-123.1992056,38,1,1,1,999,1,1,55
410401,9,19,3,0,44.64849722,-122.8043556,11,2,1,1,80,1,0,55
410402,9,22,6,18,44.92809167,-122.8803889,34,1,1,1,45,1,0,55
410403,9,23,7,2,45.51981111,-122.9303556,30,3,10,1,999,1,1,40
410404,9,28,5,19,45.58979444,-118.5512528,12,2,1,2,999,1,0,65
410405,9,29,6,5,44.38051111,-121.6557639,42,2,2,1,999,1,0,55
410406,9,30,7,19,45.09816944,-123.3545417,8,2,1,1,55,0,0,55
410407,10,2,2,5,45.31659444,-121.8997694,12,2,10,2,55,0,0,55
410409,10,3,3,14,45.61148333,-123.1056778,15,1,1,1,5,0,0,25
410410,10,5,5,7,44.90315556,-123.0993111,12,1,98,2,45,0,0,45
410411,9,12,3,20,43.23022222,-123.3711222,8,2,1,1,35,0,0,35
410412,10,5,5,21,44.931875,-123.1098417,8,2,1,1,55,0,0,55
410413,10,5,5,23,45.46289444,-122.6100639,24,3,1,1,36,1,1,20
410414,10,7,7,6,43.94956667,-117.0258222,53,4,1,1,999,1,1,45
410415,10,8,1,0,44.93006944,-123.0864028,33,2,1,1,998,1,1,55
410416,10,8,1,12,45.48055,-123.12935,12,1,1,2,10,0,0,55
410417,8,16,4,13,43.36721944,-124.2163667,12,1,1,2,25,0,0,25
410418,8,24,5,20,45.35236944,-122.5397417,12,2,1,2,55,0,1,50
410419,10,9,2,22,44.95415278,-122.9836639,8,3,10,1,38,0,0,35
410420,10,10,3,10,43.143425,-123.3857806,12,1,2,2,10,0,0,50
410421,9,14,5,9,44.05807222,-121.3583111,8,1,1,1,10,0,0,25
410422,10,11,4,18,43.32636389,-123.0165917,35,5,10,1,999,1,1,55
410423,9,23,7,12,42.87268889,-120.8076861,35,1,1,1,999,1,0,65
410424,9,25,2,5,45.71604722,-119.0056361,12,2,1,2,998,1,1,70
410425,10,12,5,8,45.40374444,-122.5649944,12,1,10,2,999,1,1,35
410426,10,12,5,13,44.50731667,-121.1949444,12,1,1,2,40,0,0,55
410427,10,12,5,19,44.31734167,-121.1710222,12,2,1,3,999,0,0,55
410428,8,12,7,22,44.41676667,-122.6736528,1,2,1,1,998,1,1,55
410429,9,11,2,21,45.019775,-122.9893472,34,2,1,1,998,1,1,35
410431,10,13,6,20,45.04351111,-122.9762028,8,2,2,1,70,0,0,65
410432,10,13,6,19,45.51913333,-122.4387639,8,3,2,1,35,0,0,35
410433,10,14,7,0,45.49979722,-122.6740139,35,3,2,1,998,1,1,98
410434,10,15,1,14,44.90790833,-122.9231972,12,1,1,2,998,0,0,98
410435,10,15,1,18,43.37462222,-124.2130361,30,5,1,2,40,1,1,30
410436,10,13,6,19,45.50350556,-122.9022389,12,3,2,2,998,1,0,25
410437,10,16,2,10,45.62022222,-121.9857972,24,1,2,2,998,1,0,65
410438,10,18,4,22,45.48886111,-122.5242833,42,3,1,1,998,1,1,25
410439,10,19,5,21,44.93221667,-117.8366361,12,2,1,2,999,1,0,70
410440,10,21,7,3,45.494425,-123.8492333,12,2,2,2,999,1,1,55
410441,10,21,7,4,45.51776389,-122.6723556,8,3,10,1,998,0,0,98
410442,10,21,7,12,45.14585,-122.8857194,8,1,1,1,65,0,0,65
410443,10,21,7,23,45.52277778,-122.5790444,8,3,1,1,92,0,1,30
410444,10,13,6,14,44.75686667,-122.4388583,1,1,1,1,55,1,0,55
410445,10,10,3,0,42.35868056,-122.9041667,8,2,10,2,30,0,0,50
410447,10,26,5,7,45.15109444,-122.6607417,42,4,10,1,55,1,1,55
410448,9,29,6,16,44.05438333,-123.1003361,9,1,1,1,10,0,0,25
410449,10,23,2,18,44.057525,-123.1174278,15,3,1,1,20,0,0,35
410450,10,26,5,15,45.55034722,-122.67875,12,1,1,5,998,0,0,50
410451,9,14,5,17,44.54124444,-123.0743806,12,1,1,2,998,1,0,98
410452,10,7,7,19,45.34368056,-122.3103556,12,2,1,2,998,0,1,98
410453,10,28,7,17,45.57227222,-122.6297028,12,3,1,2,100,0,0,45
410454,10,30,2,16,45.48187222,-122.8262111,12,1,1,2,998,1,0,98
410455,9,16,7,21,45.46515,-122.5791417,8,3,1,1,998,0,0,98
410456,10,31,3,14,44.012025,-123.0225722,12,1,1,2,999,1,0,60
410457,10,5,5,14,43.55328056,-121.9568056,12,1,1,2,999,1,0,55
410458,10,4,4,19,45.81901667,-122.8492389,12,1,10,2,999,1,0,50
410459,10,20,6,4,45.59298333,-122.6817306,8,3,1,1,30,0,0,35
410460,11,3,6,7,45.49321111,-123.6281861,12,2,1,2,998,1,1,98
410461,11,2,5,19,45.50406111,-122.5255417,8,6,10,1,998,0,0,30
410462,11,3,6,13,43.17247778,-124.3738694,12,1,10,2,55,0,0,55
410463,11,7,3,19,45.42489444,-122.5174917,8,3,1,1,998,0,0,98
410464,10,3,3,8,44.46876667,-118.2206139,34,1,10,1,999,1,0,65
410465,11,8,4,17,43.71138889,-122.3039611,12,5,1,2,998,1,0,55
410466,11,12,1,1,45.27238889,-122.7691083,93,2,1,1,999,1,1,55
410467,10,29,1,4,42.20098889,-122.6352722,12,2,1,2,998,1,1,55
410468,11,14,3,6,45.49971944,-122.6602806,8,3,1,1,998,0,0,98
410469,6,3,7,14,44.09264167,-123.1711528,25,1,1,1,998,1,1,98
410470,6,12,2,13,42.52553611,-121.9260611,34,1,1,1,10,1,0,98
410471,6,17,7,12,46.10664722,-123.0445056,12,1,1,2,998,1,0,98
410472,7,1,7,2,43.37539167,-124.2129778,43,6,98,1,999,1,1,30
410473,7,4,3,12,45.36724444,-122.8650611,5,1,98,1,998,1,0,98
410474,7,24,2,9,45.52186667,-122.7165444,1,1,10,1,998,1,0,98
410475,8,4,6,21,44.49328889,-122.9348778,1,2,1,1,998,1,1,98
410476,8,14,2,23,45.56353889,-123.0358056,8,2,10,1,998,0,0,55
410477,8,21,2,22,45.496725,-122.4577667,42,3,1,1,998,1,1,98
410478,8,28,2,99,45.06498056,-123.914675,35,9,99,1,998,1,0,98
410479,8,18,6,20,43.76855833,-123.0627306,34,8,98,1,998,1,1,98
410480,9,1,6,17,46.06618333,-123.1358528,34,1,1,1,40,1,0,45
410481,9,2,7,23,44.09589722,-121.3135444,1,2,1,1,998,1,1,45
410482,9,19,3,99,42.58313889,-117.155475,35,8,98,1,998,1,1,98
410483,11,17,6,15,42.23791667,-123.0401639,12,1,1,2,999,1,0,45
410484,11,17,6,17,45.53938889,-122.4772417,12,3,1,2,998,1,0,35
410485,11,18,7,2,45.49731111,-122.6351972,33,3,1,1,998,1,1,30
410486,11,18,7,5,45.77307778,-123.3834722,12,2,1,2,999,1,1,55
410488,11,20,2,11,45.39667222,-122.8519889,9,1,1,1,35,0,0,55
410489,11,22,4,18,45.504575,-122.4814167,12,3,1,2,998,1,0,35
410490,11,23,5,9,45.50948056,-122.6670528,25,1,1,1,998,1,1,50
410491,11,25,7,14,42.35523611,-122.9008278,12,1,1,2,999,0,0,50
410492,11,25,7,22,43.41846944,-123.2993556,32,2,10,1,998,1,1,98
410493,11,26,1,12,44.04069444,-123.8726056,12,1,1,2,999,1,0,55
410494,11,27,2,11,43.53949444,-124.2141806,12,1,1,2,999,1,0,55
410496,11,27,2,20,44.96979444,-122.9100083,1,2,10,1,999,1,1,55
410497,11,28,3,5,45.83245278,-119.6141556,12,2,10,2,70,0,0,70
410498,11,29,4,8,44.56584722,-123.1520861,12,1,1,3,999,1,0,55
410499,11,26,1,0,42.12078611,-121.9480278,59,2,1,1,40,1,1,55
410500,11,27,2,7,45.36926667,-122.7439139,12,4,1,2,15,0,0,45
410501,11,27,2,20,45.53409167,-122.9167194,8,3,1,1,35,0,0,45
410502,11,30,5,17,43.98905556,-123.297375,42,2,10,1,999,1,1,98
410503,12,2,7,19,44.90308333,-122.9684611,8,2,2,1,60,0,0,55
410504,12,2,7,19,43.57981944,-122.980775,42,2,2,1,999,1,1,98
410505,12,2,7,16,44.1089,-123.1338861,9,5,2,1,35,0,0,40
410506,11,8,4,5,43.99645833,-123.011825,12,2,5,2,998,1,0,30
410507,12,3,1,9,45.04321389,-122.6875306,34,1,2,1,999,1,0,55
410508,12,3,1,16,43.05683611,-123.20855,42,5,2,1,998,1,0,98
410509,11,21,3,19,43.38814444,-124.2602333,8,3,1,1,40,0,0,40
410511,12,4,2,7,46.16386944,-123.9097528,8,4,2,1,38,0,0,35
410513,11,28,3,16,42.18711389,-120.4328806,8,5,1,1,45,0,0,55
410515,11,28,3,16,44.25391944,-121.1868917,8,2,1,1,35,0,0,35
410516,12,6,4,16,44.22035556,-121.2294917,12,5,10,2,998,1,1,55
410517,12,7,5,4,43.27632222,-123.3537778,8,2,2,1,35,0,0,45
410518,12,8,6,99,44.68753889,-117.6781528,31,2,99,1,998,1,0,70
410519,12,8,6,21,45.44083611,-122.9506389,34,2,5,1,999,1,0,55
410520,12,9,7,17,42.68609444,-123.3903806,8,2,5,1,60,0,0,60
410521,12,5,3,18,45.55925,-122.8938167,8,2,2,1,998,0,0,25
410522,12,9,7,23,45.04983333,-122.9525694,12,2,2,2,998,1,1,55
410523,12,7,5,21,42.14595556,-123.6075667,42,6,98,1,998,1,1,98
410524,12,11,2,18,45.52211389,-122.4769278,8,3,1,1,998,0,0,35
410525,12,13,4,1,44.10955833,-122.4294667,30,2,1,1,999,1,0,55
410526,12,9,7,9,43.46386944,-124.2258306,59,1,10,1,998,1,0,55
410527,12,9,7,16,45.22921389,-123.1707667,12,3,2,2,999,1,0,35
410528,12,12,3,15,42.55063611,-122.5861556,42,1,10,1,998,1,1,55
410529,12,16,7,19,44.18988889,-121.2373111,12,2,1,2,998,1,0,65
410530,12,19,3,0,44.29080556,-121.1669028,8,2,2,1,45,0,0,55
410531,12,19,3,6,43.87695278,-116.983925,12,2,2,2,999,1,0,35
410532,12,19,3,7,43.44443333,-118.7943111,35,1,10,1,998,1,0,65
410533,5,11,5,14,44.05346111,-123.1228361,9,1,1,1,30,0,0,35
410534,10,16,2,0,45.84058889,-119.2793139,42,2,1,1,999,1,1,25
410535,10,31,3,23,45.76974444,-122.8881139,8,2,1,1,55,0,1,45
410536,11,4,7,17,42.13528611,-120.455525,1,1,1,1,998,1,0,55
410537,11,22,4,8,45.43086389,-121.22485,16,1,1,1,998,1,0,98
410538,12,18,2,1,45.46754167,-122.8910306,25,3,10,1,998,1,1,35
410539,12,20,4,11,46.18856111,-123.8490583,12,1,5,2,999,1,0,55
410540,11,24,6,18,45.51919444,-122.4651389,8,3,1,1,998,0,0,35
410541,12,24,1,1,45.59528889,-122.7325417,30,3,1,1,108,1,1,40
410542,12,24,1,6,45.91905833,-119.3212694,1,2,1,1,55,1,0,70
410543,12,25,2,0,45.51903333,-122.5539444,9,3,2,1,998,0,0,98
410544,12,25,2,12,45.45451944,-122.7185611,42,1,2,1,998,1,0,98
410545,12,25,2,17,45.496675,-122.5377167,12,3,2,2,79,1,0,30
410546,12,26,3,17,45.51269722,-122.5376889,8,3,10,2,998,0,0,98
410547,12,29,6,11,46.18918889,-123.8243417,8,1,1,1,30,0,0,30
410548,12,29,6,17,45.50832222,-122.4757472,8,3,2,1,45,0,0,35
410549,12,30,7,19,45.43413889,-122.6158,12,3,1,3,999,1,0,30
410550,12,31,1,14,45.51951389,-122.5377444,12,1,1,2,10,0,1,0
410551,12,25,2,17,45.52131667,-122.5377444,8,3,2,1,35,0,0,35
410552,12,4,2,2,45.52829167,-122.6654778,8,3,2,1,45,0,0,98
410553,12,20,4,20,45.55329167,-122.8676944,12,3,5,2,70,0,0,45
410554,10,23,2,0,45.88229722,-119.5286944,1,2,1,1,998,1,0,55
410555,11,22,4,18,42.21001944,-121.7570972,8,3,2,1,38,0,0,25
410556,11,5,1,18,43.21404444,-123.3655556,6,1,10,1,998,1,0,98
410557,12,26,3,17,45.32927222,-123.0313611,42,8,98,1,998,1,0,98
410558,12,24,1,16,42.18104722,-121.73765,12,1,1,2,998,1,1,35
410559,12,25,2,17,45.86506389,-119.3143639,12,2,2,3,998,0,1,98
410560,12,26,3,4,42.60194722,-121.8140056,12,2,5,2,999,1,1,55
410561,12,27,4,21,44.61695,-123.2440111,12,3,2,2,998,1,0,98
410562,8,21,2,16,46.12141111,-123.2403222,12,1,1,2,999,1,1,55
410564,8,11,6,22,44.02974444,-121.3011833,99,3,1,1,998,1,1,98
410565,9,9,7,20,45.26270278,-122.6910889,8,3,1,1,36,0,0,35
410566,10,13,6,16,42.27643889,-121.4044194,1,1,10,1,40,1,0,98
410568,10,28,7,99,43.57788333,-119.0755833,9,8,98,1,998,0,0,98
410569,11,6,2,18,45.19220278,-121.4619417,1,8,98,1,998,1,1,55
410570,11,14,3,13,42.25206944,-121.7972722,99,1,98,1,998,1,0,98
410571,12,1,6,99,45.795175,-123.646,3,8,98,1,998,1,0,98
410572,12,2,7,14,45.28441389,-123.0053167,42,1,10,1,60,1,0,45
410573,12,8,6,20,45.87005556,-119.2927639,8,2,1,2,998,0,0,45
410575,12,14,5,15,45.82521389,-122.9666389,12,1,10,2,998,1,0,98
410576,12,18,2,13,45.87750556,-119.319525,8,1,1,1,45,0,0,50
410578,11,29,4,7,45.561075,-123.6536417,35,1,98,1,998,1,0,98
410580,12,11,2,16,42.07386667,-121.7769944,17,5,10,1,999,1,0,55
410581,11,3,6,16,46.12111389,-123.1455972,17,8,98,1,998,1,0,98
410582,10,20,6,15,42.00970556,-121.6779333,1,1,1,1,998,1,1,35
420001,1,4,4,0,39.9813,-75.10234722,12,3,1,3,0,1,0,55
420002,1,4,4,18,41.369575,-75.71175,8,3,2,1,999,0,0,35
420003,1,10,3,13,39.96529167,-75.22548056,12,1,1,3,70,1,0,30
420004,1,1,1,4,39.91790278,-75.21021389,18,3,5,1,999,1,0,30
420005,1,2,2,19,40.62241944,-75.45876667,12,3,1,2,999,1,0,40
420006,1,3,3,6,40.48050556,-76.93089444,42,2,5,1,60,1,0,55
420007,1,9,2,8,40.92855556,-76.78422222,42,1,1,1,999,1,0,40
420008,1,4,4,20,40.02909167,-75.20600833,8,3,2,1,35,0,0,35
420009,1,2,2,20,40.87188889,-79.93666667,8,3,2,1,40,0,0,40
420010,1,4,4,2,41.84773889,-75.76813889,43,2,5,1,999,1,0,55
420011,1,6,6,7,41.30243611,-76.98111667,35,1,2,1,999,1,0,45
420012,1,4,4,18,40.04408056,-76.29813611,14,3,1,1,25,1,0,25
420013,1,6,6,16,41.34907222,-80.41096111,12,1,1,2,999,1,0,45
420014,1,6,6,11,40.97473889,-78.55229167,12,1,4,2,5,1,0,0
420015,1,10,3,14,40.1444,-76.6091,12,1,1,2,999,1,0,35
420016,1,11,4,19,40.43515833,-79.97343333,8,2,1,1,999,0,1,35
420017,1,6,6,0,40.13536111,-75.54213056,12,3,2,2,999,0,1,25
420018,1,7,7,11,40.79546111,-76.41295278,19,1,1,1,25,1,0,25
420019,1,13,6,22,40.51497222,-80.00844444,8,2,4,1,44,0,1,35
420020,1,12,5,7,40.57636667,-76.61372222,12,4,1,3,999,0,0,55
420021,1,14,7,13,40.07586667,-75.36005,12,1,1,3,45,1,0,55
420022,1,14,7,2,40.442625,-80.02408333,8,3,4,1,999,0,1,35
420023,1,16,2,3,40.34852222,-75.95589722,8,2,1,1,999,0,0,55
420024,1,7,7,1,40.54030556,-78.90702222,12,2,4,2,999,0,1,55
420025,1,14,7,11,40.15411111,-78.93680556,35,1,1,1,999,1,0,55
420026,1,7,7,20,39.98199167,-76.69594444,12,3,1,2,75,1,1,40
420027,1,16,2,16,40.16777778,-78.59369444,12,5,1,2,999,1,0,55
420028,1,8,1,2,41.07856944,-77.54792222,42,2,1,1,999,1,1,45
420029,1,18,4,18,40.99461111,-76.87222222,12,3,1,2,10,1,0,55
420030,1,9,2,6,41.19711667,-79.42541111,12,2,10,2,10,1,0,0
420031,1,8,1,9,40.84353611,-79.99375556,42,1,1,1,999,1,1,55
420032,1,9,2,10,40.16465278,-75.05808333,30,1,1,1,35,1,0,25
420033,1,11,4,5,40.69141667,-80.26001111,8,3,1,1,40,0,0,20
420034,1,26,5,17,40.46597222,-75.15919167,8,2,1,1,55,0,0,55
420035,1,27,6,5,40.24008333,-77.88969444,8,2,1,1,999,0,0,25
420036,1,28,7,23,41.01847222,-80.49763889,24,2,1,1,999,1,1,45
420037,1,11,4,17,40.20293611,-75.12483056,12,5,1,2,40,1,0,45
420038,1,11,4,13,40.481075,-76.93081111,42,1,1,1,999,1,1,55
420039,1,29,1,16,40.35030556,-79.96813889,12,1,1,3,999,1,0,35
420040,2,26,1,14,41.13572222,-80.13552778,35,1,1,1,999,1,0,45
420041,1,13,6,16,39.84306667,-77.71206111,12,1,1,2,60,1,1,55
420042,1,29,1,0,40.15008333,-74.96038889,14,3,10,1,25,1,1,25
420043,2,7,3,16,41.97272222,-76.70519444,42,1,1,1,999,1,1,40
420044,1,13,6,14,40.01950833,-77.09469722,12,1,1,2,66,0,0,25
420045,2,9,5,7,41.11344444,-76.41916667,42,4,12,1,999,1,0,45
420046,1,13,6,17,39.92743333,-75.14481389,9,3,1,1,10,0,0,20
420047,1,16,2,6,40.42276111,-75.83325833,12,4,1,4,90,0,0,40
420048,2,2,5,16,40.42205556,-76.49933889,12,1,1,3,999,1,0,45
420049,2,4,7,13,40.61966667,-76.05806111,12,1,1,3,999,1,0,55
420050,1,13,6,9,41.75241111,-79.66995833,12,1,10,2,40,1,0,45
420051,1,13,6,10,39.9168,-75.33353333,9,1,1,1,999,0,0,40
420052,1,14,7,21,39.99215,-75.14012778,12,3,1,2,999,0,0,98
420053,1,15,1,23,40.25683333,-76.83260833,24,2,1,1,55,2,0,55
420054,1,16,2,18,40.59239722,-79.88848889,35,2,1,1,40,1,0,35
420055,1,16,2,0,40.00389722,-75.152225,93,3,1,1,50,1,0,35
420056,1,16,2,20,39.93639167,-77.67072778,8,3,1,1,35,0,0,35
420057,1,16,2,21,39.98456944,-76.98049444,12,2,1,2,10,1,0,55
420058,1,16,2,12,41.07261667,-75.41890278,12,1,1,2,999,1,1,65
420059,1,18,4,21,40.15902222,-75.89106111,8,3,1,1,35,0,0,35
420060,1,19,5,99,40.352175,-75.96351944,34,9,2,1,999,1,1,55
420061,1,20,6,13,40.40013611,-78.98143889,12,1,4,2,999,1,0,55
420062,1,20,6,22,40.50603889,-78.397625,8,2,1,1,999,0,0,40
420063,1,21,7,14,40.01341111,-76.80929722,1,1,1,1,999,1,0,40
420064,1,22,1,20,39.97881389,-75.13457778,9,3,2,1,10,0,0,98
420065,1,22,1,18,41.05554444,-80.00265833,42,2,4,1,999,1,0,55
420066,2,10,6,22,40.18816667,-75.21293333,25,2,1,1,74,0,0,55
420067,2,13,2,1,39.92154722,-75.22819444,8,3,1,1,40,0,0,25
420068,2,17,6,5,41.01110278,-77.96058611,12,2,2,3,65,1,0,70
420069,2,23,5,4,41.14497222,-75.96303056,8,2,1,1,65,0,0,65
420070,1,22,1,17,39.91511944,-75.15834722,8,3,2,1,45,0,0,30
420071,1,24,3,23,40.96972222,-78.06863889,12,2,1,2,69,1,0,70
420072,1,25,4,13,42.040025,-80.29069167,12,1,12,2,45,1,0,45
420073,1,25,4,13,39.81978056,-76.38937778,12,1,2,2,60,0,0,55
420074,1,26,5,23,40.56275833,-79.16204167,12,2,4,2,999,0,1,55
420075,1,26,5,20,41.60742222,-80.32466111,8,2,11,1,45,0,0,45
420076,1,27,6,17,41.13355,-76.20871111,30,1,1,1,999,1,0,40
420077,2,17,6,21,40.61609444,-80.32053889,12,2,4,3,999,0,1,55
420078,3,14,3,20,39.97366667,-75.21936667,8,3,1,2,45,0,0,30
420079,3,21,3,21,40.02628889,-75.11711111,12,3,1,2,45,1,0,35
420080,1,28,7,14,41.02205,-76.30033889,19,1,1,1,50,1,1,35
420081,1,27,6,17,39.80142778,-77.60864167,12,2,1,2,999,0,0,35
420082,1,26,5,5,40.43792222,-79.75633056,24,3,4,1,65,1,0,55
420083,1,27,6,20,40.02894167,-75.11600556,9,3,1,1,30,0,0,20
420084,1,27,6,18,40.25954444,-76.77485556,8,2,1,1,999,0,0,50
420085,1,28,7,3,40.09351944,-75.4172,12,2,1,2,999,0,1,55
420086,1,29,1,16,40.54418889,-75.67878611,12,1,1,2,999,2,0,55
420087,1,30,2,0,41.26078333,-75.69153889,24,2,1,1,999,1,1,45
420088,1,31,3,2,40.36641944,-79.74649167,35,2,4,1,999,1,0,45
420089,3,1,4,13,40.08954722,-77.84803333,12,1,1,3,63,1,1,40
420090,3,28,3,2,39.91710833,-75.24629444,8,3,1,1,40,0,0,30
420091,4,2,1,12,40.81204722,-80.12598611,11,1,1,2,999,1,0,45
420092,1,31,3,9,39.92411111,-79.72738889,31,1,4,1,30,1,0,0
420093,1,30,2,17,41.26390556,-75.89923056,9,3,1,1,999,0,0,25
420094,1,31,3,18,40.01502222,-75.15593056,8,3,1,1,60,0,0,35
420095,1,31,3,11,41.70975,-78.69421389,12,1,1,2,15,1,0,45
420096,1,30,2,23,40.69548333,-80.26531667,35,3,11,1,999,1,1,25
420097,2,1,4,10,40.33856389,-76.40428611,33,1,1,1,45,1,0,25
420098,2,1,4,5,40.22474167,-75.13095556,8,2,2,1,50,0,0,45
420099,2,2,5,14,41.21660556,-75.98760278,52,1,1,1,65,1,0,55