ST_CASE,MONTH,DAY,DAY_WEEK,HOUR,LATITUDE,LONGITUD,HARM_EV,LGT_COND,WEATHER,VE_FORMS,TRAV_SP,DEATHS,DR_DRINK,VSPD_LIM
420801,10,1,1,15,41.3945,-79.81158333,35,1,1,1,55,1,0,25
420802,9,18,2,7,41.67632222,-76.85354444,12,1,1,2,30,1,0,55
420803,8,25,6,17,39.99655,-75.11348056,21,1,1,1,35,1,0,30
420804,8,26,7,21,41.32062778,-75.92361389,5,3,1,1,999,1,1,25
420805,9,18,2,18,41.06525,-80.35572222,12,5,1,2,35,0,0,35
420806,8,28,2,4,40.49524167,-75.32871111,42,2,2,1,999,1,0,45
420807,9,18,2,16,41.174425,-77.10040833,1,1,1,1,35,1,0,35
420808,9,19,3,19,40.21355556,-75.49745833,8,2,1,1,999,0,0,45
420809,9,19,3,7,41.18086944,-80.27531389,49,4,1,1,999,0,0,55
420810,9,19,3,6,39.96606667,-75.53845278,12,1,1,2,15,0,0,25
420811,9,20,4,6,40.85833333,-80.29894444,12,4,5,2,999,0,0,25
420812,9,20,4,7,40.34919444,-79.89216667,12,1,1,2,107,0,0,40
420813,9,20,4,18,40.47031667,-75.86262778,9,1,1,1,999,0,0,55
420814,9,20,4,12,40.016,-75.12961111,8,1,1,1,22,0,0,30
420815,9,20,4,13,40.89156111,-76.72195278,12,1,1,2,10,0,0,40
420816,8,29,3,8,39.97503056,-75.92300556,12,1,1,2,45,1,0,45
420817,9,20,4,9,40.41611111,-80.01433333,24,1,1,1,999,1,0,35
420818,9,20,4,19,41.95122222,-80.48580556,11,2,1,1,999,1,0,55
420819,9,21,5,10,40.21722222,-77.47088889,12,1,1,2,999,1,0,40
420820,8,31,5,12,40.87976389,-79.89278056,43,1,1,2,55,0,0,55
420821,9,22,6,16,40.27611111,-79.90722222,1,1,1,1,999,1,0,35
420822,9,22,6,17,40.28688889,-76.76724167,12,1,1,2,40,1,1,35
420823,9,23,7,12,40.16719444,-77.56163889,12,1,2,2,999,0,0,40
420824,9,23,7,13,39.89405556,-75.35222222,42,1,2,1,999,1,0,30
420825,9,24,1,17,40.01594444,-79.51119444,12,1,2,2,106,1,1,45
420826,8,30,4,22,40.62396389,-75.44460833,30,3,1,1,999,1,0,30
420827,9,24,1,16,39.94699722,-75.16482778,8,5,2,1,20,0,0,25
420828,9,24,1,11,39.86855556,-75.31155556,25,1,2,1,60,1,0,55
420829,9,25,2,12,39.99658333,-75.19497222,42,1,2,1,40,1,0,40
420830,8,28,2,4,39.76261389,-76.78047778,42,2,1,1,40,1,0,35
420831,8,29,3,11,41.50849722,-76.45387222,34,1,1,1,45,1,1,55
420832,8,27,1,20,40.1326,-76.34698333,12,2,1,2,25,0,0,40
420833,8,28,2,13,40.89024722,-76.12407778,12,1,2,2,60,1,0,55
420834,8,30,4,18,39.99916944,-76.84428056,12,1,1,2,10,0,0,0
420835,10,2,2,2,40.06333889,-75.05161389,8,2,1,1,999,0,0,25
420836,10,6,6,21,40.11009167,-80.06242222,14,2,1,1,15,1,1,25
420837,11,2,5,18,40.11927222,-76.49178333,8,2,1,1,40,0,0,55
420838,10,2,2,5,41.00021667,-76.56175278,34,2,1,1,35,1,0,40
420839,10,1,1,19,41.27300278,-75.95313333,11,2,1,1,999,1,0,35
420840,8,21,2,17,39.91115,-77.8205,12,1,1,3,15,1,0,45
420841,8,22,3,14,40.24695,-76.35803611,12,1,1,3,45,1,0,55
420842,10,3,3,18,39.99214722,-75.14107778,8,5,1,1,999,0,0,25
420843,10,4,4,19,41.09063889,-79.68227778,19,2,1,1,999,1,0,15
420844,10,5,5,20,41.30342778,-80.17430833,42,2,10,1,999,3,0,55
420845,10,5,5,20,40.09226944,-76.09835278,14,3,10,1,999,1,0,25
420846,10,5,5,16,39.97519444,-75.55038333,1,1,1,1,60,1,1,35
420847,10,3,3,6,39.98233333,-76.87159167,12,2,1,2,35,0,0,40
420848,8,23,4,9,40.25309444,-80.18609722,12,1,10,4,55,0,1,65
420849,8,22,3,9,39.95022222,-75.26555556,8,1,1,1,999,0,0,15
420850,10,3,3,6,41.07639167,-76.38308333,12,2,5,2,10,0,0,55
420851,10,21,7,10,40.19384722,-75.31556111,12,1,1,3,0,0,0,70
420852,4,14,6,0,39.75266944,-78.18383056,12,2,1,2,999,1,0,55
420853,5,3,4,15,39.89228889,-79.84352778,12,1,1,3,999,1,1,35
420854,5,22,2,13,40.23175,-74.8875,12,1,1,2,20,0,0,0
420855,9,23,7,15,40.83122222,-77.07605556,53,1,2,1,999,1,1,40
420856,9,26,3,14,41.90097222,-76.427,42,1,1,1,25,1,0,55
420857,9,27,4,20,40.01490556,-75.68775833,8,2,1,1,30,0,1,40
420858,9,27,4,6,40.20066667,-78.65590833,12,2,1,2,50,1,0,55
420859,9,27,4,17,41.39727778,-75.31508333,12,1,1,2,999,1,0,25
420860,10,22,1,15,40.272175,-76.02533056,14,1,1,1,999,1,1,55
420861,9,28,5,16,40.24768889,-75.718225,12,1,1,2,15,1,0,35
420862,9,28,5,6,40.60170833,-77.41036111,34,2,1,2,999,2,0,65
420863,9,28,5,0,40.54122222,-80.122,57,2,1,3,70,1,0,55
420864,9,28,5,19,41.24918611,-78.82291944,12,2,1,2,65,1,0,45
420865,9,28,5,6,40.05686111,-76.31115833,12,4,10,2,20,0,0,35
420866,9,30,7,15,40.38926667,-79.98544444,12,1,1,2,999,1,0,25
420867,9,30,7,6,41.33405556,-76.72652778,1,1,1,1,15,1,1,35
420868,9,30,7,23,40.340625,-78.78589722,12,3,10,2,999,1,1,35
420869,11,1,4,3,39.9899,-76.00088611,12,2,1,2,5,1,0,0
420870,10,6,6,6,39.99546389,-75.10551111,8,3,1,1,35,0,0,25
420871,10,7,7,9,40.22663889,-76.47861111,35,1,2,1,75,1,0,70
420872,10,7,7,19,40.36649722,-75.33458611,12,3,1,2,5,2,0,0
420873,10,2,2,13,39.79544444,-77.57511111,12,1,1,2,999,0,0,35
420874,10,7,7,8,40.03175278,-75.17910278,30,1,1,1,30,1,0,98
420875,10,3,3,20,39.9045,-75.64616667,12,2,1,2,92,1,0,35
420876,10,3,3,0,40.26452778,-76.85947222,12,3,1,2,25,1,0,25
420877,10,22,1,4,41.17843333,-79.12834167,12,2,1,2,0,0,0,70
420878,10,4,4,11,40.33872778,-78.43469167,12,1,1,2,999,0,0,55
420879,9,21,5,20,39.97610556,-75.23857222,10,3,1,1,50,1,0,25
420880,2,17,6,0,39.74588889,-77.71319444,42,2,1,1,999,1,1,35
420881,8,23,4,14,40.41683333,-80.29086111,12,1,2,3,50,1,1,45
420882,9,4,2,21,40.43238889,-79.86869444,35,3,1,1,30,2,1,35
420883,10,2,2,19,40.31997222,-76.89019444,12,2,1,2,999,0,0,0
420884,10,11,4,14,39.79928056,-77.774825,12,1,1,2,999,0,0,55
420885,10,23,2,13,41.95777778,-78.65769444,30,1,1,1,999,1,0,25
420886,11,1,4,10,41.51422222,-75.58186111,35,1,1,1,45,1,0,45
420887,12,4,2,17,41.98346111,-80.290075,12,2,8,2,0,0,0,65
420888,11,3,6,22,40.73408333,-75.34766667,12,2,1,2,45,1,0,45
420889,11,11,7,1,39.88181944,-76.34708333,35,2,1,1,70,1,1,40
420890,12,25,2,0,40.42960278,-79.87836389,12,2,1,2,0,0,0,55
420891,11,9,5,20,40.46303056,-76.36433333,32,2,1,1,70,1,0,40
420892,11,14,3,8,41.41019444,-75.13958333,42,1,10,1,999,1,0,45
420893,10,25,4,16,40.78823611,-75.99556111,12,1,1,3,65,0,0,55
420894,11,16,5,16,40.96851389,-80.43755,53,5,1,1,45,1,0,45
420895,10,7,7,20,40.42433611,-79.66689722,12,3,1,4,999,0,1,40
420896,11,15,4,13,41.14017778,-75.90140556,59,1,1,1,999,1,1,40
420897,11,17,6,0,40.74006667,-76.38871944,35,2,1,1,999,1,0,55
420898,12,8,6,13,40.08354722,-75.89000556,12,1,1,3,15,1,0,35
420899,11,8,4,19,40.64553056,-75.28107778,35,2,1,1,999,1,0,65
420900,12,10,1,1,40.6044,-75.46381111,8,3,1,1,999,0,0,30
420901,12,22,6,14,40.31821667,-75.87376944,12,1,98,3,999,1,0,40
420902,11,2,5,16,39.92886667,-75.33104722,30,1,1,1,999,1,0,25
420903,11,3,6,5,40.68413889,-80.09552778,11,2,1,1,999,1,0,65
420904,11,2,5,19,40.03502778,-77.90758333,42,2,1,1,999,1,0,45
420905,11,3,6,7,40.20438889,-74.90222222,35,2,99,1,999,1,1,35
420906,12,25,2,13,40.01389444,-76.32856944,12,1,1,3,50,1,0,35
420907,12,6,4,10,40.26530833,-75.75308056,12,1,10,3,999,0,0,45
420908,10,30,2,12,40.55672222,-75.58302778,12,1,10,2,999,2,0,0
420909,11,28,3,19,40.1215,-76.78222222,19,3,1,1,60,1,1,40
420910,11,29,4,5,39.89555556,-75.23172222,42,3,1,1,30,1,0,40
420911,10,30,2,9,40.01279167,-75.22765,8,1,1,1,999,0,0,0
420912,11,25,7,2,40.27194444,-78.71722222,42,2,1,1,999,1,1,55
420913,12,17,1,13,41.91479722,-79.91459167,12,1,2,3,60,0,0,55
420914,11,26,1,2,40.60033333,-75.45805556,42,3,1,1,999,1,0,25
420915,11,28,3,14,41.07883333,-75.61266667,24,1,4,1,65,1,0,65
420916,12,29,6,16,40.31615278,-79.32811944,12,1,1,3,999,0,0,55
420917,11,27,2,0,40.87708333,-76.71555556,35,2,1,1,90,1,1,50
420918,10,13,6,22,40.21191111,-77.92583611,11,2,1,1,999,1,1,55
420919,11,26,1,20,40.56100278,-75.45405278,25,2,2,1,999,1,0,55
420920,11,24,6,12,41.31930278,-75.738775,35,1,1,1,75,1,0,55
420921,10,30,2,17,40.50097222,-80.07413889,12,3,2,2,999,1,0,40
420922,10,17,3,19,40.78813889,-77.90555556,8,2,1,1,999,0,0,35
420923,10,15,1,16,39.98626111,-75.25745278,33,1,1,1,80,1,1,35
420924,10,17,3,6,39.94651111,-75.29257778,8,1,1,1,999,0,0,25
420925,10,12,5,12,40.186875,-75.09775,12,1,1,2,999,0,0,45
420926,10,11,4,5,39.95561111,-75.18072222,8,2,1,1,40,0,0,25
420927,10,11,4,13,40.07545833,-75.15886389,8,1,1,1,35,0,0,35
420928,10,7,7,3,40.02519444,-75.07391667,30,3,1,1,85,1,0,30
420929,10,9,2,14,40.29358333,-76.46677778,12,1,1,2,999,0,1,45
420930,10,16,2,10,40.10652778,-76.32333333,35,1,10,2,60,1,1,40
420931,10,14,7,0,40.4385,-78.41783333,18,2,1,1,74,1,0,35
420932,10,13,6,19,40.20111111,-75.03072222,33,2,1,1,999,1,0,25
420933,10,13,6,14,41.24661111,-76.94319444,59,1,1,1,999,1,0,45
420934,10,17,3,6,41.88138889,-78.02916667,42,2,1,1,55,1,0,45
420935,10,13,6,19,41.02394444,-76.07897222,8,2,1,1,40,0,0,45
420936,10,9,2,17,41.37386111,-75.52502778,12,1,1,2,63,1,0,45
420937,10,7,7,14,40.53743056,-75.18068889,12,1,1,2,50,0,1,45
420938,10,7,7,23,40.76408056,-80.32065833,12,3,1,2,999,1,0,25
420939,10,13,6,0,41.69672222,-80.37088056,11,2,1,1,45,1,0,45
420940,10,17,3,14,41.35061111,-80.411,59,1,1,1,999,1,1,55
420941,10,20,6,21,40.05591667,-75.65302778,33,2,2,1,999,1,1,45
420942,10,21,7,15,40.7245,-75.49497222,24,1,1,1,999,1,0,40
420943,10,21,7,18,41.76372222,-80.18844444,32,5,1,1,999,1,1,45
420944,10,8,1,11,40.162,-79.53522222,24,1,1,2,998,1,0,35
420945,10,14,7,0,39.90096944,-76.26886667,35,2,1,1,60,1,1,35
420946,10,14,7,15,41.65605556,-80.28833333,12,1,2,2,999,0,0,55
420947,10,13,6,13,40.32158333,-77.87075,12,1,1,2,999,1,0,55
420948,10,9,2,19,40.71184444,-75.21796389,8,2,1,1,30,0,0,35
420949,10,9,2,2,39.97767222,-76.69660278,12,2,1,2,45,0,0,55
420950,10,17,3,9,40.29511389,-76.82481667,12,1,1,2,999,1,0,55
420951,5,26,6,15,39.98385278,-75.11841111,8,1,10,1,999,0,0,25
420952,7,15,7,17,41.10963889,-75.26479722,59,1,1,1,999,0,0,45
420954,12,19,3,11,40.31416667,-78.33027778,33,1,1,1,999,1,0,35
420955,9,16,7,17,41.40614444,-78.70634444,12,1,1,2,45,1,0,45
420956,10,15,1,22,41.23625,-75.23033333,24,2,10,1,60,1,1,40
420957,10,1,1,17,39.98208333,-75.20763889,25,1,1,2,999,1,0,50
420958,10,28,7,1,40.29244444,-79.34077778,59,2,1,1,999,1,1,40
420959,10,26,5,10,40.04965,-79.35808333,24,1,1,1,45,1,1,45
420960,10,26,5,4,40.88313889,-79.96311111,53,2,1,1,55,1,1,25
420961,10,23,2,3,40.03005556,-75.14563889,30,3,1,1,70,1,0,25
420962,10,2,2,0,40.18548889,-74.76248333,9,3,1,1,60,0,0,40
420963,10,3,3,11,39.81778611,-75.90941389,8,1,1,1,5,0,0,45
420964,10,3,3,16,39.89052778,-75.22038889,25,1,1,2,998,0,0,55
420965,10,23,2,18,41.24015833,-77.04987222,12,1,1,2,100,1,0,35
420966,10,25,4,8,39.92728333,-79.74444444,11,1,1,1,104,2,0,55
420967,10,27,6,2,40.01909722,-75.69436389,33,2,1,1,45,1,0,45
420968,10,11,4,15,39.93633333,-77.96766667,12,1,1,2,999,0,1,55
420969,10,13,6,6,39.95928889,-76.09956667,12,1,1,2,40,0,0,40
420970,11,17,6,17,40.11497222,-78.56177778,12,2,2,3,999,1,0,55
420971,10,13,6,21,40.77439167,-79.75776111,1,2,1,2,999,2,1,45
420972,10,16,2,14,40.85394444,-76.56716667,24,1,10,2,999,0,0,45
420973,10,28,7,18,40.37571667,-79.92676667,12,3,10,2,999,1,0,35
420974,11,25,7,17,40.07215,-75.13271944,12,3,1,2,69,0,1,40
420975,10,28,7,20,40.13202778,-76.21566111,12,3,1,2,72,1,1,45
420976,10,29,1,8,40.85013889,-76.53541667,12,1,10,2,999,1,0,55
420977,11,26,1,6,40.4573,-75.97473333,33,2,1,2,999,1,0,45
420978,10,27,6,23,40.49775,-75.80866667,35,2,1,1,90,1,0,65
420979,10,28,7,8,40.81743889,-79.52979722,35,1,10,1,999,1,0,45
420980,10,27,6,16,40.55791667,-75.48139444,12,1,1,2,999,0,0,98
420981,11,21,3,18,41.42943611,-75.66620278,8,3,2,1,999,0,0,25
420982,10,27,6,11,39.98883333,-75.12435556,12,1,1,2,85,2,0,98
420983,11,24,6,22,40.13480556,-74.83161111,15,3,1,1,998,0,0,35
420984,10,27,6,6,40.09891667,-75.12580556,9,2,1,1,39,0,0,25
420985,11,23,5,12,40.58600278,-75.42707778,12,1,1,2,100,1,0,30
420986,10,30,2,6,39.92986944,-78.23223333,24,2,1,1,999,2,0,55
420987,11,23,5,12,40.36336111,-78.94903333,14,1,99,1,80,1,0,25
420988,10,28,7,6,42.20338889,-79.86775,8,2,2,1,45,0,0,55
420989,11,27,2,6,41.10091944,-75.34750556,24,4,1,2,45,0,0,45
420990,10,30,2,13,40.72560278,-80.32654722,12,1,1,2,35,1,0,98
420991,11,26,1,23,41.15425556,-75.41205833,8,2,2,1,999,0,0,70
420992,10,31,3,9,41.08269444,-76.24211111,42,1,1,1,999,1,0,45
420993,10,29,1,19,40.39471667,-75.92755833,8,2,2,1,999,0,0,40
420994,10,31,3,7,40.05777778,-79.43594444,30,4,5,1,80,1,0,40
420995,11,1,4,3,39.988,-75.12346667,8,3,1,1,60,0,0,30
420996,10,31,3,14,40.53126667,-75.50885278,12,1,1,2,30,1,0,40
420997,11,3,6,18,40.40169444,-80.18852778,8,2,10,1,999,0,0,35
420998,11,1,4,5,41.18735278,-80.25866389,34,2,4,8,999,0,0,70
420999,11,24,6,20,39.97165833,-75.16026111,8,3,1,1,5,0,0,25
421000,11,29,4,9,40.4432,-79.96156944,8,1,1,1,999,0,0,25
421001,11,29,4,6,39.90111944,-75.28780833,8,3,1,1,44,0,0,40
421002,11,29,4,17,40.16146111,-76.42640556,12,2,1,2,999,0,0,98
421003,11,24,6,13,41.83811944,-75.59097778,12,1,1,2,45,0,0,35
421004,11,29,4,16,41.15016667,-78.848,42,5,1,1,66,1,0,70
421005,12,2,7,13,40.11952222,-75.75291944,42,1,10,1,50,1,0,45
421007,11,6,2,18,40.90413889,-77.78827778,31,3,1,1,30,1,0,35
421008,12,1,6,11,40.24589167,-76.34013611,12,1,2,2,80,0,0,45
421009,10,18,4,14,40.34684444,-79.57378889,12,1,1,2,999,1,0,45
421010,12,2,7,9,40.21995833,-78.84419722,35,1,1,1,999,1,1,45
421011,10,31,3,14,40.23766111,-76.65235556,8,1,1,1,25,0,0,25
421012,12,3,1,12,40.27753889,-75.72255833,12,1,2,2,50,1,0,45
421013,11,1,4,23,40.16650833,-74.87875556,8,2,1,1,999,0,0,98
421014,12,2,7,18,39.72390556,-76.53086667,12,2,5,2,55,1,0,55
421015,12,3,1,16,40.57356944,-76.63459722,12,1,2,2,55,1,0,55
421016,12,27,4,0,39.97933333,-75.22555556,8,3,1,1,40,0,0,30
421017,11,3,6,17,40.07820278,-75.8569,8,1,1,1,45,0,0,45
421018,12,27,4,17,40.04446667,-75.11944444,12,3,2,2,10,0,0,30
421019,12,4,2,19,40.59209722,-75.58816389,8,2,1,1,50,0,0,45
421020,12,20,4,19,40.0035,-75.22161111,8,3,1,1,40,0,0,35
421021,12,12,3,12,40.03327778,-75.15579167,12,1,1,2,35,0,0,30
421022,11,4,7,5,39.82595833,-75.43594722,12,2,1,2,55,0,0,55
421023,12,4,2,9,40.62549722,-78.84874167,53,1,10,1,55,1,0,45
421024,10,19,5,17,39.93205556,-75.161,15,1,1,1,7,0,0,25
421025,12,23,7,0,40.08067222,-74.99613056,30,3,1,1,65,1,0,30
421026,10,25,4,22,40.06031944,-75.16681944,8,3,1,1,30,0,0,30
421027,12,5,3,20,41.07906944,-75.61067778,34,2,4,1,999,1,0,65
421028,11,12,1,17,40.02348611,-75.11085833,14,5,1,1,35,0,0,30
421029,11,3,6,15,42.10938056,-80.05278889,12,1,10,2,64,1,0,98
421030,12,5,3,8,41.65851667,-76.44677778,32,1,1,1,45,1,0,45
421031,12,6,4,7,41.12443333,-76.35948611,52,1,1,1,999,1,0,55
421032,11,3,6,12,41.01455,-75.63985833,12,1,1,2,0,1,0,55
421033,12,5,3,18,39.90472222,-77.67252778,12,2,1,2,5,1,1,0
421034,12,6,4,23,41.10409167,-76.73420278,12,2,1,2,999,0,0,45
421035,12,8,6,17,39.96208889,-76.74765278,12,3,10,2,999,1,0,25
421036,12,9,7,19,40.19263889,-75.07516667,8,2,1,1,999,0,0,45
421037,12,10,1,4,40.72294444,-76.22069167,42,3,1,1,999,1,1,40
421038,12,11,2,14,40.464625,-79.89898611,33,1,1,1,999,1,0,25
421039,12,6,4,20,40.25639444,-76.86995278,8,3,1,1,999,0,0,35
421040,12,11,2,8,40.33694444,-76.61843333,12,1,1,2,999,0,0,55
421041,12,11,2,7,41.80276111,-79.795925,12,1,10,2,50,1,0,55
421042,12,10,1,18,41.06133889,-77.393825,35,2,2,1,80,1,1,70
421043,12,11,2,6,40.50639722,-80.22327778,8,3,2,1,30,0,0,35
421044,12,12,3,22,40.51143056,-79.95732222,12,3,1,2,999,1,0,30
421045,11,3,6,4,40.21611667,-78.81254167,42,2,1,1,999,1,0,55
421046,11,16,5,7,42.14910833,-80.03313333,12,1,1,2,999,1,0,40
421047,12,1,6,23,40.51251667,-78.39610833,8,3,1,1,999,0,1,30
421048,11,4,7,22,41.76696389,-75.15083333,8,2,1,1,999,0,0,45
421049,12,4,2,18,40.46354444,-79.70429444,30,3,1,1,999,1,0,98
421050,11,13,2,2,40.84673889,-77.81106944,12,2,1,2,30,1,0,65
421051,12,30,7,13,40.06165833,-76.72083333,8,1,10,1,30,0,0,35
421052,12,13,4,15,39.72863889,-76.45513056,12,1,1,2,45,1,0,35
421053,12,13,4,15,41.58658889,-75.33752778,12,1,1,2,48,1,0,45
421054,12,19,3,11,39.90613889,-76.63738889,30,1,10,1,999,1,1,25
421055,12,16,7,18,40.11644444,-76.82472222,1,2,1,2,70,1,0,40
421056,12,15,6,21,41.34911111,-75.39628333,24,2,1,1,999,1,1,65
421057,11,18,7,4,40.28822222,-76.779,35,3,2,1,60,1,1,35
421058,10,19,5,7,40.624325,-75.44055,15,1,1,1,999,0,0,30
421059,10,19,5,15,88.8888,888.8888,9,1,10,1,70,0,0,35
421060,10,19,5,15,39.802075,-77.08525278,12,1,1,2,40,1,0,98
421061,10,23,2,15,40.35431667,-75.66364444,12,1,1,2,5,1,0,98
421062,10,18,4,17,40.44305556,-80.06047222,15,2,1,1,999,0,0,25
421063,10,26,5,2,40.06480833,-76.10447222,12,2,1,2,60,1,1,45
421064,12,17,1,15,40.62783611,-75.41572778,12,1,2,2,50,0,0,30
421065,12,15,6,8,41.29225278,-75.51891111,42,1,1,1,999,1,0,45
421066,10,24,3,5,40.31491667,-75.63116667,11,4,1,2,55,1,0,55
421067,12,15,6,11,40.96420556,-76.88517222,8,1,1,1,5,0,0,25
421068,11,6,2,13,41.63199167,-75.899125,42,1,1,1,999,1,0,45
421069,11,8,4,12,40.78175,-77.78013889,12,1,1,2,999,1,0,55
421070,10,19,5,23,40.14653056,-74.84012778,12,3,1,2,999,0,1,35
421071,11,9,5,17,40.40340833,-76.04685556,12,2,1,2,50,0,0,45
421072,10,28,7,14,40.36870833,-76.43246389,12,1,1,2,15,1,0,98
421073,11,9,5,8,40.39555556,-79.84919444,8,1,1,1,999,0,0,25
421074,12,16,7,16,41.109675,-79.12035833,35,1,1,1,77,1,0,55
421075,11,1,4,0,41.91652778,-79.65766667,42,2,4,1,50,2,1,35
421076,12,17,1,14,39.96280833,-78.02539722,32,1,2,1,999,1,0,55
421077,12,18,2,15,40.40291944,-75.74173056,42,1,1,1,999,1,0,40
421078,11,13,2,7,40.85748611,-77.05769444,12,1,5,2,50,1,0,35
421079,12,19,3,9,41.21902222,-75.85670556,1,1,1,1,35,1,0,25
421080,12,20,4,14,40.33532778,-79.3406,42,1,1,1,999,1,0,35
421081,11,14,3,7,39.96316389,-75.99737222,12,1,1,2,45,0,0,45
421082,12,20,4,9,41.05872778,-75.89734722,24,1,1,1,999,1,0,65
421083,11,15,4,15,41.75240556,-79.66997222,12,1,1,2,45,1,0,15
421084,12,16,7,22,40.06774167,-75.14696944,8,3,1,1,35,0,0,35
421085,11,16,5,12,40.00600278,-76.11070833,12,1,1,2,50,1,0,35
421086,12,21,5,18,40.79843611,-75.77555278,12,2,1,2,5,0,1,0
421087,12,20,4,15,40.73323333,-75.33009444,12,1,1,2,999,1,0,45
421088,11,17,6,23,41.19502778,-75.95388889,8,3,2,1,35,0,0,35
421089,12,1,6,10,41.18902778,-80.10996667,42,1,2,1,999,1,0,20
421090,11,9,5,22,40.13306111,-75.76390278,12,2,1,2,55,0,0,45
421091,12,23,7,3,40.60138333,-79.99642222,42,2,1,1,999,2,1,25
421092,10,22,1,20,40.221,-80.20711111,33,3,1,1,45,1,0,45
421093,11,18,7,9,40.46871389,-76.14791944,12,1,1,2,55,1,0,30
421094,11,11,7,11,40.63830556,-75.34880556,8,1,1,1,35,0,0,35
421095,11,19,1,3,40.13080833,-80.32615278,31,2,1,1,80,1,1,65
421096,12,7,5,15,40.81169444,-75.93125,35,1,1,1,80,1,0,45
421097,11,19,1,7,40.54756389,-75.55218889,12,1,1,2,999,1,0,45
421098,7,13,5,10,41.36941667,-75.71066667,8,1,1,1,998,0,0,99
421099,10,23,2,18,40.17694444,-74.91755556,8,5,1,1,999,0,0,35
421100,10,26,5,8,41.57197222,-75.56177778,8,1,1,1,40,0,0,45
421101,11,5,1,12,40.81403333,-79.42948333,12,1,1,2,999,0,0,45
421102,10,28,7,11,41.23902778,-76.80527778,12,1,1,2,10,1,0,45
421103,12,11,2,18,41.16121944,-80.16781944,12,2,1,2,999,1,0,35
421104,11,19,1,18,40.34400278,-79.97143056,8,3,1,2,40,0,0,40
421105,11,8,4,13,39.98688611,-75.34119167,12,1,1,2,70,1,0,55
421106,11,20,2,8,41.534625,-75.73788889,12,1,1,2,25,1,0,45
421107,12,26,3,13,40.20244444,-75.48336111,30,1,1,1,35,1,0,35
421108,11,21,3,23,40.68008056,-80.10005833,9,2,2,1,40,0,0,40
421109,12,8,6,17,40.15747222,-76.05447222,8,2,1,1,25,0,0,35
421110,11,21,3,21,40.78697222,-76.13716667,42,2,2,1,34,1,1,45
421111,11,21,3,15,40.61705556,-79.43322222,12,1,2,2,999,0,1,55
421112,12,31,1,10,40.45897222,-80.18977778,33,1,10,1,30,1,0,55
421113,11,21,3,21,40.43379722,-77.15844444,42,2,2,1,55,1,1,5
421114,12,31,1,11,41.96038611,-76.00112222,5,1,1,1,35,1,0,45
421115,12,30,7,13,40.98343889,-75.44945833,34,1,1,1,999,1,1,45
421116,10,14,7,15,41.47161111,-75.60463889,8,1,1,1,0,0,0,25
421117,12,29,6,17,40.23386111,-78.91068889,12,2,1,2,998,1,0,65
421118,12,25,2,10,40.35702778,-76.45683333,12,1,1,2,999,0,0,45
421119,12,14,5,8,39.99889444,-79.4495,12,1,1,2,5,1,0,0
421120,12,27,4,23,39.82069444,-75.85819444,30,2,2,1,65,1,0,45
421121,12,27,4,4,40.63146667,-79.14389722,9,2,2,1,45,0,0,45
421122,12,13,4,17,41.05916667,-76.32875,53,2,1,1,35,1,0,35
421123,12,14,5,18,40.25316667,-75.80841667,33,3,1,1,45,1,1,25
421124,12,23,7,10,39.98219444,-75.36238889,8,1,10,1,5,0,0,40
421125,12,24,1,13,41.36014444,-76.88076667,24,1,10,1,75,1,0,55
421126,12,24,1,8,40.02430556,-75.94566667,12,1,10,2,50,0,0,45
421127,12,22,6,20,40.22880556,-75.28275556,8,2,1,1,35,0,0,35
421128,12,24,1,11,40.42102222,-79.92749167,12,1,1,2,999,0,0,35
421129,12,10,1,5,40.05795,-79.5622,44,2,2,1,50,1,0,50
421130,12,22,6,16,40.01919722,-77.09461667,12,1,1,2,25,0,0,98
421131,11,19,1,1,40.000675,-76.07935278,12,2,1,2,10,1,0,98
421132,11,25,7,11,41.79494444,-78.25058611,12,1,1,2,60,1,0,55
421133,11,22,4,22,39.86171111,-77.63065556,12,2,1,2,999,1,0,45
421134,11,20,2,5,40.48405556,-79.90711111,35,3,2,1,999,1,0,35
421135,11,22,4,18,39.867,-75.30916667,12,3,98,2,84,0,0,35
421136,12,30,7,14,40.01671111,-75.24266389,12,1,1,2,18,0,0,25
440001,1,9,2,11,42.00063611,-71.55626111,12,1,1,2,998,1,0,0
440002,1,22,1,20,42.005,-71.4977,8,2,2,2,31,0,0,25
440003,1,23,2,1,41.66663611,-71.50429444,42,2,2,1,998,1,0,65
440004,1,24,3,11,41.87159167,-71.53106111,8,1,1,1,999,0,0,35
440005,1,24,3,20,41.97772222,-71.48808056,12,3,1,2,998,1,0,35
440006,1,26,5,17,41.56988056,-71.3656,30,2,1,1,999,1,0,25
440007,2,1,4,21,41.793525,-71.45775,14,3,1,1,998,1,1,25
440008,2,7,3,13,41.70366389,-71.54041667,12,1,1,2,10,0,0,25
440009,2,8,4,6,41.59019444,-71.63776111,17,1,1,1,998,1,0,40
440010,2,11,7,19,41.82134444,-71.47263333,1,3,1,1,998,1,1,55
440011,2,12,1,4,41.81724444,-71.415075,39,3,1,1,50,2,1,25
440012,2,13,2,12,42.00896111,-71.42846389,12,1,1,2,999,1,1,40