ST_CASE,MONTH,DAY,DAY_WEEK,HOUR,LATITUDE,LONGITUD,HARM_EV,LGT_COND,WEATHER,VE_FORMS,TRAV_SP,DEATHS,DR_DRINK,VSPD_LIM
440013,2,14,3,22,41.83870556,-71.40918611,8,2,1,1,999,0,0,25
440014,2,16,5,23,41.38309167,-71.82145278,8,3,1,1,998,0,1,25
440015,1,25,4,9,41.78766667,-71.50588056,35,1,1,1,998,1,0,65
440016,2,20,2,11,41.64829444,-71.46008333,12,1,1,2,35,1,0,35
440017,2,20,2,19,41.97368889,-71.45507778,12,3,1,2,998,0,0,25
440018,2,26,1,14,41.46674722,-71.62021667,42,1,10,1,998,1,0,45
440019,3,8,4,22,41.90373889,-71.44767778,12,3,1,2,998,0,0,55
440020,3,22,4,20,41.78065,-71.40082778,12,3,1,2,998,0,0,25
440021,4,2,1,10,77.7777,777.7777,19,1,1,1,65,1,0,25
440022,4,15,7,0,41.87798333,-71.39063889,33,3,1,1,999,1,0,25
440023,4,22,7,3,41.70915278,-71.39787778,33,3,1,1,999,1,1,35
440024,4,23,1,22,41.834725,-71.56455,12,3,1,2,999,1,1,0
440025,4,21,6,23,41.99648333,-71.52257778,12,3,1,2,999,1,1,25
440026,4,30,1,2,41.8123,-71.35787222,35,3,2,1,998,1,1,50
440027,2,23,5,13,41.73715833,-71.43988611,42,1,10,1,998,1,0,35
440029,5,22,2,19,41.52039167,-71.23322222,42,1,1,1,998,1,0,25
440030,5,27,7,19,41.74590278,-71.60098611,12,1,1,2,999,0,0,35
440031,6,3,7,16,41.54042778,-71.67710833,35,1,10,1,999,1,0,45
440032,6,8,5,17,41.86870833,-71.43076944,18,1,1,1,998,1,0,99
440033,6,19,2,20,41.76686944,-71.54418889,12,2,1,2,42,0,0,45
440034,6,22,5,7,41.71433611,-71.37805556,12,1,1,2,998,0,0,35
440035,6,29,5,23,41.67349167,-71.53017778,31,3,1,1,94,1,0,25
440036,7,2,1,2,42.00234167,-71.509,42,3,1,1,999,1,1,25
440037,7,17,2,14,41.77842778,-71.46996667,12,1,1,2,998,1,0,30
440038,7,29,7,22,41.83406111,-71.34825833,59,3,2,1,999,1,1,35
440039,6,7,4,14,41.87145556,-71.52878889,19,1,1,1,62,0,0,99
440040,8,4,6,16,41.87561667,-71.37984722,25,1,1,1,998,1,0,50
440041,7,31,2,18,41.94308056,-71.65922778,12,1,1,2,999,1,0,45
440042,7,30,1,3,41.81255,-71.42970556,12,3,10,2,999,1,1,25
440043,8,1,3,5,41.86678056,-71.40203333,59,4,1,1,999,1,0,55
440044,8,4,6,23,41.39278056,-71.7485,39,2,1,1,999,1,0,25
440045,8,18,6,19,41.84660556,-71.35323333,12,5,1,2,73,1,0,25
440046,8,9,4,23,41.59628056,-71.43920833,12,3,1,2,70,1,0,45
440048,5,8,2,11,41.39418889,-71.61156944,42,1,1,1,55,1,0,50
440049,8,28,2,10,41.99968889,-71.51623889,8,1,1,1,999,0,0,25
440050,8,31,5,22,41.76623056,-71.29526944,17,3,1,1,999,1,1,30
440051,9,2,7,10,41.86043889,-71.53036389,19,1,1,1,998,1,0,35
440052,9,7,5,15,41.79928611,-71.4416,31,1,1,1,999,1,0,35
440053,9,10,1,4,41.80918889,-71.38701111,24,3,1,1,999,1,1,45
440054,9,10,1,6,41.79775556,-71.44096111,42,1,1,1,998,1,1,50
440055,9,17,1,18,41.88548611,-71.34645,12,1,1,3,999,0,0,25
440056,10,4,4,6,41.83980833,-71.40879444,8,4,1,1,999,0,0,25
440058,10,11,4,8,41.50759444,-71.307825,9,1,1,1,999,0,0,25
440059,10,11,4,9,41.83836944,-71.4149,9,1,1,1,999,0,0,25
440060,10,13,6,15,41.94781667,-71.68249167,42,1,1,1,78,2,0,25
440061,10,18,4,1,41.86690278,-71.38455278,30,3,1,1,998,1,1,25
440062,10,25,4,21,41.95859722,-71.49210556,8,3,1,1,999,0,1,45
440063,10,29,1,3,41.79311944,-71.43768333,14,3,1,1,998,1,1,25
440064,11,2,5,18,42.01554722,-71.49726111,8,1,1,1,999,0,0,30
440065,11,24,6,6,41.82021111,-71.42761944,8,3,1,1,999,0,0,25
440066,12,1,6,19,41.87684167,-71.37927222,8,3,1,2,998,0,0,55
440067,12,6,4,1,41.73401389,-71.47924167,5,3,1,1,998,1,1,25
440068,12,10,1,1,41.79619444,-71.36929167,31,2,5,1,77,1,1,35
440069,12,31,1,19,41.84677778,-71.40506111,8,3,1,1,999,0,0,25
440070,12,23,7,14,41.76557222,-71.36111389,42,1,1,1,22,1,0,25
450001,1,1,1,0,32.43453333,-80.72544444,8,2,5,1,30,0,0,35
450002,1,1,1,11,33.59522778,-81.64554167,43,1,1,1,998,1,0,40
450003,1,1,1,12,33.04451944,-80.09301944,34,1,1,1,45,1,0,45
450004,1,1,1,12,33.90235278,-80.24945278,12,1,1,2,107,0,0,55
450005,1,2,2,22,33.83948611,-81.15480556,12,2,1,2,30,1,0,45
450006,1,2,2,5,34.68167222,-83.009175,8,2,10,1,47,0,0,45
450007,1,3,3,13,35.06625,-82.11634722,42,1,10,1,60,1,0,30
450008,1,3,3,17,33.85624444,-78.75803056,12,1,1,2,45,1,0,45
450009,1,3,3,12,35.0074,-80.92485,12,1,1,2,40,0,0,45
450010,1,3,3,18,32.79353889,-79.93191111,8,3,1,1,41,0,0,35
450011,1,4,4,18,33.74006944,-80.20796111,42,2,1,1,70,1,0,70
450012,1,4,4,23,34.02971944,-81.03198889,8,3,1,1,25,0,0,35
450013,1,4,4,21,34.18803333,-79.33332222,12,2,1,2,0,1,0,60
450014,1,4,4,22,34.67109444,-79.98388056,11,2,5,1,55,1,0,55
450015,1,5,5,19,34.97671944,-80.9931,8,3,1,1,50,0,0,45
450016,1,5,5,11,34.07316944,-81.00794167,25,1,1,2,5,0,0,60
450017,1,5,5,20,34.44495833,-81.77105278,12,2,1,2,70,0,0,70
450018,1,6,6,1,35.03023611,-81.96788056,8,2,1,1,45,0,0,45
450019,1,7,7,10,34.47601667,-82.66860278,12,1,1,2,55,1,0,45
450020,1,7,7,5,32.86568056,-80.02773889,8,6,1,1,40,0,0,0
450021,1,8,1,4,33.43321944,-81.71441111,42,2,1,1,70,1,1,35
450022,1,8,1,14,32.29713889,-81.08783056,12,1,1,2,20,0,0,25
450023,1,8,1,18,34.84728056,-82.44730833,8,2,1,1,40,0,0,45
450024,1,9,2,17,33.09085,-79.80493889,12,2,1,2,35,0,0,45
450025,1,9,2,18,34.22892222,-79.74904722,8,2,1,1,35,0,0,35
450026,1,10,3,2,33.95781111,-80.70466944,35,2,1,1,55,1,1,55
450027,1,10,3,12,34.19033889,-82.23676389,42,1,1,1,60,1,0,50
450028,1,10,3,19,34.28141944,-80.11505556,12,3,1,2,45,0,0,45
450029,1,11,4,12,35.04671944,-81.98303056,12,1,10,2,5,0,0,40
450030,1,13,6,19,34.65551944,-79.58274444,34,2,10,1,55,1,0,55
450031,1,13,6,19,33.73922778,-79.4483,8,2,1,1,35,0,0,40
450032,1,14,7,6,34.20576944,-79.99744444,14,2,1,1,70,1,0,70
450033,1,15,1,2,33.61209722,-80.39343056,35,6,1,1,91,1,0,55
450034,1,15,1,11,33.37434167,-80.52184722,42,1,1,1,80,1,1,70
450035,1,15,1,22,32.21579444,-80.70558611,8,2,1,1,45,0,0,45
450036,1,16,2,3,33.76999444,-78.97843611,14,2,1,1,998,1,1,35
450037,1,16,2,20,33.3089,-79.97441111,12,2,1,2,55,0,0,55
450038,1,17,3,4,34.042775,-80.32098889,1,2,1,1,55,1,1,55
450039,1,17,3,6,34.28057778,-80.08603889,12,2,10,2,61,1,0,55
450040,1,17,3,18,34.89098056,-80.95163889,12,2,1,2,35,1,0,55
450041,1,18,4,18,34.91183611,-80.97431944,8,5,1,1,35,0,0,45
450042,1,19,5,5,33.62627778,-80.68498889,11,2,5,1,55,1,0,55
450043,1,19,5,7,33.66576944,-78.96984444,8,4,1,1,55,0,0,55
450044,1,19,5,23,35.01616667,-82.48193889,30,2,1,1,55,1,1,40
450045,1,20,6,16,33.96122222,-79.80458333,53,1,1,2,15,0,0,45
450046,1,21,7,2,33.56365556,-80.90557222,53,3,1,1,55,1,0,45
450047,1,21,7,20,33.49996389,-81.90861944,8,2,1,1,40,0,0,45
450048,1,22,1,15,34.23347778,-80.73816944,12,1,2,2,55,0,0,55
450049,1,22,1,20,33.79091667,-81.04725278,34,2,2,1,55,1,0,55
450050,1,22,1,22,34.30783611,-81.12595556,34,2,2,1,45,1,0,45
450051,1,23,2,15,34.818875,-81.03383056,35,1,1,1,70,1,0,70
450052,1,25,4,7,34.74938056,-82.71028611,12,2,2,2,65,0,0,65
450053,1,25,4,14,33.56194444,-79.71102778,42,1,2,1,60,1,0,45
450054,1,26,5,15,35.16698056,-81.84334444,12,1,1,2,45,1,1,45
450055,1,26,5,6,32.96156111,-79.81623889,12,4,1,2,70,1,0,55
450057,1,27,6,21,33.48703889,-80.86221111,8,3,1,1,45,0,0,45
450058,1,27,6,16,34.53474722,-82.43586111,12,1,1,2,45,0,0,45
450059,1,27,6,18,34.73109444,-82.38969722,12,1,1,2,12,1,0,45
450060,1,28,7,0,34.47293611,-81.97420278,12,2,1,2,45,0,0,45
450061,1,28,7,10,34.17035,-80.93971111,32,1,1,2,35,1,0,40
450062,1,28,7,4,34.07386944,-80.95763889,12,2,1,2,0,1,0,60
450063,1,28,7,4,34.93751389,-82.19021667,33,2,1,1,55,1,1,55
450064,1,28,7,6,34.99793056,-81.99168611,8,2,1,1,70,0,0,70
450065,1,29,1,1,34.21418611,-80.70819167,42,3,1,1,90,1,0,55
450066,1,29,1,10,34.88748333,-82.06891111,12,1,10,2,40,0,0,45
450067,1,30,2,23,34.68480278,-82.30603333,42,2,1,1,55,1,1,30
450068,1,31,3,18,33.96283889,-80.94183889,8,3,1,1,9,0,0,40
450069,2,1,4,19,32.88338056,-80.0658,8,6,10,1,38,0,0,45
450070,2,1,4,23,33.40870278,-80.71099444,42,6,1,1,55,1,1,55
450071,2,3,6,18,33.87763056,-80.10233611,14,5,1,1,79,1,1,70
450072,2,3,6,21,34.64213611,-83.21626111,42,2,1,1,45,1,1,30
450073,2,3,6,6,32.78696111,-79.95421111,8,3,2,1,44,0,0,35
450074,2,5,1,2,34.10256389,-82.24458611,35,2,1,1,100,1,1,55
450075,2,5,1,0,33.89388056,-81.58073611,34,2,1,1,75,1,1,55
450076,2,5,1,4,33.06423056,-80.18076944,12,2,1,2,80,1,0,65
450077,2,5,1,22,33.37990556,-79.42854444,8,6,5,1,55,0,0,60
450078,2,6,2,17,33.03385833,-80.14334444,12,1,1,2,45,0,0,45
450079,2,6,2,0,34.87405278,-82.30813889,12,2,1,2,40,1,0,35
450080,2,6,2,17,33.68153611,-81.62651111,8,1,1,1,70,0,0,70
450081,2,6,2,19,35.169675,-81.98851389,8,2,1,1,45,0,0,45
450082,2,6,2,0,32.76975,-80.09378056,34,2,5,1,60,1,1,35
450083,2,7,3,15,34.54254722,-81.53939167,42,1,1,1,55,1,1,55
450084,2,8,4,12,34.89088889,-81.96952778,43,1,1,1,80,1,0,35
450085,2,8,4,21,33.70679167,-80.918725,8,2,1,2,40,0,0,55
450086,2,9,5,9,34.32265,-80.17501944,12,1,1,2,45,1,1,45
450087,2,9,5,11,33.59456667,-81.69124722,12,1,1,2,5,0,0,55
450088,2,9,5,15,34.886325,-82.77198056,38,1,10,1,80,1,1,35
450089,2,9,5,16,35.00401389,-80.85507222,1,1,1,2,0,0,0,45
450090,2,10,6,1,34.23887222,-80.61674167,42,2,2,1,45,1,1,45
450091,2,10,6,19,33.84113056,-79.76566944,8,2,1,1,45,0,0,45
450092,2,11,7,1,33.88207778,-78.60999444,8,2,2,1,25,0,0,35
450093,2,11,7,2,32.99846111,-80.09411944,14,2,2,2,65,0,0,65
450094,2,11,7,14,34.99883611,-82.31226667,42,1,1,1,80,1,0,45
450095,2,11,7,23,34.65083889,-82.48819167,32,2,2,1,45,1,1,45
450096,2,12,1,0,34.06575,-80.31828889,35,6,2,1,55,1,1,55
450097,2,12,1,1,33.030275,-80.09125556,14,2,2,1,998,0,1,45
450098,2,12,1,23,33.78981389,-78.77319444,33,2,1,1,35,1,1,35
450099,2,13,2,21,33.35128056,-80.42356111,12,2,1,2,55,0,0,55
450100,2,13,2,15,34.78316944,-80.57165556,12,1,1,2,55,1,1,55
450101,2,13,2,20,33.57387222,-79.42859722,42,2,1,1,70,1,0,55
450102,2,13,2,23,33.806275,-79.47913889,8,2,1,1,55,0,0,55
450103,2,15,4,18,34.88927222,-82.383575,8,6,10,2,45,0,0,45
450104,2,15,4,2,32.91648889,-80.0188,42,3,1,1,70,1,1,30
450105,2,15,4,18,34.91025,-81.01610278,12,3,1,3,40,0,0,45
450106,2,6,2,21,33.91240556,-80.32331944,12,2,1,2,15,0,0,35
450107,2,16,5,22,35.15012222,-81.49208056,12,2,1,4,0,1,0,65
450108,2,16,5,13,33.71299167,-80.20096389,9,1,1,1,55,0,0,55
450109,2,16,5,13,33.46986389,-80.79941111,32,1,1,1,60,1,0,60
450110,2,16,5,15,32.91629722,-79.88405556,12,1,1,2,0,1,0,45
450111,2,16,5,20,33.85358611,-78.69790556,12,2,1,3,65,0,0,65
450112,2,18,7,17,32.86643333,-80.28048333,12,1,1,2,50,0,0,55
450113,2,18,7,19,33.38288056,-79.85823056,8,2,1,1,45,0,0,45
450114,2,16,5,21,34.80412222,-82.43084444,8,6,1,1,40,0,0,40
450115,2,18,7,18,34.21943611,-79.25788889,8,3,1,1,40,0,0,40
450116,2,18,7,22,34.61431944,-79.8751,12,2,1,2,55,1,1,55
450117,2,19,1,6,33.37714444,-79.84228333,42,2,1,1,70,1,1,55
450118,2,19,1,16,32.31160556,-80.93466667,12,1,1,2,80,1,0,55
450119,2,20,2,22,32.36317222,-80.4516,34,2,1,1,70,1,1,45
450120,2,20,2,0,33.37626111,-79.9334,8,2,1,1,998,0,0,55
450121,2,20,2,12,34.62303056,-81.08715,38,1,1,1,55,1,0,55
450122,2,21,3,11,34.80634722,-81.01301944,34,1,1,1,55,2,0,35
450123,2,21,3,14,33.90498889,-80.21366389,12,1,10,2,55,0,0,45
450124,2,22,4,21,34.22393056,-79.79228056,8,6,1,2,40,0,0,40
450125,2,22,4,5,34.28713889,-80.91393889,12,2,1,2,55,1,0,55
450126,2,22,4,18,34.72072222,-82.57643056,42,2,1,1,20,1,0,25
450127,2,23,5,0,34.76895278,-82.34760556,59,2,1,1,65,1,1,40
450128,2,23,5,17,34.14825833,-82.14277778,34,1,1,1,60,1,1,45
450129,2,24,6,1,34.7103,-81.19081944,8,2,1,1,35,0,0,35
450130,2,24,6,7,33.95202778,-80.96676944,12,1,1,2,60,0,0,60
450131,2,25,7,4,33.93226944,-81.4844,33,2,2,1,90,1,1,45
450132,2,24,6,13,33.86468333,-79.09625833,12,1,1,2,0,0,0,45
450133,2,25,7,8,34.87564444,-82.14557222,12,1,1,2,10,1,0,45
450134,2,25,7,23,35.1661,-82.47063056,25,2,10,1,90,1,0,55
450135,2,25,7,21,33.46268333,-80.51376389,8,3,1,1,70,0,1,60
450136,2,25,7,16,33.41391944,-80.49721111,42,1,1,1,70,1,0,70
450137,2,27,2,19,32.44121667,-80.71943611,9,2,1,1,45,0,0,45
450138,2,27,2,6,33.15799167,-80.08302222,12,2,5,3,50,1,0,55
450139,2,28,3,19,33.11749167,-81.04708056,8,2,1,1,998,0,0,55
450140,2,28,3,21,34.24821944,-79.8227,8,2,1,1,55,0,0,45
450141,2,28,3,10,34.08613333,-81.22518056,12,1,1,3,45,0,0,45
450142,2,28,3,15,33.56646944,-81.8924,12,1,1,2,45,0,0,45
450143,2,20,2,21,32.7821,-79.98631111,8,6,1,1,998,0,0,35
450144,2,24,6,12,34.93983889,-81.92803889,8,1,1,1,15,0,0,35
450145,3,1,4,2,35.02496944,-82.33204722,42,2,1,1,60,1,1,35
450146,3,1,4,14,32.68545,-79.95948889,12,1,1,2,10,0,0,45
450147,3,2,5,11,32.85311111,-79.98803056,12,1,1,2,15,1,1,35
450148,3,2,5,12,34.03013056,-81.65059444,12,1,10,2,50,0,0,45
450149,1,2,2,15,33.6708,-78.9546,9,1,1,1,20,0,0,35
450150,1,22,1,18,34.95378889,-81.01463056,12,3,2,4,45,0,0,40
450151,2,4,7,22,34.84273056,-82.32996944,33,6,1,1,60,1,0,35
450152,2,7,3,19,32.92186944,-80.67098889,8,6,1,1,30,0,0,40
450153,2,23,5,20,32.7646,-80.24021944,10,3,1,1,25,1,1,35
450154,3,2,5,1,32.77490278,-80.79869722,42,2,1,1,70,1,0,70
450155,3,2,5,23,35.01458889,-80.96631111,32,6,2,1,998,1,1,35
450156,3,3,6,10,32.375825,-80.5873,34,1,1,1,65,1,1,45
450157,3,3,6,17,33.42679722,-79.29143889,12,1,1,2,50,0,0,55
450158,3,3,6,18,34.92936944,-81.98856944,8,5,2,2,35,0,0,35
450159,3,3,6,21,34.82016111,-82.41465,33,3,2,1,35,1,1,35
450160,3,4,7,2,32.70258889,-80.10843056,42,2,10,1,93,1,1,55
450161,3,4,7,5,34.00514444,-80.956375,8,4,1,1,60,0,0,60
450162,3,4,7,12,33.95158889,-81.24531944,12,1,1,2,25,1,0,60
450163,3,4,7,10,34.753675,-80.55441389,12,1,1,2,35,0,0,55
450164,3,4,7,14,32.9265,-80.03361944,12,1,1,2,15,1,1,45
450165,3,4,7,16,34.97251111,-82.50602222,12,1,1,2,45,0,0,45
450166,3,4,7,17,32.73583611,-80.80913333,35,1,1,1,88,1,1,40
450167,3,5,1,15,34.5591,-82.64306944,12,1,1,2,35,1,1,35
450168,3,5,1,2,34.03403056,-81.02816111,42,2,1,1,100,1,1,55
450169,3,6,2,6,34.25629167,-81.3123,12,2,1,2,65,1,0,55
450170,3,7,3,9,33.46065,-80.44475556,12,1,1,2,40,0,0,55
450171,3,7,3,13,34.98846111,-81.94643889,12,1,1,2,45,0,0,45
450172,3,7,3,11,34.08766944,-81.37455556,12,1,1,2,20,0,0,40
450173,3,7,3,19,33.36523056,-79.93736944,8,2,1,1,55,0,0,55
450174,3,7,3,17,32.64104722,-80.85273056,9,5,1,1,5,0,0,50
450175,3,7,3,18,33.39267222,-79.37050278,12,5,1,2,35,1,0,60
450176,3,8,4,3,34.55798611,-79.66128333,12,3,1,2,55,1,0,55
450177,3,8,4,12,34.04935278,-81.10498056,12,1,1,5,0,0,0,40
450178,3,8,4,5,32.93056944,-80.17253333,12,2,1,2,55,0,0,55
450179,3,8,4,19,32.77266389,-80.68723333,42,2,1,1,75,1,0,55
450180,3,8,4,6,33.68520278,-78.97039167,12,4,1,2,40,1,0,40
450181,3,9,5,16,32.90463889,-80.02086111,12,1,1,5,67,0,0,30
450182,3,9,5,15,33.92169722,-81.70771944,12,1,1,2,35,0,0,55
450183,3,9,5,12,33.98620278,-81.032775,59,1,1,1,45,1,1,45
450184,3,10,6,18,33.41901944,-79.17934167,12,3,1,2,998,0,0,45
450185,3,10,6,23,34.9744,-81.94066389,8,2,1,1,60,0,0,60
450186,3,10,6,13,33.19139444,-80.00643889,42,1,10,1,50,1,0,50
450188,3,10,6,23,34.97898333,-81.87196944,12,6,1,2,9,2,0,45
450189,3,12,1,9,34.00662222,-80.49084722,42,1,2,1,55,1,0,55
450190,3,12,1,21,34.94081389,-82.18580833,12,2,10,2,55,0,0,55
450191,3,12,1,10,33.40412222,-81.85445278,12,1,2,2,55,0,0,55
450192,3,12,1,23,32.80183056,-80.10893056,33,6,2,1,68,1,0,35
450193,3,13,2,16,32.43450556,-81.00516389,12,1,1,2,31,0,0,55
450194,3,14,3,7,34.61638056,-81.90053333,35,1,1,1,70,1,0,70
450195,3,15,4,7,33.93703889,-80.46258889,12,1,1,2,50,1,1,45
450197,3,15,4,12,34.19778611,-79.81933611,12,1,1,4,55,0,0,40
450198,3,15,4,8,33.93734722,-80.46691389,12,1,1,2,45,1,0,45
450199,3,15,4,20,33.95636111,-80.92993889,12,3,1,2,45,1,1,45
450200,3,15,4,20,34.68226111,-82.8479,8,5,1,1,37,0,0,35
450201,3,18,7,0,34.81550833,-80.41714722,12,3,2,2,76,1,0,45
450202,3,18,7,2,34.48665833,-79.39749444,34,2,2,1,65,1,0,45
450203,3,18,7,23,34.14475278,-79.85599722,12,2,1,2,998,1,0,35
450204,3,19,1,19,33.43323333,-80.69629722,42,5,1,1,70,1,0,70
450205,3,20,2,16,33.43386389,-79.13728611,12,1,1,2,20,1,1,45
450206,3,21,3,20,33.85213889,-81.65898056,34,3,1,1,35,1,1,35
450207,3,21,3,0,34.92520556,-81.83493056,8,6,1,1,55,0,0,55
450208,3,20,2,22,33.92300278,-80.38079722,42,6,1,1,60,1,1,25
450209,3,21,3,0,33.94776111,-80.61903056,91,2,1,1,60,1,1,60
450210,3,22,4,18,34.04124722,-78.96695833,12,1,2,2,45,0,0,45
450211,3,24,6,7,33.92196111,-79.15466944,12,1,1,2,60,0,0,55
450212,1,20,6,20,33.14021944,-81.25126944,12,2,1,3,55,0,0,55
450213,3,24,6,21,34.90448056,-82.98749722,1,5,1,1,80,1,1,55
450214,3,24,6,4,34.94761667,-81.95110833,33,2,1,1,60,1,1,30
450215,3,25,7,7,33.69914444,-80.45420278,8,4,1,1,55,0,0,55
450216,3,25,7,3,33.37786667,-80.82331667,42,2,1,1,55,1,1,55
450217,3,25,7,20,33.68581389,-78.974825,8,2,1,1,40,0,0,40
450218,3,25,7,20,33.14971389,-80.19186667,1,2,1,1,55,2,0,55
450219,3,25,7,11,33.52205,-81.97948056,12,1,2,3,40,1,0,40
450220,3,25,7,22,33.62648889,-81.39658889,42,2,1,1,65,1,1,55
450221,3,25,7,16,34.64925,-82.18193889,8,1,1,1,25,0,0,25
450222,3,26,1,16,33.90752222,-80.14609444,12,1,2,2,15,1,1,60
450223,3,26,1,21,33.03153056,-80.24535278,12,2,1,2,35,0,0,35
450224,3,26,1,13,34.23734722,-81.4561,18,1,10,2,70,1,0,70
450225,3,26,1,7,33.90786111,-81.106,32,1,10,1,45,1,0,45
450226,3,27,2,21,34.75216111,-82.39286944,8,2,1,1,45,0,0,45
450227,3,27,2,8,32.31083056,-81.08443889,12,1,1,2,25,0,0,35
450228,3,27,2,13,32.73151944,-80.26306111,12,1,10,2,45,0,0,45
450229,3,27,2,21,33.21091111,-79.98038889,8,3,1,1,40,0,0,40
450230,3,28,3,14,33.64152778,-78.97074722,12,1,1,2,10,1,0,45
450231,3,29,4,7,34.73591944,-82.72086111,12,4,1,2,0,0,0,65
450232,3,29,4,7,33.51521389,-80.40271944,34,1,1,1,55,1,0,55
450233,3,29,4,12,33.73951944,-81.26190556,12,1,1,2,30,0,0,55
450234,3,30,5,5,34.44055278,-79.37650833,8,2,1,1,74,0,0,70
450235,3,31,6,10,34.68163611,-81.02916389,12,1,1,2,70,1,0,70
450236,3,31,6,16,33.12536667,-80.28591111,12,1,1,2,55,0,0,70
450237,3,31,6,17,34.0171,-81.01461111,14,1,1,1,35,1,0,35
450238,4,1,7,18,35.00046111,-82.00498611,12,1,1,2,15,0,0,0
450239,4,1,7,12,34.8772,-81.96279444,33,1,1,1,55,3,0,35
450240,4,1,7,19,35.02371944,-81.8953,12,1,1,2,15,0,0,35
450241,4,2,1,23,33.63396944,-80.24041389,30,2,1,1,55,1,1,55
450242,4,2,1,19,33.88724444,-79.11746111,12,5,1,3,60,1,1,55
450243,4,3,2,12,34.66175,-82.39293889,12,1,2,2,48,0,0,55
450244,4,3,2,21,35.01990278,-81.20511944,35,2,1,1,55,1,0,55
450245,4,4,3,19,34.87778611,-82.31929722,12,5,1,2,5,0,0,35
450246,4,4,3,21,34.30806111,-79.89496389,8,2,1,1,35,0,0,35
450247,4,5,4,12,32.91111944,-80.70003889,52,1,1,1,70,1,0,70
450248,4,7,6,0,33.48109444,-81.85032222,42,2,1,1,102,1,1,55
450249,4,7,6,21,32.97076389,-79.778275,42,2,1,1,100,1,1,55
450250,4,7,6,22,34.20549444,-79.98585,12,2,2,2,64,0,0,70
450251,4,8,7,1,32.92860833,-80.37449722,42,2,1,1,80,1,1,55
450252,4,8,7,4,34.90669167,-81.92270278,33,6,2,1,80,1,1,45
450253,4,8,7,14,34.35669444,-81.51995278,12,1,2,2,60,0,0,55
450254,4,8,7,23,34.84464722,-82.32044444,12,6,1,2,65,1,0,65
450255,4,9,1,2,32.84371111,-79.96586111,35,2,2,1,33,2,1,35
450256,4,9,1,10,32.10393889,-81.08687222,12,1,10,2,60,1,0,55
450257,4,9,1,15,32.75160833,-80.82802778,42,1,1,1,70,1,0,70
450258,4,9,1,17,33.30473889,-80.64221111,34,1,1,1,60,2,0,55
450259,4,10,2,15,33.87837778,-78.68311111,24,1,1,1,40,1,1,40
450260,4,12,4,17,32.29681111,-81.10245,12,1,1,2,45,1,0,45
450261,4,13,5,15,32.88148889,-79.98661944,30,1,10,1,63,1,1,35
450262,4,13,5,16,32.47273056,-80.88323889,12,1,2,2,50,0,0,55
450263,4,13,5,20,35.02950833,-82.04244444,33,2,2,1,100,1,1,45
450264,4,14,6,21,33.16740833,-80.19840556,12,2,1,2,31,1,0,55
450265,4,15,7,22,34.74273056,-82.04016111,12,2,1,2,35,0,0,30
450266,4,15,7,17,34.04016111,-81.0923,24,1,1,1,60,1,0,60
450267,4,6,5,23,34.023475,-80.95282778,8,2,1,1,35,0,0,35
450268,4,15,7,11,33.90695278,-80.14686111,12,1,1,2,70,0,0,60
450269,4,15,7,19,35.12956667,-81.84075833,32,2,1,1,80,1,1,45
450270,4,15,7,21,34.87134722,-82.43279444,12,2,1,2,30,1,1,45
450271,4,15,7,2,33.82076111,-78.73761944,14,2,1,2,65,0,1,65
450272,4,16,1,2,35.19307222,-82.16685556,24,2,1,1,70,2,1,70
450273,4,16,1,1,34.11086111,-80.98365,34,2,1,1,55,1,1,45
450274,4,16,1,13,33.84153333,-81.23151111,12,1,1,2,40,1,0,40
450275,4,16,1,21,34.50298056,-80.31983889,12,7,1,2,60,1,0,60
450276,4,16,1,1,32.78281111,-80.78800556,14,2,1,1,70,0,0,70
450277,4,17,2,22,34.27443056,-82.17969444,34,2,1,1,45,1,1,45
450278,4,17,2,20,33.91553333,-80.29104444,31,2,1,1,45,1,1,45
450279,4,17,2,22,34.50630556,-82.59121111,8,6,1,1,35,0,0,35
450280,4,18,3,17,34.71838889,-82.57130556,12,1,1,2,45,1,1,45
450281,4,18,3,17,35.03633333,-82.14863056,12,1,1,2,5,1,0,45
450282,4,20,5,17,35.12218611,-81.76230556,12,1,1,2,50,0,0,55
450283,4,21,6,10,34.05066667,-81.106375,12,1,1,2,82,1,0,40
450284,4,21,6,13,34.78942222,-82.43974722,30,1,1,1,1,1,0,60
450285,4,21,6,15,34.79816389,-82.346375,12,1,1,2,59,1,0,35
450286,4,21,6,13,34.65317222,-80.59106389,32,1,1,1,55,1,0,55
450287,4,22,7,14,34.61202222,-82.20095,12,1,1,2,45,0,0,45
450288,4,23,1,1,35.02807778,-80.97426389,8,6,1,1,40,0,1,35
450289,4,23,1,12,34.53768611,-83.05275278,12,1,1,2,45,0,0,45
450290,4,22,7,21,33.67158611,-80.87494722,42,2,1,1,998,1,1,55
450291,4,23,1,18,32.78053056,-79.96931111,23,1,1,2,70,1,1,35
450292,4,23,1,23,34.99321111,-82.393475,38,6,1,1,65,1,1,45
450293,4,24,2,13,33.75149722,-78.86527778,42,1,1,1,65,1,1,65
450294,4,24,2,13,32.73251944,-80.25578056,9,1,1,1,35,0,0,45
450295,4,25,3,4,34.98016389,-82.01430556,12,1,1,3,0,0,0,65
450296,4,25,3,7,33.96075278,-78.688,42,4,1,1,55,1,0,55
450297,4,26,4,6,34.56015556,-82.08036944,42,4,1,1,45,1,1,45
450298,4,27,5,16,35.16693056,-81.44688056,25,1,2,2,65,2,0,65
450299,4,27,5,16,35.16741944,-81.44552778,12,1,2,3,65,1,0,65
450300,4,28,6,11,33.85698056,-79.31201111,12,1,1,2,60,3,0,55
450301,4,28,6,22,32.665825,-79.91645,12,3,1,2,65,0,1,25