ST_CASE,MONTH,DAY,DAY_WEEK,HOUR,LATITUDE,LONGITUD,HARM_EV,LGT_COND,WEATHER,VE_FORMS,TRAV_SP,DEATHS,DR_DRINK,VSPD_LIM
450659,9,9,7,12,33.36493889,-79.22545833,12,1,10,2,20,2,0,60
450660,9,10,1,10,35.14021111,-82.10069167,12,1,10,2,35,1,0,35
450661,9,10,1,9,32.95528056,-80.06653889,46,1,1,1,45,1,0,45
450662,9,11,2,9,33.94174167,-78.98263611,53,1,1,1,35,1,0,35
450663,9,12,3,14,33.36266944,-80.52645,8,1,1,1,50,0,0,70
450664,9,13,4,21,33.57275278,-81.56342222,12,2,10,2,45,0,0,55
450665,9,15,6,15,34.33671389,-80.07355556,12,1,1,2,62,0,0,45
450666,9,15,6,17,35.12191944,-81.86263056,12,1,1,2,70,0,0,45
450667,9,15,6,15,34.79631944,-82.42453889,33,1,1,1,70,1,0,40
450668,9,15,6,19,33.98641944,-81.07228056,12,1,1,2,55,0,1,35
450669,9,16,7,14,35.06590556,-81.15305278,12,1,1,2,29,1,0,45
450670,9,17,1,10,34.62121389,-82.09012222,12,1,2,2,68,0,0,70
450671,9,17,1,23,33.15575,-80.09788333,1,2,1,1,55,1,1,55
450672,9,19,3,4,33.81711944,-79.04181111,8,2,1,1,50,0,0,50
450673,9,19,3,16,34.62221667,-79.61861944,12,1,1,2,55,1,0,55
450674,9,20,4,3,34.26141389,-79.74755556,8,2,1,2,70,0,0,70
450675,9,20,4,12,34.92558889,-81.83810278,12,1,10,2,15,0,0,55
450676,9,20,4,14,34.689425,-83.04490556,12,1,1,2,45,1,0,45
450677,9,20,4,18,34.35850833,-80.95606389,12,1,1,2,55,1,0,55
450678,9,21,5,21,33.03273056,-80.09056944,12,3,1,2,22,0,0,45
450679,9,22,6,2,34.55428889,-82.78565,14,2,1,1,65,0,0,65
450680,9,22,6,17,35.17063333,-81.80663889,12,1,1,2,15,1,1,0
450681,9,23,7,11,33.43441389,-79.13616111,12,1,1,2,35,0,0,45
450682,9,24,1,1,34.8548,-82.44639444,12,2,1,3,55,1,1,45
450683,9,24,1,0,34.69167778,-81.60962778,8,2,1,1,45,0,0,45
450684,9,25,2,7,34.75738056,-81.6434,12,1,1,2,15,1,0,55
450685,9,25,2,16,34.624475,-81.07969444,8,1,1,1,55,0,0,55
450686,9,26,3,20,34.88271667,-82.45378611,8,1,1,1,40,0,0,40
450687,9,27,4,1,34.74710278,-82.29133333,42,2,1,1,80,1,1,45
450689,9,29,6,3,33.03365833,-80.12056944,42,3,1,1,65,1,1,35
450690,9,29,6,5,35.10063611,-82.161925,8,2,1,1,998,0,0,35
450691,9,29,6,16,34.33524722,-79.55527222,35,1,1,1,70,1,0,70
450692,9,30,7,12,34.28150556,-79.78118889,1,1,1,1,75,1,0,55
450693,10,1,1,1,34.35965556,-81.07776944,59,3,1,1,26,1,1,25
450694,10,2,2,15,33.81076944,-79.02861111,12,1,1,2,20,0,0,45
450695,10,3,3,18,33.75802778,-80.911375,42,1,1,1,80,1,0,55
450696,10,4,4,19,33.86441111,-79.06513056,12,1,1,2,10,0,0,0
450697,10,4,4,21,34.16326389,-79.91290556,8,2,1,1,60,0,0,55
450698,10,5,5,0,32.41106111,-81.01366111,12,2,1,2,35,1,1,70
450699,10,6,6,0,34.55565278,-81.00823056,1,2,1,1,80,1,0,70
450700,10,6,6,9,34.60116944,-83.02460278,12,1,1,2,35,0,1,35
450701,10,6,6,16,34.89328889,-82.23364722,12,1,1,2,45,1,1,45
450702,10,6,6,20,33.28846389,-79.82296389,34,2,1,1,55,1,0,55
450703,10,6,6,23,33.44173889,-79.54421944,9,2,1,1,40,0,0,45
450704,10,7,7,5,33.43942222,-80.79320833,34,2,1,1,105,1,1,45
450706,8,26,7,20,34.04011111,-80.99881111,8,2,1,1,40,0,0,40
450707,8,27,1,0,34.92993889,-81.95486111,12,3,1,2,40,0,0,40
450708,9,13,4,23,33.03181111,-80.19053056,8,3,1,1,45,0,0,35
450709,9,16,7,14,34.93968056,-82.26558889,12,1,1,3,78,1,1,45
450710,10,1,1,1,33.98038889,-81.10638889,35,2,1,1,100,1,0,60
450711,10,3,3,22,34.87992778,-82.44796667,9,3,1,1,40,0,0,40
450712,10,4,4,15,34.984275,-82.11206667,12,1,1,3,55,1,1,55
450713,10,5,5,1,33.59965,-79.02426389,33,2,1,1,25,1,1,25
450714,10,7,7,20,34.0678,-80.92238056,1,2,1,1,60,2,1,45
450715,10,7,7,22,34.20954722,-80.64794722,26,2,1,2,87,2,0,70
450716,10,8,1,0,32.97191389,-80.01708056,8,2,1,1,35,0,0,35
450717,4,10,2,17,33.90676944,-81.15476111,8,1,1,1,35,0,0,35
450718,10,8,1,2,33.70048889,-79.10876111,12,2,1,2,70,1,1,55
450719,10,8,1,16,34.50926944,-82.08386944,12,1,1,2,998,0,0,45
450720,10,11,4,20,33.00833056,-80.08834444,9,2,2,1,40,0,0,45
450721,10,11,4,0,35.02711944,-81.97063611,12,2,1,2,35,0,0,35
450722,10,12,5,6,33.80033611,-80.29409722,42,4,2,1,55,1,0,55
450723,10,13,6,4,33.33536389,-80.56518889,12,2,1,2,0,0,0,70
450724,10,13,6,7,33.81724167,-81.21182778,8,1,10,1,52,0,0,40
450725,10,14,7,21,33.66462222,-80.23688611,12,2,1,2,55,1,1,98
450726,10,15,1,5,33.82734167,-79.77188056,32,2,1,1,60,2,1,60
450727,10,15,1,20,34.56726667,-79.68244722,18,2,1,1,55,1,0,55
450728,10,15,1,21,32.43005833,-80.71885556,9,2,1,1,40,0,0,45
450729,10,14,7,21,32.9508,-80.1595,9,3,1,1,78,0,0,45
450730,3,27,2,20,34.72871667,-80.77756944,8,2,1,1,35,0,0,35
450731,10,16,2,2,34.26436111,-80.99773056,14,2,1,1,65,0,0,70
450732,10,17,3,12,33.16057778,-80.05795278,12,1,1,2,50,0,0,50
450733,10,17,3,17,33.86918611,-81.41159722,42,5,1,1,50,1,0,55
450734,10,18,4,19,34.1956,-79.74784444,12,2,1,3,20,0,0,40
450735,10,19,5,19,34.238625,-82.15327222,12,2,1,2,35,0,0,40
450736,10,19,5,5,34.58769722,-79.57133056,34,2,1,1,70,1,0,55
450737,10,19,5,6,33.09388889,-81.21771667,8,2,1,1,60,0,0,60
450738,10,19,5,20,34.80222778,-82.67544167,12,2,1,2,45,0,0,45
450739,10,20,6,19,33.38294444,-80.52104722,33,2,2,1,45,1,1,45
450740,10,20,6,22,34.91253611,-80.98265556,12,2,1,2,60,0,0,60
450741,10,21,7,1,33.79026944,-78.765625,8,2,1,1,45,0,0,45
450742,10,21,7,18,34.80569444,-81.73752222,42,2,1,1,65,1,1,55
450743,10,21,7,19,34.23221944,-79.80263056,8,2,1,1,40,0,0,40
450744,10,23,2,11,33.458375,-80.7104,8,1,1,1,55,0,0,60
450745,10,24,3,14,33.974,-80.02753056,34,1,1,1,55,1,0,55
450746,10,25,4,17,34.51085,-82.20771389,12,1,1,3,35,0,0,55
450747,10,25,4,19,34.89689167,-82.340675,8,6,1,1,45,0,0,45
450748,10,26,5,5,33.01249722,-79.81178611,12,2,1,2,50,0,0,55
450749,10,27,6,21,34.96094444,-82.05347778,26,2,1,2,60,0,0,60
450750,10,28,7,1,33.56856944,-79.79116111,34,2,1,1,75,1,0,55
450751,10,28,7,4,34.42164722,-82.23447778,8,1,1,1,55,0,0,55
450752,10,28,7,6,34.63059167,-82.13267778,8,6,1,1,55,0,0,55
450753,10,28,7,19,34.32989167,-80.08369722,12,5,1,2,35,1,0,55
450754,10,29,1,12,34.1574,-82.60048056,12,1,1,3,55,2,0,55
450755,10,29,1,21,32.92561111,-80.04203056,12,2,1,3,65,0,0,65
450756,10,30,2,1,32.91969444,-80.10079444,35,2,1,1,100,1,0,45
450757,10,31,3,6,34.198875,-80.58631111,12,2,1,3,55,0,0,55
450758,10,31,3,23,34.26034444,-81.27252222,34,2,1,1,998,2,0,55
450759,9,21,5,23,34.11628333,-79.30993056,12,2,1,2,53,0,0,55
450760,9,30,7,20,32.8629,-80.02573611,14,2,1,1,64,0,0,60
450761,10,27,6,20,32.90143889,-79.99527222,8,3,1,1,998,0,0,98
450762,10,21,7,0,33.99468889,-81.02511111,8,3,1,1,35,0,0,35
450763,10,25,4,19,33.83183056,-79.05656111,12,3,1,2,35,0,0,35
450764,11,1,4,2,35.09357222,-82.2239,32,6,1,1,70,1,1,45
450765,11,1,4,16,33.20908611,-80.30816667,24,1,1,1,70,1,1,55
450766,11,2,5,18,32.52164444,-81.00351944,12,2,1,2,30,0,0,55
450767,11,3,6,4,32.80309722,-81.117,30,2,1,1,65,1,1,55
450768,11,3,6,10,34.27009722,-79.42620278,12,1,1,2,60,0,0,60
450769,11,3,6,19,34.07141111,-80.37081111,34,2,1,1,71,1,1,55
450770,11,3,6,19,33.66417778,-81.67419722,8,3,1,1,35,0,0,45
450771,11,5,1,2,34.55659444,-82.132525,34,2,1,1,60,1,1,45
450772,11,5,1,8,33.67064167,-81.66255556,26,1,1,1,70,1,1,70
450773,11,6,2,16,34.05556667,-81.18430278,12,5,1,2,0,0,0,98
450774,11,7,3,14,34.75224167,-80.34629444,12,1,1,2,45,0,0,45
450775,11,8,4,19,34.40443889,-81.83373889,38,2,1,1,80,1,1,55
450776,11,9,5,22,34.45648333,-79.336725,12,3,1,2,998,2,0,55
450777,11,10,6,2,32.97917222,-80.63455,42,2,1,1,100,1,1,55
450778,11,10,6,14,34.195675,-80.27935833,12,1,10,2,5,0,0,45
450779,11,10,6,18,34.98016389,-81.89243056,8,2,1,1,35,0,0,35
450780,11,10,6,21,32.92593889,-80.04206111,8,2,1,1,40,0,0,60
450781,11,11,7,0,32.87538889,-80.01428056,24,2,1,1,80,1,1,60
450782,11,11,7,1,33.86393889,-78.9469,34,2,1,1,115,1,0,45
450783,11,12,1,7,33.94332778,-80.49125,42,1,2,1,55,1,0,55
450784,11,12,1,14,34.29829722,-80.05539722,34,1,1,1,55,1,0,55
450785,11,13,2,17,34.91469444,-82.461725,8,1,99,1,45,0,0,45
450786,11,15,4,18,33.95611944,-79.86728611,12,2,1,2,20,1,0,55
450787,11,15,4,19,34.94380278,-82.73981389,35,2,1,1,50,1,1,35
450788,11,15,4,9,34.54938889,-83.04908889,8,1,10,1,5,0,0,35
450789,11,16,5,20,34.32012222,-79.97524167,53,2,1,1,55,1,0,55
450790,11,18,7,1,32.71811111,-79.98286667,42,6,1,1,90,4,1,40
450791,11,18,7,16,33.82223056,-81.21933611,12,1,1,3,0,0,0,55
450792,11,18,7,17,33.87785833,-82.2036,12,1,1,2,10,0,0,35
450793,11,18,7,20,32.98143611,-80.08692778,12,3,1,2,998,0,0,45
450794,11,19,1,2,33.49307222,-81.90305278,32,2,1,1,998,1,1,98
450795,11,19,1,2,35.08293611,-81.37636667,35,2,1,1,65,1,1,55
450796,11,19,1,15,33.39578333,-79.96810278,12,1,1,2,35,0,0,35
450797,11,20,2,16,34.20953611,-82.11710278,12,1,1,2,15,0,0,45
450798,11,21,3,21,34.87410556,-82.21979167,12,6,1,2,0,0,0,60
450799,11,22,4,15,33.45751111,-80.58691389,12,1,1,2,60,1,1,60
450800,11,22,4,17,34.00244444,-79.59895556,12,2,1,2,998,1,0,45
450801,11,22,4,19,34.68808333,-82.21671111,42,2,1,1,70,1,1,35
450802,11,25,7,6,34.59208889,-79.61129444,42,2,1,1,55,1,0,55
450803,11,25,7,16,33.56295,-81.61913889,42,1,1,1,60,1,1,45
450804,11,25,7,20,34.26081389,-81.12140556,42,2,1,1,45,1,1,45
450805,11,26,1,19,33.18181111,-80.56260556,8,2,2,1,40,0,0,45
450806,11,26,1,19,34.14021111,-80.75387222,12,2,2,2,0,1,0,70
450807,11,27,2,19,34.323575,-81.54906111,34,6,1,1,60,1,1,45
450808,11,27,2,12,34.80394444,-82.35156389,42,1,1,1,80,1,0,60
450809,11,28,3,8,34.21398889,-80.05034167,31,1,1,1,55,1,0,55
450810,11,27,2,22,33.15406389,-80.10414167,8,2,1,1,50,0,0,50
450811,11,29,4,15,34.88650278,-82.46108333,12,1,1,2,18,0,0,40
450812,11,30,5,21,34.6871,-82.99776111,8,2,1,1,45,0,0,45
450813,11,30,5,16,34.09012778,-80.18385556,12,1,1,2,55,1,0,55
450814,11,4,7,1,32.97136944,-80.12033056,31,3,1,1,70,1,1,45
450815,8,19,7,16,33.79993611,-81.19870556,12,1,1,2,45,1,0,45
450816,9,9,7,6,34.22606389,-80.871925,34,6,1,1,45,1,0,45
450817,10,21,7,20,34.05398056,-80.92018889,1,2,1,1,40,1,1,40
450818,10,24,3,8,32.88153889,-79.93448889,39,1,1,1,50,1,0,60
450819,11,1,4,18,33.01051944,-80.15708889,12,5,1,2,10,0,0,45
450820,11,2,5,15,34.11960556,-79.82674722,42,1,1,1,90,1,0,45
450821,11,5,1,4,32.80841389,-80.02465833,42,3,1,1,65,1,1,45
450822,11,9,5,17,34.86416944,-82.3442,8,3,1,1,42,0,0,45
450823,11,18,7,0,32.81981944,-80.2447,32,2,1,1,85,1,1,45
450824,11,25,7,20,34.96793889,-82.43593889,8,3,5,1,38,0,0,35
450825,7,3,2,20,34.00223056,-80.79148056,1,2,1,2,45,0,0,55
450826,7,15,7,21,34.61118611,-82.49639167,12,3,1,2,35,1,1,35
450827,7,29,7,22,33.95728056,-80.37745,35,2,1,1,63,1,1,35
450828,12,2,7,15,34.67496389,-83.03378889,12,1,10,2,5,1,0,45
450829,8,7,2,6,34.93636944,-82.01402222,12,4,1,2,45,0,0,45
450830,8,15,3,8,34.09391111,-79.69620278,12,1,1,2,50,0,0,55
450831,9,8,6,19,32.83913889,-80.06451111,12,1,1,2,30,1,1,45
450832,9,13,4,18,34.82411944,-82.40691111,12,1,1,2,37,1,0,35
450833,9,30,7,4,34.03003889,-81.10331944,39,3,1,1,60,1,1,60
450834,12,2,7,18,33.68494167,-78.98528889,8,3,2,1,40,0,0,40
450835,12,2,7,21,33.92843611,-78.83379444,42,2,1,1,55,2,0,55
450836,12,3,1,2,33.69096111,-80.910625,8,2,1,1,70,0,0,70
450837,12,4,2,1,33.47418611,-79.26113611,52,2,1,1,45,1,0,45
450838,12,4,2,19,34.37869444,-79.95048056,34,3,1,1,45,1,1,45
450839,12,4,2,22,33.03730278,-80.03336111,10,2,1,1,10,1,1,0
450840,12,4,2,18,34.77851944,-82.39335556,8,2,1,1,40,0,0,40
450841,12,5,3,13,34.048,-81.38076111,43,1,1,1,45,1,0,45
450842,12,5,3,16,33.77863056,-79.84871389,1,1,1,1,55,1,0,55
450843,12,5,3,17,32.85615556,-80.02235,12,5,1,3,60,1,0,60
450844,12,5,3,11,32.77828056,-79.94772222,12,1,1,2,35,1,0,35
450845,12,6,4,3,35.11118056,-81.63516944,8,2,1,1,55,0,0,55
450846,12,6,4,3,33.83465278,-80.43853611,12,2,1,3,55,0,0,55
450847,12,8,6,22,33.6391,-79.90417778,8,2,1,1,55,0,0,60
450848,12,9,7,14,33.34728611,-79.94387778,12,1,1,2,50,1,0,60
450849,12,9,7,15,33.804625,-78.72155,9,1,1,1,15,0,0,40
450850,12,9,7,0,34.21625833,-82.15733889,12,3,1,3,55,0,1,40
450851,12,10,1,0,33.83858889,-81.47704167,34,6,2,1,75,1,1,55
450852,12,10,1,2,34.48708889,-79.33247222,26,2,1,1,70,2,0,70
450853,12,11,2,9,34.26413056,-81.30411111,12,1,1,2,15,1,0,45
450854,12,11,2,10,34.20036389,-79.683825,9,1,1,1,51,0,0,35
450855,12,13,4,19,34.7519,-80.98231944,34,2,1,1,55,1,1,55
450856,12,15,6,19,33.98455556,-79.70119444,42,2,1,1,999,1,1,55
450857,12,15,6,22,33.61809444,-82.08268056,35,2,1,1,70,1,1,45
450858,12,16,7,4,33.93915556,-80.79097778,34,2,1,1,60,1,1,60
450859,12,16,7,10,33.83213333,-82.05352778,12,1,1,3,45,1,0,45
450860,12,17,1,3,32.43201389,-81.00633333,1,2,2,1,80,1,0,55
450861,12,9,7,20,34.19063889,-79.75721944,12,2,1,2,71,2,0,35
450862,12,18,2,7,34.10300556,-81.53252222,42,1,1,1,55,1,0,45
450863,12,18,2,14,34.92548611,-81.83681389,12,1,1,2,45,1,0,55
450864,12,18,2,18,33.63621111,-79.18334444,12,2,1,2,55,1,0,55
450865,12,19,3,18,33.46995278,-80.80007222,12,3,1,2,73,3,1,50
450866,12,19,3,18,33.23160556,-80.88995,12,2,1,2,40,0,0,55
450867,12,19,3,20,33.69673889,-79.01248611,8,2,1,1,45,0,0,45
450868,12,19,3,21,34.90891389,-82.20232222,12,2,1,2,45,1,0,45
450869,12,20,4,2,32.74928056,-80.03221111,42,2,1,1,80,1,1,40
450870,12,20,4,17,33.82736111,-81.83797222,9,2,1,1,40,0,0,45
450871,12,20,4,20,32.58426667,-81.162075,34,2,1,1,60,1,0,55
450872,12,20,4,20,33.97348889,-81.08601111,12,3,1,2,40,1,0,40
450873,12,21,5,12,34.11987778,-78.87586111,12,1,1,3,55,0,0,55
450874,12,21,5,16,34.08493056,-82.20553889,14,1,1,1,55,0,0,55
450875,12,21,5,21,34.89019722,-82.56744167,12,2,1,3,55,0,0,55
450876,12,21,5,22,32.21418611,-81.07021944,30,2,1,1,60,1,1,45
450877,12,22,6,4,33.56505278,-80.95710556,32,2,1,1,80,1,1,55
450878,12,22,6,13,34.76263889,-79.70805,12,1,1,2,55,0,0,55
450879,12,22,6,20,35.01268056,-82.03133889,12,2,1,2,90,1,1,70
450881,12,23,7,21,32.96345,-80.16586944,8,2,1,1,44,0,0,45
450882,12,23,7,23,34.68069167,-82.27586111,35,2,1,1,86,1,1,45
450883,12,24,1,0,33.6473,-79.27526111,42,2,1,1,55,1,0,55
450884,12,25,2,18,33.97462222,-80.23065833,12,3,2,2,55,0,0,55
450885,12,27,4,18,32.53155278,-80.95817778,8,2,1,1,998,0,0,99
450886,12,27,4,11,32.8965,-80.0159,12,1,1,2,15,1,0,45
450887,12,28,5,1,33.78266111,-78.98990278,8,2,1,1,40,0,0,55
450888,12,28,5,18,34.31606944,-79.48573056,12,2,1,2,60,1,0,60
450889,12,28,5,17,34.43334722,-82.49726389,9,5,1,1,45,0,0,45
450890,12,29,6,12,34.19323889,-79.82366111,12,1,1,2,55,0,0,35
450891,12,29,6,5,34.74522222,-80.60460833,53,6,1,1,85,2,0,55
450892,12,29,6,17,34.82091389,-82.80950556,12,5,1,2,40,1,0,40
450893,12,29,6,23,33.94168611,-81.08855556,8,2,1,1,60,0,0,60
450894,12,30,7,2,32.36942222,-80.81233889,59,2,1,1,80,2,1,55
450895,12,30,7,0,33.88457778,-79.17899722,30,6,1,1,60,1,1,45
450896,12,30,7,21,33.14056944,-80.15724167,8,2,1,1,55,0,0,55
450897,12,31,1,5,33.58118056,-79.01891667,8,6,1,1,998,0,0,45
450898,12,31,1,16,34.65103056,-83.24589444,35,1,1,1,60,1,1,45
450899,12,31,1,20,35.01275833,-81.95552778,26,6,1,3,70,0,0,70
450900,5,1,2,17,33.69657778,-80.21355278,8,1,1,1,15,0,0,35
450901,7,12,4,12,33.98824444,-78.74756389,12,1,1,2,5,0,0,0
450902,7,19,4,7,34.55417222,-80.58424167,12,1,1,2,35,1,0,35
450903,8,6,1,2,33.51380556,-81.95677222,33,3,1,1,35,1,1,35
450904,8,16,4,20,34.06338056,-81.00811944,8,2,1,1,25,0,0,45
450905,8,21,2,15,34.64172222,-82.79336111,12,1,1,2,50,1,0,45
450906,8,29,3,10,32.79901111,-80.00798056,8,1,1,1,45,0,0,45
450907,9,5,3,20,34.3719,-81.10088889,8,2,1,2,45,0,0,45
450908,9,14,5,22,33.98728889,-81.02928056,8,3,1,1,20,0,0,35
450909,9,17,1,15,34.19849444,-79.61362222,39,1,2,1,60,1,0,60
450910,8,17,5,1,35.10614722,-81.26737222,34,2,1,1,45,1,0,45
450911,9,19,3,20,33.68691667,-80.21208333,8,3,1,1,35,0,0,35
450912,9,29,6,22,33.51614444,-80.86606944,12,3,1,2,10,0,0,45
450913,10,9,2,21,33.86131389,-81.376925,34,2,1,1,45,1,0,45
450914,10,14,7,19,32.83273889,-79.82721944,12,3,1,2,104,1,0,45
450915,10,21,7,21,34.71097778,-82.33566389,42,2,1,1,45,1,0,45
450916,10,22,1,13,34.94108611,-81.95542778,8,1,1,1,40,0,0,40
450917,10,24,3,18,34.97646111,-81.00421111,12,5,1,2,15,0,0,45
450918,10,25,4,19,32.99063889,-80.03966944,8,3,1,1,45,0,0,45
450919,10,28,7,1,33.01805,-80.14437778,34,3,1,1,125,1,1,45
450920,10,28,7,1,34.62918889,-82.78113889,9,3,1,1,998,0,0,98
450921,11,3,6,19,34.49151111,-82.61191944,12,3,1,2,50,1,0,45
450922,11,5,1,18,34.03365,-81.08835,8,3,1,1,35,0,0,40
450923,11,18,7,2,33.13926944,-80.10345278,12,2,1,2,35,1,0,35
450924,11,18,7,20,32.78038056,-80.22608889,12,3,1,2,50,1,0,50
450925,11,20,2,0,34.82625833,-82.54498889,8,2,1,2,45,0,0,45
450926,9,30,7,23,33.47377222,-79.10343333,8,2,1,1,45,0,0,45
450927,10,9,2,19,34.89288056,-82.10115,1,2,1,1,35,1,1,35
450928,10,28,7,15,33.06173889,-79.69043056,12,1,1,2,45,0,0,55
450929,11,3,6,11,32.8994,-80.08298056,53,1,1,1,70,1,0,25
450930,11,4,7,21,34.00891111,-81.03876111,12,3,1,2,35,0,0,35
450931,11,22,4,19,32.93888889,-80.03991944,8,3,1,1,45,0,0,45
450932,11,23,5,1,32.77825,-80.10618333,31,2,1,1,85,1,1,45
450933,11,24,6,21,33.57852222,-81.10694722,9,2,1,1,55,0,0,55
450934,12,4,2,13,33.20441944,-79.98746111,8,1,1,1,45,0,0,45
450935,12,5,3,18,32.80178889,-80.01725,8,3,1,1,45,0,0,45
450936,12,6,4,0,33.67681111,-78.90243889,33,3,1,1,40,1,0,40
450937,12,6,4,1,34.77411944,-82.27283889,12,2,1,2,65,0,0,65
450938,12,9,7,11,33.82354444,-80.29013889,34,1,1,1,55,1,0,55
450939,10,22,1,14,33.76348889,-81.24546944,42,1,1,1,65,1,1,35
450940,12,16,7,1,34.3025,-79.88333056,42,2,1,1,65,1,0,45
450941,12,29,6,19,34.06106944,-80.99171944,33,3,1,1,45,1,1,45
450942,10,30,2,16,34.05703056,-81.00081944,12,1,1,2,20,0,0,40
450943,11,10,6,1,34.05721944,-81.0006,8,3,1,1,40,0,0,40
450944,11,16,5,16,32.82661111,-80.03003889,12,1,1,3,80,1,0,60
450945,12,27,4,0,32.72646944,-80.25938611,18,2,2,1,35,1,0,35
450946,12,26,3,14,32.74993056,-80.17363056,12,1,10,2,55,1,0,55
450947,8,2,4,13,33.69519444,-80.21080556,8,1,1,1,15,0,0,35
450948,12,25,2,18,32.97927222,-80.02548333,7,2,2,2,0,0,0,40
450949,12,16,7,23,34.67698056,-79.74458056,12,2,10,2,39,0,1,60
450950,12,10,1,5,34.85126944,-82.27793611,12,2,2,4,57,1,0,60
450951,11,16,5,14,33.79712222,-81.04625278,35,1,1,1,55,1,0,55
450952,11,16,5,20,34.10932222,-81.02565278,8,2,1,1,88,0,0,45
450953,10,25,4,22,34.98958056,-82.00054444,57,2,1,4,140,1,0,70
450954,10,25,4,14,34.81966389,-81.10598333,12,1,1,3,103,0,1,55
450955,10,7,7,19,32.98975278,-80.08442222,8,2,1,3,65,0,0,65
450956,9,29,6,20,33.93293611,-80.96998333,12,3,1,2,81,1,0,45
450957,9,29,6,15,35.14881389,-81.88405556,53,1,1,1,109,3,0,45
450958,9,22,6,7,34.84588889,-80.99342222,42,1,1,1,35,1,0,55
450959,5,17,4,16,33.53541667,-81.83397222,12,1,1,2,45,0,0,45
450960,4,15,7,22,32.64011111,-80.87273333,34,2,1,1,10,1,0,25
450961,9,18,2,13,34.96924722,-81.25946944,42,1,1,1,45,1,0,45
450962,10,7,7,13,34.05726944,-81.01316111,31,1,1,1,50,1,1,45
450963,10,13,6,19,34.99389722,-81.99648611,24,5,2,1,55,1,0,70
450964,10,14,7,23,35.07935278,-81.26904444,11,2,1,1,45,1,0,45
450966,10,28,7,2,34.66469722,-83.09644167,30,3,1,1,60,1,1,30
450967,11,9,5,18,34.54594444,-82.43247778,8,2,1,1,55,0,0,55
450968,11,23,5,16,34.69663056,-79.78743611,1,1,1,1,60,1,0,60
450969,12,4,2,22,33.01899444,-80.12325278,38,2,1,1,80,1,0,45
450970,12,6,4,17,34.19605278,-82.25176944,42,5,1,1,45,1,1,45
450971,12,8,6,10,34.71898611,-81.63962778,12,1,1,2,45,0,0,45
450972,12,12,3,5,34.10135556,-79.78024444,12,2,1,2,20,0,0,60
450973,12,12,3,11,34.01690278,-79.61776944,12,1,1,2,10,0,0,60
450974,12,13,4,14,33.87757222,-81.37999722,12,1,1,4,0,0,0,70
450975,12,14,5,18,32.25466111,-81.0781,12,2,1,2,0,0,0,60
450976,12,16,7,1,33.54666944,-81.67793056,12,6,1,2,45,0,0,45
450977,12,21,5,14,33.53733611,-80.83447778,8,1,1,1,43,0,0,45
450978,12,23,7,18,34.93175,-82.22248889,8,3,1,1,60,0,0,35
450979,12,24,1,1,33.90313333,-81.14448056,12,6,1,2,50,1,0,45
450980,12,26,3,21,33.68736111,-78.95624722,12,2,1,2,45,0,0,55
450981,12,30,7,18,33.04658056,-80.22298889,10,2,1,1,50,1,1,45
450982,11,30,5,17,34.08773889,-80.95953056,12,1,1,6,45,0,0,45
450983,12,29,6,14,34.01887222,-81.09267778,12,1,10,3,57,0,0,60
450984,6,19,2,19,32.86703056,-79.90755,12,5,2,2,40,0,0,65
450985,12,14,5,12,33.57316111,-81.67371111,12,1,1,2,45,0,0,45
450986,12,14,5,21,34.91003889,-82.32606111,8,6,1,1,40,0,0,45
460001,1,11,4,21,43.66549722,-97.69308611,1,2,11,1,82,1,0,80
460002,1,9,2,6,45.90491111,-100.8108972,12,4,1,2,65,1,0,65
460003,1,25,4,10,43.42409722,-96.79645,1,1,11,1,75,1,0,80
460004,2,1,4,14,43.30065556,-99.87026944,24,1,1,1,45,1,0,45
460005,1,1,1,4,43.08224444,-98.45518611,8,2,1,1,999,0,0,65
460006,2,14,3,12,43.08370833,-96.74307222,12,1,2,3,63,1,0,65
460007,2,20,2,6,43.46040278,-96.68770833,12,4,1,2,32,1,0,35
460008,2,11,7,10,43.5582,-96.77544444,38,1,1,1,999,1,0,35
460009,2,5,1,13,43.83394444,-98.17073056,1,1,1,1,108,1,0,55
460010,2,11,7,17,43.54856111,-96.74401389,12,5,1,2,80,1,0,30
460011,2,10,6,4,44.07243056,-103.1424889,18,2,1,1,80,1,0,25
460012,2,21,3,23,44.47841111,-103.7412306,21,2,4,1,68,1,0,75
460013,3,10,6,1,43.02412222,-99.44404722,1,2,10,1,67,1,1,55
460014,3,10,6,17,44.32714444,-98.21425556,12,1,10,2,92,0,1,55
460015,3,14,3,9,45.79024167,-97.595,12,1,11,2,61,1,0,65
460016,3,17,6,10,43.38834167,-96.80241667,12,1,1,2,55,1,0,55
460017,3,17,6,22,43.57722222,-96.79106667,8,1,1,1,999,0,0,40
460018,3,8,4,20,43.37126389,-103.3976583,1,2,4,1,55,1,0,70
460019,4,7,6,15,44.99098889,-97.267525,12,1,1,2,68,1,0,65
460020,4,8,7,10,43.305675,-102.4679778,1,1,1,1,81,2,1,55
460021,4,29,7,23,44.88210278,-98.51313056,35,2,1,1,85,1,1,35
460022,4,16,1,18,44.22479722,-97.06946667,1,1,1,1,999,1,1,55
460023,4,27,5,15,43.886425,-100.8490194,1,1,1,1,80,1,0,80
460024,4,19,4,22,44.02798056,-99.50781667,1,2,1,1,999,2,0,55
460025,4,29,7,20,45.7606,-101.0091556,1,5,1,1,48,1,0,55