ST_CASE,MONTH,DAY,DAY_WEEK,HOUR,LATITUDE,LONGITUD,HARM_EV,LGT_COND,WEATHER,VE_FORMS,TRAV_SP,DEATHS,DR_DRINK,VSPD_LIM
470262,4,4,3,5,35.77656111,-84.35118056,24,2,10,1,998,1,0,70
470263,4,5,4,11,35.27303056,-87.31896111,9,1,1,1,998,0,0,35
470264,4,6,5,11,35.07845278,-89.95313889,12,1,2,3,998,1,0,40
470265,3,4,7,11,36.46966111,-83.24338889,12,1,1,2,998,0,0,50
470266,3,26,1,17,35.41431111,-89.2803,34,1,1,1,998,1,0,55
470267,4,3,2,9,35.00583056,-85.52353889,42,1,2,1,998,1,0,70
470268,4,5,4,13,36.07478889,-83.77103889,12,1,1,3,998,1,0,55
470269,4,9,1,1,35.08729722,-90.07983889,35,2,1,1,998,1,1,35
470270,4,9,1,12,35.90461944,-83.73398889,38,1,1,1,998,1,0,35
470271,4,9,1,15,35.11678056,-90.00675,33,1,1,1,998,0,0,35
470272,3,18,7,0,36.20591111,-86.76895,8,3,1,1,998,0,0,40
470273,4,2,1,4,35.48476944,-89.2725,57,2,1,2,998,0,1,70
470274,4,8,7,4,36.21503889,-86.76403056,30,3,1,1,998,1,1,40
470275,4,9,1,14,36.17526944,-86.79266111,12,1,1,2,998,0,0,40
470276,4,9,1,17,36.15581944,-85.28795,1,1,1,2,998,1,1,35
470277,4,10,2,18,35.05018056,-89.99976111,8,1,1,1,998,0,0,25
470278,4,10,2,21,35.83661944,-88.90431111,8,2,1,2,998,0,0,55
470279,4,8,7,16,36.52283056,-87.2174,12,1,1,2,998,2,0,70
470280,4,2,1,19,35.31871111,-84.74976944,1,1,1,1,998,1,1,55
470282,4,5,4,17,36.54852222,-82.51251111,12,1,1,2,998,1,0,45
470283,4,11,3,7,36.31275,-87.04793056,12,1,1,3,998,0,0,45
470284,4,11,3,15,35.02102222,-90.00753056,12,1,1,2,998,3,0,40
470285,4,7,6,3,36.14951944,-83.88876111,12,2,98,2,998,0,0,30
470286,4,12,4,17,35.6813,-88.85536111,12,1,1,2,998,1,0,55
470287,4,11,3,11,35.73491111,-83.69001944,12,1,1,2,998,1,0,25
470288,4,12,4,9,35.06878889,-89.94438056,12,1,1,2,998,1,0,40
470289,4,10,2,20,36.41888889,-86.45651944,12,2,1,2,998,1,0,40
470290,4,12,4,5,35.85680278,-84.024275,15,2,1,1,998,0,0,65
470291,4,5,4,15,35.32896944,-87.69176111,54,1,3,2,998,0,0,65
470292,4,9,1,99,36.61748889,-85.79498889,12,2,1,2,998,1,1,55
470293,4,13,5,17,36.2407,-86.88946111,24,1,1,1,998,1,1,30
470294,4,14,6,19,35.19178333,-89.93336389,12,3,1,3,998,2,1,65
470295,4,8,7,13,36.17568889,-86.52735,12,1,2,2,998,1,1,35
470296,4,16,1,0,35.90403056,-83.84576111,8,2,10,1,998,0,0,50
470297,4,16,1,99,35.61666944,-88.59306944,32,2,2,1,998,1,1,55
470298,1,14,7,0,35.20561111,-89.77003889,14,2,1,1,998,0,0,65
470299,4,13,5,15,35.35093889,-84.30546111,12,1,10,2,998,1,0,55
470302,4,16,1,20,36.04485,-86.66313056,8,3,1,1,998,0,0,40
470303,4,17,2,22,35.22263333,-89.95626944,12,3,1,3,998,0,0,50
470304,4,14,6,11,36.10428056,-88.48998056,12,1,1,2,0,1,0,65
470305,4,15,7,0,35.9279,-86.86745,33,3,1,1,998,1,1,30
470307,4,14,6,14,36.49465,-84.23721944,42,1,1,1,998,1,0,55
470308,4,18,3,8,35.00153056,-85.13941389,12,1,1,2,998,1,0,40
470309,4,18,3,10,36.56959722,-87.28715278,33,1,1,1,998,1,0,45
470310,4,19,4,6,35.15306944,-89.88861111,12,1,1,2,998,0,0,40
470311,4,19,4,10,35.05789722,-90.05971111,12,1,1,2,998,0,0,45
470312,4,19,4,11,36.30275,-86.69185,12,1,1,2,998,1,0,45
470313,4,19,4,17,35.06370556,-90.05863056,12,1,1,2,998,0,0,45
470314,3,21,3,19,35.62803056,-87.1055,12,2,2,2,998,1,0,65
470315,4,10,2,8,35.35161944,-85.39475,12,1,1,2,998,1,0,45
470317,4,10,2,23,35.51598889,-86.40423889,12,2,1,2,998,1,0,55
470318,4,18,3,7,35.55293889,-84.45611111,12,1,1,2,998,0,0,55
470319,4,2,1,18,35.09635,-89.895775,12,5,1,2,998,1,0,30
470320,4,15,7,17,36.39681111,-86.31681944,12,1,1,3,998,0,0,55
470321,4,15,7,20,35.21086667,-89.95287778,24,3,2,1,998,1,0,40
470322,4,20,5,23,35.98206944,-83.6079,33,3,1,1,998,1,1,25
470323,4,16,1,0,36.26951111,-86.33461111,35,2,1,1,998,1,1,45
470324,4,21,6,6,35.93635278,-84.00263889,12,4,1,2,998,1,0,25
470325,4,23,1,3,35.059225,-85.23020833,32,3,1,1,998,1,1,35
470326,4,21,6,16,36.09371944,-85.58025,12,1,2,2,998,1,0,45
470327,4,4,3,15,35.8974,-86.4442,12,1,1,2,998,1,0,55
470328,4,24,2,7,35.036025,-89.96385,12,1,1,2,998,0,0,45
470329,4,18,3,14,36.56713056,-86.62075,12,1,1,5,998,0,0,60
470330,4,22,7,22,36.45863889,-86.04638889,12,2,1,2,998,0,1,55
470331,4,23,1,5,36.56626944,-87.02678889,12,2,1,2,0,0,0,55
470332,4,25,3,2,35.02035,-89.86623889,12,3,1,2,998,0,0,45
470333,4,12,4,6,36.62217778,-86.55550833,12,1,1,2,998,0,0,40
470334,4,13,5,18,36.41623889,-88.71586944,32,1,1,1,998,1,0,98
470335,4,22,7,99,36.33196111,-86.2487,8,2,1,1,998,0,0,40
470336,4,26,4,17,35.13199722,-90.00058056,12,5,1,3,998,1,1,35
470337,4,9,1,1,35.99018056,-86.49343056,12,3,1,2,998,0,1,45
470338,4,26,4,20,35.02035,-90.11503889,8,2,1,1,998,0,0,35
470339,4,25,3,15,36.14533889,-88.136,12,1,1,2,998,1,0,55
470340,4,21,6,5,35.84928056,-83.78611944,12,2,1,2,998,0,1,45
470341,4,21,6,99,35.62368056,-87.00536944,38,2,1,1,998,1,1,50
470342,4,23,1,11,35.43581111,-89.7997,42,1,1,1,998,1,0,55
470343,4,24,2,16,36.50855,-83.49373056,1,1,1,1,998,1,0,45
470344,4,24,2,20,35.82051111,-83.52198889,30,2,1,1,998,1,0,35
470345,4,28,6,6,35.58593889,-86.23648889,12,1,2,3,998,1,0,70
470346,4,25,3,14,35.81596944,-84.33785,24,1,1,1,998,1,1,45
470347,4,29,7,21,35.50351944,-86.09393889,42,2,1,1,998,1,1,70
470348,4,29,7,21,35.13513056,-90.00310556,8,2,1,1,998,0,0,40
470349,4,30,1,16,35.03620556,-90.1047,8,1,1,1,998,0,0,20
470350,4,23,1,2,35.42928056,-89.65493889,42,2,10,1,998,1,0,55
470351,4,28,6,16,34.99506111,-85.08373889,1,1,1,2,998,1,1,45
470352,5,1,2,3,35.73723889,-84.03863889,42,2,1,1,998,1,0,35
470353,4,26,4,11,36.56048056,-86.50961111,12,1,1,3,998,0,1,45
470354,4,29,7,20,36.08153056,-86.71406944,8,3,1,1,998,0,0,40
470355,5,2,3,19,36.17956944,-85.9486,8,1,1,1,998,0,0,45
470356,5,2,3,99,36.20091944,-84.03256944,32,2,1,1,998,1,1,40
470357,4,19,4,21,36.23821111,-86.62928889,12,3,99,2,998,0,0,0
470358,4,5,4,13,36.14506111,-86.81236111,8,1,1,1,998,0,0,25
470359,4,24,2,6,36.2786,-82.23251111,12,4,1,2,998,0,0,50
470360,4,30,1,0,36.15346111,-86.76375,12,3,1,2,998,1,0,55
470361,5,3,4,6,36.17854167,-82.78409722,33,4,1,3,998,1,0,40
470362,5,3,4,23,36.08479167,-86.60604167,30,3,1,1,998,1,0,25
470364,5,3,4,20,35.34051389,-89.91088056,8,3,1,1,998,0,0,40
470365,4,30,1,3,35.95544167,-83.88117222,30,3,10,1,998,1,1,35
470366,4,29,7,18,36.23031111,-86.58253056,12,1,1,2,998,0,1,35
470367,5,4,5,12,36.52644722,-87.34592778,12,1,1,2,998,1,0,35
470368,5,5,6,19,35.10890278,-89.99573611,33,5,1,1,998,1,1,35
470369,5,5,6,20,35.75615833,-83.92650833,31,2,1,1,998,1,1,45
470370,5,6,7,0,35.23547778,-89.96638056,33,3,1,1,998,1,1,30
470371,5,6,7,1,35.07701389,-89.98536111,1,3,1,1,998,1,1,65
470372,4,27,5,18,36.07328056,-88.04823056,32,2,10,1,998,1,0,45
470373,5,3,4,15,35.33318056,-89.06225,12,1,1,2,998,1,0,55
470374,5,3,4,17,35.44578056,-85.06818889,12,1,1,2,998,1,0,55
470375,5,5,6,13,36.14398889,-82.81881111,34,1,1,1,998,1,0,30
470376,5,6,7,19,35.98011944,-84.33433056,33,1,1,1,998,2,0,45
470377,4,9,1,99,35.94311944,-86.5704,35,2,10,1,998,1,1,55
470378,5,5,6,3,35.15001111,-84.84908056,1,2,1,1,998,1,1,55
470379,5,5,6,17,36.52823056,-82.92825,42,1,1,1,998,1,0,30
470380,5,8,2,17,36.3938,-82.44838056,59,1,1,1,998,1,0,65
470381,4,15,7,12,35.8761,-85.47038056,12,1,1,2,998,1,0,55
470382,4,25,3,21,35.92306111,-84.49651944,42,2,1,1,998,1,0,35
470383,5,8,2,9,36.0303,-88.8111,12,1,1,2,0,1,0,65
470384,4,29,7,14,35.24453333,-89.9518,12,1,2,2,998,1,0,30
470385,5,7,1,4,35.02403611,-85.27800278,33,3,1,1,998,1,0,35
470386,5,9,3,7,36.39676111,-86.38666944,12,1,1,2,998,1,0,45
470387,5,7,1,1,36.12533056,-86.70933889,30,3,1,1,998,1,1,45
470388,3,11,7,22,35.69543056,-85.74708056,30,3,2,1,998,1,0,10
470389,4,30,1,11,35.0354,-90.07321944,12,1,1,2,998,0,0,45
470390,5,3,4,13,35.72021111,-86.31886111,12,1,1,2,998,1,0,70
470391,5,10,4,1,35.27913056,-84.5468,33,2,1,1,998,1,1,55
470392,4,6,5,9,35.86248889,-86.42948889,12,1,10,2,998,1,0,45
470393,5,4,5,22,35.45115,-87.26681111,1,2,1,2,998,0,0,50
470394,4,1,7,2,36.38886944,-87.99988889,5,3,1,1,998,1,0,30
470395,4,13,5,21,36.50898889,-84.20061944,1,2,1,1,998,1,0,65
470396,4,21,6,18,35.3417,-86.37223889,12,1,10,2,998,0,0,55
470397,5,6,7,18,36.14538056,-86.48261944,12,1,1,2,998,1,0,35
470398,5,7,1,9,35.52533056,-84.19321944,1,1,10,1,998,1,0,45
470399,5,9,3,19,36.16376944,-86.87478889,35,2,1,1,998,1,0,98
470400,5,10,4,19,36.08663056,-83.93998056,1,1,1,1,998,1,0,45
470401,5,10,4,20,36.21211944,-82.12346944,12,2,1,2,998,0,0,55
470402,5,8,2,20,35.16826111,-89.79323611,12,3,1,2,998,1,0,45
470403,5,12,6,10,36.63301389,-87.42398611,39,1,10,1,998,1,0,45
470404,5,12,6,12,35.74743889,-88.68845,42,1,10,1,998,1,1,45
470405,5,13,7,9,35.72041111,-85.53558889,34,1,10,1,998,1,0,55
470406,5,13,7,19,35.18557778,-89.87008889,12,5,1,2,998,0,0,0
470407,5,14,1,22,35.73467222,-83.98743889,34,3,1,1,998,1,0,30
470408,5,7,1,10,35.75108056,-86.46021111,12,1,1,2,998,0,0,45
470409,5,7,1,15,35.6074,-84.53526944,53,1,1,1,998,1,0,55
470410,5,11,5,19,36.00593056,-83.534,12,1,1,2,998,1,0,60
470411,5,13,7,12,35.18655833,-89.92998611,33,1,1,1,998,1,0,99
470412,5,15,2,8,35.06205833,-89.89167778,12,1,1,3,998,0,0,40
470413,5,15,2,14,35.88786944,-83.44743056,12,1,1,2,998,1,0,55
470415,5,6,7,23,35.0512,-85.64115,1,2,1,2,998,1,1,70
470416,5,7,1,21,35.93809722,-83.90871667,8,3,2,1,998,0,0,45
470417,5,13,7,10,35.56746111,-87.58733056,34,1,2,1,998,1,0,55
470418,5,13,7,20,35.020475,-89.79602222,12,3,1,3,998,1,0,45
470419,5,15,2,16,36.56044444,-87.23488056,12,1,1,2,998,0,0,40
470420,5,18,5,11,35.00420278,-90.00731944,12,1,1,2,998,0,0,45
470421,5,12,6,22,35.21996944,-85.2107,12,2,1,2,998,1,1,65
470422,5,13,7,1,36.21215,-83.82948056,17,2,10,1,998,1,1,45
470423,5,16,3,16,35.36406944,-84.59973056,12,1,1,2,998,2,0,40
470424,5,19,6,3,35.08444722,-89.88003056,12,2,1,3,998,1,0,55
470425,5,18,5,99,36.34228889,-89.47703056,59,1,1,1,998,1,1,55
470426,5,16,3,99,35.16458056,-84.40988889,1,5,2,1,998,1,0,25
470427,5,20,7,12,36.30778889,-83.29168889,12,1,10,2,998,1,0,55
470428,5,20,7,15,36.33756111,-82.82708889,34,1,1,1,998,1,0,30
470430,5,15,2,3,35.95117222,-83.94279444,52,3,1,1,998,1,1,55
470431,5,21,1,18,35.82696111,-83.80893056,12,1,1,3,998,0,1,45
470432,5,14,1,15,35.83495,-83.78696944,12,1,2,2,998,0,0,30
470433,5,15,2,20,36.20083056,-86.99723889,42,2,1,1,998,1,0,45
470434,5,17,4,19,35.67043056,-89.3039,42,6,1,1,998,2,0,40
470435,5,18,5,10,36.13788889,-83.27506111,35,1,10,1,998,1,1,70
470436,5,18,5,17,36.43465,-83.6134,12,1,1,2,998,0,0,45
470437,5,18,5,16,35.07237222,-89.86343333,12,1,1,3,998,0,0,45
470438,5,20,7,3,35.22333889,-85.05943056,34,2,1,1,998,2,1,45
470441,5,18,5,99,34.99353056,-85.60338056,41,1,1,1,998,1,0,55
470442,5,20,7,14,35.29193889,-85.38081111,12,1,2,2,998,1,0,45
470443,5,20,7,23,35.17136944,-85.9681,1,2,1,1,998,1,1,35
470444,5,15,2,8,36.14723889,-84.63855,12,1,1,2,998,0,0,55
470445,5,19,6,9,35.20881111,-86.05891111,1,1,1,1,998,1,0,30
470446,5,24,4,10,35.30051944,-88.35671111,12,1,1,2,998,2,0,55
470447,5,25,5,4,36.0653,-83.94358056,34,2,1,1,998,1,0,25
470448,5,17,4,13,35.28806944,-89.05078889,12,1,1,2,998,0,0,65
470449,5,19,6,6,36.46091111,-87.11508889,42,1,10,1,998,1,0,70
470450,5,19,6,13,35.51808889,-84.29576944,35,1,1,1,998,1,0,45
470451,5,21,1,13,35.36071111,-84.12253056,1,1,1,1,998,1,0,40
470452,5,6,7,20,36.01373889,-83.81336944,53,1,98,1,998,1,1,20
470453,5,12,6,22,36.55215,-84.13973056,1,2,1,1,998,1,0,65
470454,5,15,2,13,35.80396944,-86.01986111,35,1,1,1,998,1,0,55
470455,5,24,4,19,35.87833889,-83.77293889,12,1,1,2,998,1,1,45
470456,5,20,7,14,36.31251944,-82.19713889,12,1,1,2,998,0,0,45
470457,5,28,1,99,35.22343333,-89.96051111,12,9,1,2,998,1,1,35
470458,5,19,6,22,36.37668056,-86.74878889,12,3,1,2,998,0,0,30
470459,5,26,6,0,36.21165,-83.03411111,34,2,10,1,998,1,0,35
470460,5,25,5,21,35.7288,-86.95903889,35,2,1,1,998,1,1,55
470461,5,29,2,22,36.63835833,-87.43581667,12,3,1,2,998,0,0,45
470463,5,25,5,14,35.40266944,-85.10296111,12,1,1,2,998,0,0,55
470464,5,31,4,13,35.96001944,-83.92046944,12,1,1,2,998,1,0,45
470465,5,26,6,11,36.59076944,-83.53096944,1,1,1,1,998,1,0,35
470466,5,27,7,20,36.19526111,-85.02056944,30,5,1,2,998,1,1,45
470467,5,27,7,23,36.24805,-86.72033056,8,3,1,1,998,0,0,40
470468,5,28,1,1,36.06255,-86.77191944,12,3,1,2,998,1,0,70
470469,5,25,5,10,35.14868611,-90.04984167,10,1,1,1,998,1,0,45
470470,5,28,1,23,35.56011111,-88.00728889,1,3,1,1,998,1,1,5
470471,5,31,4,22,35.24416944,-84.84468056,8,2,1,1,998,0,0,70
470472,6,1,5,18,35.17421111,-89.97281111,12,1,1,2,998,1,0,40
470473,5,1,2,1,35.56643889,-86.47018056,15,2,1,1,998,0,0,45
470474,5,19,6,21,35.85026111,-86.43818889,12,2,1,2,998,1,0,70
470475,5,27,7,17,35.64515,-87.82268056,1,1,1,1,998,1,1,55
470476,5,27,7,18,36.01986944,-87.26026111,12,1,1,2,0,1,0,70
470477,6,1,5,19,35.02625278,-89.93201944,38,5,1,1,998,1,0,40
470478,6,2,6,10,36.14878889,-82.71016944,12,1,1,3,0,0,0,55
470479,6,2,6,21,36.58688889,-87.29663889,12,3,1,3,998,0,0,0
470480,5,20,7,12,36.10778056,-88.49063056,12,1,10,2,998,1,0,65
470481,6,4,1,0,35.01446111,-85.27366111,8,3,1,1,998,0,0,55
470482,5,27,7,1,36.20661944,-86.7779,12,3,1,2,998,1,1,35
470483,5,30,3,21,36.12583889,-86.71001944,8,2,1,1,998,0,1,40
470484,5,30,3,22,36.26276944,-89.47206944,9,2,1,1,998,0,0,55
470485,5,28,1,22,34.99529167,-89.87911944,14,2,1,1,998,0,1,55
470486,6,4,1,19,35.9201,-83.86031944,12,6,10,3,998,1,0,45
470487,6,5,2,15,36.15365,-86.88358056,8,1,1,1,998,0,0,30
470488,4,19,4,15,35.66135,-88.82836111,12,1,98,2,998,1,0,40
470489,6,4,1,17,35.15280278,-89.75940278,12,1,1,2,998,1,0,40
470490,6,5,2,17,36.06941944,-87.48148056,1,1,10,1,998,1,1,45
470491,6,5,2,16,36.34651111,-83.45903056,17,1,1,1,998,1,0,45
470492,4,27,5,18,36.01046111,-83.97138889,43,1,2,1,998,1,0,35
470493,6,6,3,15,36.04206111,-84.02441111,42,1,98,1,998,1,1,30
470494,6,7,4,3,35.07945278,-90.05733889,52,3,1,1,998,1,1,45
470495,6,7,4,7,36.50198889,-87.28715833,12,4,1,5,998,0,0,40
470496,5,28,1,11,35.27116944,-89.35578889,12,1,1,2,998,1,0,45
470497,4,12,4,18,35.26581111,-85.46496944,12,1,1,3,998,0,0,55
470498,5,4,5,12,35.03268333,-89.78681111,35,1,1,1,998,1,0,65
470499,5,26,6,14,36.34874722,-82.37826111,34,1,1,1,998,1,0,60
470500,6,4,1,5,35.8611,-86.36658056,34,4,1,1,998,1,0,40
470501,6,10,7,19,36.55043056,-87.36908333,11,2,1,1,998,1,0,20
470502,6,11,1,4,35.14353889,-89.9282,12,3,1,2,998,0,1,40
470503,6,6,3,16,35.72151944,-86.01078889,12,1,1,2,998,1,0,45
470504,6,8,5,22,36.10553889,-86.78513889,1,3,1,1,998,1,0,30
470505,6,10,7,18,36.25368056,-86.69966111,42,1,10,1,85,1,1,30
470506,6,1,5,15,36.13501944,-83.71633056,12,1,1,3,998,0,0,0
470507,6,7,4,13,35.90926944,-83.84875,12,1,10,2,998,1,0,0
470509,6,5,2,15,35.14021944,-85.51265,35,1,1,1,998,1,0,30
470510,6,3,7,3,36.30601944,-86.81676111,12,2,1,2,998,1,0,70
470511,6,5,2,20,36.14401111,-86.692,12,3,1,2,998,1,0,65
470512,6,8,5,16,36.13581111,-86.88515,1,1,1,5,998,1,0,40
470513,6,8,5,8,35.04456944,-88.99726944,42,1,10,1,998,1,0,55
470514,6,8,5,18,36.10991111,-86.73433889,12,1,1,2,998,1,1,40
470515,6,10,7,22,36.11093889,-86.74521944,12,3,10,2,998,0,0,40
470516,6,10,7,99,35.94501944,-82.93356111,5,1,1,1,998,1,1,15
470517,5,23,3,14,36.0791,-86.72053889,5,1,1,1,998,1,0,30
470518,6,6,3,18,35.99221944,-83.8892,46,1,1,1,998,1,1,45
470519,6,14,4,0,36.01388056,-84.07943056,34,2,1,1,998,1,1,30
470520,5,13,7,13,35.92756111,-83.49005,42,1,1,1,998,1,0,35
470521,6,9,6,22,36.06768889,-86.68786944,12,3,1,2,97,0,0,70
470522,6,10,7,3,35.60161944,-89.26186944,12,3,1,2,998,1,0,45
470523,6,11,1,0,36.38598889,-86.27471944,8,2,1,1,998,0,0,55
470524,6,11,1,19,36.44331944,-85.22803889,8,5,2,1,998,0,0,55
470525,6,8,5,17,35.89575,-83.53196111,12,1,1,2,998,0,0,35
470526,6,14,4,23,35.73565,-83.52065,42,2,1,1,998,1,0,35
470527,5,29,2,17,36.39416111,-85.63511111,1,1,1,1,998,1,1,55
470528,6,10,7,20,36.41335,-82.73136111,1,1,1,1,998,1,0,30
470529,6,13,3,5,35.09231944,-89.93046667,12,3,2,2,998,0,0,40
470530,6,15,5,6,35.24406944,-85.1823,12,1,1,3,998,0,0,65
470531,6,15,5,16,35.10263611,-85.27574444,12,1,1,2,998,1,0,45
470532,6,16,6,22,35.21148333,-89.92316944,8,3,1,1,998,0,0,40
470533,6,16,6,99,36.27933889,-85.67261111,35,9,99,1,998,1,1,45
470534,6,17,7,99,35.62708056,-88.79766944,12,3,1,2,998,0,0,30
470535,6,8,5,13,36.5288,-81.90906944,12,1,1,2,998,0,0,45
470536,6,12,2,21,36.1584,-84.77501111,34,2,1,1,998,1,0,55
470537,6,9,6,99,35.68813056,-84.95225,35,2,1,1,998,1,0,45
470538,6,12,2,10,35.91363056,-86.46993056,12,1,10,2,998,0,0,40
470539,6,17,7,3,36.07101111,-86.72321944,39,3,1,1,998,1,1,40
470540,6,17,7,19,36.26166111,-82.22871944,24,1,1,1,998,1,1,35
470541,6,18,1,6,36.46046111,-81.86246944,35,1,1,1,998,1,0,45
470543,6,20,3,3,35.43538889,-86.51836944,35,2,2,1,998,1,0,55
470544,6,14,4,19,36.59056944,-86.56046944,12,1,1,2,998,1,0,20
470545,6,18,1,0,36.09433056,-86.75826111,35,3,1,1,998,3,0,40
470546,6,19,2,99,36.07203889,-83.22181944,41,1,98,1,998,1,0,40
470547,5,30,3,20,35.72363056,-89.51225,12,2,1,2,998,1,0,55
470548,6,21,4,15,35.03279167,-85.31898333,12,1,10,2,998,1,0,55
470549,6,21,4,20,36.00028889,-84.02138889,12,1,98,2,998,1,0,40
470550,6,16,6,20,35.90688056,-85.06548889,31,2,1,1,998,1,0,45
470551,6,21,4,17,35.04499444,-90.09698611,12,5,1,3,998,1,0,45
470552,6,22,5,20,35.09829167,-89.89115,8,1,1,2,998,0,0,45
470553,6,18,1,1,35.45473889,-86.1121,42,2,1,1,998,1,1,55
470554,6,4,1,11,35.2072,-90.03326389,12,1,1,2,998,1,0,0
470555,6,18,1,18,35.10072778,-90.01886944,30,1,2,1,998,1,0,40
470556,6,22,5,5,35.07706111,-88.08438889,1,1,1,1,998,1,0,55
470557,6,23,6,3,35.06310833,-90.05920278,8,3,1,1,998,0,0,45
470558,6,24,7,16,35.90918889,-89.41941111,12,1,1,2,998,0,0,65
470559,6,25,1,0,35.10511111,-90.05514444,8,3,1,2,998,0,0,40
470560,6,25,1,0,35.16465,-89.94673056,12,3,1,2,998,0,1,30
470561,6,25,1,4,36.00353889,-83.76831111,12,2,1,3,998,1,0,70
470562,6,10,7,7,35.38116944,-86.88328889,34,1,1,1,998,1,0,70
470563,6,15,5,21,35.82626944,-86.50353889,42,2,1,1,998,1,1,40
470564,6,24,7,13,36.411,-83.65933889,12,1,1,3,998,0,0,55
470565,6,25,1,21,35.05195278,-89.91915,12,3,1,3,998,1,1,40
470566,6,25,1,23,35.19183056,-89.97578889,8,3,1,1,998,0,0,65
470567,6,26,2,22,35.08891111,-90.02558889,8,3,1,1,998,0,0,55
470568,6,26,2,22,35.00413611,-85.21890556,12,3,1,2,998,0,0,55
470569,6,26,2,4,35.21993889,-87.23153889,8,2,1,1,998,0,0,60
470571,6,29,5,2,35.16323611,-89.99596944,12,3,1,2,998,0,0,35
470572,6,28,4,14,35.85731111,-83.7266,12,1,1,2,998,1,0,0
470573,6,17,7,19,35.65616111,-86.35906111,12,1,1,2,998,0,1,55
470574,6,29,5,3,35.00064444,-90.115525,42,3,1,1,998,2,0,45
470575,6,30,6,9,36.17005,-85.02808056,12,1,2,2,998,1,0,55
470576,7,1,7,9,35.59336944,-84.453,1,1,1,1,998,1,0,30
470577,6,27,3,16,36.09778889,-83.27988056,12,1,1,2,998,1,1,35
470578,7,2,1,7,36.16536944,-82.39686944,35,1,1,1,998,0,0,65
470579,7,2,1,14,36.11776111,-86.74868056,12,1,1,2,998,0,0,25
470580,7,3,2,23,35.89618056,-83.84811111,30,2,1,1,998,1,0,25
470581,6,27,3,10,35.55906944,-85.27358056,35,1,1,1,998,1,0,45
470582,6,28,4,8,35.86991111,-85.47261944,12,1,1,2,998,0,0,65
470583,6,26,2,22,34.99831944,-89.64353056,12,2,1,2,998,0,0,65
470584,7,2,1,22,36.33921944,-89.47545,12,2,1,2,998,1,0,55
470585,7,3,2,9,35.7142,-84.86118056,34,1,1,1,998,1,0,55
470586,7,5,4,19,36.14446667,-83.10905,24,1,1,1,998,1,0,30
470587,6,25,1,15,36.30405,-87.0843,53,1,1,1,998,1,0,50
470588,6,27,3,17,36.01285,-83.86751944,12,1,1,2,998,1,0,45
470589,7,3,2,0,35.19343889,-89.76168889,12,3,2,2,998,0,0,40
470590,7,5,4,15,35.19336944,-90.00793889,12,1,1,2,998,0,0,40
470591,7,5,4,17,35.10774167,-90.06238889,12,1,1,2,998,1,0,40
470592,7,5,4,23,35.1417,-89.989425,12,3,1,2,998,0,0,40
470593,7,6,5,7,36.1531,-87.42688889,32,1,1,1,998,1,0,55
470594,6,30,6,20,36.47221111,-86.04281111,12,2,2,2,998,1,1,55
470595,7,2,1,7,36.61683056,-87.12571111,42,1,1,1,998,1,0,50
470596,6,29,5,15,36.41743056,-82.5344,35,1,1,1,998,1,0,35
470597,7,5,4,14,36.03536944,-89.41241944,12,1,1,3,0,0,0,45
470598,7,5,4,13,35.1049,-89.80423056,12,1,1,2,998,1,0,40
470599,7,5,4,23,36.17781944,-86.00355,1,2,1,1,998,1,0,70
470600,7,6,5,0,36.01485,-86.55498056,12,3,1,2,998,1,0,45
470601,7,6,5,20,35.05563333,-90.07306944,12,3,1,2,998,0,0,30
470602,7,4,3,17,35.29571944,-84.5407,12,1,1,2,998,1,0,55
470603,6,30,6,23,35.824875,-84.27389722,12,3,1,2,998,0,0,40
470604,7,8,7,0,36.43806111,-84.07801944,34,2,1,1,998,1,1,45
470605,7,8,7,11,35.04047778,-85.29989167,8,1,1,1,998,0,0,30
470606,6,30,6,22,35.44005,-86.91603056,35,2,1,1,998,1,0,45
470607,7,4,3,21,36.58025,-82.31498889,12,2,1,2,998,0,0,55
470608,7,8,7,17,35.08318611,-89.93126944,33,1,1,2,998,1,1,40
470609,7,9,1,6,36.08623889,-87.04896944,35,4,10,1,998,1,0,70
470610,7,3,2,16,36.53826111,-82.3296,12,1,2,2,998,1,0,40
470611,7,7,6,9,35.82708889,-86.37896111,12,1,1,2,998,1,0,40
470612,6,18,1,99,36.18368889,-86.15621111,1,2,98,1,998,1,1,70
470613,6,30,6,9,36.13853889,-86.48195,35,1,1,1,998,1,0,35
470614,7,7,6,17,35.46583056,-88.15445,34,1,1,1,998,1,0,55
470615,7,10,2,16,35.5413,-86.21313889,12,1,1,2,998,1,1,55
470616,7,2,1,14,35.80866111,-83.24911111,12,1,1,2,998,1,1,45
470617,7,4,3,7,35.13471111,-89.84028056,12,1,1,2,998,0,0,45
470618,7,10,2,18,36.40053056,-87.28276111,1,1,1,1,998,1,1,45
470619,7,7,6,8,35.27403889,-85.45868056,12,1,1,3,998,0,0,55
470620,7,7,6,11,35.11138611,-89.91846944,31,1,1,1,998,1,0,35
470621,6,29,5,22,36.0707,-86.63488889,8,3,1,1,37,0,0,45
470622,7,7,6,17,36.50491111,-84.09391111,12,1,1,2,998,0,0,45
470623,7,12,4,19,36.2388,-82.46251944,42,1,1,1,998,1,0,35
470624,7,13,5,0,35.20091111,-89.912475,8,3,1,1,998,0,0,45
470626,7,10,2,15,36.0368,-84.08348056,38,1,1,1,998,1,0,30
470627,7,12,4,17,35.14671111,-84.83213889,12,1,1,2,998,1,0,45