ST_CASE,MONTH,DAY,DAY_WEEK,HOUR,LATITUDE,LONGITUD,HARM_EV,LGT_COND,WEATHER,VE_FORMS,TRAV_SP,DEATHS,DR_DRINK,VSPD_LIM
480439,2,23,5,11,30.46674167,-97.80443056,12,1,1,3,998,1,0,30
480440,2,19,1,18,32.11847778,-99.13071944,8,2,1,1,998,0,0,75
480441,2,16,5,21,28.77082778,-97.09632222,12,2,1,2,998,1,0,45
480443,2,22,4,13,32.55479444,-94.75186944,12,1,1,2,998,1,0,50
480444,2,5,1,15,33.33798611,-94.45673611,12,1,1,2,998,0,0,70
480445,2,17,6,21,29.89798611,-95.51828889,8,2,1,1,998,0,0,45
480446,2,8,4,21,29.65241667,-95.22555833,5,3,10,1,998,1,1,35
480447,2,3,6,14,32.73408611,-96.66566667,12,1,1,3,998,0,0,40
480448,2,19,1,23,32.02591111,-102.4310278,12,2,1,2,998,0,1,75
480449,2,22,4,22,32.73421667,-101.967325,12,3,10,2,998,0,0,30
480450,2,9,5,18,29.66781667,-95.422475,12,3,1,2,998,2,1,35
480451,2,26,1,4,29.33531389,-95.42600278,14,2,10,1,998,1,1,65
480452,2,10,6,7,29.33676111,-99.17654722,12,1,1,2,998,1,0,55
480453,1,12,5,5,29.84238333,-94.988525,8,2,2,1,998,0,0,45
480454,2,9,5,19,32.17858889,-102.1234139,12,2,10,4,998,0,0,75
480455,2,10,6,14,33.43665,-96.34155833,12,1,10,2,998,1,0,98
480456,2,20,2,21,33.23611111,-97.06606667,12,2,1,2,998,1,1,50
480457,2,24,6,8,29.8589,-97.93836944,5,1,10,1,998,1,0,0
480458,2,23,5,0,30.63746111,-96.29456667,12,2,1,2,998,0,1,55
480459,2,25,7,20,30.42257222,-97.67196389,8,3,1,1,998,0,0,65
480460,2,25,7,8,32.70307778,-96.59798056,12,1,10,3,998,0,0,99
480461,2,19,1,23,29.70695556,-95.30320556,8,2,1,2,998,0,1,60
480462,2,11,7,9,27.01776667,-97.79426111,8,1,1,1,998,0,0,75
480463,2,19,1,22,31.33371389,-95.42909722,12,2,1,2,998,1,1,60
480464,2,20,2,11,29.77162778,-96.03549167,93,1,1,1,998,1,1,35
480465,2,12,1,9,32.94316667,-96.74223056,33,1,1,1,998,1,0,40
480466,2,8,4,23,29.78705,-95.79296389,12,3,1,2,998,1,0,0
480467,2,4,7,22,29.67749444,-95.42507222,25,3,1,2,998,1,0,60
480468,2,14,3,15,29.940175,-95.29289167,12,1,1,3,998,1,0,65
480469,2,21,3,22,26.25386667,-98.52106667,8,2,1,1,998,0,0,50
480470,1,29,1,0,29.726075,-95.48555278,20,2,2,1,998,1,1,60
480471,2,19,1,15,29.52114444,-95.87913889,12,1,1,2,998,1,0,55
480472,2,19,1,22,32.21992222,-101.4706639,1,3,1,1,998,1,1,55
480473,2,24,6,16,31.97364167,-102.1163028,12,1,1,2,998,0,0,30
480474,2,19,1,10,32.13121111,-96.56549722,38,1,1,1,998,1,0,60
480475,2,15,4,7,32.795375,-96.693625,8,4,1,1,998,0,0,65
480476,2,21,3,21,32.70621667,-97.32026944,12,3,1,2,998,0,0,40
480477,2,3,6,14,31.55334444,-100.5194056,52,1,1,1,998,2,0,75
480478,2,25,7,21,31.56989444,-97.16849167,12,1,1,2,998,1,0,98
480479,2,27,2,7,32.45773889,-96.93840556,12,1,1,2,998,1,0,98
480480,2,8,4,16,29.96583611,-95.41190556,12,1,2,4,998,0,0,45
480481,2,24,6,4,32.73973889,-96.39446111,42,2,1,1,998,1,0,70
480482,2,7,3,18,29.94490833,-95.56555278,33,1,10,3,998,1,0,40
480483,2,20,2,22,32.76371944,-96.74916944,38,3,1,1,998,1,1,0
480484,2,20,2,21,32.75126389,-96.68281389,8,3,1,1,998,0,0,40
480485,2,20,2,20,32.73068333,-96.64843611,8,2,1,1,998,0,0,40
480486,2,27,2,17,32.84253889,-97.53329167,1,1,1,1,998,1,0,45
480487,2,14,3,15,32.65917778,-95.48935556,12,1,1,2,998,1,0,35
480488,2,21,3,10,33.51466667,-94.28926111,12,1,1,3,998,0,0,55
480489,2,23,5,5,29.89598333,-94.69895833,12,2,1,3,998,1,0,60
480490,2,25,7,15,30.43391389,-97.49598333,12,1,10,2,998,1,0,98
480491,2,17,6,18,28.55746667,-99.83544444,12,2,1,2,998,1,0,75
480492,2,18,7,0,28.58126111,-99.50660833,12,2,1,2,998,1,0,75
480493,2,24,6,21,27.71384722,-97.38295556,33,3,1,1,998,1,0,60
480494,2,21,3,6,30.26968611,-95.35123889,12,2,10,2,998,1,0,50
480495,2,26,1,13,30.65269444,-96.33579167,12,1,1,2,998,0,0,35
480496,2,22,4,6,29.94404444,-98.87406944,14,4,1,2,998,1,0,75
480497,2,27,2,21,29.41303889,-98.55633333,8,3,1,2,998,0,0,45
480499,1,23,2,0,32.75998056,-97.01319167,59,2,1,1,998,1,1,40
480500,2,24,6,7,32.66601944,-97.20259722,59,1,1,1,998,1,0,70
480501,2,15,4,19,29.78570278,-95.82079167,9,3,10,1,998,0,0,35
480502,2,11,7,10,30.45621667,-96.66067778,12,1,1,3,998,1,0,70
480503,2,16,5,16,33.51212222,-94.40754722,12,1,10,2,998,1,0,70
480504,2,9,5,9,29.48203056,-98.37180556,35,1,1,1,998,1,0,40
480505,2,10,6,19,33.17597778,-97.11314167,12,3,1,2,998,1,0,40
480506,2,18,7,12,32.73431944,-96.70023889,12,1,10,3,998,1,0,35
480507,2,24,6,18,31.55976389,-99.93771111,1,2,10,1,998,1,1,75
480508,2,14,3,19,26.17708611,-97.87825,12,2,1,2,998,1,1,55
480509,2,25,7,20,32.66595833,-97.13405833,12,3,1,3,998,1,1,45
480510,1,25,4,14,26.31495556,-97.96544444,12,1,1,2,998,3,0,60
480511,2,9,5,19,29.67481389,-95.58721667,8,3,1,1,998,0,0,35
480512,2,21,3,21,30.27625833,-95.456925,12,3,1,2,999,1,0,65
480513,2,18,7,18,31.12302222,-97.67525833,12,2,1,2,998,1,1,30
480514,2,14,3,6,31.6707,-94.36479167,12,1,10,3,998,0,0,65
480515,2,12,1,13,35.56181389,-101.0306028,1,1,1,1,998,1,0,60
480516,2,22,4,19,30.10335556,-97.61465,12,2,1,2,60,0,0,60
480517,3,3,6,4,29.68844167,-95.62249444,8,3,1,1,998,0,0,40
480518,2,20,2,17,30.65648611,-97.87678611,12,1,1,2,998,0,0,55
480519,2,11,7,22,30.15088333,-95.23498889,9,2,1,1,998,0,0,30
480520,2,28,3,19,32.75506944,-97.28905,12,3,10,3,998,1,0,40
480521,2,1,4,21,31.75658889,-106.3736583,33,3,1,1,998,1,0,40
480522,2,24,6,21,29.46141667,-98.40403056,8,3,10,1,998,0,0,65
480523,2,24,6,12,29.70879722,-96.54689722,9,1,1,1,998,0,0,35
480524,2,27,2,3,30.01297222,-95.595475,8,3,1,1,998,0,0,45
480525,2,24,6,12,33.167725,-96.07708056,12,1,10,2,998,0,0,60
480526,2,16,5,23,34.24251111,-102.7233611,42,2,1,1,998,1,1,60
480527,2,18,7,1,29.68441944,-95.03010833,20,3,1,1,998,1,0,60
480528,2,22,4,16,31.02715,-96.167675,42,1,1,1,998,1,1,65
480529,2,25,7,6,28.93051389,-99.88645278,12,6,10,2,998,1,0,75
480530,2,19,1,1,33.15284722,-95.93855,12,2,1,2,998,0,1,75
480531,3,2,5,20,35.18744444,-101.8661722,8,3,1,1,998,0,0,40
480532,3,2,5,23,27.53103611,-97.85606667,30,3,1,1,998,1,0,35
480533,2,14,3,23,32.00606111,-102.1205194,14,3,10,1,998,1,1,40
480534,2,10,6,17,32.23931667,-96.73949167,1,1,1,2,998,1,0,65
480535,2,27,2,21,30.23184444,-98.15323611,42,2,1,1,998,1,0,45
480536,2,21,3,21,30.03503889,-96.03675,12,3,1,3,998,1,0,60
480537,1,16,2,23,32.47254722,-98.67511389,12,2,1,2,998,1,1,45
480538,2,2,5,23,32.83846944,-97.06114167,12,3,3,2,998,1,0,60
480539,2,25,7,14,29.37825833,-95.25906667,12,1,1,3,998,0,0,50
480540,2,26,1,0,32.34038333,-94.92200833,42,2,1,1,998,1,1,60
480541,2,26,1,1,32.98570833,-95.18324167,42,2,5,1,998,2,1,60
480542,2,26,1,21,30.60429167,-95.15148889,42,2,1,1,998,1,0,55
480543,3,1,4,11,33.48816111,-94.522,12,1,10,2,998,2,0,55
480545,2,25,7,1,29.28833611,-94.85121389,24,3,5,1,998,1,1,50
480546,2,22,4,0,30.23671944,-95.46374722,8,2,1,1,998,0,0,50
480547,3,4,7,17,32.40804722,-94.95167778,12,1,1,2,998,1,0,98
480548,3,3,6,22,33.88304444,-98.47740556,50,3,1,1,998,1,1,60
480549,2,28,3,21,32.67718611,-97.06308056,12,2,1,2,998,1,0,70
480550,2,26,1,18,29.49883611,-97.58378056,1,1,10,1,998,1,1,70
480551,2,24,6,23,29.73776944,-95.49434167,8,3,1,1,998,0,0,35
480552,2,26,1,7,29.64176111,-95.43029722,33,1,1,2,998,1,1,40
480553,3,3,6,16,29.73815556,-94.95479167,12,1,1,2,998,1,0,45
480554,2,20,2,18,30.12699444,-98.82162778,59,2,1,1,998,1,1,40
480555,3,3,6,6,32.14980833,-96.46839444,1,2,2,1,998,1,0,35
480556,2,28,3,23,32.68245,-97.02428611,20,3,1,1,998,1,1,70
480557,3,6,2,10,32.576275,-97.21730556,35,1,1,1,998,1,0,45
480558,3,7,3,20,30.1324,-93.98439444,9,2,10,1,998,0,0,55
480559,2,14,3,7,28.44813333,-99.24289167,12,1,1,2,998,1,0,55
480560,2,24,6,19,29.87793611,-95.49443333,9,3,1,1,998,0,0,35
480561,2,18,7,3,29.784775,-95.54832222,8,2,1,1,998,0,1,60
480562,2,22,4,15,29.92461667,-98.21814722,42,1,1,1,998,1,0,55
480563,3,5,1,18,29.42444167,-95.23061389,12,1,1,2,998,0,0,30
480564,2,22,4,4,32.54571667,-95.44453333,21,2,10,1,998,1,0,50
480565,3,3,6,18,30.28758611,-96.39384444,12,5,1,2,998,0,0,65
480566,3,5,1,20,30.39118056,-97.73347778,8,2,1,1,998,0,0,55
480567,3,6,2,18,30.08345,-95.49685,12,5,10,3,998,0,0,30
480568,2,27,2,7,35.26714444,-102.5490472,12,4,1,3,998,1,0,75
480569,3,2,5,17,29.5147,-95.36663889,12,5,1,2,998,1,0,40
480570,3,1,4,1,29.83170556,-94.79511944,12,3,1,2,0,1,0,65
480571,2,28,3,7,32.45965833,-99.87315,35,1,1,1,998,1,1,75
480572,3,8,4,1,31.48540278,-97.00251944,42,6,10,1,998,1,0,60
480574,3,7,3,19,33.12183333,-96.4842,12,2,10,3,55,1,0,55
480575,2,28,3,15,33.11853889,-96.49338056,12,1,1,2,998,0,0,55
480576,2,26,1,3,30.49016389,-98.22421944,12,3,1,2,998,0,1,70
480577,2,27,2,5,29.83042222,-94.48452778,12,2,10,3,998,0,0,65
480578,3,1,4,13,30.36400556,-96.14631111,12,1,10,2,998,0,0,70
480579,2,21,3,15,30.80042778,-95.45411389,12,1,10,2,998,0,0,0
480580,3,5,1,17,32.21677222,-95.50884444,12,1,1,2,998,1,1,55
480581,2,19,1,16,25.96531944,-97.53920833,12,1,1,2,998,1,0,55
480582,3,9,5,16,29.540375,-98.37905,12,1,1,2,998,1,0,45
480583,3,5,1,16,29.93885,-98.31716389,1,1,1,1,998,1,1,60
480584,3,7,3,14,32.00696389,-96.43343611,12,1,1,4,0,0,0,75
480585,2,24,6,20,29.78133611,-98.54995556,1,2,1,1,998,1,1,30
480586,3,3,6,8,35.22691111,-100.0707806,8,1,1,1,998,0,0,75
480587,3,8,4,14,29.88743611,-94.020875,1,1,1,1,998,1,0,75
480588,2,22,4,2,32.14150278,-95.47804722,12,2,1,2,998,0,0,55
480589,2,11,7,1,32.71875556,-96.757325,12,3,1,2,998,0,0,50
480590,3,6,2,16,31.06014722,-104.964125,43,1,1,1,90,1,1,80
480591,2,24,6,19,30.63491111,-93.90180556,8,2,1,1,998,0,1,55
480592,3,6,2,6,35.20700556,-101.6396389,12,2,10,2,998,0,0,75
480593,3,8,4,19,29.90822778,-95.475325,8,2,10,1,998,0,0,50
480594,3,11,7,20,31.79566389,-106.4042,12,3,1,2,998,1,0,45
480595,3,11,7,22,30.11364167,-95.64245556,12,3,1,2,998,0,1,45
480596,2,23,5,1,30.80635,-97.67495833,1,2,1,1,998,1,1,55
480597,3,6,2,15,32.75699444,-95.58619722,5,1,1,1,998,1,0,35
480598,3,8,4,0,32.44466944,-95.03560556,42,2,10,1,998,1,1,55
480599,3,11,7,20,30.29396944,-94.24644167,32,2,10,1,998,1,0,30
480600,3,11,7,13,30.33678889,-95.97950278,1,1,1,1,998,1,0,65
480601,3,4,7,7,32.82849444,-103.064775,18,1,1,1,998,1,1,60
480602,2,10,6,16,29.89103056,-95.41261944,12,3,1,3,998,1,1,40
480603,3,12,1,1,30.08908611,-97.8198,33,3,1,1,998,1,0,40
480604,2,25,7,11,28.86621944,-100.2756306,1,1,10,1,998,1,0,75
480605,2,25,7,22,29.74241389,-96.32551111,12,2,10,4,999,0,0,75
480606,3,1,4,13,35.20013333,-101.8042806,8,1,1,1,998,0,0,35
480607,3,9,5,17,32.45570833,-97.774225,12,1,2,3,998,0,0,50
480608,3,7,3,18,32.20588611,-95.83451944,12,1,1,2,998,0,0,98
480609,3,10,6,5,32.83256111,-97.06131667,8,3,10,1,998,0,0,60
480610,3,6,2,11,32.75437222,-97.20897778,30,1,1,1,998,1,0,40
480611,3,2,5,3,29.53927222,-97.88200556,1,2,10,1,998,2,0,55
480612,3,4,7,2,32.678025,-97.10303611,12,2,1,3,998,1,1,70
480613,3,10,6,3,29.774225,-95.13985278,12,3,1,2,998,0,0,65
480614,3,8,4,12,29.30606389,-94.90581944,8,1,1,1,998,0,0,60
480615,3,13,2,21,32.72704167,-97.26212222,8,2,1,1,998,0,0,40
480616,2,28,3,2,27.82340556,-97.52493333,8,2,1,1,998,0,0,75
480617,2,25,7,3,27.36392778,-99.46717222,30,3,1,1,998,3,0,30
480618,3,1,4,19,33.674425,-96.88475,8,2,10,1,998,0,0,60
480619,3,4,7,5,28.03785,-99.35148889,12,6,1,2,998,1,1,75
480620,3,8,4,21,32.05933889,-102.0842917,12,3,1,2,998,1,1,45
480621,3,5,1,12,32.04943889,-96.25748333,38,1,1,1,998,1,1,55
480622,3,13,2,21,33.66935833,-97.14989722,14,2,1,1,998,1,0,55
480623,3,4,7,23,29.42628889,-99.62606667,24,2,1,1,998,1,1,70
480624,3,7,3,15,32.27188889,-102.1555861,34,1,1,1,998,1,0,75
480625,2,24,6,10,32.97837222,-96.76827222,12,1,10,3,998,1,0,40
480626,3,7,3,20,29.868025,-95.68325278,15,2,1,1,998,0,0,35
480627,3,14,3,21,30.46281667,-97.81398889,8,3,10,1,998,0,0,98
480628,3,13,2,21,30.42691389,-97.71836944,12,2,1,2,998,0,0,98
480629,3,5,1,0,27.78409722,-97.40205278,8,2,1,1,998,0,0,35
480630,2,22,4,6,28.79451667,-96.55520278,12,1,1,2,998,0,0,70
480631,3,1,4,1,32.25683889,-96.04574722,42,2,1,1,998,1,1,60
480632,3,3,6,8,28.46356389,-99.2315,21,1,1,1,998,1,0,75
480633,2,15,4,21,33.35998056,-97.79829167,12,2,1,2,998,1,0,60
480634,2,27,2,18,32.94114722,-97.16284167,12,1,1,2,998,1,0,45
480635,3,14,3,0,30.98147778,-96.67673889,12,2,1,2,998,1,0,55
480637,2,24,6,22,26.86616389,-99.25375556,32,2,1,1,998,1,0,45
480638,3,4,7,20,33.15591944,-96.94502222,8,3,1,1,998,0,0,45
480639,3,13,2,21,33.06884722,-96.68885,8,2,10,3,998,0,0,70
480640,3,5,1,19,29.93888889,-98.317275,12,2,1,2,998,2,1,55
480641,3,12,1,9,29.20908611,-98.58464444,42,1,1,1,998,1,0,70
480642,1,24,3,10,32.14535556,-95.82863333,12,1,2,2,998,1,0,70
480643,3,6,2,5,28.07411111,-98.09913889,1,2,1,1,998,1,0,75
480644,3,10,6,5,29.84991667,-95.22847222,12,2,1,2,998,1,0,40
480645,3,16,5,2,29.89560833,-95.05698889,12,2,1,2,998,0,1,65
480646,3,8,4,8,30.27979167,-97.90845278,35,1,10,1,998,1,0,55
480647,3,1,4,4,29.73695,-95.54835278,12,3,1,2,998,1,0,35
480648,3,1,4,10,29.87398056,-95.33934722,9,1,10,1,998,0,0,30
480649,3,6,2,12,29.00570556,-99.08396389,38,1,1,1,998,2,0,70
480650,3,4,7,5,32.89514722,-96.89812222,12,3,1,2,998,1,0,60
480651,2,24,6,0,26.368975,-98.01157778,12,2,1,2,998,0,0,60
480652,3,12,1,8,33.840375,-98.60358333,42,7,98,1,998,1,1,60
480653,3,13,2,23,31.56148611,-94.68042778,8,2,10,1,998,0,0,45
480654,3,13,2,12,32.82751389,-97.31306944,12,1,10,3,998,0,0,75
480655,3,4,7,21,33.01801944,-96.93719722,8,2,1,2,998,0,0,70
480656,3,6,2,13,32.65456389,-96.87645278,25,1,1,1,998,1,0,70
480657,3,18,7,2,32.72250278,-96.82718333,20,3,1,2,998,1,1,70
480658,3,15,4,21,31.85220556,-106.4541194,12,3,1,2,998,0,0,30
480659,3,8,4,19,29.49398056,-95.46660556,12,2,10,2,998,1,0,55
480660,3,12,1,20,26.23222222,-98.12710556,1,2,1,1,998,1,1,30
480661,3,6,2,19,29.78565,-95.26517778,12,3,1,2,998,0,0,60
480662,3,8,4,23,32.75332778,-100.9188667,30,2,5,1,998,1,0,55
480663,3,4,7,17,30.13814167,-95.44510278,42,1,1,1,998,1,0,65
480664,3,12,1,23,30.89187778,-102.8135139,9,2,1,1,998,0,0,55
480665,3,13,2,11,31.05180278,-97.19538889,12,1,1,2,998,0,0,70
480666,3,9,5,15,29.74918889,-98.40039167,12,1,1,4,998,1,0,60
480668,3,7,3,16,27.85463056,-97.21787222,33,1,1,1,998,1,0,50
480669,3,2,5,18,30.22324444,-95.67168611,12,2,1,3,998,0,1,98
480670,1,24,3,9,32.83971944,-96.4693,12,1,2,2,998,0,0,60
480671,2,6,2,18,32.68719444,-97.06235556,12,3,1,3,998,1,0,60
480672,3,7,3,12,32.90011389,-96.96479167,38,1,1,1,998,1,0,70
480673,3,18,7,19,35.21010278,-101.8313972,12,1,1,2,998,0,0,98
480674,3,11,7,5,29.94661389,-94.32825556,1,2,5,1,998,1,0,65
480675,3,17,6,22,33.24829722,-95.96033611,42,2,1,1,998,1,1,55
480676,3,16,5,18,32.83969444,-97.30557778,20,1,1,2,998,1,0,75
480677,3,17,6,13,29.12219722,-96.38643889,1,1,1,1,998,1,0,75
480678,3,8,4,8,30.26366667,-98.46948611,9,1,1,1,998,0,0,70
480679,3,14,3,21,29.906325,-97.72390833,12,2,1,2,998,1,0,60
480680,3,18,7,16,32.02857222,-94.73864444,1,1,10,1,998,1,0,35
480681,3,20,2,5,30.44443056,-94.18680278,11,2,1,1,998,1,0,75
480682,3,21,3,7,30.25011111,-94.61359167,1,4,1,1,998,1,0,55
480683,3,5,1,2,29.65230278,-95.54909722,20,3,10,2,998,1,0,65
480684,3,12,1,22,29.87329167,-95.40983056,25,3,1,1,998,1,1,60
480685,3,19,1,3,32.61388333,-97.14129167,8,2,1,1,998,0,0,50
480687,3,4,7,15,33.319525,-96.59051667,12,1,1,2,115,1,0,70
480688,3,5,1,15,33.30128056,-101.4512083,1,1,1,1,998,1,0,75
480689,3,5,1,18,31.97526667,-102.1508028,33,3,1,1,998,1,0,40
480690,3,16,5,3,29.774325,-95.31612222,8,2,10,2,998,0,0,60
480691,3,19,1,21,32.79291389,-96.60765278,8,2,1,1,998,0,0,45
480692,3,13,2,1,27.68891111,-97.37415,42,3,1,1,998,1,0,30
480693,3,18,7,21,30.30210278,-97.62105,8,2,1,1,998,0,0,50
480694,3,19,1,1,29.885875,-95.54077222,12,3,1,3,998,1,0,98
480695,3,20,2,7,29.40523889,-98.50268333,1,1,10,2,998,0,0,40
480696,3,12,1,3,34.33315556,-99.879825,12,2,10,2,998,1,0,70
480697,3,11,7,20,30.33100278,-97.42538333,12,2,1,2,998,1,0,45
480698,3,13,2,7,33.35067222,-96.45446389,12,2,1,2,998,1,0,98
480699,3,10,6,1,32.67353611,-97.05343611,33,3,1,2,998,1,1,40
480700,3,18,7,23,32.92735278,-97.05385,30,3,1,2,998,1,0,65
480701,3,13,2,20,30.70532222,-101.2018833,12,5,1,4,998,2,0,60
480702,1,17,3,21,35.22788056,-101.7244778,12,2,1,2,998,1,0,98
480703,3,9,5,15,28.63368611,-97.04582778,51,1,1,1,998,1,0,75
480704,3,22,4,18,29.40645833,-98.60775556,12,1,1,2,998,1,0,65
480705,3,13,2,1,29.40710278,-98.88991111,1,2,10,1,998,1,0,65
480706,3,14,3,20,31.62078889,-98.96044167,12,2,1,2,998,1,0,75
480707,3,19,1,23,31.72379167,-97.7097,38,2,1,1,998,1,0,60
480708,3,3,6,16,33.27636667,-94.95261667,12,1,1,2,998,1,0,60
480709,3,12,1,7,29.64189444,-95.53676111,30,1,1,1,998,1,1,50
480710,3,20,2,0,32.71238889,-97.29140278,8,3,1,1,998,0,0,40
480711,3,13,2,12,32.13234444,-96.46755,12,1,1,5,0,1,0,65
480712,3,22,4,16,29.55911111,-95.34458611,12,1,1,3,58,1,0,45
480713,3,18,7,22,29.40173056,-95.03431944,12,3,1,2,998,0,0,45
480714,3,17,6,9,32.986425,-96.69957778,9,1,1,1,998,0,0,40
480715,2,15,4,8,29.99243889,-95.76896389,12,1,10,3,998,0,0,70
480716,3,23,5,14,33.40758333,-94.36566667,53,1,1,1,998,1,0,60
480717,3,12,1,14,33.11646111,-96.099375,8,1,1,2,998,0,0,75
480718,3,23,5,2,31.11582222,-97.68427222,33,2,1,1,998,1,0,45
480719,3,21,3,6,32.89270556,-97.28625556,39,3,1,1,998,1,0,40
480720,3,12,1,23,26.25520278,-98.16899167,33,3,1,1,998,1,0,45
480721,3,18,7,18,29.97586111,-95.40818889,33,1,10,2,998,1,1,35
480722,3,4,7,19,29.79786111,-95.34013611,12,3,1,2,998,1,0,60
480723,3,15,4,4,33.65145556,-97.15567222,8,2,1,1,998,0,0,75
480724,3,16,5,7,31.36066111,-95.53350556,12,1,10,2,998,1,0,55
480725,3,16,5,0,28.19750556,-97.73035278,12,2,10,2,998,1,1,75
480726,3,19,1,2,29.91476667,-95.43697778,12,2,1,2,120,0,1,45
480727,3,16,5,9,33.90725,-98.53240278,12,1,1,2,998,0,0,45
480728,3,11,7,20,29.0746,-95.410175,12,3,1,2,998,0,0,50
480729,3,12,1,13,29.36996111,-98.38628333,12,1,1,2,998,1,0,45
480730,3,24,6,21,33.60875556,-97.09646111,53,2,10,1,998,2,1,55
480731,3,22,4,17,33.66083333,-101.6986083,12,1,1,2,998,1,0,30
480732,3,17,6,0,29.84615556,-97.94062222,12,3,1,2,998,1,0,50
480733,3,19,1,19,32.56427778,-94.36938889,33,3,1,1,998,1,0,35
480734,3,24,6,2,32.65639722,-96.74445833,12,2,1,5,998,0,0,70
480735,3,15,4,10,29.69075556,-98.33222778,12,1,1,2,998,1,0,60
480736,3,15,4,22,35.220575,-101.5848389,1,2,1,1,998,1,1,75
480737,3,21,3,11,30.09671667,-95.02330278,35,1,10,1,998,1,0,70
480738,3,16,5,17,32.04395,-95.20932778,12,1,2,2,998,1,0,60
480739,3,14,3,15,28.35912222,-98.13644444,12,1,1,2,998,1,0,0
480740,3,18,7,12,28.971025,-98.00574167,12,1,2,3,998,0,0,70
480742,1,24,3,6,26.21909444,-97.87911667,35,2,10,1,998,1,0,55
480743,3,23,5,6,33.07478889,-97.02179167,20,2,1,1,998,1,0,75
480744,3,13,2,0,32.64748333,-96.87020833,12,3,1,2,90,0,0,45
480745,3,26,1,19,32.50680833,-96.26202222,1,2,1,1,998,1,1,70
480746,3,26,1,2,32.75943056,-96.80948056,20,3,1,1,998,1,1,65
480747,3,15,4,7,30.12754444,-97.53434167,12,4,1,2,998,1,0,65
480748,3,20,2,6,29.51341389,-98.24036111,8,2,1,1,998,0,0,55
480749,3,21,3,16,27.51668889,-99.48966111,12,1,1,2,998,0,0,30
480750,3,17,6,6,31.91419722,-102.7692583,12,2,1,2,998,0,0,65
480751,3,23,5,6,32.26927778,-94.86240833,12,4,10,2,998,0,0,70
480752,3,23,5,16,30.91378056,-93.92915556,1,1,10,1,998,1,1,75
480753,3,13,2,6,29.63420556,-95.23599444,8,2,10,1,998,0,0,60
480754,2,28,3,20,30.36496111,-97.69593611,9,3,1,2,998,0,0,40
480755,3,20,2,0,29.77358889,-95.23797778,8,2,1,2,998,0,0,60
480756,3,25,7,13,29.15567222,-96.33372222,12,1,1,2,998,1,0,98
480757,3,16,5,21,30.306475,-97.977975,12,2,2,2,998,1,0,0
480758,3,10,6,7,33.05848333,-97.47789722,1,1,1,1,998,1,0,70
480759,2,23,5,19,29.85972222,-95.34995,9,3,10,1,998,0,0,30
480760,3,28,3,5,32.71711667,-97.35210833,24,3,1,1,998,1,1,35
480761,3,24,6,23,30.21143611,-97.77913056,9,3,1,1,998,0,0,98
480762,3,28,3,13,31.76888611,-106.3177306,12,1,1,2,998,0,0,35
480763,3,29,4,0,29.46476667,-95.08996111,25,3,1,1,998,1,1,65
480764,2,19,1,15,29.813825,-95.35280833,25,1,1,1,998,1,0,25
480765,3,22,4,22,30.00494722,-95.27701111,8,2,10,2,998,0,0,45
480766,3,9,5,9,29.38415278,-100.8197361,12,1,10,2,998,1,0,55
480767,3,26,1,18,32.75846389,-95.515875,12,1,1,2,998,1,0,60
480768,3,25,7,1,29.40985,-98.49637778,8,3,1,1,998,0,0,35
480769,3,25,7,21,29.40445,-98.55703611,9,2,10,1,998,0,0,40
480770,3,7,3,14,29.74629167,-95.55769722,12,1,1,2,998,1,1,65
480771,3,15,4,11,29.25909167,-98.79011389,12,1,10,2,80,1,0,45
480772,3,26,1,13,32.81580278,-96.55953056,12,1,1,2,998,0,0,35
480773,3,28,3,8,27.57637778,-97.72315,1,1,2,1,998,1,0,70
480775,3,3,6,3,32.83672222,-96.82200833,12,2,2,2,998,0,0,35
480776,3,30,5,22,29.488125,-98.49361389,12,3,1,3,0,0,0,35
480777,3,29,4,19,29.46649167,-98.49553611,12,5,1,2,998,1,1,35
480778,3,21,3,21,32.69126111,-96.45953611,12,2,2,2,998,1,0,55
480779,3,23,5,22,35.22204722,-101.8754472,8,3,2,1,998,0,0,50
480780,3,27,2,6,33.05013611,-96.79450833,8,3,10,1,998,0,0,45
480781,3,29,4,9,35.19352222,-101.6932194,12,1,1,3,998,1,0,75
480782,3,29,4,13,30.74005833,-98.42165,24,1,1,1,998,1,0,55
480783,3,20,2,0,33.32721667,-97.46158056,58,2,1,1,998,1,1,70
480784,3,24,6,23,33.57770556,-102.0127583,8,2,1,1,998,0,1,60
480785,3,29,4,19,31.76554167,-106.4831972,8,1,1,2,998,0,0,60
480786,3,23,5,16,30.00721111,-95.58554444,33,1,10,1,998,1,0,45
480787,3,25,7,14,29.53288889,-98.38925556,8,1,1,1,998,0,0,45
480788,3,23,5,23,30.50116389,-95.27789167,30,3,10,1,998,1,0,55
480790,4,2,1,0,31.32068333,-94.76522778,42,3,1,1,998,1,1,55
480791,3,30,5,11,30.47251944,-97.96311667,1,1,2,1,998,1,0,55
480792,3,28,3,19,31.89476111,-102.3262694,12,1,1,4,998,0,0,45
480793,3,21,3,22,31.05576944,-97.60012778,42,2,10,1,998,1,1,60
480794,3,24,6,2,30.57128056,-96.31086944,12,3,1,2,998,0,0,40
480795,4,1,7,7,33.15955556,-96.40852222,12,1,1,3,998,1,1,60