ST_CASE,MONTH,DAY,DAY_WEEK,HOUR,LATITUDE,LONGITUD,HARM_EV,LGT_COND,WEATHER,VE_FORMS,TRAV_SP,DEATHS,DR_DRINK,VSPD_LIM
481154,5,4,5,20,29.60106667,-95.21813611,25,3,1,1,998,1,1,65
481155,4,17,2,15,29.63092778,-95.157575,12,1,1,2,998,1,0,40
481156,5,2,3,5,29.90765278,-95.31033611,8,3,1,1,998,0,0,60
481157,5,7,1,19,30.1636,-97.77846944,12,1,10,2,998,1,1,55
481158,4,29,7,19,33.57997778,-101.840125,24,1,1,1,998,1,1,45
481159,4,30,1,4,33.52952778,-101.864575,52,3,1,1,998,1,1,65
481160,4,26,4,10,29.72916389,-95.38565556,12,1,10,2,998,0,0,30
481161,4,27,5,15,31.95415833,-97.11415833,25,1,1,5,998,0,0,75
481162,4,5,4,18,31.95561389,-102.0686194,12,1,1,2,112,0,0,60
481163,4,21,6,6,30.18636111,-97.55341667,12,4,10,2,998,1,0,98
481164,4,20,5,23,28.71453056,-97.040925,12,2,10,2,998,1,1,98
481165,4,29,7,18,28.13038611,-97.86388889,38,1,1,1,998,1,1,60
481166,4,30,1,18,32.58731944,-94.75341111,12,1,1,4,998,1,0,55
481167,5,3,4,2,27.61069444,-99.45662222,43,2,1,1,998,1,0,55
481168,5,7,1,10,29.34178333,-98.55633611,9,1,2,1,998,0,0,40
481169,4,24,2,21,33.67105556,-96.70709444,1,6,1,2,998,1,1,75
481170,4,30,1,4,32.74740833,-96.75235,24,2,1,1,998,1,0,65
481171,4,19,4,17,30.09356667,-96.03457222,12,1,1,2,998,1,0,65
481172,5,5,6,13,29.73266667,-95.37978611,12,1,1,3,998,1,0,60
481173,4,30,1,20,30.18754722,-97.56290833,12,2,1,3,998,1,1,65
481174,5,8,2,19,29.82069722,-95.39968889,12,1,10,2,998,1,1,35
481175,4,23,1,5,26.36261667,-98.16689167,42,2,1,1,998,1,1,30
481176,5,3,4,21,30.00326389,-95.46065,8,3,1,1,998,0,0,45
481177,5,3,4,20,25.93550278,-97.489525,12,3,1,3,998,1,0,30
481178,5,1,2,0,31.07849167,-97.69576111,8,3,1,2,998,0,0,45
481179,5,8,2,17,32.69716389,-97.19022778,12,1,1,3,71,1,0,45
481180,4,30,1,23,32.54215833,-96.95259167,42,2,1,1,998,1,1,30
481181,4,29,7,22,32.27894444,-96.50635,1,2,1,1,998,1,1,30
481182,5,4,5,4,32.54297222,-97.31389167,32,2,10,1,998,1,1,50
481183,5,9,3,18,29.47727778,-98.64813611,12,1,2,2,998,1,1,45
481184,4,24,2,5,31.06858889,-97.58235,1,3,1,3,998,1,0,75
481185,4,4,3,6,31.96424167,-101.9727528,12,2,1,3,998,0,0,75
481186,3,26,1,14,30.04173889,-94.669925,12,1,1,2,998,1,0,40
481187,3,26,1,7,29.83116389,-95.73140556,12,1,10,2,998,1,0,45
481188,5,7,1,5,29.1805,-98.42640833,24,2,1,1,998,1,0,75
481189,4,26,4,22,29.82835,-95.38120278,1,2,10,1,998,1,0,60
481190,4,22,7,2,29.83793889,-95.38788611,8,2,1,1,998,0,0,60
481191,4,30,1,21,33.15828611,-97.09927222,12,3,1,3,998,0,0,30
481192,5,7,1,0,29.96151667,-95.57425833,32,2,10,1,998,1,1,45
481193,5,1,2,17,33.34073889,-102.2219528,12,1,1,2,998,1,0,60
481194,5,10,4,21,35.22198611,-101.7785528,8,5,10,2,998,0,0,35
481195,5,1,2,22,27.77799722,-97.42045278,12,3,1,2,998,1,0,35
481196,5,8,2,23,29.805975,-95.19484722,8,2,1,1,998,0,0,40
481197,5,4,5,17,32.98318056,-97.76355833,38,1,1,1,998,1,0,60
481198,4,27,5,20,32.95144444,-96.94026111,12,2,1,2,998,0,0,30
481199,4,27,5,15,29.78525833,-97.78887222,12,1,1,2,998,1,0,65
481200,4,15,7,17,29.97991389,-94.21581111,12,1,10,9,998,0,0,55
481201,4,8,7,13,32.88374167,-97.35182222,12,1,1,2,998,0,0,40
481202,5,4,5,23,32.91833611,-97.46901944,24,2,10,1,998,1,1,60
481203,5,4,5,8,32.61835833,-97.53463333,38,2,10,1,998,1,0,60
481204,4,27,5,1,32.31346667,-95.60560278,42,2,1,1,998,1,1,55
481205,4,29,7,23,30.11585556,-97.69516111,12,2,1,2,998,0,0,65
481206,4,30,1,12,32.53631667,-95.83445,12,1,1,2,998,1,0,70
481207,5,8,2,16,29.32033611,-98.51499722,1,1,1,1,998,1,0,70
481209,5,9,3,7,33.027475,-97.01057222,12,1,10,2,998,1,0,40
481210,5,3,4,7,32.52498333,-99.756275,12,1,1,4,998,1,0,70
481211,5,6,7,21,30.51731111,-97.65884444,8,3,10,1,998,0,0,45
481212,4,28,6,2,32.80226667,-96.873725,33,3,1,1,998,1,1,35
481213,5,9,3,16,31.89708056,-97.6485,12,1,1,2,998,1,0,75
481214,4,30,1,16,29.84900556,-95.33407778,33,1,1,3,998,1,0,50
481216,5,4,5,7,35.22104167,-101.5437944,1,1,2,1,998,1,0,75
481217,5,6,7,18,30.01485,-95.59220556,42,1,1,1,998,1,0,50
481218,4,30,1,2,29.77484722,-94.90219722,35,2,1,1,998,1,1,55
481219,5,6,7,14,30.19406111,-95.58941944,12,1,1,2,998,1,0,55
481220,5,12,6,2,32.96837778,-96.83038056,33,3,1,1,135,1,1,40
481221,5,13,7,20,29.87959444,-95.33965833,8,3,10,2,998,0,0,30
481223,5,10,4,15,32.38212778,-95.32823056,12,1,2,4,998,1,0,50
481224,5,6,7,1,33.53476111,-101.9698111,12,3,1,2,998,1,1,65
481225,5,8,2,6,33.52797778,-96.22275,12,4,10,2,998,0,0,75
481226,5,5,6,23,35.18165278,-101.7424444,12,2,1,2,998,1,1,75
481227,4,20,5,18,26.72217778,-98.10722222,12,1,1,2,998,1,1,75
481228,5,11,5,7,28.56391111,-96.62908056,12,1,10,2,998,1,0,60
481229,5,10,4,7,29.52140556,-95.12442222,12,4,2,2,998,1,0,45
481230,1,28,7,10,30.33908056,-97.61122778,33,1,10,1,998,1,0,40
481231,5,5,6,16,26.17308889,-97.98441111,12,1,10,2,998,2,0,30
481232,4,30,1,2,32.43887778,-100.5144778,24,2,1,1,998,1,1,60
481233,5,7,1,2,27.51611389,-99.51608611,33,2,1,1,998,1,1,30
481234,4,30,1,21,31.65710278,-94.39094167,42,2,1,1,998,1,0,65
481235,5,8,2,5,31.43751944,-94.72665556,12,6,1,2,998,0,0,55
481236,5,11,5,21,29.47154167,-94.97277778,12,2,10,2,998,1,0,50
481237,5,14,1,20,32.56681944,-97.38083611,1,5,1,2,998,1,0,55
481238,3,31,6,5,30.28663889,-97.72505,12,3,1,2,998,0,1,65
481239,5,14,1,22,29.450125,-98.57652222,8,3,1,1,998,0,0,40
481240,5,9,3,3,29.757025,-95.37445278,8,3,1,1,998,0,0,45
481241,4,30,1,3,29.60410278,-95.28607222,8,3,1,1,998,0,0,45
481242,5,1,2,20,29.60584444,-95.46465,12,1,1,2,998,0,0,35
481244,5,6,7,21,33.13794444,-97.49656667,12,2,2,2,998,0,0,70
481245,4,25,3,5,30.20667778,-97.63857778,8,2,10,1,998,0,0,55
481246,5,13,7,2,32.49788611,-94.74488056,33,2,10,1,998,1,1,30
481247,3,21,3,22,30.32057222,-97.70661667,25,3,1,1,998,1,0,98
481249,5,14,1,10,32.64481944,-100.3508861,12,1,10,2,998,0,0,65
481250,4,6,5,22,32.69698056,-97.32026944,12,3,1,2,998,0,1,40
481251,4,2,1,5,32.98934167,-96.94073889,12,3,1,3,998,1,1,65
481252,5,1,2,7,30.35086111,-94.199275,12,4,1,2,998,1,0,55
481253,5,7,1,22,32.50415,-94.71699722,15,2,1,1,998,0,0,45
481254,5,5,6,4,30.08076389,-94.86375278,12,2,10,2,998,1,0,55
481255,5,13,7,14,31.78976389,-94.540125,12,1,1,2,998,1,0,75
481256,5,14,1,13,32.38822778,-94.66263889,12,1,10,2,998,1,0,60
481257,5,14,1,2,29.32273889,-98.43979444,23,3,10,1,998,1,1,60
481258,5,10,4,0,29.73163889,-95.34223889,12,3,10,3,998,0,0,60
481259,5,17,4,1,33.41041111,-97.73911667,12,2,1,2,0,1,0,75
481260,5,17,4,12,31.56853889,-97.1358,12,1,1,3,998,1,0,40
481261,4,24,2,6,34.23714167,-101.7097806,59,3,10,1,998,1,0,15
481262,5,13,7,17,27.65783333,-97.378425,30,1,1,1,998,1,0,45
481263,4,14,6,8,33.464875,-96.91934167,12,1,1,2,998,0,0,98
481264,4,28,6,16,32.33081944,-96.11727778,12,1,10,3,998,0,0,30
481265,5,14,1,22,32.00855833,-102.4963194,12,2,1,2,998,0,0,75
481266,4,6,5,6,26.37903889,-98.09720278,8,2,2,1,998,0,0,60
481267,5,12,6,23,32.1528,-94.80455278,15,2,1,1,998,0,0,40
481268,5,1,2,15,32.27091389,-102.1553806,12,1,1,2,998,1,0,75
481269,5,16,3,17,30.78369444,-98.73240833,12,1,1,2,998,1,0,70
481270,5,18,5,2,29.48176667,-98.40403333,20,3,1,1,998,1,1,55
481271,5,7,1,1,31.98922222,-102.0722833,8,3,1,1,998,0,0,40
481272,4,30,1,14,32.83145833,-97.38551389,12,1,1,2,998,1,1,40
481273,5,12,6,18,33.01976111,-96.37294167,12,1,1,3,998,1,0,60
481274,5,16,3,6,29.93871389,-95.38614722,8,2,1,1,998,0,0,50
481275,5,5,6,18,31.46405278,-103.3705278,10,1,1,1,998,1,0,60
481277,4,13,5,6,32.70344722,-97.32028889,8,2,1,1,998,0,0,40
481278,5,16,3,22,28.01219167,-97.065125,8,2,10,1,998,0,1,35
481279,4,25,3,16,32.78993889,-97.35533611,12,1,10,2,998,0,0,30
481280,4,9,1,1,32.95853889,-97.30981667,12,3,1,2,998,1,1,60
481281,4,5,4,23,32.87340556,-97.29720278,12,3,1,2,998,0,0,40
481282,4,19,4,23,32.73594722,-97.46054722,33,3,1,1,998,1,1,35
481283,5,7,1,2,32.73523611,-97.32041111,12,3,1,2,998,1,1,70
481284,4,23,1,0,32.69193056,-97.240475,24,2,1,1,998,1,1,60
481285,5,11,5,11,30.663175,-96.32765278,21,1,10,1,998,1,0,70
481286,5,6,7,16,32.56378056,-97.18107778,32,1,1,1,998,1,0,30
481287,5,13,7,22,32.89441944,-96.68026944,33,3,10,1,998,1,0,40
481288,5,4,5,17,30.63733611,-96.98946389,12,1,10,2,998,0,0,70
481289,5,19,6,1,29.39537778,-98.43205556,9,2,1,1,998,0,0,40
481290,5,19,6,0,29.96581667,-95.416225,8,2,1,1,998,0,1,45
481291,5,13,7,23,29.78182222,-95.77780833,8,3,2,1,998,0,0,50
481292,5,14,1,2,30.03751944,-95.42956944,26,2,2,2,998,0,0,65
481293,5,19,6,6,32.64201667,-96.80488611,14,1,1,1,998,1,0,75
481294,5,6,7,21,29.33581111,-98.62299722,12,3,1,2,998,1,0,70
481295,5,13,7,21,29.43593889,-98.64475833,12,3,1,2,998,1,0,45
481296,5,8,2,12,30.14917778,-95.30126667,12,1,10,2,998,2,0,55
481297,5,20,7,1,30.35626111,-94.138025,1,2,10,1,998,1,0,75
481298,5,19,6,13,32.51335556,-96.03578611,12,1,1,2,998,0,0,55
481299,5,3,4,7,33.21634167,-96.61357222,12,1,1,2,998,0,0,30
481300,5,20,7,9,30.72088889,-94.9644,12,1,1,2,998,1,0,25
481301,4,23,1,5,32.82763333,-96.68396111,38,2,2,1,998,1,1,30
481303,5,19,6,3,31.68760833,-98.924825,12,2,1,2,998,1,0,65
481304,5,11,5,5,32.65866389,-101.8636833,1,2,10,1,998,1,1,75
481305,5,18,5,16,31.54295278,-97.13795556,12,1,1,3,998,1,0,40
481306,4,22,7,23,29.05710278,-96.25799167,38,2,1,1,998,1,1,60
481307,5,2,3,2,29.028,-99.44326111,34,2,1,1,998,2,0,60
481308,5,4,5,11,28.94766667,-99.65427222,12,1,1,2,998,2,0,75
481309,5,21,1,2,32.27637222,-95.44897222,43,2,1,1,998,3,1,60
481310,5,15,2,8,29.04206667,-95.4544,18,1,1,1,998,1,0,60
481311,5,15,2,21,32.92263056,-96.71723056,8,3,10,1,998,0,0,40
481312,5,19,6,13,32.70400556,-96.856675,42,1,1,1,39,1,0,40
481313,5,16,3,23,35.22656389,-100.0367944,14,2,1,1,998,1,0,75
481314,5,14,1,19,35.14073333,-101.9414,14,1,1,1,998,0,0,30
481315,5,14,1,4,30.37176389,-96.066825,8,2,2,1,998,0,0,75
481316,5,18,5,4,32.65093056,-99.84496667,12,2,1,2,998,1,0,75
481317,5,10,4,16,29.77611944,-103.5810306,12,1,1,2,998,1,0,75
481319,5,15,2,20,29.70904167,-95.50853889,8,3,1,1,998,0,0,0
481320,5,6,7,18,30.414775,-97.67288611,1,1,1,1,998,1,1,45
481321,5,13,7,21,32.132225,-96.23608889,8,2,1,1,998,0,0,45
481323,5,4,5,21,31.85491667,-103.1040222,8,3,1,1,998,0,1,30
481324,5,17,4,22,30.70247222,-97.74219444,32,2,1,1,998,1,1,55
481325,5,21,1,22,33.02460833,-96.992975,12,3,1,2,998,0,1,45
481326,5,17,4,21,29.86914722,-97.93921111,8,2,1,1,998,0,0,40
481327,5,19,6,7,29.82893889,-97.98408611,25,1,10,2,998,1,0,70
481328,5,16,3,12,32.66205556,-96.87094167,12,1,10,2,998,0,0,40
481329,5,13,7,7,32.68565278,-97.32015556,33,1,10,1,998,1,0,40
481330,5,14,1,2,33.95739722,-98.61178889,12,2,10,2,0,2,1,75
481331,5,12,6,17,32.40555278,-101.3401361,12,5,2,2,998,0,0,75
481332,5,15,2,0,32.63750556,-97.39475278,42,3,1,1,998,1,0,40
481333,5,23,3,15,32.34273889,-95.36218056,12,1,1,2,998,0,0,35
481334,5,23,3,14,30.00171944,-97.51488889,12,1,10,2,998,1,1,55
481335,5,22,2,23,32.61854722,-97.37043333,8,2,1,1,998,0,0,40
481336,5,1,2,2,30.18564722,-95.45218333,42,3,1,1,998,1,1,45
481337,5,16,3,22,27.76870278,-98.10273056,12,2,10,2,998,0,0,75
481338,5,19,6,16,33.09550833,-95.57834167,12,1,10,2,998,0,0,65
481339,5,21,1,4,31.08722222,-95.53382222,1,2,10,1,998,1,1,55
481340,5,21,1,13,30.54220556,-95.85641667,1,1,1,1,998,1,0,55
481341,5,7,1,19,32.86440278,-96.938175,41,3,1,1,998,1,0,30
481342,5,14,1,15,30.2629,-97.62153611,12,1,1,3,998,1,1,50
481343,5,22,2,1,29.39906389,-98.64185278,24,3,1,1,998,1,1,65
481344,5,23,3,21,29.36293056,-98.481425,12,3,1,2,998,1,1,40
481345,5,20,7,1,31.73593611,-106.3408972,30,6,10,1,998,1,1,30
481346,5,21,1,7,35.64705556,-101.4677972,42,4,10,1,998,2,0,55
481347,5,18,5,8,31.02243333,-97.75451389,12,1,1,2,998,0,0,70
481348,5,9,3,9,32.80523056,-96.92135556,33,1,10,1,998,1,1,70
481349,5,17,4,12,34.01711389,-98.86244444,12,1,1,3,998,0,0,75
481350,5,22,2,11,31.19683333,-95.02301389,42,1,10,1,998,1,0,70
481351,5,3,4,22,32.70783333,-96.98569444,8,3,1,1,998,0,0,35
481352,5,18,5,21,33.96942222,-98.7315,12,2,2,2,998,0,0,75
481353,4,8,7,1,32.73699444,-97.32033611,8,2,1,1,998,0,0,70
481354,5,7,1,8,25.92269167,-97.431825,8,1,1,1,998,0,0,45
481355,5,18,5,17,33.64239444,-95.709525,12,1,1,2,998,1,0,70
481356,5,19,6,16,31.80718889,-94.679275,12,1,1,3,110,1,0,70
481357,5,19,6,19,31.26764444,-95.98713889,57,1,1,4,998,1,0,75
481358,5,20,7,0,31.93192222,-94.66628889,42,2,1,1,998,1,0,55
481359,5,28,1,14,32.68566667,-95.81579444,52,1,1,1,998,1,0,60
481360,5,28,1,11,31.77248333,-106.4730778,12,1,1,3,998,1,1,45
481361,5,15,2,10,32.79300833,-96.80550278,33,1,10,1,998,1,0,30
481362,4,3,2,0,26.237525,-98.05738333,12,2,1,2,998,1,1,30
481363,5,21,1,2,31.79223889,-106.2676472,12,3,1,2,998,0,1,45
481364,5,22,2,14,32.67413889,-95.73175833,53,1,1,1,998,1,0,50
481365,5,19,6,18,32.76765,-96.87774722,12,1,2,3,998,0,0,70
481366,5,5,6,20,32.95664444,-97.30988611,8,2,1,3,998,0,0,35
481367,5,24,4,14,33.64111389,-97.13720556,12,1,1,2,998,1,0,45
481368,5,22,2,7,31.38805,-97.17352778,43,2,1,1,998,1,0,65
481369,5,18,5,1,29.08638056,-98.96089167,8,2,1,1,998,0,0,75
481370,5,23,3,10,31.77411667,-106.3608361,33,1,1,1,998,1,0,35
481371,5,15,2,17,31.57725556,-97.83613056,12,1,2,2,998,0,0,75
481372,5,21,1,3,31.89885,-106.4089139,12,3,1,2,998,2,0,45
481373,5,22,2,23,29.37699722,-95.00610556,25,2,1,1,998,1,1,55
481374,5,22,2,21,31.61997222,-95.490475,1,2,1,1,998,1,1,60
481375,5,23,3,2,32.70012778,-97.32066389,12,3,10,2,0,0,0,70
481376,5,18,5,17,33.157875,-95.61316667,12,1,10,2,998,1,0,50
481377,5,12,6,10,33.49835556,-94.55684167,12,1,10,2,998,1,0,65
481378,5,27,7,14,32.461325,-98.63965833,1,1,2,1,998,1,0,75
481379,5,29,2,2,29.95626389,-95.41841111,25,3,1,1,998,1,1,65
481380,5,21,1,22,32.52225833,-98.04170278,38,2,10,1,998,1,1,45
481381,5,22,2,23,32.10195556,-101.8655139,21,3,1,1,998,1,0,55
481382,5,21,1,19,31.52196389,-96.1106,12,1,1,2,998,1,1,75
481383,5,22,2,11,31.76395278,-104.9129667,12,1,1,2,998,0,0,75
481384,5,14,1,1,32.55684167,-95.47413333,53,2,1,1,998,1,0,35
481385,5,29,2,0,30.08280833,-95.46241111,33,2,10,1,998,1,1,45
481386,5,29,2,10,30.58306111,-96.28843889,33,1,10,1,998,1,0,40
481387,5,25,5,20,31.75201389,-106.4723556,25,3,1,2,90,2,0,60
481388,5,8,2,21,31.55296389,-100.5178889,12,6,1,2,998,1,0,75
481389,5,14,1,0,32.49453611,-96.99274167,1,2,10,1,998,1,1,55
481390,5,21,1,8,33.09370833,-97.64630556,30,2,1,1,998,1,0,70
481391,5,24,4,6,32.42069167,-96.89218333,12,1,2,2,998,0,0,55
481392,5,25,5,14,30.25626111,-97.802,52,1,1,1,998,1,0,65
481393,5,25,5,21,30.97475,-97.51590278,25,2,1,1,998,1,0,75
481394,5,20,7,3,30.20578611,-97.75750833,8,2,2,1,998,0,0,50
481395,5,26,6,0,30.22732778,-97.77395556,8,3,1,1,998,0,0,45
481396,5,23,3,11,32.90809167,-98.40249167,1,1,1,1,998,1,0,60
481397,5,29,2,6,30.30443333,-97.64543611,8,3,1,2,998,0,0,30
481398,5,13,7,7,28.99560278,-96.18621389,12,1,10,2,998,1,0,65
481399,5,26,6,3,32.77079722,-96.80877778,1,3,1,1,998,1,0,45
481400,5,24,4,21,33.18985556,-96.83947222,12,2,1,2,998,1,0,45
481402,5,20,7,6,30.67476667,-97.93206389,12,4,1,2,998,1,0,55
481403,5,22,2,13,32.22506389,-98.22417222,12,1,1,2,998,1,0,30
481404,5,26,6,12,32.726625,-96.201625,12,1,1,2,998,1,0,35
481405,5,29,2,17,32.54959444,-94.7284,12,1,10,5,998,1,0,55
481406,5,29,2,3,26.313625,-98.24786944,12,2,1,3,998,0,1,55
481407,5,31,4,21,31.34170278,-94.71795,8,2,1,1,998,0,0,40
481408,5,23,3,21,32.4302,-96.83851667,8,2,1,1,998,0,0,45
481409,5,24,4,16,32.21576111,-101.8305056,12,1,1,2,998,1,0,75
481410,5,20,7,3,30.32669444,-95.46505833,8,3,10,1,80,0,1,40
481411,5,31,4,6,32.96037222,-96.85360278,12,1,1,2,91,1,0,40
481412,5,26,6,23,30.37126944,-97.72113056,30,3,1,1,998,1,1,55
481413,5,24,4,8,31.03079444,-101.4628722,12,1,1,2,998,1,0,75
481414,5,26,6,6,31.06438889,-97.46069444,8,4,1,1,998,0,0,30
481415,5,8,2,4,34.24431944,-99.45948056,8,2,1,1,998,0,0,75
481416,5,7,1,21,27.34586389,-98.12549444,30,2,2,1,998,1,0,65
481417,5,18,5,3,29.87993333,-95.69626111,12,2,1,2,998,1,1,45
481418,5,10,4,3,29.81934167,-95.56993333,8,3,1,1,998,0,0,40
481419,5,23,3,17,29.86900833,-94.89298056,12,1,1,2,998,1,0,35
481420,5,30,3,10,31.07649444,-97.75193056,43,1,1,1,998,1,0,45
481421,5,27,7,5,33.58418333,-101.8898944,8,3,10,1,998,0,0,65
481422,5,31,4,6,33.25280833,-97.10587778,14,3,1,1,998,1,0,30
481423,5,17,4,11,29.86291389,-94.86933611,12,1,1,2,0,0,0,45
481424,4,25,3,6,29.81425,-95.69292778,12,1,1,2,998,1,0,40
481425,5,25,5,23,29.65023889,-98.6179,5,2,1,1,998,1,1,35
481426,5,25,5,21,29.36666389,-98.50401389,8,3,1,1,35,0,0,35
481427,5,24,4,15,32.189675,-94.80410278,12,1,1,2,998,0,0,0
481428,5,22,2,20,26.15943889,-97.88879722,32,3,1,1,998,1,0,70
481429,4,5,4,19,29.93976111,-95.41093333,42,1,1,1,998,1,1,45
481430,5,18,5,10,32.85655,-96.77025278,5,1,1,2,998,1,0,70
481431,5,16,3,6,31.13906111,-96.7231,12,2,5,2,998,1,0,70
481432,5,24,4,21,33.138875,-96.80558056,8,3,1,1,998,0,0,40
481433,5,21,1,17,26.23460278,-98.03746111,42,1,10,1,998,1,0,60
481434,5,18,5,22,30.34734167,-97.38305,12,3,1,2,998,1,0,50
481435,5,21,1,20,32.769325,-96.756225,8,2,1,1,998,0,0,35
481436,6,1,5,21,32.809925,-96.65477778,9,3,10,1,998,0,0,35
481437,6,4,1,20,25.91698611,-97.40849167,8,3,2,1,998,0,0,45
481439,5,20,7,4,29.732875,-95.37381389,23,3,1,1,998,1,1,45
481440,6,3,7,5,32.44282222,-99.66449167,9,2,10,1,998,0,0,55
481441,6,1,5,10,34.40052222,-100.1290722,12,1,10,4,998,0,0,75
481442,5,26,6,21,29.78656111,-98.32956111,12,2,1,2,998,0,1,60
481443,5,26,6,0,31.77999167,-102.3788944,38,2,1,1,998,1,1,75
481444,5,27,7,20,29.39067778,-99.02102778,38,5,1,1,998,1,0,35
481445,6,3,7,4,31.77759722,-106.4333222,8,3,1,2,998,0,0,60
481446,6,2,6,2,30.47629722,-97.66169722,12,3,1,2,998,1,1,40
481447,6,1,5,1,33.642125,-102.5800861,17,2,10,1,998,1,1,60
481448,6,1,5,14,32.44520556,-97.66776667,12,1,10,2,998,1,0,60
481449,5,30,3,16,31.27956944,-94.73129722,1,1,1,1,998,1,0,50
481450,6,1,5,15,29.38148056,-98.52816389,12,1,1,2,998,1,0,35
481451,6,4,1,9,31.51742778,-100.1610056,12,1,1,2,998,1,0,70
481452,5,31,4,2,27.73973611,-97.39673333,59,6,1,1,998,2,1,30
481453,5,27,7,0,31.51639167,-96.107125,57,2,1,2,998,1,0,75
481454,5,16,3,16,27.73988889,-97.65202222,12,1,1,2,998,1,0,70
481455,5,21,1,2,30.36593889,-95.0764,52,2,1,1,998,1,0,55
481456,5,27,7,13,34.15349167,-99.24946667,1,1,1,1,998,1,0,75
481457,5,29,2,0,33.57807222,-95.66067222,1,2,1,1,998,1,1,55
481458,6,6,3,2,29.54214444,-98.37942222,30,3,10,1,998,1,1,98
481459,5,5,6,21,29.70761389,-95.37570278,1,2,1,1,998,1,1,60
481460,6,4,1,21,33.59464722,-101.8146806,8,2,1,1,998,0,0,45
481461,5,29,2,15,32.17403333,-94.3611,12,1,10,3,998,1,0,55
481462,5,7,1,15,31.28860556,-97.21724722,12,1,1,2,998,1,0,75
481463,4,16,1,0,33.16989444,-96.67355556,9,3,1,1,998,0,0,40
481464,3,28,3,9,29.81339444,-95.31725278,12,1,10,3,998,0,0,35
481465,4,30,1,23,31.35778056,-96.16136667,1,2,1,1,998,1,0,55
481466,6,6,3,9,30.91765833,-95.81187778,12,1,1,2,998,0,0,70
481467,6,6,3,8,30.25880556,-100.5753778,42,1,10,1,998,1,0,75
481468,3,25,7,8,29.895275,-95.30097222,12,1,1,2,998,1,0,40
481469,5,12,6,14,32.096525,-102.0963583,12,1,10,2,998,0,0,75
481470,5,12,6,23,29.95858611,-95.41834722,5,2,10,2,998,0,0,65
481471,5,30,3,15,32.492725,-94.32538333,42,1,10,1,998,1,0,75
481472,5,7,1,14,30.94912778,-95.54698611,12,1,1,2,998,0,0,65
481473,5,31,4,3,29.90148056,-95.43203611,8,2,10,1,998,0,0,45
481474,5,12,6,4,32.8482,-96.60440556,33,6,10,1,998,1,1,40
481475,6,3,7,10,30.868925,-99.49463889,42,1,1,1,998,2,0,75
481476,6,3,7,16,31.07579167,-97.68848889,12,1,1,3,998,1,0,45
481477,4,2,1,0,29.83269167,-95.41065278,8,2,1,1,998,0,1,35
481478,5,29,2,12,32.19353056,-101.5025194,1,1,1,1,998,2,0,75
481479,6,7,4,14,32.69911667,-96.64628889,43,1,1,1,998,1,0,70
481480,6,3,7,0,33.94788333,-98.51880833,12,3,10,2,998,0,1,60
481481,6,1,5,12,29.777625,-95.12461944,8,1,1,1,998,0,0,50
481482,6,1,5,17,29.89743333,-95.63730833,8,1,1,1,998,0,0,40
481483,6,6,3,12,32.39075,-99.342875,38,1,1,1,998,1,0,75
481484,5,15,2,0,32.89523333,-96.85708889,40,3,1,1,998,1,0,35
481485,5,31,4,19,33.47052778,-94.24674722,42,1,1,1,998,1,0,75
481486,5,26,6,18,30.14535278,-97.67344444,12,1,1,2,998,1,1,55
481487,5,28,1,13,29.28871111,-94.84796667,12,1,1,2,998,1,1,55
481488,6,3,7,12,32.62166667,-95.21386944,12,1,10,2,998,1,0,60
481489,5,25,5,12,29.6645,-98.31424444,12,1,1,2,998,0,0,60
481490,5,7,1,21,30.23257222,-97.98886944,1,2,1,1,998,1,0,45
481491,5,27,7,17,29.80133056,-98.10646667,12,1,1,3,998,1,0,55
481492,6,5,2,23,29.88558333,-94.00536944,12,3,10,2,998,0,0,60
481493,6,6,3,6,29.79651667,-93.94878611,12,1,10,2,998,1,0,55
481494,6,2,6,3,29.75130556,-95.59241111,39,3,1,1,998,1,1,35
481495,4,22,7,0,29.86987778,-95.39184722,8,3,1,1,998,0,0,35
481496,5,28,1,17,30.01423889,-98.06368889,12,1,1,2,998,0,0,60
481497,6,2,6,18,32.69535,-97.525625,8,1,1,2,998,0,0,70
481498,6,3,7,21,29.31816111,-98.24043889,42,2,1,1,998,1,1,55
481499,6,9,6,23,32.76900278,-97.30156944,46,3,1,1,998,1,1,35
481500,6,9,6,18,32.3193,-95.34207222,12,1,1,3,998,1,0,55
481501,6,4,1,2,35.18743333,-101.645475,12,2,1,2,998,1,0,75
481502,3,11,7,23,30.07683889,-96.01180556,42,2,1,1,998,1,1,45
481503,6,7,4,10,31.85165,-95.50974722,12,1,10,3,998,1,0,70
481504,5,26,6,15,30.05182778,-95.60010833,12,1,1,5,998,0,0,70
481505,5,31,4,15,32.23284167,-95.85205278,12,1,1,3,998,1,1,50
481506,6,5,2,3,33.37875,-95.84525278,8,2,1,1,998,0,0,55
481507,6,3,7,15,32.28245833,-94.35045,12,1,10,2,998,1,0,60
481508,6,3,7,2,32.26989722,-95.13255833,1,2,10,1,998,1,0,35
481509,6,8,5,2,28.93726111,-97.50076111,42,2,1,1,998,1,1,70
481510,6,10,7,20,30.93172222,-94.07911389,42,2,2,1,998,1,0,75
481511,6,4,1,6,32.80499167,-96.92183889,12,4,1,2,998,1,1,70
481512,6,10,7,20,29.60866389,-98.46830278,12,1,1,2,998,0,0,30