ST_CASE,MONTH,DAY,DAY_WEEK,HOUR,LATITUDE,LONGITUD,HARM_EV,LGT_COND,WEATHER,VE_FORMS,TRAV_SP,DEATHS,DR_DRINK,VSPD_LIM
510045,1,21,7,18,38.29819167,-77.32541667,12,2,98,2,60,1,0,50
510046,1,22,1,0,37.11635,-76.50160556,25,3,98,1,100,1,0,65
510047,1,22,1,8,37.981275,-78.44929444,42,1,3,1,52,1,1,55
510048,1,23,2,18,36.80228889,-78.64264722,1,2,98,1,55,1,1,55
510049,1,7,7,6,38.14771389,-77.71078056,12,2,98,2,55,1,0,55
510050,1,21,7,14,37.03789167,-76.31423333,9,1,98,1,24,0,0,40
510051,1,26,5,11,38.55794167,-77.80184444,12,1,98,2,3,1,0,60
510052,1,26,5,19,36.682625,-81.18691667,12,2,98,2,55,1,1,55
510053,1,23,2,3,38.78273333,-78.60138611,42,6,98,1,55,1,0,55
510054,1,27,6,8,37.54583889,-77.45167222,8,1,98,1,999,0,0,25
510055,1,28,7,1,38.56519167,-77.32523889,5,2,98,1,998,1,1,25
510056,1,28,7,18,38.16941111,-77.75163333,34,2,98,1,999,1,0,45
510057,1,28,7,22,37.63118056,-77.36980833,42,2,98,1,999,1,1,70
510058,1,29,1,6,38.04731667,-79.05420833,12,2,98,2,62,0,0,55
510059,1,30,2,1,36.84593889,-76.19586944,52,3,2,1,80,1,1,55
510060,1,16,2,2,37.02831944,-76.42643889,12,3,98,2,35,1,0,35
510061,1,30,2,11,37.23349722,-76.54323611,9,1,98,1,38,0,0,35
510062,1,31,3,0,37.37028611,-76.53212778,30,2,5,1,999,1,0,55
510063,1,30,2,20,39.13756944,-78.17562778,8,2,98,2,65,0,0,70
510064,1,30,2,13,38.00788611,-79.16805278,12,1,98,2,75,1,0,70
510065,1,27,6,8,38.31147778,-78.31925556,42,1,98,1,70,1,0,60
510066,1,31,3,18,37.62332778,-77.52815,8,2,2,1,999,0,0,45
510067,2,1,4,20,38.255725,-77.42911944,8,2,98,1,45,0,0,45
510068,1,27,6,12,37.51398611,-77.44640833,12,1,98,3,15,0,0,25
510069,2,5,1,2,37.07817222,-76.46429722,9,3,98,1,45,0,0,45
510070,2,4,7,2,37.73094444,-77.45145,12,2,98,2,0,0,1,70
510071,2,6,2,17,37.01479722,-76.38776389,42,1,98,1,74,1,0,60
510072,2,7,3,13,36.80095556,-76.37853333,1,1,98,1,55,1,0,55
510073,2,7,3,22,38.22475278,-77.48510278,8,2,98,1,35,0,0,35
510074,2,8,4,13,38.339825,-77.84688611,42,1,98,1,50,1,1,55
510075,2,9,5,7,38.29535278,-78.42910833,8,1,98,1,45,0,0,45
510076,2,7,3,18,37.54109722,-77.37493056,8,2,98,2,998,0,0,40
510077,1,1,1,23,37.635225,-77.50903611,8,2,98,1,999,0,0,45
510078,1,10,3,7,37.01284722,-77.39259722,8,2,98,1,998,0,0,55
510079,1,12,5,22,38.04292222,-78.51228333,8,2,2,1,30,0,0,35
510080,2,8,4,5,37.18443056,-77.64096111,8,2,98,1,50,0,0,55
510081,2,1,4,15,37.46772778,-77.83613889,42,1,98,1,90,1,0,55
510082,2,11,7,2,37.34858056,-80.807875,34,2,98,1,80,1,0,55
510083,2,12,1,2,38.03518889,-77.50001667,12,2,98,2,100,1,1,70
510084,2,12,1,13,36.69370278,-76.35786944,12,1,2,2,45,1,0,45
510085,2,3,6,14,37.08591111,-76.48228056,9,1,98,1,45,0,0,45
510086,2,12,1,22,38.35631944,-77.06878611,42,2,2,1,55,1,1,35
510087,2,12,1,22,36.87147222,-76.58267778,5,2,2,3,45,1,0,45
510088,2,15,4,22,37.08141389,-76.39287778,33,3,98,1,998,1,0,35
510089,2,16,5,18,37.02043056,-77.51466944,9,5,98,1,998,0,0,55
510090,2,16,5,21,36.70409167,-76.02247778,12,3,98,2,100,1,0,45
510091,2,19,1,3,37.84671944,-76.58136111,42,2,98,1,80,1,1,55
510092,2,20,2,23,36.77983333,-82.35398889,35,2,5,1,55,2,0,55
510093,2,21,3,1,38.84478333,-77.09459167,30,3,98,1,35,1,1,35
510094,2,21,3,16,37.77508056,-78.77103889,42,1,98,1,30,1,0,55
510095,2,21,3,11,37.93567778,-78.13998056,1,1,98,1,100,1,0,55
510096,2,23,5,17,36.66114722,-79.29904722,12,5,98,2,15,1,0,45
510097,2,23,5,5,36.58075833,-79.30390833,12,2,98,3,55,0,0,55
510098,2,21,3,15,36.98441944,-82.56577778,24,1,98,1,55,1,0,25
510099,2,23,5,14,37.25196944,-79.18721111,12,1,98,2,5,1,0,0
510100,1,27,6,2,38.82997222,-77.19241944,42,3,98,1,37,1,1,35
510101,2,9,5,5,38.37391667,-77.45859444,1,2,98,1,10,1,0,65
510102,2,11,7,18,36.90607778,-76.14778889,8,3,98,1,45,0,0,45
510103,2,5,1,18,38.06892222,-78.88296111,8,3,98,1,22,0,0,35
510104,2,22,4,19,38.06218333,-79.11351111,34,2,98,1,55,1,0,55
510106,1,16,2,23,37.97503889,-76.59418333,34,2,98,1,70,1,1,55
510107,2,23,5,5,37.31793333,-77.30319444,8,2,98,1,62,0,0,55
510108,2,23,5,14,37.24243611,-79.05163889,12,1,98,2,15,0,0,55
510109,2,27,2,7,36.60659444,-82.09919167,12,1,2,2,45,1,0,45
510110,2,28,3,11,38.13914167,-77.50827222,42,1,98,1,70,1,0,70
510111,2,28,3,22,36.8015,-76.38138889,12,3,98,3,999,0,0,35
510112,3,1,4,23,37.04523056,-76.39598056,33,3,98,1,90,1,1,35
510113,2,24,6,4,38.89033056,-77.21777778,39,2,98,1,100,1,1,55
510114,2,24,6,20,36.80786111,-81.63703056,24,2,98,1,999,1,1,70
510115,2,13,2,6,38.86465,-77.61512778,12,2,98,3,15,0,0,50
510116,2,12,1,20,36.86168611,-76.45853333,42,2,2,1,999,1,0,25
510117,2,17,6,5,37.29835,-79.93956944,8,3,2,1,35,0,0,30
510118,1,12,5,10,37.36089167,-77.31610833,34,1,98,1,998,1,0,25
510119,1,13,6,18,38.08009722,-78.47541667,8,3,98,1,43,0,0,45
510120,1,16,2,5,37.51520833,-77.52722222,25,2,98,1,50,1,0,55
510121,1,27,6,22,37.01664722,-76.37941111,12,2,98,2,0,0,1,45
510122,1,30,2,0,37.39610833,-77.49972222,33,2,98,1,63,1,1,25
510123,2,6,2,18,38.81269444,-77.64367778,10,3,98,1,998,1,0,25
510124,2,1,4,12,36.85255556,-76.19250278,12,1,98,2,25,0,0,35
510126,2,19,1,1,37.92885,-76.86146944,31,3,98,1,120,1,0,35
510127,2,24,6,22,38.08506111,-77.95672778,42,2,98,1,75,1,0,55
510128,1,5,5,15,37.28883889,-77.29823889,5,1,98,1,45,1,0,35
510129,3,24,6,13,37.07688611,-79.09886944,24,1,98,1,45,1,0,45
510130,2,23,5,15,38.09791944,-78.861675,1,1,98,2,30,1,0,40
510131,3,2,5,5,38.14793056,-77.69780278,12,2,2,2,55,1,0,55
510132,3,2,5,6,37.72634722,-77.022975,8,4,2,1,3,0,0,35
510133,3,3,6,14,37.07790556,-76.47713889,12,1,2,3,40,1,0,45
510134,3,4,7,22,38.87573889,-78.48513333,42,2,98,1,50,1,1,35
510135,3,5,1,1,37.34200833,-76.719175,12,2,98,2,70,1,1,70
510136,3,4,7,3,38.89858611,-77.07016389,25,3,98,1,90,1,1,45
510137,3,5,1,23,37.59858056,-77.347325,59,2,98,1,999,1,1,25
510138,3,7,3,7,37.330575,-79.20671389,38,1,98,1,35,1,0,35
510139,3,8,4,10,37.07325833,-81.71363611,12,1,98,3,5,1,0,55
510140,3,8,4,15,37.62461944,-77.44655278,42,1,98,1,80,1,1,60
510141,3,10,6,12,36.78548611,-76.39592222,14,1,98,1,60,1,0,60
510142,3,10,6,22,37.28145556,-76.505275,53,2,98,1,55,1,1,45
510143,3,10,6,18,36.85708333,-76.02576667,8,3,2,1,10,0,0,45
510144,3,11,7,22,38.31575556,-77.61339444,42,2,98,1,53,2,0,35
510145,3,11,7,13,38.06826111,-79.89626389,42,1,98,1,79,2,1,55
510146,3,11,7,5,37.05355278,-78.47068889,12,2,98,2,80,0,1,65
510147,3,12,1,17,36.61981667,-80.00730278,12,1,2,3,5,1,0,35
510148,3,14,3,16,37.84233889,-78.82598889,34,1,98,1,70,1,0,60
510149,3,14,3,19,38.309475,-77.39791389,12,5,98,2,65,2,1,45
510150,3,16,5,11,37.16401111,-77.51298611,12,1,98,2,70,1,0,55
510151,3,7,3,17,37.36640833,-79.81681667,12,1,98,2,20,1,0,99
510152,3,16,5,0,37.94357778,-78.83587222,42,2,98,1,98,1,1,45
510153,3,18,7,5,38.11336111,-76.69676944,8,2,2,1,45,0,0,55
510154,3,20,2,11,37.72536944,-77.60309722,12,1,98,2,999,1,0,45
510155,3,20,2,16,36.80018611,-78.35025833,42,1,98,1,65,1,0,45
510156,3,19,1,23,37.67259167,-77.28243333,42,2,98,1,85,1,1,45
510157,3,20,2,11,36.66183056,-79.41330833,12,1,98,2,5,0,0,45
510158,3,19,1,21,37.84604722,-78.81866111,42,2,98,1,65,1,0,60
510159,3,20,2,20,36.80203611,-76.71754167,12,2,98,2,15,1,0,35
510160,3,21,3,15,36.74673333,-78.8409,12,1,98,2,30,1,0,60
510161,3,22,4,12,37.30138056,-79.3808,35,1,98,1,65,1,0,60
510162,3,22,4,10,37.44173611,-77.58663056,12,1,98,2,100,1,0,45
510163,3,22,4,16,38.63996389,-78.73308611,12,1,98,2,15,0,0,55
510164,3,23,5,10,36.99001389,-77.02109444,12,1,98,2,100,1,0,55
510165,3,23,5,18,37.81714722,-75.58951389,12,2,98,2,35,0,0,45
510166,3,25,7,3,38.79588333,-77.13928611,12,3,98,2,0,1,1,55
510167,3,21,3,7,38.39222222,-78.69856389,8,1,98,1,20,0,0,55
510168,3,20,2,17,38.68136667,-78.92703889,24,1,98,1,60,1,0,55
510169,3,28,3,7,37.18161389,-79.08033333,12,1,98,2,20,1,0,55
510170,3,28,3,17,36.67891389,-79.47693333,12,1,98,2,45,1,0,45
510171,3,28,3,21,39.17703056,-78.06680556,12,2,98,3,70,2,1,55
510172,3,29,4,10,37.16983611,-77.49766667,34,1,98,1,96,1,0,70
510173,3,30,5,0,36.99713056,-77.03384722,7,2,98,1,70,1,1,55
510174,3,31,6,19,37.94600556,-75.54028889,8,3,98,2,40,0,0,45
510175,3,31,6,2,36.56068056,-79.82922222,12,2,98,2,53,1,0,55
510176,3,31,6,0,37.44396389,-76.29294722,34,2,98,1,55,1,1,35
510177,3,29,4,14,36.84108889,-76.13675,12,1,98,2,70,1,0,45
510178,3,6,2,15,37.52154444,-77.52868056,25,1,98,1,60,1,0,55
510179,3,15,4,22,37.22810833,-77.40179167,12,3,98,2,77,0,0,25
510180,3,17,6,2,37.551725,-77.44453056,8,3,98,1,999,0,0,25
510181,3,24,6,5,37.33783056,-79.550775,12,4,98,2,20,1,0,50
510182,3,24,6,20,37.29836667,-76.94435833,42,2,98,1,100,1,1,55
510183,3,24,6,18,36.74188056,-76.87595833,12,1,98,2,10,0,0,45
510184,3,24,6,6,38.87340833,-77.14727778,8,3,2,1,30,0,0,30
510185,3,31,6,20,37.51348611,-77.33553056,8,1,2,1,999,0,0,35
510187,3,28,3,14,36.87085,-76.19498056,24,1,98,1,55,1,0,55
510188,3,30,5,11,37.57373056,-78.85992222,42,1,98,1,999,1,0,55
510189,3,30,5,21,38.76823889,-77.082775,12,3,98,2,77,0,0,45
510190,4,1,7,3,37.43595556,-76.63918333,42,2,2,1,45,1,1,45
510191,4,1,7,22,36.6957,-81.90385,12,2,98,2,65,1,1,65
510192,4,3,2,12,38.404725,-78.86857222,1,1,98,2,65,1,0,45
510193,4,2,1,23,37.66046667,-77.068575,53,2,98,1,75,1,1,55
510195,4,5,4,17,38.03016944,-78.67016389,24,1,98,1,70,1,0,70
510196,4,5,4,18,38.59546389,-77.33461111,12,1,98,2,55,2,0,50
510197,4,6,5,1,36.77379722,-81.41375278,42,2,98,1,80,1,0,40
510198,4,7,6,5,38.70864167,-77.15953056,8,2,98,2,45,0,0,45
510199,4,7,6,15,36.95674722,-81.05735,8,1,2,1,55,0,0,70
510200,4,6,5,20,38.28187222,-77.45380556,8,2,98,2,35,0,0,45
510201,4,7,6,7,36.73865,-79.47411944,12,1,2,2,5,1,0,45
510202,4,7,6,20,37.799925,-77.86583056,12,2,98,2,50,1,1,55
510203,4,8,7,19,37.79561111,-76.54003056,35,5,98,1,55,1,1,55
510204,4,9,1,8,38.63066111,-77.25508333,34,1,98,1,89,1,0,35
510205,4,9,1,10,36.86358056,-76.44059444,12,1,98,2,55,0,0,45
510206,4,10,2,0,37.60958333,-77.45694444,42,2,98,1,999,1,0,45
510207,4,11,3,13,37.30835833,-82.16888056,1,1,98,1,40,1,0,40
510208,4,11,3,7,38.42675278,-79.02798611,9,1,98,1,55,0,0,55
510209,4,12,4,14,37.36491944,-76.74545278,12,1,98,2,95,1,0,70
510210,4,11,3,17,37.53852778,-77.62355833,32,1,98,1,61,2,0,35
510211,4,12,4,15,38.67091111,-78.44778889,12,1,98,2,35,1,0,35
510212,4,13,5,8,38.11735,-77.52448333,12,1,98,2,10,1,0,55
510213,4,13,5,20,39.37255556,-78.29635556,12,2,98,2,30,0,0,55
510214,4,14,6,21,36.67065556,-77.55751111,8,3,2,1,998,0,0,55
510215,4,15,7,1,38.31842222,-77.21986944,42,2,98,1,45,1,0,45
510216,4,15,7,10,38.75566389,-77.46594444,12,1,98,2,49,1,0,25
510217,4,11,3,21,37.11097222,-76.49855833,12,6,98,2,999,1,0,45
510218,4,15,7,23,37.38296667,-76.75942778,8,2,98,1,998,0,0,45
510219,4,15,7,22,38.777925,-77.5074,8,2,98,1,40,0,0,45
510220,4,16,1,12,37.41556944,-77.64237222,12,1,98,2,98,0,0,55
510221,4,16,1,20,37.04376389,-76.35492778,8,3,98,2,999,0,0,45
510222,4,17,2,7,36.67055278,-78.77943056,42,1,98,1,60,1,0,60
510223,4,18,3,14,37.52876944,-77.45110556,12,1,98,2,999,0,0,40
510224,4,20,5,15,37.31801944,-76.69458611,9,1,98,1,45,0,0,55
510225,4,20,5,1,38.67129167,-78.78998611,38,2,98,1,60,1,1,45
510226,4,16,1,19,37.51754167,-77.59835556,12,1,98,2,60,0,1,45
510227,4,20,5,22,37.33013889,-82.17514167,24,2,98,1,80,1,1,55
510228,4,22,7,13,37.52549722,-77.28833611,42,1,2,1,75,1,0,65
510229,4,22,7,17,38.30837222,-77.50216111,24,1,2,1,65,1,0,65
510230,4,21,6,17,38.64657222,-77.88453889,12,1,98,2,45,1,1,45
510231,4,22,7,12,37.00902778,-82.58956667,1,1,98,3,10,0,0,0
510232,4,22,7,6,36.81223333,-81.609425,12,4,2,2,58,1,0,70
510233,4,21,6,23,38.82009722,-77.46557222,12,3,98,4,140,1,1,60
510234,4,22,7,1,38.82651389,-77.492375,12,2,98,2,100,1,1,50
510235,4,23,1,12,38.44359444,-78.27220833,12,1,98,3,50,2,0,55
510236,4,23,1,4,37.17764444,-77.27289444,42,2,98,1,100,2,0,55
510237,4,23,1,20,37.47846111,-77.444325,8,3,98,1,999,0,0,35
510238,4,24,2,20,37.04379722,-76.35841389,12,1,98,4,78,1,1,45
510239,4,24,2,20,38.27896389,-77.41458611,42,1,98,1,80,1,1,25
510240,4,19,4,17,37.52023889,-77.60594722,12,1,98,3,70,1,0,45
510241,4,26,4,14,37.04423889,-76.37726389,33,1,98,1,50,1,1,45
510242,4,27,5,13,37.93428056,-78.20018611,43,1,98,1,70,1,1,55
510243,4,24,2,6,37.12985278,-81.61885278,34,4,98,1,30,1,0,35
510244,4,10,2,18,38.68748889,-77.3123,8,1,98,1,10,0,0,10
510245,4,29,7,17,36.75910556,-77.81813333,34,1,98,1,50,1,1,45
510246,4,28,6,3,38.79684444,-77.13240278,25,3,98,1,55,2,0,55
510247,4,30,1,23,38.10739722,-77.51832222,8,2,98,1,70,0,0,70
510248,4,28,6,23,37.25336111,-79.91583333,8,2,2,1,35,0,0,35
510249,4,9,1,9,37.21931111,-79.79810556,12,1,98,3,55,1,1,55
510250,4,20,5,21,38.79603056,-77.44703056,8,3,98,1,998,0,0,45
510251,4,15,7,0,37.050975,-77.38172222,42,2,98,1,80,1,0,70
510252,4,23,1,21,37.04014167,-76.38746944,8,3,98,1,35,0,0,35
510253,4,22,7,17,36.84683056,-76.03592222,12,1,2,3,45,1,0,45
510254,4,29,7,23,38.67905278,-77.283125,12,2,98,2,998,1,0,45
510255,4,11,3,11,37.307075,-82.155175,12,1,98,4,40,1,0,55
510256,4,12,4,18,37.90549167,-75.50788056,8,1,98,1,50,0,0,40
510257,4,14,6,19,36.88045278,-78.51421389,42,2,98,1,110,2,1,55
510258,4,23,1,12,36.75838056,-81.85383611,14,1,98,1,90,1,0,70
510259,4,26,4,15,37.20381111,-77.46071111,12,1,98,2,5,0,0,45
510260,4,28,6,6,36.61363056,-81.178925,38,4,2,1,55,1,0,55
510261,4,4,3,9,37.26136944,-79.99847222,8,1,98,1,30,0,0,30
510262,4,19,4,20,36.73916667,-76.34779444,30,3,98,1,84,1,1,35
510263,4,30,1,16,37.14408333,-77.35565556,42,1,2,1,70,1,0,65
510264,4,21,6,1,38.86769444,-77.14455,12,3,98,2,69,0,0,45
510266,5,1,2,23,37.60621667,-76.55624167,34,2,98,1,75,1,1,55
510267,5,4,5,11,38.20711667,-78.35794722,12,1,98,2,40,0,0,40
510268,5,4,5,18,37.54471389,-77.44701667,12,5,98,2,999,0,0,25
510269,5,4,5,14,36.61331389,-80.92139444,42,1,98,1,20,2,0,55
510270,5,4,5,22,36.95354722,-79.8808,9,2,98,1,55,0,0,55
510271,5,6,7,2,38.36802778,-79.473825,31,2,98,1,55,1,1,55
510272,5,5,6,20,37.34881389,-80.80823333,5,5,98,1,100,1,1,55
510273,5,7,1,8,37.90916111,-75.5723,12,1,98,2,55,1,1,55
510274,5,7,1,23,37.90323889,-79.27496389,35,2,98,1,70,1,0,55
510275,5,8,2,18,37.28106111,-79.91759444,35,1,98,1,36,1,0,25
510276,5,8,2,22,38.57198889,-77.28901944,8,2,98,1,45,0,0,45
510277,5,7,1,2,36.84797222,-76.00869444,42,3,98,1,110,1,0,55
510278,5,9,3,7,37.33381667,-79.91803889,12,1,98,2,45,1,0,45
510279,5,9,3,12,36.67115556,-79.85999444,30,1,98,1,50,1,0,35
510280,5,10,4,16,37.09035278,-79.93589167,12,1,98,2,8,1,1,55
510281,5,11,5,22,37.36541111,-78.83739722,8,2,98,1,25,0,0,35
510282,5,12,6,4,37.37526111,-77.40641667,1,2,98,1,70,1,0,60
510283,5,12,6,17,37.07827778,-77.565425,34,1,98,1,999,1,1,70
510284,5,11,5,18,36.75101111,-83.01085,16,1,98,1,30,1,0,55
510285,5,11,5,15,37.29505556,-79.16260833,9,1,98,1,35,0,0,45
510286,5,12,6,3,36.68640278,-82.02781667,59,2,98,1,70,1,0,70
510287,5,14,1,16,38.94756667,-77.56509167,12,1,98,2,90,1,0,55
510288,5,8,2,2,38.94169722,-77.36947778,8,2,98,1,6,0,0,25
510289,5,15,2,9,38.44482778,-77.98043611,1,1,98,1,999,1,0,45
510290,5,6,7,17,38.70867222,-77.20101667,12,1,98,2,65,1,0,45
510291,5,14,1,9,36.61312222,-83.15706111,24,1,98,1,55,1,0,55
510292,5,8,2,5,36.68863333,-76.34725556,12,4,98,2,999,1,0,35
510293,5,14,1,21,37.07252778,-76.94008611,34,2,98,1,80,1,1,55
510294,5,14,1,20,37.12457222,-76.84213333,12,2,98,2,15,0,0,55
510295,5,14,1,20,36.5429,-79.05661389,12,2,98,2,15,2,0,55
510296,5,6,7,20,37.59997222,-77.54770278,8,2,98,1,998,0,0,35
510297,5,1,2,8,37.19386667,-77.60124722,12,1,98,3,10,0,0,60
510298,5,16,3,14,38.30613056,-77.9562,12,1,98,2,55,1,1,55
510299,5,15,2,16,39.080775,-78.20253889,12,1,98,2,10,0,0,35
510300,5,17,4,20,36.80668889,-76.09092222,12,3,98,2,999,1,0,45
510301,5,19,6,6,37.48791111,-77.4948,12,1,98,2,998,1,0,35
510302,5,19,6,14,38.00423056,-79.71198611,42,1,98,1,45,1,1,55
510303,5,19,6,17,38.76336944,-77.45874167,12,1,98,2,51,0,0,35
510304,5,19,6,3,38.2176,-77.49909167,8,2,98,2,70,0,0,65
510305,5,21,1,9,37.275375,-79.08867778,53,1,98,1,35,1,0,35
510306,5,21,1,18,36.86436389,-76.02842778,12,1,98,2,60,1,1,45
510307,5,22,2,22,38.84334167,-77.1103,8,3,98,1,40,0,1,25
510308,5,22,2,9,37.53950278,-77.38764167,34,1,98,1,55,1,0,65
510309,5,22,2,13,37.04155556,-79.35919444,1,1,98,1,60,1,0,60
510310,5,24,4,13,36.67152778,-78.2528,35,1,98,1,65,1,0,60
510311,5,6,7,0,36.77034167,-80.81556111,40,2,98,1,55,1,1,40
510312,5,25,5,18,37.53494722,-77.5377,59,5,98,1,999,1,0,35
510313,5,19,6,16,38.72507778,-77.25279722,35,1,98,1,50,1,1,35
510314,5,26,6,13,36.63028333,-79.88235,42,1,98,1,65,1,0,65
510315,5,25,5,16,36.91614444,-76.25413889,12,1,98,3,5,0,0,35
510316,5,26,6,14,39.06973611,-77.48290833,33,1,98,1,999,1,0,45
510317,5,28,1,12,38.71516389,-78.64696944,12,1,98,2,55,0,1,55
510318,5,28,1,16,36.74833889,-79.99453056,12,1,2,2,40,1,0,35
510319,5,28,1,14,39.01277778,-77.61379722,12,1,98,3,58,1,0,55
510320,5,28,1,21,38.25042778,-78.11355278,12,3,98,2,35,1,0,25
510321,5,29,2,21,37.54541667,-77.43738889,1,3,98,2,74,1,1,25
510322,5,23,3,6,38.42175,-78.89245,12,1,98,2,998,1,0,35
510323,5,30,3,3,37.14981111,-80.33313056,51,2,2,4,998,4,0,65
510324,5,30,3,14,37.30825833,-80.07638889,35,1,98,1,64,1,0,35
510325,5,30,3,18,37.53141111,-77.31472222,14,1,98,1,998,1,1,40
510326,5,9,3,0,37.51615833,-77.52801389,8,2,98,1,999,0,0,45
510327,5,24,4,12,36.63744722,-82.10413056,34,1,98,1,70,1,0,70
510328,5,30,3,15,36.59604167,-82.73275556,1,1,98,1,90,1,0,55
510329,5,11,5,6,38.99880278,-77.90188056,18,1,98,1,50,1,0,50
510331,5,12,6,8,37.700425,-77.62558611,42,1,98,1,25,1,1,25
510332,5,19,6,21,37.28133056,-77.20801944,12,2,98,2,98,1,1,55
510335,5,8,2,2,37.63288333,-77.38452222,8,2,98,1,999,0,0,70
510336,5,7,1,9,36.75201667,-76.24699167,12,1,98,2,50,1,0,50
510337,5,5,6,4,38.82568333,-77.89866389,42,2,98,1,55,1,0,35
510338,5,5,6,21,37.29488056,-80.09993056,8,2,98,1,25,0,0,55
510339,5,2,3,1,38.79245278,-77.17198056,52,3,98,1,100,1,0,55
510340,5,24,4,21,38.15355,-79.12685556,8,2,98,1,998,0,0,45
510341,5,4,5,11,37.49818333,-77.02210833,59,1,98,1,60,1,0,55
510342,6,3,7,16,37.66125556,-78.105925,38,1,98,1,75,1,1,55
510343,6,4,1,17,36.65354167,-81.79100556,5,1,98,2,85,1,0,55
510344,6,5,2,12,37.31178611,-78.75733333,24,1,98,1,60,1,0,60
510345,6,4,1,14,39.25265278,-77.66959167,34,1,98,1,999,1,0,40
510346,6,5,2,14,37.39298056,-77.78980278,14,1,98,1,998,1,0,55
510347,6,3,7,22,36.95397778,-76.52878056,8,2,98,2,45,0,0,45
510348,6,6,3,9,37.73545,-78.29341111,12,1,98,2,80,1,0,55
510349,6,7,4,13,38.62254444,-77.29533611,20,1,98,2,85,1,0,60
510350,6,8,5,20,36.95340278,-81.05495,24,1,98,3,70,1,1,70
510351,6,8,5,19,37.29176944,-79.96136389,12,1,98,2,25,0,0,25
510352,6,9,6,13,38.18565,-79.08258889,12,1,98,2,19,1,0,55
510353,6,10,7,2,37.07348333,-77.86201389,42,2,98,1,999,1,1,55
510354,6,6,3,10,38.84884722,-78.52995833,8,1,98,1,50,0,0,50
510355,6,10,7,0,37.0153,-76.4419,12,3,98,2,70,1,1,45
510356,6,10,7,22,37.42505,-79.87001111,12,2,98,2,35,0,0,55
510357,6,10,7,11,38.36083889,-77.97403889,12,1,98,2,25,1,0,55
510358,6,11,1,0,37.023325,-76.36905556,9,2,98,1,998,0,1,45
510359,6,12,2,19,36.97658889,-79.94243056,12,1,98,3,60,0,0,45
510360,6,14,4,2,36.69323889,-83.02376944,12,2,98,2,55,0,0,55
510361,6,4,1,18,39.14434167,-77.79474444,1,1,98,1,25,1,0,35
510362,6,6,3,11,36.59467778,-80.31346111,12,1,98,2,55,1,0,55
510363,6,3,7,21,37.84805556,-75.56563056,8,2,98,1,45,0,0,45
510364,6,9,6,8,37.13421667,-81.420025,12,1,98,2,47,1,0,55
510365,6,1,5,15,38.75819167,-77.69038333,38,1,98,1,998,1,0,45
510366,6,15,5,6,36.88943889,-79.40265556,12,1,98,2,15,1,0,60
510367,6,15,5,3,37.48346389,-75.86812778,42,2,98,1,60,1,0,45
510368,6,14,4,22,37.36383333,-79.11134722,8,2,98,1,55,0,0,55
510369,6,15,5,11,38.3414,-77.74163611,12,1,98,2,5,1,0,0
510370,6,16,6,14,37.43651944,-77.59971944,12,1,2,2,18,1,0,45
510371,6,16,6,21,37.35762222,-77.86954444,12,2,98,2,60,0,0,60
510372,6,4,1,5,37.082475,-77.56139167,24,2,98,1,80,1,1,70
510373,6,16,6,19,38.95840556,-77.36840278,12,1,98,2,60,1,1,50
510374,6,16,6,14,38.09957778,-77.48129167,42,1,98,1,35,1,0,45
510375,6,3,7,19,36.65352222,-80.57868889,35,1,98,1,50,1,1,55
510376,6,16,6,16,39.30863611,-78.28848889,34,1,98,1,55,1,0,55
510377,6,17,7,15,36.60797222,-82.11078611,42,1,98,1,60,1,1,35
510378,6,17,7,14,37.40943333,-77.65325278,12,1,98,2,999,1,0,45
510379,6,17,7,21,37.83893889,-75.56627222,32,5,98,1,55,1,1,55
510380,6,20,3,4,37.06077778,-76.41587222,59,4,98,1,999,1,0,60
510381,6,20,3,12,36.77951944,-77.81311667,42,1,98,1,60,1,0,60
510382,6,21,4,2,36.69998056,-78.91099444,14,3,2,1,25,1,0,25
510383,6,21,4,18,36.76401944,-76.48514167,26,1,2,1,998,2,0,60
510384,6,21,4,19,38.24735556,-77.42218889,12,2,2,2,58,1,0,45
510385,6,22,5,22,37.18756111,-76.5593,12,2,98,2,0,0,0,65
510386,6,23,6,2,38.15609444,-77.52147222,18,2,2,2,5,1,0,55
510387,6,23,6,10,37.09143333,-78.19653056,12,1,98,2,55,1,0,55
510388,6,23,6,9,37.146275,-82.62056944,24,1,98,1,40,1,0,55
510389,6,23,6,20,37.54193056,-77.4356,12,5,98,2,998,1,0,25
510390,6,23,6,21,36.77544722,-82.702325,1,2,98,1,60,1,0,45
510391,6,24,7,18,37.69466944,-76.44234167,34,1,98,1,60,1,1,45
510392,6,23,6,3,36.68885,-77.36605,12,2,2,2,0,1,1,60
510393,6,26,2,6,36.98684722,-79.64956667,12,4,98,2,60,0,0,55
510394,6,20,3,21,37.26925556,-79.94390833,8,3,98,1,999,0,0,25
510395,6,22,5,13,36.91913611,-76.12958056,33,1,5,2,55,1,1,55
510396,6,27,3,10,36.84224722,-76.03716111,42,1,98,1,55,1,0,55
510397,6,26,2,7,38.3446,-77.48759722,12,1,98,2,10,1,0,65
510398,6,27,3,15,37.49505833,-77.53976111,42,1,98,1,51,1,1,35
510399,6,27,3,15,37.06584722,-81.75476667,12,1,98,2,10,1,0,0
510400,6,27,3,16,36.839825,-76.10316111,8,1,2,1,45,0,0,45