ST_CASE,MONTH,DAY,DAY_WEEK,HOUR,LATITUDE,LONGITUD,HARM_EV,LGT_COND,WEATHER,VE_FORMS,TRAV_SP,DEATHS,DR_DRINK,VSPD_LIM
510401,6,21,4,12,37.15583889,-79.22716667,12,1,2,2,5,1,0,0
510403,6,24,7,17,36.61806389,-81.68062778,7,1,2,1,30,1,0,45
510404,6,23,6,7,37.55096111,-77.43825556,12,1,2,2,0,0,0,55
510405,6,17,7,17,36.70271944,-77.54948889,12,1,98,3,45,0,0,70
510406,6,21,4,12,36.78510833,-78.42897222,35,1,2,1,70,1,0,55
510407,6,5,2,7,36.88423056,-76.13457222,30,1,98,1,52,1,0,45
510408,6,29,5,14,36.70567778,-78.11696667,24,1,98,1,90,1,0,70
510409,6,30,6,21,37.02241389,-78.98908611,38,2,98,1,60,1,1,55
510410,6,6,3,9,38.17994722,-79.25242222,42,1,98,1,55,1,0,55
510411,6,7,4,17,37.58275556,-77.4696,42,1,2,1,80,1,0,55
510412,6,13,3,12,37.718525,-78.05655278,30,1,98,1,998,1,0,45
510413,6,16,6,6,37.66133611,-77.65439167,24,4,98,1,80,1,0,65
510414,5,13,7,23,37.64847222,-77.18140556,34,2,98,1,999,1,1,25
510415,7,14,6,16,37.41105,-79.88335833,12,1,98,2,40,1,0,40
510416,7,13,5,20,37.09818333,-77.18595278,12,2,98,2,60,0,0,55
510417,7,15,7,22,38.53200556,-77.35865556,1,3,2,1,75,1,1,65
510418,7,1,7,3,37.22619722,-79.54153889,42,2,98,1,60,1,0,55
510419,7,1,7,23,36.71605,-76.58080833,12,3,98,2,41,1,1,25
510420,7,3,2,0,37.37269167,-77.07814722,42,2,98,1,55,1,1,55
510421,7,3,2,15,37.31791944,-81.99789444,12,1,2,2,60,0,0,55
510422,7,4,3,17,37.498075,-80.16034444,24,1,98,1,70,1,0,55
510423,7,4,3,2,38.84296111,-77.10343333,42,3,2,1,998,2,1,35
510424,7,5,4,4,38.37537222,-77.46085833,12,2,98,3,74,0,0,65
510425,7,6,5,11,38.45550833,-78.061425,12,1,98,2,15,1,0,45
510426,7,4,3,21,36.68221111,-78.89896667,12,3,98,2,43,0,1,35
510427,7,7,6,11,37.36671111,-79.88674722,24,1,98,1,40,1,0,55
510428,7,6,5,21,36.85506389,-76.39650833,9,3,2,1,35,0,0,35
510429,7,6,5,23,36.76508056,-78.11447778,34,2,98,1,65,1,1,40
510430,7,6,5,17,36.97249167,-79.08963611,35,1,98,1,65,1,0,55
510431,7,7,6,20,37.22462222,-76.78253611,33,5,98,1,80,1,0,35
510432,7,8,7,2,37.64498056,-77.13888611,42,2,98,1,999,1,0,45
510433,7,9,1,1,36.74741944,-78.95213056,42,2,98,1,45,1,1,45
510434,7,8,7,21,38.60666111,-78.48134444,12,2,98,2,70,1,1,55
510435,7,10,2,10,37.75703056,-77.22880278,12,1,98,2,998,1,0,40
510436,7,10,2,16,37.19181389,-79.29398611,12,1,98,2,80,1,0,55
510437,7,11,3,2,36.9149,-76.23811944,33,3,98,1,999,1,1,45
510438,7,11,3,21,37.30664722,-75.94211389,42,2,98,1,65,1,1,55
510439,7,1,7,22,36.55985556,-80.65323889,33,2,98,1,40,1,0,45
510440,7,12,4,15,36.79963611,-81.40386389,1,1,98,1,50,1,0,55
510441,7,2,1,2,37.00990278,-76.38168333,12,2,98,2,80,0,0,30
510442,7,16,1,0,38.49751944,-78.35150556,34,2,2,1,45,1,1,35
510443,7,16,1,20,37.20851667,-77.33401667,32,1,98,1,60,1,1,35
510444,7,17,2,14,37.55586944,-76.81627778,12,1,98,2,45,1,0,45
510445,7,17,2,22,38.74166667,-77.14791667,12,2,98,2,45,1,1,40
510446,7,17,2,19,36.84648056,-76.190675,12,1,98,2,15,0,0,35
510447,7,10,2,21,38.53975556,-77.81362778,12,2,98,2,90,1,0,60
510448,7,18,3,21,38.79815278,-77.31800278,12,5,98,2,87,0,0,40
510449,7,19,4,18,38.631225,-77.80067222,12,1,98,2,73,1,0,45
510450,7,21,6,15,37.18303056,-77.87611111,1,1,98,1,65,1,1,55
510451,7,20,5,21,39.18539167,-78.09825278,12,2,98,2,75,0,0,55
510452,7,21,6,5,36.87159444,-77.73778611,12,4,98,2,70,1,0,55
510453,7,8,7,2,38.83633333,-77.15749167,8,3,98,1,999,0,1,40
510454,7,25,3,14,36.68301944,-80.71786389,8,1,98,1,60,0,0,65
510455,7,25,3,15,36.62388889,-79.50074722,12,1,98,2,55,1,0,45
510456,7,25,3,14,37.70325833,-77.44868889,12,1,98,2,75,1,1,65
510457,7,27,5,5,38.91223889,-77.47543611,8,2,98,1,63,0,0,55
510458,7,17,2,5,37.55813611,-77.41035556,35,1,98,1,998,1,0,35
510459,7,28,6,23,37.27232222,-77.31518889,12,2,98,2,15,1,1,35
510460,7,29,7,12,37.49868889,-78.04099722,42,1,98,1,55,1,0,55
510461,7,29,7,20,38.4424,-78.01787222,12,1,98,2,45,1,0,45
510462,7,30,1,10,37.66726667,-78.23473333,8,1,98,1,40,0,0,55
510463,7,31,2,0,39.09933611,-78.19150278,24,2,98,1,999,1,1,35
510464,7,19,4,14,36.72477222,-80.81431667,12,1,98,2,15,0,0,55
510465,7,13,5,15,36.79765278,-76.32582778,8,1,98,1,35,0,0,35
510466,7,31,2,23,36.71282778,-82.81277778,8,2,98,1,50,0,0,55
510467,7,31,2,14,37.52635278,-77.51011667,12,1,98,2,55,0,0,35
510468,7,10,2,22,36.88316111,-76.17672778,8,3,98,1,35,0,0,45
510469,7,30,1,20,36.94915833,-77.17196111,12,5,98,2,10,1,0,55
510470,7,25,3,8,36.89804167,-76.13126667,12,1,98,2,0,0,0,35
510471,7,11,3,19,36.80538056,-76.194675,42,1,98,1,45,1,0,35
510472,7,25,3,19,37.99102778,-77.07702222,43,1,98,1,80,1,0,45
510473,7,15,7,23,37.58291111,-77.4951,8,2,98,1,999,0,0,45
510475,7,13,5,3,37.04222222,-77.19106111,1,2,98,1,70,1,1,55
510477,7,14,6,7,38.80118611,-77.63407778,8,1,98,1,40,0,0,45
510478,7,22,7,20,37.42369167,-77.08846944,53,5,98,1,65,1,1,45
510479,7,25,3,3,38.102725,-79.09651944,42,2,98,1,60,1,0,45
510480,7,5,4,22,36.79501389,-76.36439722,8,3,98,1,998,0,0,25
510482,7,2,1,14,37.27273611,-78.28574167,12,1,98,2,10,1,0,60
510483,7,4,3,20,38.75071944,-77.47917222,12,3,98,2,112,1,1,25
510484,5,10,4,3,37.48063056,-77.48916944,8,3,98,1,999,0,0,25
510485,6,16,6,17,37.48226667,-77.46718056,42,5,98,1,999,1,0,35
510486,8,1,3,10,38.04759722,-78.97427222,12,1,98,2,10,0,0,55
510487,8,1,3,18,37.25379722,-79.12013056,12,1,98,2,95,1,1,55
510488,8,1,3,19,36.90029167,-76.13222778,42,1,98,1,55,1,1,55
510489,8,2,4,2,36.84166667,-76.04494444,34,6,98,1,999,1,0,55
510490,8,3,5,13,36.67543333,-76.94139722,33,1,98,1,45,1,0,25
510491,8,3,5,14,37.30494722,-77.39373611,42,1,98,1,60,1,0,60
510492,8,3,5,15,38.00163333,-78.19245556,12,1,2,2,55,1,0,55
510493,8,2,4,14,37.46392222,-77.44278611,30,1,98,1,999,1,0,35
510494,8,6,1,11,39.12538611,-78.18713056,8,1,98,1,68,0,0,70
510495,8,6,1,13,37.86606111,-77.76984167,12,1,98,2,50,1,0,45
510496,8,6,1,11,37.06304722,-76.44509722,35,1,98,1,94,1,0,45
510497,8,5,7,21,37.94412222,-77.94925833,12,2,98,2,60,1,1,45
510498,8,6,1,1,37.15803333,-76.53513056,33,3,98,1,999,1,1,45
510499,8,6,1,16,37.04285278,-76.43307222,12,1,98,2,15,0,0,35
510500,8,7,2,13,37.210025,-82.20945556,35,1,2,1,35,1,0,55
510501,8,5,7,9,39.04026389,-77.39761111,12,1,98,2,104,1,0,45
510502,8,5,7,16,36.94922222,-77.17199444,12,1,98,2,10,2,0,55
510503,8,7,2,9,37.05473056,-76.38036944,12,1,98,2,62,1,0,45
510504,8,8,3,12,38.39574444,-77.42950556,12,1,98,2,80,1,0,50
510505,8,7,2,22,37.51846389,-77.36334722,9,2,98,1,95,0,0,35
510506,8,8,3,8,38.00596667,-78.45698056,16,1,98,2,45,1,0,45
510507,8,8,3,20,38.46953333,-78.81694722,12,5,98,2,70,1,0,55
510508,8,9,4,16,37.75895556,-79.78843889,12,1,98,2,5,0,0,0
510509,8,10,5,8,38.05145833,-78.52347222,59,1,98,1,55,1,0,55
510510,8,11,6,16,38.63424167,-78.58257222,59,1,98,1,55,1,1,55
510511,8,11,6,19,36.67558056,-80.18436944,1,1,98,1,65,1,1,55
510512,8,11,6,5,37.53466111,-76.77965556,12,2,98,2,45,0,0,45
510513,8,11,6,11,38.86495,-77.26532778,12,1,98,3,10,1,0,45
510514,8,12,7,4,37.373575,-77.41888611,8,2,98,1,35,0,0,45
510515,8,12,7,5,37.33995833,-79.97011944,59,3,98,1,116,1,1,35
510516,8,2,4,23,36.94022222,-82.48404444,8,2,98,1,52,0,0,55
510517,8,16,4,0,38.556375,-77.32281944,30,2,98,1,998,1,1,35
510518,8,16,4,11,38.22589722,-78.37439167,12,1,98,2,18,0,0,45
510519,8,7,2,6,36.94568889,-77.72694444,34,1,98,1,96,1,0,70
510520,8,17,5,4,37.11896111,-77.52681111,34,2,98,1,70,1,1,70
510521,8,16,4,15,37.51029167,-79.74103611,12,1,98,8,62,0,0,70
510522,8,8,3,7,36.73800556,-80.79048889,12,1,98,2,60,0,0,55
510523,8,17,5,8,37.571025,-77.46558333,12,1,98,2,78,1,0,35
510524,8,19,7,20,38.87718333,-77.27374444,5,1,98,1,140,1,1,65
510525,8,19,7,16,37.48241389,-76.90529444,42,9,98,1,65,1,0,45
510526,8,20,1,1,38.62420556,-77.28900833,12,2,98,2,40,0,0,40
510527,8,6,1,15,36.64032778,-81.745525,34,1,98,1,15,1,0,45
510528,8,18,6,18,38.33868889,-78.12426111,42,1,98,1,998,3,0,55
510529,8,19,7,13,36.91631944,-76.75700833,12,1,98,2,40,0,0,45
510530,8,17,5,14,37.25465,-80.17375,12,1,98,2,10,0,0,55
510531,8,19,7,2,37.70186389,-77.44878333,12,2,98,2,0,3,0,65
510532,8,22,3,5,38.95836667,-78.18850833,8,2,98,2,25,0,0,70
510533,8,21,2,21,36.79856389,-76.39459167,15,2,98,1,15,0,0,35
510534,8,22,3,9,37.21048611,-79.88470278,24,1,98,1,45,1,0,45
510535,8,22,3,6,37.92696111,-77.47886944,8,2,98,1,998,0,0,55
510536,8,23,4,3,36.96128333,-81.92763333,8,2,5,1,55,0,0,55
510537,8,23,4,9,36.91250833,-78.97838889,30,1,98,1,55,1,1,55
510538,8,22,3,22,38.72638333,-77.44891111,42,2,98,1,74,1,0,35
510539,8,12,7,22,36.85201389,-75.97736111,9,3,98,1,34,0,1,25
510540,8,24,5,13,37.35988056,-76.52421111,12,1,98,3,55,0,0,55
510541,8,14,2,19,37.35807778,-76.73744167,32,1,98,1,90,1,0,70
510542,8,26,7,3,37.63234722,-77.181875,42,2,98,1,998,1,1,45
510543,8,26,7,1,38.83579444,-77.59614167,12,2,98,3,73,1,0,40
510544,8,27,1,14,37.663875,-78.527975,12,1,98,2,55,0,0,55
510545,8,27,1,16,37.06326111,-78.47096389,35,1,98,1,70,1,0,65
510546,8,27,1,20,36.92006667,-79.83847778,38,2,98,1,55,1,0,55
510547,8,27,1,16,36.71109444,-82.79918056,5,1,98,2,10,0,0,45
510548,8,25,6,0,36.79611667,-76.385175,12,3,98,2,55,1,1,55
510549,8,28,2,16,37.37770833,-76.867675,42,1,2,1,55,1,1,55
510550,8,23,4,5,37.96790278,-78.61626389,12,2,98,2,998,2,0,60
510551,8,28,2,21,37.37192222,-77.51022222,12,2,98,2,45,1,0,45
510552,8,29,3,14,36.85601944,-82.75575278,8,1,98,1,60,0,0,60
510553,8,30,4,18,38.19410556,-77.48083333,12,5,98,2,999,1,0,45
510554,8,30,4,21,38.46712222,-78.83367778,8,2,98,1,55,0,0,55
510555,8,30,4,19,38.65094722,-77.32629444,12,1,98,2,93,0,0,45
510556,8,21,2,15,37.30671111,-79.88901389,12,1,98,2,5,1,0,40
510557,8,31,5,13,38.75226389,-77.30769167,5,1,98,1,75,1,0,35
510558,8,18,6,20,37.26898333,-77.39481667,44,2,98,1,75,1,0,60
510560,8,16,4,20,36.88586389,-76.26034167,8,3,98,1,999,0,1,35
510561,8,30,4,21,37.113,-76.49981944,8,3,98,1,45,0,1,45
510562,8,12,7,2,38.77036389,-77.49545,8,3,98,1,70,0,1,35
510563,8,11,6,21,38.89195556,-77.08103333,30,3,98,1,50,1,1,25
510564,8,3,5,20,36.80722222,-76.31935,8,3,98,2,40,0,0,35
510565,8,4,6,22,37.58531944,-77.42986389,8,2,98,1,998,0,0,35
510566,8,9,4,11,37.42561944,-76.82467222,8,1,98,1,3,0,0,0
510567,8,11,6,20,38.996475,-77.37656389,31,2,98,1,35,1,0,35
510568,8,12,7,6,37.545175,-77.41927222,8,1,98,1,999,0,0,25
510570,8,24,5,4,37.643875,-77.45224722,14,2,98,1,60,1,0,65
510571,8,25,6,13,37.37196389,-78.04655,53,1,98,1,55,1,0,55
510572,8,30,4,19,37.79343611,-77.45925833,43,5,98,1,75,1,1,70
510573,8,16,4,8,38.87060556,-77.51483611,1,1,98,1,999,1,1,30
510574,8,7,2,0,36.71433056,-76.18970833,9,3,98,1,25,0,0,45
510575,10,2,2,16,37.05280278,-76.30929444,5,1,98,1,20,1,0,10
510576,8,2,4,0,38.91469444,-77.92196111,10,2,98,1,999,1,0,45
510577,8,4,6,21,36.87711667,-76.26136389,8,2,2,1,32,0,0,30
510578,8,11,6,6,38.91991944,-77.15494722,8,3,98,1,10,0,0,25
510579,5,3,4,12,36.73974167,-76.56066944,42,1,98,1,45,1,0,45
510580,5,17,4,20,38.93495556,-77.24183056,11,2,98,1,65,1,0,55
510582,8,18,6,2,37.33604444,-77.42397778,42,2,98,1,999,1,0,30
510583,7,28,6,16,38.44166111,-78.02208333,12,1,98,2,30,1,0,45
510584,8,5,7,7,37.54976944,-77.45961667,15,1,98,1,999,0,0,25
510585,9,1,6,12,37.85429722,-79.48107222,31,1,98,1,70,1,0,70
510586,9,1,6,21,37.07904722,-79.33626389,24,2,98,1,60,2,1,45
510587,9,2,7,2,36.83016389,-76.17326389,1,3,98,1,68,1,1,25
510588,9,2,7,3,37.20538333,-80.41207778,1,3,98,1,50,1,1,25
510589,9,3,1,11,37.630175,-77.2983,12,1,98,2,10,1,0,35
510590,9,3,1,13,36.631175,-82.31811111,12,1,98,2,40,0,0,55
510591,9,3,1,16,37.42846667,-76.82986667,42,1,98,1,70,1,0,55
510592,9,3,1,20,36.85022222,-80.91815,24,5,98,1,40,1,0,35
510593,9,4,2,14,38.03283333,-78.85296111,12,1,98,2,20,0,0,55
510594,9,4,2,22,37.29689167,-79.20961389,12,2,98,2,60,0,0,45
510595,9,6,4,8,38.40834167,-78.01017778,51,1,98,2,55,0,0,55
510596,9,6,4,17,38.33334444,-77.12575833,12,1,98,3,50,1,1,50
510597,9,7,5,19,37.70711944,-75.69779444,12,1,98,2,35,1,1,55
510598,9,8,6,10,38.93023889,-77.52063333,8,1,98,1,45,0,0,55
510599,9,8,6,19,37.39990556,-82.00739722,1,2,2,1,50,1,0,40
510600,9,8,6,19,36.63022778,-79.88010833,42,1,98,1,40,1,0,40
510601,9,8,6,14,37.63690278,-79.11784167,12,1,98,2,55,0,0,55
510602,9,8,6,0,36.84278056,-76.01546944,15,2,98,1,998,0,0,35
510603,9,9,7,10,36.95862222,-76.60356111,12,1,98,2,5,1,0,45
510604,9,9,7,19,37.28927222,-79.18583056,19,5,98,1,70,1,1,45
510605,9,9,7,22,37.27474167,-80.13952222,12,2,98,5,70,0,0,65
510606,9,11,2,4,38.658725,-78.22743889,38,2,98,1,999,1,0,45
510607,9,11,2,13,37.17960278,-78.70068333,12,1,98,2,45,1,0,55
510608,9,12,3,0,38.801825,-77.11179167,12,3,98,2,55,1,0,55
510609,9,12,3,18,37.38741667,-81.97937222,35,1,98,1,60,1,0,35
510610,9,7,5,13,37.56233056,-77.47708333,30,1,98,1,998,1,0,0
510611,9,12,3,21,38.29553056,-79.79325556,42,3,98,1,35,1,0,55
510612,9,11,2,22,37.65214722,-77.61588056,8,2,98,1,998,0,0,45
510613,9,15,6,6,37.62550833,-77.36809167,42,4,98,1,60,1,0,70
510614,9,16,7,16,37.03409167,-76.40643056,33,1,98,1,40,1,0,40
510615,9,16,7,14,37.74488889,-77.45509722,42,1,98,1,80,1,0,70
510616,9,16,7,22,38.16206667,-79.08493056,30,3,98,1,2,1,0,15
510617,9,17,1,2,36.758875,-76.50059167,12,2,98,2,60,1,1,60
510618,9,18,2,1,37.95164722,-78.13577222,24,2,98,1,85,1,1,70
510619,9,17,1,21,36.67144722,-78.25599722,31,2,98,2,60,1,1,60
510620,9,18,2,8,36.85278889,-79.00158056,12,1,98,2,15,2,0,0
510621,9,18,2,9,36.80206389,-76.11206111,12,1,2,2,74,1,1,45
510622,9,7,5,21,36.83828611,-76.32898056,24,3,98,2,70,1,0,45
510623,9,18,2,3,37.58969167,-77.46975,30,3,2,1,60,1,0,60
510624,9,9,7,16,36.57324722,-79.43542778,24,1,98,1,67,1,0,40
510625,9,19,3,17,38.06405556,-76.56404444,42,1,98,1,55,1,1,55
510626,9,19,3,17,37.63940556,-77.52884722,11,1,98,1,75,1,0,35
510627,9,20,4,7,37.69886389,-77.10486111,34,1,98,1,55,1,0,45
510628,9,15,6,18,36.96533056,-76.61328889,12,1,98,3,60,1,0,55
510629,9,20,4,20,37.39803333,-77.45875,42,2,98,1,65,1,1,45
510630,9,21,5,16,36.81414444,-83.05058056,42,1,98,1,80,1,0,35
510631,9,22,6,7,38.26011111,-77.675475,12,1,98,2,48,1,0,45
510632,9,22,6,14,37.49841389,-77.479675,30,1,98,1,998,1,0,35
510633,9,23,7,2,36.77596389,-76.12230278,34,3,2,1,65,1,1,45
510634,9,23,7,2,37.35258333,-79.91675278,43,2,98,1,40,1,0,40
510635,9,23,7,0,38.34827778,-78.52562222,12,2,2,2,65,1,1,55
510636,9,24,1,14,37.34248611,-79.20691111,12,1,98,3,998,1,0,25
510637,9,24,1,21,38.85954722,-77.21958611,8,2,2,1,60,0,0,55
510638,9,6,4,6,38.901125,-77.92557778,12,1,98,4,80,0,0,70
510639,9,24,1,20,37.45248611,-79.12412778,35,2,98,1,55,1,1,35
510640,9,26,3,10,36.81760278,-81.46928056,35,1,98,1,55,1,0,45
510641,9,26,3,22,37.55317222,-77.40189444,12,2,98,3,95,1,1,55
510642,9,27,4,16,38.61156111,-77.30237222,12,1,98,2,65,1,0,60
510643,9,28,5,10,37.17290556,-82.26586944,8,1,98,2,55,1,0,55
510644,9,28,5,9,36.68863056,-76.34726667,12,1,98,2,48,1,0,35
510645,9,29,6,16,36.91203889,-76.00679444,12,1,98,3,90,0,0,55
510646,9,14,5,16,38.36323611,-78.82570556,12,1,98,2,20,1,0,55
510647,9,29,6,4,37.48114722,-77.55463611,42,2,2,1,998,1,1,40
510648,9,29,6,13,39.11483889,-77.86515833,12,1,98,2,40,0,0,55
510649,9,30,7,19,38.64736667,-77.92319167,32,5,98,1,45,1,1,45
510650,9,18,2,18,38.98860278,-77.43155,12,1,98,3,111,0,0,55
510651,9,8,6,10,38.73813333,-77.18933889,12,1,98,3,40,0,0,45
510652,9,10,1,2,37.52635833,-77.43520278,35,3,98,1,999,1,1,25
510653,9,23,7,9,38.69946667,-77.25683611,12,1,2,2,14,1,0,25
510654,9,19,3,20,36.58633889,-76.67023333,34,2,98,1,45,1,1,45
510655,9,27,4,9,37.14334167,-79.23880556,24,1,98,1,60,1,0,60
510656,9,23,7,2,38.67588056,-77.31679167,33,3,2,1,998,1,1,25
510657,8,20,1,0,36.77847778,-76.32695556,8,3,98,1,999,0,0,35
510658,9,26,3,7,37.23903889,-81.24635556,24,1,98,1,75,1,0,55
510659,9,22,6,6,38.186925,-77.46845833,34,4,98,1,48,1,0,40
510660,9,10,1,1,37.14894444,-77.41405278,52,2,98,1,80,1,0,55
510661,9,7,5,4,38.47586389,-79.51144722,12,2,98,2,40,1,0,55
510662,9,6,4,11,38.06335556,-78.17298056,30,1,98,1,45,1,0,55
510664,9,19,3,23,37.39324167,-82.125025,35,2,98,1,45,1,0,55
510665,9,23,7,14,36.824425,-79.79474444,8,1,2,1,40,0,0,55
510666,9,25,2,19,38.24895278,-77.63997778,42,2,98,1,80,1,1,45
510667,9,27,4,18,37.14524722,-77.74001389,42,5,98,1,999,1,0,60
510669,9,8,6,8,38.27346389,-77.329925,12,1,98,2,60,0,0,45
510670,9,16,7,13,38.27446667,-78.07106389,42,1,98,1,45,1,0,45
510671,10,1,1,0,37.50162778,-76.940425,1,2,98,1,60,2,1,45
510672,10,1,1,12,37.27439444,-76.65951944,54,1,98,2,70,0,0,70
510673,10,2,2,16,37.65649722,-77.44749722,12,1,98,2,65,1,0,65
510674,10,3,3,6,37.24624167,-80.17614167,12,6,98,2,15,2,0,55
510675,10,4,4,10,38.15225556,-77.68719444,12,1,98,2,60,0,0,55
510676,10,3,3,16,36.66180278,-76.22504722,8,1,98,1,45,0,0,45
510677,10,5,5,14,36.68739444,-78.89998056,12,1,98,2,60,0,0,45
510678,10,4,4,10,36.84194167,-76.11336111,19,1,98,1,77,1,0,45
510679,10,4,4,18,38.678025,-77.91691111,12,1,98,5,65,0,1,55
510680,10,6,6,23,36.887,-79.30178056,30,2,98,1,55,1,1,55
510681,10,6,6,22,38.72887778,-77.10834722,8,3,98,1,998,0,0,35
510682,10,6,6,19,37.20001944,-77.33410278,12,2,98,3,110,0,0,40
510683,10,6,6,21,38.35330278,-78.27960556,59,2,98,1,60,1,1,45
510684,10,7,7,16,37.31802222,-79.26014444,12,1,98,2,65,1,0,45
510685,10,7,7,15,39.08486389,-77.61710833,12,1,98,2,71,1,0,50
510686,10,8,1,1,37.06660833,-76.42911111,14,3,98,1,77,0,1,65
510687,10,9,2,19,36.94859167,-79.88162778,35,2,2,1,55,0,0,55
510688,10,8,1,8,38.46395278,-78.87650278,34,1,98,1,998,1,1,25
510689,10,10,3,8,38.07637778,-79.00011389,12,1,98,2,45,0,0,45
510690,10,11,4,4,38.50150833,-77.37956944,34,2,98,1,60,1,0,65
510691,10,11,4,15,37.00139167,-76.40263611,12,1,98,2,998,2,0,45
510692,10,12,5,19,36.79073889,-81.76499167,8,2,98,1,45,0,0,45
510693,10,9,2,20,36.79504444,-76.11712222,8,3,98,1,999,0,0,45
510694,10,14,7,17,37.91011389,-79.25822778,14,1,98,1,70,0,0,70
510695,10,13,6,19,37.24905833,-76.66023611,8,2,98,1,35,0,0,45
510696,10,11,4,23,37.67788333,-77.55944722,42,2,98,1,70,1,1,70
510697,10,2,2,23,36.63906944,-79.86024167,12,6,98,2,25,1,0,45
510698,10,15,1,16,38.712525,-77.44405,42,5,98,1,998,1,1,35
510699,10,14,7,21,38.035925,-78.75823889,12,2,98,2,55,1,0,55
510700,10,2,2,23,36.733725,-76.23878889,24,3,98,1,65,1,0,35
510701,10,18,4,13,36.90498333,-80.92290278,34,1,98,1,65,1,1,55
510702,10,18,4,23,37.17523333,-76.51486944,42,2,98,1,50,1,0,35
510703,10,13,6,19,37.70255278,-77.44887778,42,2,98,1,72,2,0,65
510704,10,19,5,17,36.63459722,-81.99532222,30,5,98,1,40,1,0,40
510705,10,19,5,0,37.36858056,-79.11331111,5,2,98,1,80,1,0,55
510706,10,20,6,0,37.45195833,-79.14184722,42,2,98,1,55,1,0,55
510707,10,21,7,2,38.84653611,-77.21995278,12,3,98,2,55,1,1,55
510708,10,11,4,13,36.94932222,-80.89396111,12,1,98,2,15,1,0,55
510709,10,20,6,18,37.25794722,-76.64791667,42,2,2,1,65,1,1,65
510710,10,21,7,0,37.21578056,-79.00823056,42,2,98,1,55,1,0,55
510711,10,22,1,1,36.72603611,-78.13081389,19,3,98,1,67,2,1,25
510712,10,21,7,18,37.43608056,-77.50598333,1,1,98,1,998,1,1,25
510713,10,23,2,17,38.99248889,-77.50869167,8,1,98,1,27,0,0,25
510714,10,25,4,15,36.81636389,-79.02463333,42,1,98,1,45,1,0,45
510715,10,25,4,14,36.72618056,-80.06551111,42,1,98,1,130,1,1,40
510716,10,23,2,20,38.96647778,-77.35689722,8,3,98,1,35,0,0,40
510717,10,26,5,9,37.10084722,-81.93265278,1,1,98,1,15,1,0,25
510718,10,28,7,3,38.46040556,-78.84753889,33,3,98,1,61,1,1,25
510719,10,26,5,11,37.16759722,-77.415825,12,1,98,2,15,1,0,45
510720,10,28,7,15,36.75074722,-76.10877222,53,1,98,1,60,1,1,40
510721,10,29,1,12,37.47796389,-76.61618611,12,1,98,3,15,0,0,45
510722,10,29,1,18,36.82992222,-76.095425,12,5,98,2,40,1,0,35
510723,10,25,4,18,36.88780556,-76.30598056,12,3,98,2,999,1,0,25
510724,10,24,3,14,36.65000556,-81.83616667,12,1,98,2,40,1,0,45
510725,10,25,4,22,39.00186111,-77.47548611,59,2,98,2,99,1,0,45
510726,10,28,7,17,37.88458333,-77.46519444,1,1,98,1,60,1,1,55
510727,10,28,7,23,36.69466667,-76.11303889,34,2,98,1,999,1,1,55
510728,10,20,6,18,37.15224167,-76.50755833,12,5,2,2,70,0,0,45
510729,10,31,3,19,37.64803889,-76.60448056,11,2,2,1,25,1,0,55
510730,10,15,1,18,37.10717222,-76.47431111,8,1,98,1,65,0,0,65
510731,10,31,3,18,38.72940556,-77.17609722,12,5,98,2,10,1,1,45
510732,10,19,5,20,36.89486111,-76.56411389,53,2,2,1,55,1,1,45
510733,10,4,4,14,38.48472778,-77.68114167,42,1,98,1,60,1,0,55
510734,10,7,7,3,38.64143889,-77.80440278,8,2,98,1,45,0,0,55
510735,10,11,4,8,37.55823611,-77.41401389,12,1,98,2,55,1,0,55
510738,9,12,3,15,38.92701667,-78.10745556,31,1,98,1,998,1,1,98
510739,10,22,1,0,36.57166667,-78.27085278,1,6,98,1,998,1,1,98
510740,9,1,6,23,37.5731,-77.48324444,8,3,98,2,44,0,0,35
510742,11,3,6,16,37.21325556,-78.26936111,35,1,98,1,35,1,0,35
510743,11,6,2,11,37.98743056,-78.23727778,24,1,98,1,70,1,0,70
510744,11,5,1,18,37.33550833,-80.74219722,11,2,98,1,60,1,0,65
510745,11,15,4,22,36.79528056,-76.32828056,8,2,98,1,999,0,0,35
510746,11,16,5,13,37.67038889,-77.64605833,24,1,98,1,65,1,0,65
510747,11,2,5,13,38.04908611,-77.33998889,24,1,98,1,60,1,0,55
510748,11,1,4,17,37.51531667,-77.24911389,12,1,98,3,70,2,0,65
510749,11,3,6,15,37.30621389,-78.86096389,34,1,98,1,55,1,0,45
510750,11,3,6,15,37.29396667,-78.95669444,12,1,98,2,45,1,1,55
510751,11,4,7,23,37.64368889,-76.59797778,1,2,98,1,999,1,1,35
510752,11,5,1,8,36.64152222,-77.05318333,42,1,98,1,55,1,0,55
510753,11,4,7,13,36.84394722,-76.03298611,12,1,98,2,999,1,1,25
510754,11,4,7,4,38.85512778,-77.07320556,14,3,98,1,55,0,0,55
510755,11,6,2,16,36.56090278,-79.88221944,42,1,98,1,55,1,0,55
510756,11,7,3,18,37.80713333,-75.59464722,8,2,98,1,57,0,0,55
510757,11,1,4,14,37.26694167,-79.94848889,12,1,98,2,5,0,0,25