ST_CASE,MONTH,DAY,DAY_WEEK,HOUR,LATITUDE,LONGITUD,HARM_EV,LGT_COND,WEATHER,VE_FORMS,TRAV_SP,DEATHS,DR_DRINK,VSPD_LIM
510758,11,8,4,13,36.84414722,-77.43745,35,1,98,1,70,1,0,70
510759,11,2,5,16,36.92241944,-81.53221111,42,1,98,1,999,1,0,55
510760,11,9,5,0,38.80188611,-77.08908611,12,3,98,2,1,1,0,55
510761,11,9,5,18,36.626075,-79.41353056,12,2,98,2,74,0,0,35
510763,11,12,1,3,36.84333056,-76.02736111,33,3,98,1,75,1,0,35
510764,11,12,1,19,36.70013611,-76.56139722,53,3,98,1,62,1,0,45
510765,11,11,7,16,38.41664444,-77.425925,34,1,98,1,85,1,0,65
510766,11,14,3,17,38.03375,-77.8899,42,5,98,1,999,1,0,55
510767,11,15,4,20,37.1499,-80.51053056,17,6,98,1,70,1,0,45
510768,11,15,4,20,36.79051111,-78.90591389,42,2,98,1,75,2,1,55
510769,11,17,6,14,37.21276111,-77.37538611,12,1,98,2,70,1,0,35
510770,11,17,6,12,36.81038056,-77.46826389,10,1,98,1,25,1,0,25
510771,11,16,5,21,38.86821944,-77.44193889,12,3,98,2,85,0,0,55
510772,11,16,5,9,37.44101111,-77.34330278,12,1,98,2,999,1,0,45
510773,11,17,6,18,36.82631389,-76.14540833,12,3,98,3,998,1,1,45
510774,11,18,7,15,37.89414722,-77.82765278,35,1,98,1,100,1,0,45
510775,11,18,7,20,37.01603056,-78.96086389,12,2,98,2,80,0,0,55
510776,11,19,1,1,38.77918333,-77.18456667,33,3,98,1,78,1,0,30
510777,11,19,1,5,38.62836111,-77.29326667,12,3,98,2,80,0,0,60
510778,11,20,2,16,37.37321111,-76.84112778,34,5,98,1,50,1,0,50
510779,11,22,4,7,36.97615278,-81.06863611,12,4,5,2,5,2,0,70
510780,11,21,3,16,37.81684722,-75.58941667,12,2,2,2,45,2,0,45
510781,11,21,3,22,36.90347778,-76.23980278,33,3,2,1,999,1,1,40
510782,11,22,4,7,37.30142778,-82.02864167,24,4,2,1,55,1,0,55
510783,11,21,3,16,37.02379167,-76.3753,12,5,98,2,50,1,0,35
510784,11,21,3,18,36.81243056,-81.60934722,12,2,2,2,71,0,0,70
510785,11,24,6,12,36.69482778,-79.96287222,1,1,98,1,60,1,0,30
510786,11,23,5,23,37.44596667,-77.99960278,12,2,98,2,45,1,0,45
510787,11,23,5,7,38.34668333,-78.20064722,42,1,98,1,45,1,0,55
510788,11,26,1,14,37.64568056,-77.52162778,59,1,2,1,999,1,0,45
510789,11,26,1,3,38.88210278,-77.48656944,38,2,98,1,998,1,1,45
510790,11,27,2,16,37.4561,-79.82619722,18,1,98,1,60,1,0,55
510791,11,27,2,15,38.19643056,-78.99528333,42,1,98,1,70,1,0,70
510792,11,10,6,5,36.86701111,-81.42201389,8,2,2,1,40,0,0,40
510793,11,24,6,16,37.50353056,-77.47150556,8,1,98,1,999,0,0,35
510795,11,2,5,17,38.83225833,-77.10595556,12,5,98,4,45,1,0,55
510796,11,25,7,18,38.69750833,-77.36981944,34,2,98,1,73,1,0,45
510797,11,13,2,6,36.751175,-78.09281389,12,4,98,2,15,1,0,70
510798,11,30,5,14,37.27089167,-75.9807,8,1,98,1,50,0,0,55
510799,11,29,4,22,38.61318611,-77.76254444,42,2,98,1,65,1,1,45
510800,11,30,5,14,36.92901111,-80.04099722,12,1,98,2,75,1,0,55
510801,11,30,5,20,37.3257,-79.19020833,8,2,98,2,45,0,0,45
510802,11,28,3,15,37.13883611,-80.41454167,12,1,98,2,40,1,0,35
510803,11,16,5,6,37.76059444,-77.46000556,12,4,98,4,66,1,0,70
510804,11,3,6,11,36.81102778,-76.13871667,12,1,98,2,15,1,0,45
510805,11,4,7,1,37.87919167,-79.3004,12,2,98,2,70,0,0,70
510806,11,17,6,6,36.84996111,-76.24860833,38,1,98,1,999,1,0,30
510807,11,29,4,7,37.19170278,-80.36449722,12,1,98,2,34,0,0,55
510808,11,20,2,4,38.88225556,-77.21911111,33,2,98,1,82,1,1,35
510809,11,5,1,16,37.46990833,-77.64694444,9,1,98,1,35,0,0,45
510810,7,21,6,2,37.46925833,-77.48350556,42,3,98,1,999,1,0,35
510811,11,3,6,14,37.81161667,-75.59353611,34,1,98,1,50,1,0,55
510812,11,24,6,13,36.77248333,-76.34256667,12,1,98,2,83,1,0,45
510813,4,21,6,17,38.220525,-77.51420556,15,1,98,1,5,0,0,25
510814,10,25,4,4,38.93401667,-77.23603611,12,2,98,2,65,0,0,55
510815,11,10,6,7,36.76222778,-77.05160278,32,1,98,1,95,1,0,55
510816,10,5,5,9,36.87488611,-76.41499444,30,1,98,1,50,1,0,25
510817,11,19,1,17,38.93794167,-78.19925,12,3,98,2,999,1,0,25
510818,12,17,1,4,37.44076111,-77.45648056,8,2,98,1,60,0,0,60
510819,12,1,6,20,37.23693333,-76.62968056,12,2,2,3,65,1,0,65
510820,12,2,7,23,38.75143889,-77.46910833,8,3,2,1,47,0,1,25
510821,12,6,4,11,37.18300278,-81.16093056,35,1,98,1,35,1,0,35
510823,12,6,4,19,38.19162222,-78.30103333,12,2,98,2,50,1,0,55
510824,12,7,5,9,37.01239722,-78.25141667,42,1,98,2,80,1,0,55
510825,12,7,5,20,37.38621944,-76.763425,34,2,98,1,45,1,1,70
510826,12,9,7,11,38.29653889,-77.49944167,59,1,98,1,45,1,0,45
510827,12,9,7,18,36.71298056,-77.74966389,31,2,98,1,65,1,0,40
510828,12,10,1,6,36.81891389,-76.19483056,32,4,98,1,70,1,0,55
510829,12,9,7,22,37.23543889,-81.09640556,38,2,98,1,999,1,1,70
510830,12,3,1,5,38.60284167,-77.31240278,24,3,2,1,90,1,1,65
510831,12,10,1,22,37.75706667,-77.36345278,18,2,2,1,55,1,0,55
510832,12,12,3,1,38.07219444,-78.59269444,53,2,98,1,50,1,1,40
510833,12,12,3,6,36.96116111,-76.66480278,12,4,98,2,45,1,0,55
510834,12,2,7,14,38.07378333,-78.48096389,12,1,98,3,45,1,0,45
510835,12,15,6,7,36.94265556,-81.14545833,8,2,98,1,60,0,0,55
510836,12,15,6,13,37.75866111,-79.78839722,12,1,98,2,65,1,0,55
510837,12,15,6,1,37.10051389,-80.548325,8,2,98,2,0,0,0,70
510838,12,15,6,22,37.62091667,-77.43800833,32,2,98,1,999,1,1,25
510839,12,16,7,7,36.82943611,-77.83731667,42,1,98,1,65,1,0,55
510840,12,15,6,15,36.95303056,-81.07491111,12,1,98,5,80,0,0,35
510841,12,17,1,1,39.14683056,-77.97561389,43,2,98,1,25,1,1,25
510842,12,19,3,0,36.80036944,-76.37532222,42,3,2,1,65,1,1,55
510843,12,16,7,7,38.72163056,-78.073775,42,2,98,1,80,1,1,55
510844,12,20,4,12,37.30325556,-76.68499444,12,1,98,2,65,1,0,55
510845,12,21,5,16,36.5801,-80.35558056,12,1,98,3,65,1,1,55
510846,12,16,7,20,36.60470556,-80.73601667,35,2,98,1,65,1,0,65
510847,12,21,5,10,37.63930833,-77.90276667,12,1,98,2,50,1,0,55
510848,12,21,5,22,38.29479167,-77.51723333,8,2,98,1,45,0,0,45
510849,12,20,4,19,36.54515278,-79.377075,12,3,98,2,25,1,0,45
510850,12,12,3,17,38.67608056,-77.36872778,8,3,98,1,998,0,0,50
510851,12,23,7,6,37.14946389,-77.5308,32,2,98,1,999,1,0,45
510852,12,22,6,22,37.63514167,-77.58197778,12,3,98,2,999,1,0,45
510853,12,24,1,19,37.60713333,-77.44614722,42,2,98,1,999,1,1,25
510854,12,24,1,19,37.99573611,-78.27557222,8,2,98,1,50,0,0,70
510855,12,26,3,6,38.27841111,-77.74394444,42,2,2,1,999,1,0,45
510856,12,26,3,10,38.57466944,-78.79983056,35,1,98,1,70,1,0,55
510857,12,26,3,7,38.95859444,-77.35473889,8,4,5,1,40,0,0,40
510858,12,27,4,0,36.67663056,-78.91041944,42,2,2,1,55,1,0,55
510859,12,1,6,19,36.84351944,-76.14383889,8,3,98,1,48,0,0,45
510860,12,25,2,12,38.46656667,-78.83534722,12,1,98,2,80,1,1,55
510861,12,27,4,18,37.59361389,-77.32533333,12,2,2,3,999,1,0,45
510862,12,28,5,2,38.27823333,-77.42725833,35,2,2,1,75,1,0,55
510863,12,30,7,3,36.83322222,-76.29116944,12,3,98,2,70,0,1,35
510864,12,31,1,2,38.90011944,-78.20819167,43,2,98,1,80,1,1,35
510865,12,30,7,0,37.44289444,-77.66254722,35,2,2,1,70,1,0,30
510866,12,24,1,0,37.36398056,-76.76696944,8,3,98,1,33,0,0,45
510867,12,31,1,7,36.85414722,-76.34003611,18,1,98,1,75,2,1,50
510868,12,25,2,20,38.39348056,-78.85679722,8,2,2,1,35,0,0,45
510869,12,24,1,23,36.77026667,-77.82777222,35,2,98,1,35,1,0,35
510870,12,15,6,21,37.83126111,-76.42906389,42,2,98,1,75,2,1,40
510871,12,15,6,17,36.81612222,-76.36281944,33,3,98,1,82,1,1,35
510872,12,16,7,14,37.85945,-78.81202222,12,1,98,2,45,1,0,55
510873,12,18,2,17,36.97452778,-76.64838056,8,2,98,1,40,0,0,45
510874,12,19,3,23,36.65598333,-76.23583611,3,3,98,1,999,1,1,40
510875,12,24,1,15,38.24976389,-77.49861111,12,1,98,2,25,0,0,35
510876,11,13,2,8,36.826375,-76.14531389,12,1,98,2,20,1,0,35
510877,12,5,3,0,38.84006944,-77.40465,12,2,98,2,83,0,1,45
510878,12,24,1,12,37.07967222,-79.82241389,38,1,98,1,55,1,0,55
530001,1,1,1,2,47.46721389,-122.2672194,8,3,10,1,998,0,0,60
530002,1,3,3,14,47.39568333,-117.3914417,12,1,1,2,998,2,0,60
530005,1,7,7,16,46.75061111,-118.2699278,1,5,10,1,998,1,0,65
530006,1,5,5,17,47.35793611,-122.1358028,8,3,1,1,998,0,0,45
530007,1,9,2,6,45.62297778,-122.6706861,25,3,2,1,998,1,1,98
530008,1,8,1,5,47.39395556,-122.1654056,8,2,2,2,998,0,0,35
530009,1,1,1,3,47.22106667,-122.4078139,12,3,1,2,998,0,0,35
530010,1,12,5,14,46.85879444,-122.8027806,12,1,2,3,998,1,0,55
530011,1,14,7,17,47.22355556,-123.1215889,8,6,2,1,998,0,0,30
530012,1,16,2,21,47.31590556,-122.3123917,8,3,1,1,998,0,0,98
530013,1,11,4,18,48.82455556,-118.1711111,8,2,10,1,998,0,0,55
530014,1,17,3,4,47.79852222,-122.2217417,12,2,2,6,0,0,0,60
530015,1,18,4,4,47.22308333,-122.4340278,12,3,10,2,998,2,0,35
530016,1,18,4,19,47.82146944,-117.587875,8,2,2,1,998,0,1,50
530017,1,16,2,16,47.62893333,-117.6040333,30,6,10,1,998,1,0,98
530019,1,20,6,23,47.65441111,-117.3264611,25,3,10,2,998,1,1,98
530020,1,22,1,18,47.52815,-122.6772778,25,2,10,1,998,1,0,60
530021,1,4,4,17,46.97508611,-123.8363278,8,3,2,2,998,0,1,25
530022,1,16,2,4,47.68863611,-122.0648111,8,2,10,1,998,0,0,45
530023,1,22,1,4,46.61830833,-120.552925,33,2,10,1,998,1,1,30
530024,1,23,2,17,47.60163056,-122.0194472,8,3,1,1,998,0,0,35
530025,1,22,1,18,46.41886944,-120.4227139,35,9,1,1,998,1,1,50
530026,1,16,2,16,46.11912222,-118.2146694,24,5,1,1,998,1,1,60
530027,1,21,7,17,47.36152222,-122.1726917,8,3,2,1,998,0,0,45
530028,1,21,7,3,47.51693333,-117.5273583,59,2,1,1,998,1,1,45
530029,1,21,7,10,47.36337222,-122.2298972,12,1,2,4,998,1,0,40
530030,1,6,6,13,45.69413333,-122.6690833,12,1,10,2,998,0,0,0
530031,1,26,5,3,46.63185833,-119.7268444,12,2,5,2,998,1,1,65
530032,1,1,1,2,47.3339,-122.222125,12,3,1,2,998,0,1,35
530033,1,20,6,12,46.68384444,-120.9532306,39,1,1,1,998,1,0,55
530034,1,28,7,19,47.20376944,-122.4339444,8,3,2,1,998,0,0,35
530036,1,6,6,21,48.79738889,-122.4859694,12,2,2,2,998,0,1,50
530037,2,1,4,23,45.65765278,-122.5725167,25,3,1,1,998,1,1,98
530038,1,21,7,1,46.37855833,-120.3152556,12,3,1,2,998,1,0,25
530039,1,31,3,7,46.34545,-120.00145,43,2,10,1,998,1,0,50
530042,1,31,3,2,46.19584722,-119.1379,8,3,1,1,998,0,0,35
530043,1,19,5,6,47.55668333,-120.2546528,12,2,10,2,998,1,0,60
530044,1,30,2,9,47.42168889,-121.9991389,59,1,1,1,998,1,0,60
530045,2,1,4,6,46.98652222,-122.5484,12,2,1,2,998,1,0,50
530046,2,1,4,13,47.24347222,-122.4341667,33,1,1,1,998,1,1,98
530047,2,3,6,20,47.03028056,-120.6209722,12,6,1,2,998,1,0,70
530048,2,5,1,23,47.53221111,-122.6268722,33,3,10,1,998,1,1,25
530049,2,5,1,14,47.43893889,-122.2455889,12,1,2,2,998,1,0,40
530050,2,1,4,0,46.36699722,-120.1676556,32,2,1,1,998,1,1,50
530051,1,27,6,22,47.65711944,-117.2330083,8,3,10,1,998,0,0,35
530052,1,25,4,18,46.19123333,-123.1444639,12,2,1,2,998,1,0,55
530053,2,4,7,22,46.30267222,-120.1147611,38,2,1,1,998,1,0,50
530055,1,30,2,11,47.33532778,-122.9372944,45,1,10,1,998,1,0,45
530056,2,6,2,21,47.51511667,-121.8382194,8,2,2,1,998,0,0,70
530057,2,12,1,9,47.26035556,-122.3566139,12,1,1,2,998,1,0,40
530058,2,2,5,23,47.20018333,-119.7063611,1,2,10,1,998,1,1,50
530059,2,3,6,22,46.34571944,-120.0935278,34,2,1,1,998,1,1,50
530060,2,9,5,18,45.683025,-122.5849,25,2,1,1,998,1,1,50
530061,2,8,4,8,47.58708056,-120.6800083,12,1,10,2,998,2,0,50
530062,2,7,3,23,45.78755278,-122.5007556,42,2,10,1,998,1,0,25
530063,1,7,7,21,47.04157222,-122.8338889,5,3,10,1,998,1,0,25
530064,2,4,7,14,47.59501944,-118.4748694,34,1,10,1,998,1,1,50
530066,2,18,7,5,47.20584167,-118.2371972,1,2,10,1,998,1,1,70
530067,2,14,3,12,46.23466389,-119.2626583,12,1,1,2,998,1,0,98
530068,2,20,2,4,47.42678333,-122.22805,12,3,10,2,998,1,0,40
530069,2,2,5,12,47.58781944,-122.2312083,12,1,1,2,998,1,0,60
530070,2,10,6,22,47.14556389,-119.2356194,12,2,1,2,998,1,0,35
530071,2,22,4,4,46.88907222,-122.9502806,12,2,10,2,998,0,0,50
530072,2,21,3,19,46.94500278,-122.6121361,8,2,1,1,998,0,0,25
530073,2,7,3,2,48.22433889,-122.204675,41,2,1,1,998,1,1,35
530074,2,12,1,13,48.96362778,-122.3521806,12,1,10,2,998,1,0,35
530075,2,22,4,21,45.81674167,-120.8489,1,2,10,1,998,1,1,35
530076,2,21,3,21,46.99228333,-122.6544028,12,2,1,2,998,1,0,50
530077,2,23,5,23,47.53402222,-122.5540611,8,2,1,2,998,0,0,45
530078,2,26,1,3,47.56704722,-122.3208611,12,3,4,3,998,0,0,60
530079,2,25,7,15,47.10753889,-122.4585806,12,1,1,2,998,1,1,40
530080,2,5,1,2,46.24976389,-119.2543861,8,2,2,2,998,0,0,60
530081,2,10,6,9,45.93333333,-122.7206278,12,1,2,2,998,1,0,50
530082,2,27,2,16,46.60889167,-122.5772639,12,1,1,2,998,0,0,55
530083,2,19,1,1,46.44744444,-120.3528528,12,2,1,2,998,1,1,70
530084,2,23,5,16,47.328525,-122.2498389,12,1,1,2,998,1,0,40
530085,2,28,3,21,47.39679722,-122.22805,8,3,1,1,998,0,0,35
530087,2,28,3,14,47.54428056,-122.3331972,25,1,10,1,998,1,1,98
530088,2,28,3,19,45.62827222,-122.557725,9,3,10,2,998,0,0,35
530089,3,6,2,3,48.007625,-122.1889111,30,3,1,1,998,1,1,30
530090,2,21,3,9,46.64237222,-123.0826417,12,1,2,2,998,1,0,50
530091,3,4,7,17,46.88798889,-122.7056111,12,5,2,2,998,1,1,50
530093,3,7,3,20,48.15221389,-122.1677389,8,3,1,1,998,0,0,35
530095,2,18,7,19,48.73461667,-122.4698861,8,3,1,2,998,0,0,98
530096,2,28,3,19,46.30913889,-120.0469444,12,2,1,2,998,0,0,70
530098,3,1,4,22,47.95238056,-122.2135389,8,3,2,1,998,0,1,35
530099,3,1,4,23,47.53577778,-122.6648778,8,2,2,1,998,0,0,45
530100,2,26,1,3,48.28501389,-119.6964333,38,2,1,1,998,2,0,35
530101,3,7,3,15,46.18268611,-123.0623861,12,1,1,2,998,0,1,55
530103,3,3,6,13,46.54345,-122.9431222,58,1,10,1,998,1,1,50
530104,3,11,7,16,46.20608889,-119.1061472,12,1,1,2,998,0,0,25
530105,3,8,4,17,47.16971667,-122.2695306,38,1,10,1,998,1,0,35
530106,3,14,3,10,46.65741667,-122.9865194,42,9,8,1,998,1,0,35
530107,3,16,5,3,47.42362222,-122.2831583,42,2,1,1,998,1,0,60
530108,3,15,4,13,47.14780556,-122.4605944,12,1,10,2,998,1,0,35
530109,3,14,3,3,47.666425,-122.1481778,8,3,1,1,998,0,0,98
530110,3,15,4,16,47.20423889,-123.1372139,42,1,1,1,998,1,0,45
530111,3,10,6,5,48.87009167,-122.3755722,12,2,2,2,998,1,0,50
530112,3,16,5,0,47.21612222,-121.1246639,12,3,1,2,998,0,0,60
530114,3,18,7,4,47.17214722,-122.2910917,42,6,1,1,998,3,1,25
530115,3,1,4,17,47.33834722,-122.3120806,8,1,1,1,998,0,0,98
530116,3,18,7,8,47.48096111,-122.2356806,35,1,1,1,998,1,1,35
530117,3,18,7,16,48.07442778,-122.1328972,1,1,1,1,998,1,1,98
530118,3,7,3,18,46.78926389,-120.6362611,35,2,1,1,998,1,0,50
530119,3,23,5,23,46.85753611,-122.7221,42,2,2,1,998,2,1,50
530121,3,26,1,5,46.20061944,-119.1483917,12,3,1,2,998,1,0,35
530122,3,27,2,15,47.80643333,-122.2923444,12,1,1,2,998,1,0,25
530123,3,6,2,5,47.34053056,-122.2931972,25,2,10,4,998,1,0,60
530124,3,12,1,3,45.72036389,-122.4867778,9,2,1,1,998,0,0,50
530125,3,28,3,12,48.84576389,-122.3969889,24,1,1,1,998,1,0,35
530126,1,16,2,21,47.89914444,-121.9432667,42,2,1,1,998,1,0,35
530127,3,26,1,0,45.62287222,-122.3055639,42,2,10,1,998,1,0,45
530128,4,1,7,2,47.21015556,-122.0447,8,2,2,1,998,0,1,50
530129,4,2,1,1,48.23411111,-122.7341694,30,2,1,1,998,1,1,50
530130,4,2,1,0,47.23330556,-122.4322889,12,3,2,2,998,0,1,98
530131,4,2,1,3,45.62549167,-122.5056083,38,3,10,1,998,1,1,40
530132,4,1,7,7,47.26700556,-122.3621611,12,4,10,2,998,1,0,40
530133,3,27,2,16,47.93128611,-122.1046611,12,1,1,3,998,1,0,55
530134,4,5,4,2,47.28663611,-122.1753917,58,3,1,1,998,1,0,35
530135,4,5,4,5,47.21316111,-122.4339611,8,3,1,1,998,0,0,35
530136,4,4,3,20,47.66440556,-117.3528139,12,3,1,2,998,1,0,98
530137,4,2,1,13,46.60690278,-120.6568,12,1,10,2,998,1,0,50
530138,4,4,3,16,47.40459444,-122.2983556,12,1,1,2,998,0,0,25
530139,4,2,1,8,47.66933333,-117.10405,8,1,1,1,998,0,0,0
530140,3,30,5,21,46.94089444,-120.0804528,1,2,1,1,998,1,0,60
530141,4,8,7,15,46.85915833,-122.5041111,12,1,2,2,998,1,1,45
530142,3,28,3,3,46.22277778,-119.1634056,1,2,1,1,998,1,0,60
530143,4,8,7,23,48.93538333,-122.5785667,53,2,1,1,998,1,1,50
530144,4,3,2,9,47.68461667,-122.1760167,8,1,2,1,998,0,0,35
530145,3,7,3,5,46.37413333,-120.3275917,8,2,1,1,998,0,0,55
530146,3,29,4,22,47.14421389,-119.3548889,33,2,1,1,998,1,1,35
530147,4,8,7,16,47.95936667,-122.7835611,42,1,10,1,998,1,0,55
530148,4,12,4,2,46.89992778,-122.5419611,12,2,2,2,998,0,0,50
530149,4,6,5,5,46.37505833,-120.3209139,8,3,1,1,998,0,0,25
530150,1,29,1,12,45.84633611,-121.9481806,35,1,1,1,998,1,0,55
530151,4,14,6,12,46.27694722,-119.3464056,12,1,1,2,998,1,0,35
530152,4,15,7,23,47.80137222,-122.5737306,42,2,1,1,998,1,1,30
530155,3,22,4,18,47.18845833,-123.111275,12,1,10,3,998,1,1,60
530158,4,15,7,16,45.58708056,-122.1884167,35,1,1,1,998,1,1,50
530159,4,14,6,5,47.66071667,-117.2277444,17,3,10,1,111,1,0,25
530160,4,20,5,22,47.46518056,-122.136925,8,3,2,1,998,0,0,98
530161,2,4,7,18,47.76954722,-122.5633,35,2,10,1,998,1,0,45
530162,2,15,4,16,46.80805833,-123.2918389,12,1,1,2,998,0,0,25
530163,4,22,7,10,47.19181389,-122.4209583,12,1,10,2,998,1,0,35
530165,3,20,2,19,46.62605556,-120.5118778,8,6,2,1,998,0,0,35
530166,4,1,7,19,47.38356389,-119.4210583,8,1,1,1,998,0,0,50
530167,3,30,5,1,47.75080833,-122.3454222,8,3,10,1,998,0,0,40
530168,4,26,4,0,46.97090278,-122.9320917,12,2,1,2,0,1,0,70
530169,4,9,1,8,47.85576111,-122.2900583,39,1,2,1,998,1,0,45
530170,4,27,5,18,47.30976389,-122.2480556,12,1,1,2,998,1,0,60
530172,4,26,4,16,47.16215833,-122.3782806,12,1,1,2,998,0,1,35
530174,4,29,7,23,48.52920556,-121.9792472,31,2,1,1,998,1,1,55
530175,4,30,1,2,47.47123611,-122.2048639,12,3,1,2,998,0,1,60
530176,4,26,4,23,47.31269722,-122.0856944,42,2,1,1,998,1,0,25
530177,5,3,4,17,47.36539722,-117.1806639,35,1,1,1,998,1,1,60
530178,5,4,5,2,47.05180833,-122.3686444,35,3,1,1,998,1,1,35
530179,3,11,7,2,47.25693611,-122.3596944,12,3,10,2,998,1,1,50
530180,4,20,5,21,45.59487222,-122.5151833,12,2,1,2,0,0,0,60
530181,4,27,5,0,46.45759167,-119.9383,59,2,8,1,998,1,0,55
530182,5,5,6,9,47.03526944,-122.7395639,12,1,2,2,998,1,0,45
530183,5,5,6,11,47.62385833,-122.3286361,21,1,2,1,998,1,0,60
530185,4,29,7,23,47.67248056,-117.5395972,8,3,1,1,998,0,1,45
530186,5,7,1,15,46.53160556,-120.7757917,72,1,1,1,998,1,0,98
530187,5,6,7,11,47.64971667,-117.2780306,12,1,1,2,998,1,0,98
530188,5,7,1,2,47.23165833,-122.5371167,42,3,10,1,998,1,1,35
530189,5,6,7,6,46.63662222,-120.5266278,25,1,10,1,998,1,1,45
530190,4,24,2,5,47.91798889,-122.2317417,8,3,2,1,998,0,0,35
530191,4,28,6,14,47.11400278,-122.2655417,33,1,1,1,998,1,0,40
530192,4,28,6,14,47.164725,-121.7542722,12,1,1,2,998,0,0,55
530193,1,23,2,20,47.62110833,-122.3423833,8,3,1,1,998,0,0,25
530194,4,22,7,2,47.64293333,-117.502725,57,2,10,1,998,1,1,55
530195,5,4,5,18,47.76321389,-117.4066167,12,1,1,2,998,1,0,50
530196,5,5,6,23,47.34054167,-122.1019056,42,2,10,1,998,1,1,35
530198,5,11,5,23,47.32081667,-122.1636361,12,2,1,2,998,0,1,60
530199,5,12,6,23,47.29953333,-122.1819528,34,2,1,1,998,1,0,98
530200,5,13,7,12,47.53447778,-122.3350972,1,1,1,3,998,1,0,98
530201,5,13,7,16,47.87365,-122.6947944,12,1,1,2,998,1,0,60
530202,5,7,1,3,46.30313889,-122.79815,42,2,10,1,998,1,1,55
530203,5,15,2,5,48.51272222,-122.6283028,30,3,1,1,998,1,0,30
530204,5,14,1,23,47.73485833,-117.5071722,33,2,1,1,998,1,1,50
530205,5,11,5,23,46.95780833,-119.4069528,1,2,1,1,998,1,1,55
530206,4,9,1,17,46.26774722,-119.3024,12,1,2,2,998,1,0,55
530207,5,13,7,22,46.24426667,-119.3591694,35,3,1,1,998,1,1,70
530208,5,7,1,17,47.93539167,-122.241325,12,1,1,2,998,1,0,35
530209,3,22,4,20,47.57108333,-122.3523333,12,3,1,2,998,0,0,45
530210,5,11,5,7,46.12574722,-122.956825,12,1,1,2,50,1,0,25
530211,5,20,7,20,48.51538889,-122.6157222,14,1,1,1,998,1,0,25
530212,5,14,1,17,47.49721667,-119.7155306,1,1,1,1,998,1,0,50
530213,5,6,7,18,45.90756944,-121.047675,1,1,1,1,998,1,1,50
530214,4,29,7,2,46.561025,-119.1324778,1,2,1,1,998,1,1,55
530215,5,17,4,17,47.18127778,-120.8351944,12,1,1,3,998,1,0,60
530216,5,13,7,13,46.28418056,-118.8860556,12,1,1,2,998,1,0,55
530217,5,21,1,18,47.96145,-117.4981222,12,1,1,2,998,1,0,60
530218,5,8,2,20,47.12565278,-122.2930611,12,5,1,2,998,1,0,40
530219,4,28,6,20,46.71355833,-122.9567556,12,5,1,2,998,1,1,25
530220,2,7,3,15,47.69899722,-122.3446111,12,1,10,3,998,0,1,0
530221,5,19,6,11,46.37338333,-117.0732417,12,1,1,2,998,0,0,45
530222,5,20,7,22,46.41920833,-120.4632417,30,2,1,1,998,1,0,50
530223,5,13,7,20,47.88121389,-122.2571111,12,1,1,3,998,1,0,35
530224,5,13,7,21,47.83687222,-122.270875,8,2,1,1,998,0,0,98
530226,5,26,6,21,47.65560278,-117.411225,8,3,1,1,998,0,0,30
530227,5,27,7,20,47.63983611,-122.0103444,1,1,1,3,998,0,0,55
530229,4,15,7,11,47.69674722,-117.1753778,12,1,1,2,998,1,0,30
530230,5,8,2,15,47.24212778,-122.4450389,9,1,1,1,998,0,0,30
530231,5,18,5,12,47.24245,-122.4420861,12,1,1,3,998,0,0,30
530232,5,4,5,14,46.71645,-120.8633583,12,1,10,2,998,2,0,60
530233,5,19,6,14,47.59750278,-120.22885,12,1,1,2,998,1,0,60
530234,4,28,6,7,47.41551667,-121.5857306,21,1,1,1,998,1,0,70
530235,5,27,7,10,47.78831944,-117.7339861,9,1,1,1,998,0,1,45
530236,6,1,5,12,46.56406389,-122.3064806,42,1,1,1,998,1,1,50
530237,5,31,4,15,45.65396111,-122.4670861,24,1,1,1,998,1,0,98
530238,5,29,2,17,46.54118333,-120.8747111,12,1,1,2,998,1,1,50
530240,5,8,2,21,48.7399,-122.3809889,32,2,1,1,998,1,1,98
530241,6,12,2,22,47.72009167,-117.4112472,8,3,1,1,998,0,0,30
530242,6,6,3,9,47.69430556,-117.0538944,8,1,1,1,998,0,0,70
530243,5,26,6,11,47.73690278,-122.8815306,12,1,1,2,998,1,0,55
530244,5,28,1,16,47.492225,-122.3099278,12,1,1,2,998,1,0,35
530245,5,23,3,20,47.63491944,-117.2288278,8,1,1,1,998,0,0,45
530246,6,4,1,7,47.15743333,-123.0954806,24,1,1,1,998,1,0,60
530247,6,1,5,21,45.72129167,-122.4958111,12,2,1,2,998,0,1,50
530248,6,5,2,14,47.48422222,-122.196175,12,1,1,2,998,1,0,60
530249,6,9,6,10,46.60514444,-122.2330694,8,1,2,1,998,0,0,55
530250,6,4,1,21,45.61757778,-122.6388639,33,1,1,1,998,1,0,30
530251,5,7,1,20,46.46163611,-124.0527278,9,5,1,1,998,0,0,50
530252,5,21,1,0,48.42823333,-122.3026583,12,3,1,2,998,0,1,25
530253,4,28,6,17,47.75058056,-122.213875,25,1,1,1,998,1,1,35
530254,6,12,2,9,48.11109444,-117.2256167,18,1,1,1,998,1,0,60