ST_CASE,MONTH,DAY,DAY_WEEK,HOUR,LATITUDE,LONGITUD,HARM_EV,LGT_COND,WEATHER,VE_FORMS,TRAV_SP,DEATHS,DR_DRINK,VSPD_LIM
530255,5,14,1,23,47.41575278,-122.0170444,42,2,1,1,998,1,1,98
530256,2,6,2,20,47.64240278,-117.213225,8,3,1,1,998,0,0,35
530257,3,5,1,20,48.91354444,-122.45185,53,2,1,1,998,1,1,35
530258,2,5,1,16,47.61809167,-122.3041611,8,1,10,1,998,0,0,20
530259,1,20,6,18,47.55464167,-122.3762889,12,3,1,2,998,1,0,25
530260,6,8,5,12,46.79400278,-118.8991306,12,1,1,2,998,1,0,60
530261,6,6,3,15,48.94302778,-122.7262194,12,1,1,2,998,0,0,45
530262,3,16,5,20,47.535775,-122.0052639,1,2,1,1,998,1,0,70
530263,6,4,1,15,46.63942778,-119.7692861,12,1,1,2,998,0,0,60
530264,6,1,5,22,47.00097222,-119.1279667,8,2,1,1,998,0,0,60
530265,6,14,4,1,45.66488889,-122.4347444,41,2,10,1,998,1,1,50
530266,6,10,7,21,46.43815278,-120.4781806,1,5,1,1,998,1,1,98
530267,6,14,4,0,47.191625,-122.36975,30,3,1,1,998,1,1,25
530268,6,6,3,22,48.10508056,-123.4293833,9,3,1,1,998,0,0,35
530269,6,16,6,2,46.28005556,-122.8998333,12,3,1,4,998,1,1,70
530270,6,11,1,16,47.56882222,-117.358025,8,1,1,1,998,0,0,55
530271,6,5,2,13,48.47450556,-119.9347222,12,1,1,2,998,1,0,98
530273,6,8,5,18,47.45813889,-122.2973944,9,1,1,1,998,0,0,98
530274,6,11,1,14,47.89608333,-122.2632611,12,1,1,2,998,1,0,45
530275,6,11,1,17,47.23293611,-119.9484167,12,1,1,2,998,1,1,60
530276,6,7,4,16,46.37418611,-123.7007972,1,1,1,1,998,1,1,35
530277,6,16,6,21,47.67997778,-117.081375,8,6,2,1,998,0,0,45
530278,6,11,1,17,47.34899444,-122.8524167,12,1,1,2,998,0,0,55
530279,6,10,7,0,46.7765,-123.7419361,12,2,2,2,998,1,1,55
530280,6,25,1,12,46.84829444,-122.2529222,24,1,10,2,998,1,1,45
530281,6,22,5,19,46.84129722,-117.3391111,12,1,1,2,998,1,0,60
530282,6,23,6,11,48.68920833,-117.4273833,34,1,1,1,998,1,0,55
530283,5,30,3,1,47.03666667,-123.9374,52,2,1,1,998,1,0,50
530284,6,18,1,11,46.27751667,-120.3915417,12,1,1,2,998,1,0,65
530285,6,24,7,3,46.25168889,-119.0863944,8,2,1,1,998,0,0,98
530286,6,16,6,22,46.12234444,-122.9622944,12,2,1,2,998,1,1,50
530287,5,12,6,18,46.93108889,-119.9569167,12,1,1,2,998,1,0,60
530288,6,21,4,20,46.42976111,-117.0650167,38,5,1,1,998,1,1,55
530289,5,10,4,10,47.64339722,-122.1428917,8,1,1,1,998,0,0,98
530290,4,26,4,15,47.05478333,-122.7645417,1,1,1,2,998,0,0,0
530291,6,22,5,0,47.750775,-122.6676639,57,3,1,1,998,1,1,60
530292,6,27,3,14,46.35791389,-119.0860444,12,1,1,2,998,2,0,60
530293,6,27,3,14,47.66130833,-118.3104083,1,1,1,1,998,1,0,50
530294,6,14,4,23,48.42181389,-122.6604,24,2,1,1,998,1,1,35
530295,6,16,6,22,46.99624722,-122.2956,42,2,2,1,998,1,0,55
530296,6,24,7,1,47.33023333,-120.6470028,42,2,1,1,998,1,0,70
530297,6,23,6,23,47.77496667,-118.6996833,1,2,1,1,998,1,1,50
530298,3,11,7,15,46.40410278,-120.7061611,1,1,1,1,998,1,1,50
530299,3,16,5,22,47.57980278,-122.3290944,8,3,10,1,998,0,0,30
530302,5,4,5,13,47.52639444,-122.6096889,53,1,1,1,998,1,1,35
530303,5,20,7,20,47.11045556,-122.2933889,12,1,1,2,998,0,0,40
530304,5,18,5,23,47.62326389,-122.3567194,8,3,1,1,998,0,0,25
530305,3,17,6,5,47.4378,-122.8639611,8,2,1,1,998,0,0,45
530306,6,29,5,6,45.66299722,-122.5662,12,4,1,2,998,1,0,30
530307,6,25,1,18,47.55322778,-122.5447306,12,1,1,2,998,1,0,25
530308,6,29,5,5,47.11878333,-122.5572917,12,1,1,2,998,0,0,98
530309,7,4,3,0,48.11853333,-122.1690611,1,3,1,1,998,1,0,35
530310,6,26,2,11,47.83140556,-117.4192667,12,1,1,2,0,0,0,98
530311,7,1,7,21,47.81998333,-117.4111028,8,5,1,1,998,0,0,30
530312,6,30,6,21,46.87561389,-122.5417556,11,2,1,1,998,1,0,50
530313,7,2,1,23,47.23546944,-122.4386833,12,3,10,2,998,0,1,98
530314,6,30,6,13,46.794425,-118.6759639,12,1,1,2,998,2,0,65
530315,6,23,6,4,47.05733056,-122.8043278,14,4,1,1,998,1,0,60
530316,6,30,6,16,47.71538889,-117.4690333,12,1,1,2,998,1,0,35
530317,6,27,3,22,47.69950556,-121.9789361,24,2,1,1,998,1,1,50
530318,6,28,4,13,47.20394167,-122.2599333,12,1,1,2,998,1,1,35
530319,6,24,7,11,46.94651389,-119.9608611,25,1,1,1,998,1,0,70
530320,6,29,5,15,47.32293333,-122.8995667,42,1,1,1,998,1,0,55
530322,7,2,1,0,46.40460833,-120.4461056,8,2,1,1,998,0,0,50
530323,6,29,5,13,47.34605278,-121.9959028,12,1,1,4,998,0,1,45
530324,6,24,7,16,47.76039167,-122.1763694,12,1,1,2,998,1,0,35
530325,7,7,6,19,47.50394444,-122.752175,12,1,1,2,998,1,1,50
530326,7,8,7,2,47.18086111,-122.3741833,39,2,1,1,998,1,1,35
530327,7,9,1,3,47.28650556,-122.3074028,12,3,1,2,998,3,1,60
530328,7,11,3,17,47.65068056,-117.3751917,9,1,1,1,998,0,0,98
530329,7,11,3,18,47.39686944,-122.1653833,14,1,1,1,998,0,1,35
530330,7,8,7,20,47.43649167,-122.5761194,30,1,1,1,998,1,0,45
530332,7,13,5,20,47.16033056,-122.5205833,12,1,1,3,998,1,1,35
530333,7,7,6,16,48.03416389,-122.8702306,12,1,1,2,998,2,0,55
530335,2,6,2,8,47.70722222,-120.2152472,17,1,1,1,998,1,0,60
530336,7,15,7,22,47.64984444,-117.2398444,12,3,1,2,998,1,0,35
530337,7,14,6,12,47.08215,-122.3910611,12,1,1,2,998,1,0,35
530338,7,9,1,21,47.42974167,-122.8875194,35,5,1,1,998,1,1,45
530339,7,12,4,12,47.04240833,-122.9778528,12,1,1,4,998,0,0,60
530340,7,5,4,7,47.90408056,-122.2444917,30,1,1,1,998,1,0,35
530341,7,23,1,21,47.1558,-122.0592417,1,2,1,1,998,1,0,35
530342,7,18,3,23,48.11816667,-121.9358,42,9,8,1,998,1,1,98
530343,3,15,4,3,46.33831111,-119.2832222,8,6,1,1,60,0,1,55
530344,7,14,6,2,46.23771389,-119.2427889,1,2,1,1,998,1,1,60
530345,7,16,1,11,47.24733056,-122.373025,12,1,1,2,998,6,0,25
530346,7,21,6,2,48.03025556,-122.0786444,33,3,1,1,998,1,0,55
530347,7,18,3,22,47.64297778,-117.6173917,1,3,1,2,998,1,1,55
530348,6,21,4,4,47.90565,-122.2432722,8,3,1,3,998,0,0,98
530349,7,15,7,23,47.50964722,-121.879975,12,2,1,2,998,1,1,98
530350,7,20,5,17,48.45214167,-122.3451083,59,1,1,1,998,1,0,35
530351,7,19,4,11,46.13434722,-118.1737528,1,1,1,2,998,1,0,60
530352,7,15,7,23,46.83845556,-119.4120333,12,2,1,2,998,0,1,60
530353,7,25,3,20,47.61041944,-122.3313972,1,3,1,2,998,1,0,60
530354,7,28,6,19,47.22965278,-122.4735722,12,1,1,2,998,0,0,35
530356,7,16,1,16,46.21460278,-119.9310917,35,1,1,1,998,2,0,50
530357,7,31,2,20,47.76651389,-122.2974611,15,1,1,1,998,0,0,40
530358,7,14,6,23,48.07605833,-122.506675,30,2,1,1,998,1,1,50
530359,8,2,4,6,47.98279167,-117.3495778,12,1,1,2,998,0,0,60
530360,8,2,4,8,46.74769722,-117.2347111,12,1,1,2,998,1,0,60
530361,6,16,6,19,47.65793333,-117.4221111,8,1,10,1,998,0,1,30
530362,6,17,7,0,47.35166667,-122.2965167,30,3,10,1,998,1,1,25
530363,7,15,7,3,46.38376944,-120.3465944,12,6,1,2,998,1,1,55
530364,7,17,2,7,48.32564722,-122.3789278,8,1,1,1,998,0,0,98
530365,7,15,7,1,47.64051944,-122.1009528,11,2,1,1,998,1,0,98
530366,4,15,7,10,47.32995556,-119.6014167,12,1,1,2,998,2,0,55
530367,8,5,7,20,47.22319722,-122.4933556,1,5,1,1,998,1,1,30
530368,7,31,2,11,47.12090556,-119.2931361,12,1,1,2,998,1,1,40
530369,8,5,7,23,47.16532222,-122.4421,1,3,2,1,998,1,0,35
530370,8,5,7,0,47.44567222,-122.1743083,42,3,1,1,998,1,0,98
530371,8,3,5,18,47.99787778,-122.1055222,12,1,1,2,70,0,0,98
530372,8,1,3,19,48.53420278,-120.1901944,18,1,1,1,998,1,0,50
530373,7,28,6,13,46.44933333,-122.8555306,12,1,1,2,998,1,1,50
530374,8,2,4,16,47.26002778,-122.2922889,12,1,1,2,998,1,1,45
530375,8,3,5,12,47.22473611,-122.4207917,12,1,1,2,998,0,0,25
530376,3,11,7,21,47.38521944,-122.2024611,8,3,1,1,998,0,0,98
530378,8,3,5,18,45.64053611,-122.6925889,19,1,1,1,998,0,1,35
530379,7,30,1,18,48.97016111,-122.2076028,42,1,1,1,998,1,1,45
530380,4,8,7,16,48.0397,-117.2110444,5,1,1,1,998,1,0,98
530381,5,20,7,21,48.50625,-122.0111,42,5,1,1,998,1,0,98
530382,5,26,6,12,47.61281944,-117.6914139,12,1,1,2,998,0,0,98
530383,5,15,2,9,46.17859167,-122.9774972,35,9,10,1,998,1,1,98
530384,5,27,7,15,46.38087778,-120.3150028,12,1,1,2,998,0,0,35
530385,6,11,1,22,47.23005278,-122.3960639,41,3,1,1,998,1,0,25
530386,7,7,6,17,47.23138056,-122.4625333,59,1,1,1,998,1,1,98
530387,8,8,3,7,47.48851667,-122.1562889,12,1,1,2,998,0,0,35
530388,8,2,4,9,45.95758333,-122.5691694,12,1,1,2,998,0,0,55
530389,8,1,3,15,46.75995,-123.0030139,12,1,1,2,998,1,0,40
530390,4,29,7,2,47.64686944,-122.3046028,15,3,1,1,998,0,0,30
530391,6,7,4,23,47.62450833,-122.3655472,14,3,1,1,998,0,0,25
530392,7,18,3,23,46.44809722,-120.4736417,8,2,1,1,998,0,0,50
530393,2,7,3,17,47.21415,-123.0280611,12,2,10,3,998,0,1,35
530394,2,22,4,10,47.09650556,-122.3359528,12,1,1,2,998,0,0,35
530395,2,15,4,16,46.27495833,-119.2900861,12,1,1,2,998,1,0,35
530396,8,8,3,4,48.61073056,-122.3489083,12,2,1,2,998,1,0,70
530397,8,9,4,14,47.08604722,-119.0635139,12,1,1,3,998,1,0,70
530398,7,7,6,20,45.707625,-122.6277917,12,1,1,2,998,0,0,35
530399,7,18,3,23,48.37755556,-120.215875,38,2,1,1,998,1,1,50
530400,8,11,6,15,47.67281389,-117.339875,12,1,1,3,998,0,0,0
530401,8,7,2,18,48.03809444,-123.0306944,35,1,1,1,998,1,0,50
530402,8,13,1,0,47.708775,-117.3900667,12,3,1,2,998,1,0,25
530403,8,5,7,1,47.48854722,-122.2179639,42,3,1,1,998,4,1,98
530404,7,19,4,3,47.24098611,-122.3474583,12,3,1,3,998,0,0,60
530405,8,3,5,17,47.26136667,-121.2117472,12,1,1,2,998,1,0,55
530406,3,5,1,4,48.44755833,-122.5972639,12,2,1,2,998,0,1,50
530408,8,13,1,12,47.22271667,-118.1877278,38,1,1,1,998,1,0,70
530409,8,9,4,23,48.07960556,-117.6298444,12,2,10,2,998,1,1,60
530410,7,20,5,12,47.78709722,-117.3523472,9,1,1,1,998,0,0,0
530411,8,11,6,20,47.32910278,-122.2215583,12,3,1,2,998,1,1,0
530412,8,15,3,14,47.73240278,-118.1626806,31,1,1,1,998,1,0,55
530413,8,15,3,16,46.10622778,-122.8766028,24,1,1,1,998,1,0,98
530414,8,7,2,12,46.6018,-119.0062778,12,1,10,5,998,0,0,60
530415,8,15,3,22,47.37801111,-122.2023472,8,3,1,1,998,0,0,35
530416,8,15,3,21,47.01813056,-122.9125139,8,3,1,1,998,0,0,98
530417,8,13,1,18,46.17279444,-122.9748917,35,1,1,1,998,1,1,98
530418,7,16,1,17,46.69800833,-123.7383111,1,1,1,1,998,1,0,55
530419,5,5,6,14,47.39684167,-122.3228389,30,1,10,1,998,1,0,35
530420,8,18,6,10,46.33708611,-122.9358889,41,1,1,2,998,1,0,45
530421,8,1,3,6,47.06308611,-122.7673417,12,1,1,2,998,1,1,60
530422,8,12,7,10,46.79993889,-122.2754278,12,1,1,2,998,0,0,55
530423,8,16,4,17,47.23232778,-122.4615389,12,1,1,4,998,1,0,98
530424,8,7,2,14,46.66680556,-121.1010806,42,1,10,1,998,1,0,55
530425,8,8,3,21,46.34656111,-120.16755,12,2,1,2,998,1,0,50
530426,8,11,6,18,47.89061389,-122.1477889,24,1,1,1,998,1,0,35
530427,8,12,7,19,47.71579722,-121.2728278,24,5,1,1,998,1,1,60
530428,8,18,6,17,48.57926111,-117.9553528,12,1,5,2,998,0,0,55
530429,8,18,6,5,47.13425,-121.607825,42,1,1,1,998,3,1,25
530430,8,21,2,17,48.07825556,-122.5699472,24,1,1,1,998,1,0,50
530431,5,11,5,14,47.35014444,-122.3236083,33,1,1,2,998,1,0,25
530432,8,20,1,15,47.06981944,-122.4417028,12,1,5,4,998,1,0,55
530433,5,27,7,22,45.71833056,-122.6499167,12,3,1,2,998,1,0,60
530434,5,2,3,23,47.91773333,-122.2716833,12,3,1,2,998,1,0,98
530435,8,26,7,0,47.383075,-122.239175,42,3,1,1,998,1,1,30
530436,8,26,7,21,47.21566667,-122.4076833,42,3,1,1,998,1,1,35
530437,8,18,6,22,47.99514722,-117.7257611,12,2,5,3,998,1,1,55
530438,5,27,7,21,48.08449444,-118.2628944,35,2,1,1,998,1,1,50
530439,8,21,2,14,47.16192222,-120.8486861,59,1,1,1,998,3,0,70
530440,8,26,7,20,48.83045278,-122.4859694,8,2,1,1,998,0,0,50
530441,8,27,1,0,47.51563611,-122.7351389,12,2,1,2,998,1,1,50
530442,8,23,4,21,47.75916944,-122.1997139,33,3,1,1,998,1,0,35
530443,8,9,4,14,47.80023889,-120.6338194,35,1,1,1,998,1,0,35
530444,8,23,4,5,47.28262778,-122.3277889,12,3,2,3,998,1,1,98
530445,8,24,5,17,47.02729167,-122.7316444,42,1,1,1,998,1,0,50
530446,8,12,7,1,47.35396944,-122.9136889,24,2,1,1,998,2,1,45
530447,8,27,1,19,47.25683611,-123.0969917,1,1,1,1,998,1,1,25
530448,8,25,6,23,47.27815556,-122.1622472,12,2,1,2,998,1,1,45
530449,8,17,5,3,47.63091944,-120.2273333,59,2,1,1,998,1,0,60
530450,8,28,2,18,47.37992222,-122.2176361,12,1,10,2,998,1,1,98
530451,8,30,4,5,47.35798333,-122.1654889,9,3,2,1,998,0,0,45
530452,7,31,2,12,47.42576944,-122.8456889,12,1,1,2,998,1,0,50
530453,9,2,7,21,47.19228056,-122.4340056,8,2,1,1,998,0,0,35
530456,9,3,1,21,47.23028889,-122.4478,12,3,10,2,998,0,0,60
530457,9,2,7,14,47.44692222,-122.3310472,8,1,1,1,998,0,0,40
530458,8,31,5,15,47.52931111,-123.0502861,12,1,1,2,998,1,0,50
530459,9,2,7,16,47.04460278,-124.1580361,12,1,1,3,998,0,0,45
530460,8,23,4,10,48.170975,-122.0676889,12,1,1,2,998,3,0,35
530461,8,20,1,21,48.00596111,-122.10595,12,3,1,2,998,1,1,30
530462,9,2,7,13,47.61087778,-122.3309111,1,1,1,1,998,1,0,60
530463,9,3,1,2,47.11384444,-122.3891444,15,3,1,1,998,0,0,35
530464,7,31,2,23,46.73859722,-119.198525,24,2,1,1,998,1,1,60
530465,9,4,2,17,47.22695556,-117.0675806,24,1,1,1,998,1,0,25
530466,9,8,6,20,47.71506389,-117.4172583,8,2,1,1,998,0,0,35
530467,9,6,4,18,47.65252778,-117.43605,8,1,1,1,998,0,0,30
530468,9,2,7,21,47.0775,-122.2940667,8,2,1,1,998,0,0,45
530469,8,20,1,4,48.13522222,-123.5330194,5,2,1,1,998,1,1,35
530470,9,9,7,17,46.67535,-120.7106639,12,1,1,2,998,1,1,50
530471,9,8,6,5,48.52488333,-121.9427333,30,4,5,1,998,1,0,55
530472,9,8,6,12,46.29068333,-118.2590861,32,1,1,2,998,1,1,65
530473,9,9,7,20,47.65713889,-117.2141194,15,3,1,1,998,0,0,35
530474,9,1,6,11,47.81249722,-117.5692528,12,1,1,2,998,1,0,40
530475,9,8,6,16,46.36538611,-119.1978611,12,1,1,2,998,1,0,55
530476,8,5,7,22,47.73412778,-122.3477639,8,3,1,2,998,0,0,35
530477,6,3,7,22,48.59653333,-118.0853722,1,2,1,1,998,2,1,35
530478,6,2,6,16,47.591625,-122.3024056,42,1,1,1,998,1,1,25
530479,8,24,5,4,47.55340833,-122.3211833,30,3,1,1,998,1,0,30
530480,7,12,4,4,47.45689167,-122.2636111,1,3,1,1,998,1,0,60
530481,9,17,1,23,47.01495556,-120.4655833,1,2,1,1,998,1,0,50
530482,9,17,1,4,45.61251111,-122.5926056,30,3,1,1,998,1,1,60
530483,9,6,4,12,47.37943611,-122.2443694,24,1,1,1,998,1,0,60
530484,9,7,5,16,47.22554722,-122.3880472,12,1,10,2,998,1,0,35
530485,9,1,6,17,46.31944167,-119.8735278,1,1,1,1,998,1,1,50
530486,8,29,3,0,47.33596389,-122.0458833,38,2,1,1,998,1,0,35
530487,9,1,6,14,47.28233611,-122.5610278,12,1,1,2,998,0,0,55
530488,9,14,5,0,46.66031667,-122.9782944,8,2,1,1,998,0,0,60
530489,9,10,1,12,47.44068611,-117.0829167,38,1,1,1,998,1,0,55
530491,9,17,1,2,47.21175278,-122.3051833,1,3,1,2,998,1,0,35
530492,8,27,1,1,47.7233,-117.3577722,25,3,1,1,998,1,0,35
530493,9,18,2,21,46.862225,-122.3099361,34,2,1,1,998,1,1,35
530494,6,16,6,17,46.36446389,-117.0646861,12,1,1,2,998,0,1,55
530495,9,18,2,13,46.138825,-122.9365167,12,1,1,2,998,1,1,30
530496,5,1,2,22,46.90002222,-124.1116028,42,2,1,1,998,1,0,25
530498,6,2,6,19,47.32628333,-122.8917278,12,1,1,2,998,1,1,55
530499,6,9,6,2,47.29319167,-122.3381639,12,3,2,2,998,1,1,98
530500,9,16,7,13,47.84655,-117.4218056,1,1,1,1,998,1,0,60
530501,9,22,6,22,46.27414722,-118.1221917,21,2,10,1,998,1,0,50
530502,9,23,7,22,48.11596389,-121.9486833,30,2,2,1,998,1,1,35
530503,9,16,7,14,47.622975,-120.6473694,1,1,1,2,998,1,0,50
530504,9,22,6,21,47.18937778,-122.5087444,12,3,1,2,998,0,0,40
530505,9,15,6,21,47.37985556,-122.2748806,1,2,1,1,998,1,0,50
530506,9,23,7,8,45.85135278,-122.5227806,42,1,1,1,998,1,1,55
530507,9,2,7,18,47.77313611,-123.9827333,1,1,1,1,998,1,0,98
530508,9,26,3,14,46.63364444,-122.9415444,12,1,2,2,998,1,0,98
530509,9,22,6,20,47.18585833,-122.4077917,8,2,1,1,998,0,0,35
530510,9,10,1,20,47.66406111,-117.41105,8,3,1,1,998,0,0,35
530511,8,7,2,17,47.54203889,-117.6356194,1,1,10,1,998,1,1,70
530512,9,16,7,2,47.74734444,-122.187225,12,3,1,2,998,1,1,60
530514,9,29,6,10,47.05311667,-122.7827,12,1,1,3,998,1,0,40
530515,9,30,7,3,47.50869444,-122.7452611,8,2,1,1,998,0,0,50
530516,9,21,5,5,47.14476667,-122.5087056,54,3,1,2,998,2,0,60
530517,9,24,1,20,47.60294722,-117.5403528,12,6,1,2,998,0,1,70
530518,9,23,7,1,47.37051389,-122.0080944,42,2,1,1,998,1,1,40
530519,10,1,1,3,48.913625,-122.4420083,12,2,5,2,998,1,1,35
530520,9,30,7,4,47.63912222,-122.1962361,25,3,1,1,998,1,0,30
530521,9,25,2,10,47.55415833,-121.8356333,12,1,2,2,998,1,0,45
530522,10,1,1,1,47.04715278,-122.8215944,12,2,5,2,998,1,1,60
530523,10,1,1,14,47.82498056,-122.3117972,12,1,1,2,998,0,0,45
530524,9,22,6,17,47.93953056,-122.4175944,38,1,1,1,998,1,0,40
530525,9,19,3,17,46.23230833,-119.2438278,12,1,1,2,998,1,0,40
530526,10,1,1,21,46.62388889,-123.2772667,42,2,1,1,998,1,1,55
530527,10,1,1,18,47.34864167,-119.5438694,1,1,1,1,998,1,1,35
530529,4,29,7,21,47.45831667,-122.1859444,12,3,1,3,998,1,1,98
530532,10,2,2,8,46.84757222,-122.9814083,12,1,2,2,998,1,0,35
530533,8,25,6,11,47.07471944,-122.7501917,12,1,1,2,998,1,0,35
530534,9,23,7,3,47.47387222,-122.3167889,33,3,1,1,998,1,1,25
530535,10,4,4,12,47.46877222,-122.2870944,12,1,1,3,998,1,0,35
530536,10,8,1,12,47.27895833,-122.3872972,12,1,1,2,998,1,0,40
530537,10,6,6,21,46.16891389,-119.3452,1,2,1,1,998,2,0,50
530538,10,8,1,0,47.15113333,-122.4369972,12,3,1,2,998,0,0,30
530539,10,8,1,1,47.27436944,-122.7691889,30,2,1,1,998,2,0,35
530540,9,7,5,19,47.85925556,-122.2189556,12,5,1,5,998,1,0,40
530541,9,12,3,19,48.745075,-117.4979389,42,5,1,1,998,1,1,98
530542,10,6,6,18,45.64848333,-121.1183083,24,2,1,1,998,1,1,60
530543,10,7,7,1,47.41565,-122.2122806,33,3,1,1,998,1,1,98
530544,8,22,3,2,48.65829722,-122.9522556,42,2,1,1,998,2,1,35
530546,6,8,5,17,47.57438611,-122.3291028,12,1,1,3,998,1,1,30
530547,7,9,1,21,47.58553611,-122.2875056,12,5,1,2,998,1,1,25
530548,9,6,4,16,47.08255,-122.6717833,12,1,10,2,998,1,0,60
530549,10,9,2,5,47.9664,-122.2009889,8,3,1,1,998,0,0,35
530550,10,8,1,10,47.27246389,-122.2561861,15,1,1,1,998,0,0,35
530551,10,9,2,23,47.48871667,-122.29695,1,3,1,1,998,3,0,25
530552,10,10,3,19,47.07354444,-122.4214778,8,3,2,1,998,0,0,40
530553,10,6,6,2,48.05300833,-122.1852639,42,3,1,1,998,1,0,98
530554,10,4,4,8,48.04404167,-122.1809611,8,1,2,1,998,0,0,60
530555,10,9,2,14,46.72090556,-123.0341861,30,1,1,1,998,1,1,35
530556,9,23,7,22,47.41854722,-122.2968,8,3,2,1,998,0,0,40
530557,10,10,3,15,48.51451389,-121.6738806,12,1,2,2,998,1,0,50
530558,10,7,7,1,47.32843889,-122.5974111,12,2,1,2,998,0,1,60
530559,10,13,6,11,46.680775,-120.4826667,12,1,1,2,998,0,0,45
530562,9,29,6,14,46.52955556,-120.816475,9,1,10,1,998,0,0,50
530563,8,23,4,23,46.20220833,-119.1484,12,3,1,2,998,0,0,25
530564,10,12,5,19,46.26278056,-119.1613528,12,3,1,2,998,1,0,35
530565,10,23,2,13,46.95161111,-122.2997972,42,1,10,1,998,1,0,35
530566,10,23,2,11,47.19049167,-122.4903333,12,1,1,2,998,1,0,35
530567,10,15,1,1,45.73126944,-122.6565861,12,2,10,2,998,1,0,60
530568,10,16,2,1,45.73668611,-122.5787889,1,2,1,1,998,1,1,50
530569,10,20,6,20,47.46526667,-122.1375056,12,3,1,2,998,1,0,50
530570,10,20,6,6,45.68229722,-122.625625,8,3,5,1,998,0,0,40
530571,10,8,1,19,46.22681944,-119.2209778,33,1,1,1,998,1,1,40
530572,10,23,2,22,46.99154167,-122.7385722,38,3,1,1,998,1,0,40
530573,10,18,4,18,46.646,-122.9554667,8,3,10,1,998,0,0,35
530574,10,15,1,14,46.35791667,-119.0860583,12,1,1,2,998,2,0,50
530575,10,17,3,21,47.81186667,-121.5690389,42,2,10,1,998,1,0,50
530576,10,12,5,0,47.34345556,-122.0800694,30,2,10,1,998,1,1,35
530577,10,22,1,0,47.325625,-122.1764,8,3,1,1,998,0,0,35
530578,10,21,7,2,45.60443056,-122.3420778,58,2,1,1,998,1,1,40
530579,10,19,5,13,46.32178611,-119.0928333,12,1,1,2,998,1,1,50
530580,7,6,5,16,45.62677778,-122.6017917,33,1,1,1,998,1,0,35
530581,10,28,7,13,47.24322778,-122.4009472,26,1,1,1,998,1,0,30
530582,10,29,1,2,47.25525556,-122.4777222,42,3,1,1,998,1,1,30
530583,10,30,2,3,46.98330278,-118.5613167,8,2,1,1,998,0,0,70
530584,10,21,7,19,48.54106389,-120.0871833,1,5,1,1,998,1,0,98
530585,10,27,6,0,46.24569722,-119.3685139,1,6,1,1,998,1,1,98
530586,9,13,4,22,47.03978611,-122.889075,8,3,1,1,998,0,0,98
530587,10,25,4,12,46.47735278,-120.4465722,12,1,10,2,998,0,0,55
530588,9,3,1,11,47.00017222,-123.226525,43,7,2,1,998,1,0,98
530589,6,30,6,1,46.38561667,-120.3357694,8,2,1,1,998,0,0,35
530590,9,30,7,10,47.35796389,-122.0435333,9,1,10,1,998,0,0,40
530591,10,24,3,13,46.34641667,-119.9266667,12,1,10,2,998,1,0,50
530592,11,1,4,12,47.280525,-122.2584833,8,1,10,1,998,0,0,60
530593,10,7,7,23,48.88425,-122.32055,30,6,1,1,998,1,1,50
530594,10,16,2,6,47.46311111,-122.1092917,8,2,10,1,998,0,0,50
530595,11,2,5,17,47.65397778,-117.3844,54,1,10,5,998,0,0,60
530596,11,4,7,19,47.16720278,-122.5109556,12,3,10,2,998,0,0,35
530597,11,4,7,3,47.20193056,-122.2549667,34,3,2,1,998,1,1,98
530598,10,30,2,19,47.72285,-121.9861611,8,3,1,1,998,0,0,50
530599,11,1,4,20,47.07973056,-122.2939306,8,2,2,1,998,0,0,45
530600,11,2,5,20,47.33587222,-122.3120278,8,3,10,3,998,0,0,45
530601,10,29,1,15,46.73810556,-119.5379194,12,1,1,2,998,1,0,65
530602,11,5,1,0,45.65273333,-122.5906611,24,3,1,1,998,2,1,55
530603,11,1,4,17,47.09640556,-122.3628306,12,5,2,2,998,1,1,40
530604,11,1,4,23,47.25008889,-122.1987917,12,2,2,2,998,0,1,35
530605,8,29,3,7,47.57162778,-122.3641194,21,1,10,1,998,1,1,25
530606,9,25,2,12,47.71157778,-122.3735056,42,1,2,1,998,1,0,15
530607,10,2,2,12,47.19017778,-122.4757222,12,1,2,2,998,1,0,30
530608,9,28,5,5,47.55343611,-122.3342222,8,3,2,1,40,0,0,98
530611,10,26,5,7,47.22695833,-123.1274556,12,1,1,3,998,1,0,98
530612,11,11,7,12,47.31333056,-117.9613028,26,1,1,1,998,1,0,70
530613,8,31,5,13,47.90760833,-122.2522972,1,1,1,1,998,1,0,98
530614,11,5,1,2,46.72490278,-123.0300444,38,2,1,1,998,1,1,35
530615,10,25,4,7,46.59297222,-120.6043083,8,4,10,1,998,0,0,35
530616,11,13,2,6,45.62835278,-122.6484139,8,3,10,1,998,0,0,35
530617,9,20,4,18,47.26781944,-122.1455528,12,1,1,2,998,1,0,50
530618,11,14,3,14,47.86772222,-122.6392444,12,1,1,2,998,2,0,40
530619,11,4,7,6,47.65796944,-117.4112389,8,3,2,1,998,0,0,98
530620,11,14,3,10,45.87361944,-120.7546083,12,1,1,2,998,0,1,60
530621,6,22,5,22,47.49578889,-122.3073972,8,3,1,1,998,0,0,98