ST_CASE,MONTH,DAY,DAY_WEEK,HOUR,LATITUDE,LONGITUD,HARM_EV,LGT_COND,WEATHER,VE_FORMS,TRAV_SP,DEATHS,DR_DRINK,VSPD_LIM
540188,10,30,2,11,37.55455278,-81.54466111,12,1,10,2,998,1,0,55
540189,7,20,5,2,39.51623333,-80.05745556,11,2,1,1,998,1,0,70
540190,8,8,3,13,39.4018,-78.4496,12,1,1,2,4,0,0,55
540191,9,23,7,21,37.5156,-80.3857,42,2,2,1,998,1,0,45
540192,11,1,4,20,37.78702778,-80.4534,8,3,1,1,998,0,0,40
540193,11,4,7,1,39.16790278,-81.53691389,12,2,1,2,998,0,1,55
540194,11,4,7,16,39.28843611,-78.39821944,52,1,1,1,998,1,0,55
540195,11,6,2,4,37.77438333,-80.46105556,9,2,1,1,998,0,0,40
540196,11,6,2,5,38.52269722,-82.2976,12,2,10,2,998,1,0,55
540197,11,9,5,15,39.68578889,-80.12123333,1,1,1,2,998,0,0,30
540198,11,11,7,9,39.59310278,-79.96331111,35,1,1,1,998,1,1,55
540199,11,13,2,18,39.31449444,-81.46764167,12,2,1,2,998,0,0,45
540200,11,20,2,20,38.102675,-81.841675,8,3,1,1,998,0,0,65
540201,11,25,7,3,37.42173333,-81.01578333,12,2,1,3,998,0,1,35
540202,11,29,4,17,39.35191667,-80.03799167,24,3,1,1,998,1,0,35
540203,11,29,4,23,39.48629444,-80.09588611,12,3,1,2,998,1,1,70
540204,11,30,5,15,38.22983333,-81.42003333,1,1,1,1,998,1,0,45
540205,10,19,5,14,37.88525,-82.33681389,53,1,1,1,998,1,0,35
540206,11,9,5,18,39.08761389,-81.00098333,42,2,2,1,998,1,0,45
540207,12,3,1,11,39.19320833,-77.91801944,42,1,10,1,998,1,0,55
540208,12,5,3,16,39.28643889,-78.89753056,12,1,2,2,998,1,0,45
540209,12,7,5,19,39.02733889,-79.12763056,34,3,1,1,998,1,1,30
540210,12,9,7,20,38.49331111,-81.395,12,2,10,2,998,1,0,35
540211,12,12,3,12,37.818525,-81.15121111,12,1,1,2,40,1,0,40
540212,12,14,5,7,39.63354722,-78.16753333,12,1,1,2,998,1,0,55
540213,12,14,5,23,38.53679167,-81.64425833,24,2,1,1,998,1,1,70
540214,12,18,2,9,39.2998,-78.60695556,12,1,1,2,998,0,0,55
540215,12,18,2,10,40.40362222,-80.55485556,24,1,3,1,998,1,0,40
540216,12,20,4,10,38.03365,-81.87385833,12,1,1,2,998,0,0,65
540217,12,20,4,13,38.26666944,-81.80657222,12,1,1,3,998,1,0,25
540218,12,20,4,18,38.22077778,-81.83460556,12,2,1,4,998,0,0,50
540219,12,21,5,22,37.86914722,-81.48729444,34,2,1,1,998,1,1,45
540220,12,24,1,8,39.39068889,-78.10786944,12,2,1,2,998,1,1,55
540221,12,24,1,17,39.47148056,-77.96610833,5,2,1,1,998,1,0,25
540222,12,26,3,4,37.8376,-82.02567778,12,2,1,2,998,0,1,35
540223,12,26,3,17,39.45076111,-78.69405833,53,2,2,1,998,1,0,35
540224,11,10,6,9,38.36,-81.635,24,1,2,1,998,1,0,60
540225,12,10,1,0,38.01926944,-81.21009722,1,2,10,1,998,1,0,30
540226,12,14,5,6,40.58273889,-80.53662222,42,2,1,1,998,1,0,55
540227,12,31,1,1,38.09084167,-81.95081389,42,2,2,1,998,1,0,15
540228,7,11,3,23,38.35710556,-81.63925833,33,3,1,1,30,1,1,30
540229,8,30,4,19,38.359775,-81.64060556,12,1,1,2,998,1,1,30
540230,10,19,5,14,38.34142778,-81.70291944,59,1,1,1,998,1,1,55
540231,10,7,7,22,38.73299444,-81.95298056,8,2,1,1,998,0,0,55
540232,10,15,1,18,38.32208333,-80.75187222,12,1,1,4,998,0,0,55
540233,10,23,2,18,38.41869444,-82.42130556,12,1,1,2,998,0,0,30
540234,10,30,2,19,38.20288611,-81.48100833,8,1,98,1,998,0,0,50
550001,1,1,1,4,43.9893,-88.66418333,8,2,1,1,999,0,1,45
550002,1,3,3,6,43.01450833,-89.39574722,8,2,2,1,45,0,0,35
550003,1,4,4,18,43.82431389,-90.6047,12,2,4,2,55,1,0,55
550005,1,13,6,8,42.83079722,-89.63497778,12,1,10,3,60,1,0,55
550006,1,14,7,2,43.17744722,-88.08901667,59,3,10,1,129,1,1,98
550007,1,14,7,7,45.06511944,-87.99956944,42,4,1,1,80,1,1,55
550008,1,14,7,8,44.73248889,-92.18563333,8,1,1,1,3,0,0,55
550009,1,15,1,99,44.87199167,-92.19557222,59,2,1,1,55,1,0,55
550010,1,10,3,20,42.87886389,-88.42988889,12,2,1,2,62,1,0,50
550011,1,11,4,17,43.23658611,-88.34076111,12,2,5,2,20,1,0,55
550012,1,18,4,11,43.18804167,-88.182425,12,1,10,2,75,1,1,45
550013,1,10,3,6,42.65486944,-90.36111944,1,2,1,1,55,1,0,55
550014,1,13,6,22,42.96233333,-88.89397778,35,2,1,1,120,1,0,55
550015,1,22,1,23,43.44661111,-89.81962778,30,2,10,1,60,1,1,55
550016,1,14,7,17,43.73748611,-88.44335278,12,3,1,3,65,0,1,55
550017,1,26,5,2,43.08565278,-87.96724444,12,3,4,2,30,0,0,30
550018,1,10,3,2,43.08193611,-87.95719722,30,3,10,1,50,1,1,30
550019,1,23,2,9,43.04816667,-87.94777222,42,1,10,1,80,1,0,30
550020,1,25,4,7,42.95023333,-88.87855278,12,1,4,2,55,1,0,55
550021,1,26,5,2,42.72928333,-87.95376667,12,2,4,3,70,2,0,70
550022,1,26,5,17,45.73118056,-89.52590833,12,2,1,2,64,0,0,55
550023,1,28,7,99,45.24915,-87.08216667,34,2,10,1,55,1,0,45
550024,2,3,6,12,44.44098056,-87.92776111,35,1,1,1,55,1,0,55
550025,2,2,5,99,43.37001111,-88.38414722,42,9,99,1,100,1,0,55
550026,1,21,7,3,43.79059722,-88.33629444,42,2,1,1,80,2,1,55
550027,1,27,6,23,43.09433056,-87.95695833,12,3,1,2,45,1,1,35
550028,2,6,2,19,44.72754722,-92.72955,12,2,4,3,55,0,0,55
550029,1,17,3,11,43.11197778,-87.96640556,12,1,10,2,45,1,0,30
550030,1,22,1,19,43.06055556,-87.9376,12,3,10,2,65,0,0,30
550031,2,5,1,18,43.14131667,-89.35516667,12,3,1,2,35,1,0,45
550032,2,9,5,21,42.64455,-88.59385556,12,2,10,2,70,0,1,70
550033,2,8,4,2,44.21786389,-88.53836944,1,2,1,1,999,1,1,65
550034,2,12,1,19,43.01651111,-89.42248056,33,3,1,1,999,1,1,40
550035,2,7,3,18,43.27853056,-90.29715556,8,2,1,1,25,0,0,35
550036,2,5,1,12,44.05510833,-89.18860556,12,1,10,2,999,1,1,35
550037,1,27,6,21,43.07521111,-87.95563333,8,3,1,1,30,0,0,35
550038,2,11,7,14,45.25385833,-92.49883056,12,1,1,3,70,1,0,55
550039,2,17,6,8,42.55693056,-89.28860556,12,1,10,2,55,1,0,55
550040,1,27,6,19,42.65426667,-88.98344444,12,2,10,2,75,1,0,70
550041,2,15,4,10,45.04763611,-90.02336944,12,1,2,2,55,0,0,55
550042,2,9,5,16,45.53238611,-89.75502778,12,1,1,2,35,1,0,55
550043,2,18,7,14,43.10234444,-88.38348889,12,1,1,2,65,0,1,65
550044,2,19,1,2,42.95909722,-89.64098889,34,2,1,1,55,1,1,55
550045,1,30,2,12,43.04865278,-87.94788333,12,1,10,2,70,0,0,30
550046,2,21,3,11,45.77790556,-89.19490556,12,1,1,2,55,2,0,55
550047,2,14,3,19,43.15441667,-88.03485,8,3,2,1,35,0,0,25
550048,2,19,1,17,43.67191944,-88.68251944,12,2,1,2,70,1,0,55
550049,2,28,3,5,46.14143056,-91.33896667,12,2,1,2,60,1,0,55
550050,1,14,7,20,43.164775,-89.26333333,12,2,10,3,998,1,0,70
550051,2,24,6,17,44.50232222,-88.72105556,12,5,1,2,15,0,0,55
550052,3,5,1,7,42.5068,-88.81928889,12,4,10,2,55,1,0,55
550053,1,1,1,7,43.14846667,-88.03458333,12,4,10,2,110,0,1,40
550054,3,4,7,2,43.57575278,-89.77890556,33,3,1,1,50,1,1,99
550055,2,27,2,23,43.08503056,-87.92596389,12,3,10,2,45,1,0,30
550056,2,28,3,22,42.70844444,-87.79255,14,3,1,1,50,1,1,25
550057,3,6,2,18,42.66980833,-88.05164167,12,2,10,2,55,1,0,55
550058,3,2,5,12,43.04811389,-89.50317778,33,1,1,1,45,1,0,30
550059,2,5,1,10,43.09007222,-87.98704444,12,1,1,3,88,0,0,35
550060,2,27,2,99,45.28713333,-92.69766389,1,2,4,1,998,1,0,55
550061,3,1,4,19,42.94274722,-87.94923333,8,3,1,1,35,0,0,40
550062,1,20,6,9,42.97369444,-88.03828056,12,1,10,2,50,1,0,55
550063,3,10,6,4,43.83140278,-88.54041944,51,2,4,2,998,0,0,70
550064,3,17,6,99,43.02974167,-88.40410556,42,2,2,1,45,1,0,45
550065,3,16,5,10,43.89748889,-90.48972222,12,1,10,2,15,1,0,55
550066,2,25,7,0,42.80574167,-87.83581944,8,2,4,1,35,0,0,45
550067,3,16,5,16,45.31208611,-88.12330833,12,1,10,2,5,0,0,45
550068,3,15,4,99,42.94534722,-90.118425,21,9,1,1,999,1,1,0
550069,3,17,6,8,44.071275,-91.31381944,12,1,10,2,55,0,0,55
550070,3,13,2,10,42.99541111,-88.11349722,12,1,1,2,45,1,0,35
550072,3,12,1,15,43.03583333,-87.94061389,24,1,10,1,65,1,0,50
550073,3,22,4,3,42.91629444,-87.85944722,33,3,10,1,998,1,0,25
550074,3,11,7,20,44.21204444,-88.4043,12,3,10,2,999,0,1,35
550075,3,17,6,18,43.00443611,-89.69174722,35,5,1,1,77,1,0,65
550076,3,19,1,0,43.48666944,-88.81351667,33,3,10,1,45,1,0,65
550077,3,15,4,13,46.43776944,-90.18251111,12,1,1,2,53,0,0,55
550078,3,19,1,14,43.876425,-91.209875,12,1,1,2,60,1,0,45
550079,3,5,1,15,43.54662778,-88.22053889,32,1,1,1,55,1,0,55
550080,3,24,6,19,43.02428611,-88.10954167,42,1,1,1,70,1,0,70
550081,3,2,5,14,43.01688611,-87.94783611,8,1,10,1,35,0,0,25
550082,3,28,3,19,43.17859444,-88.38608333,42,5,10,1,60,1,0,50
550083,3,30,5,15,44.04773611,-88.77061389,32,1,10,1,80,1,1,55
550084,3,27,2,0,45.09323333,-92.64705,8,2,1,1,1,0,0,45
550085,3,29,4,20,42.97714444,-88.2357,12,3,1,3,49,0,0,45
550086,3,23,5,18,43.08330278,-88.17831389,12,1,1,3,999,0,0,55
550087,4,1,7,20,42.88954444,-88.60398889,1,2,1,1,102,2,1,55
550088,4,1,7,99,42.94589722,-89.37075833,42,9,99,1,70,1,1,70
550089,3,30,5,21,43.089725,-88.02274167,8,3,1,1,35,0,0,35
550090,3,29,4,9,44.24043056,-87.57523889,1,1,10,1,50,1,0,55
550091,4,7,6,6,43.16158056,-89.94508056,12,4,1,2,70,1,0,55
550092,4,6,5,19,43.09053611,-88.90066667,1,1,1,1,87,1,1,70
550093,3,30,5,19,43.553275,-88.07721111,1,2,10,1,113,1,0,55
550094,4,12,4,12,42.57028611,-87.88658333,1,1,1,2,999,1,0,45
550095,4,7,6,2,43.082825,-89.28290833,12,2,1,2,50,0,1,70
550096,4,7,6,0,43.48486667,-88.24015833,32,2,10,1,80,1,1,45
550097,4,10,2,8,42.81775,-88.36188611,34,1,1,1,70,1,0,70
550098,2,15,4,21,43.04628333,-89.49385,8,3,1,1,50,0,0,30
550099,4,12,4,21,44.39558333,-88.15455,12,2,10,2,999,0,1,45
550100,4,14,6,8,43.14962222,-88.02514722,8,1,1,1,45,0,0,35
550101,4,14,6,15,44.72437778,-87.48884722,1,1,1,1,999,1,1,55
550102,4,4,3,0,43.00316944,-87.94812778,12,3,10,2,85,0,0,30
550103,4,9,1,16,43.67573056,-90.65067778,49,1,1,1,999,1,0,55
550104,4,12,4,18,42.93255278,-88.66016944,12,1,1,2,120,1,0,55
550105,4,14,6,18,43.44415278,-88.60799167,12,1,1,2,5,0,0,0
550106,4,16,1,0,43.80721667,-88.49591389,1,3,10,1,60,1,1,45
550107,4,15,7,15,42.65672778,-88.188125,1,1,10,1,50,1,1,98
550108,4,17,2,12,43.25042222,-89.50158333,12,1,10,3,30,0,0,25
550109,4,10,2,0,43.11951389,-88.02583611,12,3,1,2,83,0,0,35
550110,4,11,3,18,43.17760278,-87.98434167,8,1,1,1,15,0,0,40
550111,4,23,1,5,42.65597222,-89.06228611,12,4,10,2,60,0,1,55
550112,4,12,4,13,43.82041667,-89.20631111,42,1,1,1,50,1,0,55
550113,4,14,6,14,43.29541667,-89.74492222,8,1,1,1,25,0,0,25
550114,4,18,3,13,44.51505556,-88.03944444,8,1,1,1,58,0,1,35
550115,4,19,4,14,43.36973611,-89.39179444,12,1,3,2,55,1,0,55
550116,4,23,1,0,43.01021389,-87.98737778,12,3,1,2,60,1,1,30
550117,3,20,2,12,43.16756667,-88.652325,35,1,10,1,87,1,0,55
550118,4,26,4,19,43.32461944,-88.29043889,33,1,1,1,35,1,1,50
550119,4,12,4,16,43.76432222,-87.73388611,12,1,1,2,15,0,0,25
550120,4,23,1,0,43.09003056,-87.99703889,12,3,1,2,999,0,0,35
550121,4,28,6,22,45.30946667,-92.11721111,42,2,2,1,95,1,0,55
550122,4,10,2,18,44.10617222,-91.63921111,12,1,1,2,55,2,0,55
550123,4,21,6,11,44.81431667,-90.38713056,10,1,10,1,20,1,0,55
550124,4,26,4,15,44.73916389,-91.38525833,12,1,1,2,55,1,0,55
550125,4,27,5,19,44.95485556,-89.68104722,33,1,10,1,115,1,0,25
550126,5,4,5,99,42.88802778,-90.1641,11,2,1,1,65,1,0,65
550127,4,27,5,14,42.83164722,-88.46394167,12,1,1,2,45,1,0,45
550128,4,29,7,21,44.03209444,-88.55626389,12,3,2,2,90,1,0,30
550129,4,27,5,0,44.82680833,-89.19313889,34,2,99,1,90,1,0,45
550130,4,29,7,13,46.68709444,-92.02241667,12,1,10,2,75,1,0,35
550131,4,29,7,14,42.66683333,-89.00799722,1,1,10,2,45,1,0,35
550132,4,8,7,0,42.56137778,-88.35576944,1,2,1,1,85,1,1,70
550134,5,6,7,18,44.51848889,-88.01732222,33,5,10,1,37,1,0,30
550135,2,10,6,5,42.99716389,-87.93359167,8,4,1,1,35,0,0,30
550136,5,12,6,7,43.53304167,-89.92487778,12,1,10,2,60,0,0,55
550137,5,9,3,15,43.42734444,-88.89126111,12,1,1,2,10,1,0,55
550138,4,25,3,14,43.04442778,-89.39299167,42,1,1,1,30,1,1,25
550139,3,27,2,13,43.42746111,-88.29193889,12,1,1,3,0,1,0,55
550140,5,5,6,1,43.80368056,-89.87151111,42,2,10,1,100,1,1,55
550141,5,5,6,15,43.08651667,-88.73331667,1,1,10,1,999,1,0,70
550142,5,7,1,14,43.30877222,-89.46240278,12,1,1,2,15,0,0,55
550143,4,29,7,19,42.50175833,-89.05638056,12,1,10,2,55,1,1,25
550144,5,12,6,22,44.79434722,-91.46859444,12,3,1,2,60,0,1,45
550145,5,11,5,8,43.14271389,-88.46063889,12,1,1,2,45,0,0,45
550146,5,10,4,17,43.41823611,-91.19788056,12,1,1,2,60,1,0,55
550147,5,20,7,14,43.20028333,-89.9996,34,1,1,1,45,1,0,55
550148,5,20,7,20,43.11067778,-89.34678056,8,3,1,1,55,0,0,35
550149,5,10,4,20,45.33611944,-89.46500278,12,1,1,2,60,1,1,55
550150,5,11,5,9,44.72436389,-90.59809444,8,1,10,1,55,0,0,55
550151,5,20,7,8,43.58147222,-88.755275,14,1,1,1,65,1,0,65
550152,5,20,7,22,42.59057222,-89.39854722,34,2,1,1,70,1,1,55
550153,5,22,2,18,44.21373056,-89.67201944,1,1,1,1,999,1,1,55
550154,5,21,1,2,42.95260556,-87.88314167,33,3,1,1,85,1,1,50
550155,5,13,7,15,44.96633056,-91.34874444,59,1,10,1,75,1,1,45
550156,5,9,3,13,43.87715278,-88.09521667,12,1,1,2,35,0,0,55
550157,5,13,7,10,45.13070833,-92.556425,12,1,2,2,15,1,0,35
550158,5,18,5,13,43.79893333,-88.59793333,12,1,10,2,55,1,0,55
550159,5,19,6,21,42.73158333,-87.79032778,12,3,1,2,15,0,0,30
550160,5,16,3,7,43.68946389,-88.37646111,34,1,1,1,60,1,0,35
550161,5,8,2,11,45.36535833,-92.63648333,12,1,1,2,5,0,0,55
550162,5,21,1,12,44.63325556,-87.80437222,12,1,1,2,998,1,0,35
550163,5,23,3,9,46.17389722,-92.21968889,1,1,10,1,75,1,0,55
550164,5,24,4,18,45.113875,-88.64758611,42,1,1,1,55,1,0,55
550165,5,27,7,9,45.18094722,-89.68629444,59,1,1,1,25,1,0,25
550167,5,31,4,10,43.9238,-88.0225,8,1,1,1,15,0,0,45
550168,5,9,3,20,43.94010278,-87.74424167,1,5,1,1,70,1,0,70
550169,5,22,2,19,46.00918333,-91.48178611,25,1,1,1,50,2,1,25
550170,5,30,3,22,42.5136,-87.823175,12,2,1,2,55,1,0,45
550171,6,4,1,99,45.79461944,-92.62349444,1,2,1,1,55,1,1,55
550172,6,4,1,10,42.98081389,-88.2738,12,1,1,2,45,1,0,45
550173,5,15,2,1,43.08970556,-87.95019167,42,3,1,1,45,1,0,30
550174,5,29,2,17,45.23162222,-91.88063056,12,1,10,2,60,2,0,55
550175,6,7,4,22,44.34339722,-88.35015833,12,2,1,2,999,0,1,55
550176,5,22,2,17,43.05493056,-87.95988889,8,1,1,1,999,0,0,30
550177,6,1,5,17,45.68428056,-89.12241667,1,1,10,1,55,1,1,55
550178,6,8,5,12,42.74204444,-90.95506389,12,1,1,2,999,0,1,55
550179,6,8,5,19,44.90181111,-89.97871389,34,1,1,1,60,1,1,55
550180,5,16,3,11,44.91997222,-89.61286111,15,1,1,2,35,0,0,35
550181,5,27,7,23,45.3125,-92.57106111,1,2,1,1,30,1,1,35
550182,5,31,4,17,44.35736111,-90.89418889,12,1,1,2,85,1,1,55
550183,5,26,6,22,42.69231111,-87.79821944,8,2,1,1,50,0,0,40
550184,6,11,1,22,43.11198333,-87.98910833,30,3,10,1,100,1,0,30
550185,6,14,4,99,45.32098611,-91.78794167,11,1,1,1,55,1,0,55
550186,6,2,6,15,44.26595,-88.32421667,8,1,1,1,5,0,0,25
550187,6,9,6,18,42.72775833,-88.051975,12,1,1,2,70,0,0,55
550188,6,12,2,8,45.45711111,-91.28663611,45,1,10,1,55,1,0,55
550189,6,17,7,15,43.54980833,-89.44461944,12,1,1,2,40,1,1,25
550190,6,13,3,8,42.98025278,-87.87918889,8,1,10,1,35,0,0,30
550191,6,11,1,18,44.98290556,-91.26779167,11,1,1,1,45,1,0,45
550192,5,11,5,12,43.05787222,-87.87729444,12,1,1,2,70,0,0,30
550193,6,25,1,18,42.96433611,-90.98684167,12,1,10,2,55,0,1,55
550194,5,28,1,16,43.0093,-87.93313611,12,5,1,2,45,0,0,30
550195,6,7,4,16,43.61579167,-87.94136944,12,1,1,2,42,0,0,35
550196,6,20,3,10,45.84932222,-92.71165,11,1,1,1,25,1,0,55
550197,6,21,4,21,42.76882222,-88.38126389,34,2,1,1,45,1,0,45
550198,6,22,5,99,43.94299167,-90.98162778,34,2,1,1,999,1,1,55
550199,6,22,5,18,43.20891944,-88.16235278,32,1,1,1,999,1,0,40
550200,6,25,1,2,42.58920833,-87.91489167,8,3,2,1,999,0,0,45
550201,7,2,1,1,43.19756944,-87.96075833,42,2,10,1,70,1,1,25
550202,6,30,6,10,42.65341111,-87.82001389,43,1,1,1,60,1,0,35
550203,7,2,1,99,45.95401667,-89.48827222,59,2,1,1,999,1,1,55
550204,7,4,3,13,43.314775,-89.75909722,12,1,1,3,999,0,0,55
550205,6,13,3,0,42.98888611,-87.96798611,12,3,1,2,100,1,0,25
550206,6,26,2,12,43.12693889,-88.00587778,12,1,2,3,64,0,0,30
550207,7,4,3,9,45.77041944,-91.249575,1,1,10,1,55,1,0,55
550208,5,20,7,12,43.49851389,-88.13556111,12,1,1,2,55,0,0,55
550209,5,26,6,23,43.10103056,-87.99029167,8,3,1,1,60,0,0,35
550210,6,10,7,14,44.08803056,-89.54255278,34,1,10,1,105,1,1,55
550211,6,11,1,0,44.90878611,-91.96254167,12,2,10,2,70,1,1,70
550212,6,14,4,7,44.76610833,-91.46671667,1,1,10,1,65,1,0,70
550213,6,16,6,23,43.83127222,-88.78866389,11,2,10,1,55,1,0,55
550214,6,17,7,15,44.24155833,-88.17250833,12,1,1,2,20,0,0,55
550215,6,18,1,18,44.24863611,-90.74912222,12,1,2,2,68,1,0,70
550216,6,21,4,14,42.60556389,-88.82808056,12,1,1,2,40,1,0,15
550217,6,21,4,23,43.25193056,-88.34101667,1,2,1,2,999,1,1,55
550218,6,22,5,4,42.67907778,-89.0857,12,2,1,2,55,0,0,55
550219,6,24,7,22,43.68650556,-87.94084722,12,2,1,2,60,1,0,55
550220,6,23,6,11,45.89852222,-88.16153611,12,1,1,2,55,1,0,55
550221,6,23,6,18,43.75500556,-88.42510278,8,1,1,1,30,0,0,35
550222,6,27,3,12,43.18683889,-88.11038889,1,1,5,2,50,1,0,30
550223,6,27,3,19,45.232075,-87.09836944,5,1,10,1,45,1,1,55
550224,6,29,5,13,43.143325,-88.00546111,12,1,10,2,60,0,0,40
550225,7,1,7,4,42.71762222,-88.74904167,1,6,10,1,70,1,1,55
550226,7,6,5,15,43.96426667,-87.9423,12,1,1,2,55,0,0,55
550228,5,14,1,23,43.09821389,-87.986725,12,3,1,2,35,0,1,30
550229,6,18,1,15,43.00076111,-87.948475,15,1,1,1,40,0,0,35
550230,7,1,7,14,44.22319167,-91.08586389,11,1,1,1,70,1,0,55
550231,7,9,1,19,44.84121389,-91.44071389,14,1,1,1,65,0,0,65
550232,6,17,7,21,44.02890833,-88.16258611,8,3,1,1,25,0,0,25
550233,6,30,6,19,44.98997778,-87.85811389,12,1,1,2,75,1,0,65
550234,6,16,6,17,42.58018333,-89.35064167,1,1,1,1,55,1,0,55
550235,6,9,6,10,43.32450833,-88.25235278,12,1,1,3,10,0,0,50
550236,6,18,1,20,44.46977778,-87.96275833,33,5,1,1,55,1,1,45
550237,6,12,2,19,43.10477222,-87.98643611,12,1,1,2,40,0,0,35
550238,6,9,6,19,45.08085278,-89.49224444,11,1,1,1,60,1,0,55
550239,6,22,5,15,44.11694722,-89.93938611,11,1,1,1,55,1,0,55
550240,7,9,1,17,45.04758889,-87.13268889,12,1,1,2,998,0,0,55
550241,7,8,7,12,42.79659722,-89.63236389,12,1,10,2,40,1,0,55
550242,7,7,6,17,45.88800833,-90.04347778,11,1,10,1,55,2,0,55
550243,7,9,1,2,42.95853333,-87.969975,14,2,1,1,100,1,1,40
550244,7,12,4,15,45.39582778,-92.44601667,12,1,1,2,10,1,0,55
550245,7,4,3,8,43.79825556,-87.74662222,8,1,1,1,999,0,0,35
550246,7,9,1,10,42.707275,-90.84851667,1,1,1,1,999,1,1,55
550247,7,15,7,17,46.40877222,-92.16500278,1,1,1,1,55,1,0,55
550248,6,19,2,3,42.66800833,-90.178125,49,2,1,1,60,0,0,55
550249,6,19,2,10,43.01701111,-87.94635833,1,1,1,2,45,1,0,30
550250,7,4,3,22,42.98972222,-87.90933611,33,3,1,1,50,1,0,30
550251,7,7,6,13,44.04125278,-89.02070278,12,1,1,2,998,1,0,55
550253,7,16,1,2,42.59719722,-88.46950833,42,2,1,1,999,1,1,35
550255,6,7,4,14,44.00108333,-90.50476667,8,1,1,1,10,0,0,45
550256,6,30,6,20,42.60013611,-89.99331389,32,1,1,1,998,1,0,55
550257,7,18,3,16,44.32976389,-88.45557778,12,1,1,2,58,0,0,55
550258,7,19,4,8,43.40911389,-90.15271111,12,1,1,2,999,0,0,55
550259,7,5,4,7,45.65054722,-89.45060556,12,1,10,2,55,1,0,55
550260,7,19,4,16,44.72014167,-88.05101111,12,1,10,2,0,0,0,55
550261,7,22,7,3,44.958675,-90.57919444,34,2,1,1,45,1,1,98
550262,7,15,7,22,43.01702222,-87.94213611,8,3,1,2,30,0,0,30
550263,7,6,5,16,42.76146944,-87.78725556,58,1,1,1,60,1,0,30
550264,7,3,2,11,43.23324167,-88.27233889,42,1,1,1,35,1,0,35
550265,7,20,5,23,43.369525,-88.29666944,12,2,1,2,100,1,1,55
550266,7,9,1,1,43.091375,-88.00508056,12,3,1,2,58,0,0,35
550267,7,21,6,21,43.12649167,-89.31018056,8,5,1,1,100,1,0,45
550268,7,27,5,12,43.03638611,-88.12693611,12,1,1,2,45,1,0,45
550269,7,21,6,23,44.48035556,-88.02460278,12,3,1,2,115,1,1,30
550270,7,28,6,15,45.37051667,-91.34243611,12,1,1,2,55,1,0,55
550271,8,1,3,6,42.65689167,-88.59041389,9,1,1,1,60,0,0,55
550272,8,1,3,7,44.50671111,-88.02777222,12,1,1,2,999,1,0,25
550273,7,27,5,11,43.00955833,-89.92656667,12,1,1,2,67,1,0,65
550274,6,28,4,0,43.07895833,-87.9412,30,3,1,1,70,2,0,30
550275,7,23,1,15,45.39661667,-92.52058333,12,1,10,2,0,0,0,55
550276,8,4,6,2,45.18743333,-92.57375,1,2,1,1,45,1,1,45
550277,8,4,6,20,44.83953056,-88.74754167,42,1,1,1,60,1,1,55
550278,6,30,6,5,43.08206111,-87.91665278,33,1,1,1,75,1,0,30
550279,7,1,7,21,44.31349722,-88.03016944,12,6,10,2,70,1,1,55
550280,7,7,6,0,43.09463056,-87.98214444,8,3,1,1,999,0,0,35
550281,7,27,5,18,42.95359722,-87.957075,8,1,1,1,10,0,0,25
550282,8,1,3,13,43.03176944,-89.48861389,8,1,1,1,10,0,0,30
550283,8,6,1,18,42.64661111,-89.03122778,12,1,1,2,15,0,0,0
550284,7,15,7,2,45.10066944,-87.62973333,9,3,2,1,30,0,1,25
550285,8,4,6,14,44.64086389,-92.11170556,12,1,1,2,55,1,0,55
550286,7,26,4,21,44.85754722,-88.34986111,12,2,10,3,65,0,0,55
550287,7,28,6,3,42.56617222,-87.85730556,43,3,2,1,999,2,1,30
550288,8,2,4,22,46.84580556,-90.79360278,8,6,1,1,40,0,0,55
550290,8,8,3,12,45.23525278,-89.45535833,34,1,10,1,55,1,0,55
550291,8,12,7,19,44.17512778,-88.47235556,30,1,1,1,50,1,0,30
550292,7,9,1,11,44.15355,-89.53263889,1,1,1,1,70,1,0,70
550293,7,30,1,15,43.29588889,-88.30455278,12,1,1,3,55,1,0,55
550294,8,9,4,21,43.06317222,-89.40083056,12,3,1,2,65,0,1,25
550295,8,8,3,12,45.564625,-88.72718333,11,1,1,1,55,1,0,55
550296,8,15,3,21,42.71946944,-87.87194444,30,3,10,1,53,1,1,35
550297,8,17,5,6,45.39581389,-92.40055,12,1,1,2,55,1,0,55
550298,8,12,7,3,44.74648333,-91.67451389,1,2,1,1,999,1,1,55
550299,8,12,7,21,42.92892778,-88.15301944,59,2,1,1,60,1,1,30
550300,8,13,1,99,43.14475556,-88.17265,59,3,1,1,40,1,1,40
550301,8,13,1,1,44.71987778,-88.41348333,12,2,1,2,65,1,1,65
550302,8,16,4,22,45.15102222,-92.2821,12,2,10,2,55,0,0,55
550303,8,5,7,16,45.46430278,-90.81180556,1,1,1,1,999,1,1,55
550304,8,10,5,0,43.07135833,-89.3887,31,3,1,1,80,1,0,25
550305,8,19,7,10,44.42694722,-91.3997,12,1,1,3,25,0,0,45
550306,8,7,2,16,44.67010278,-90.02516667,12,1,10,2,55,0,0,55
550307,8,3,5,16,43.303875,-89.32503611,12,1,1,2,0,0,0,55
550308,8,16,4,12,44.47351389,-87.50160278,12,1,1,2,0,0,0,45
550309,8,19,7,22,45.49188056,-91.70419444,12,2,10,2,999,1,1,45
550310,8,20,1,21,42.72021944,-87.84553056,8,3,1,1,35,0,0,35
550311,8,19,7,17,44.58965556,-92.54251389,12,1,1,2,55,1,0,55