ST_CASE,MONTH,DAY,DAY_WEEK,HOUR,LATITUDE,LONGITUD,HARM_EV,LGT_COND,WEATHER,VE_FORMS,TRAV_SP,DEATHS,DR_DRINK,VSPD_LIM
550312,8,21,2,16,46.05165,-89.10867778,1,1,1,1,70,1,1,55
550313,8,23,4,3,46.60975556,-91.92261944,12,2,5,2,130,1,1,65
550314,7,27,5,0,44.66579167,-90.17094167,35,3,10,1,68,1,1,25
550315,8,12,7,15,43.07290833,-87.90516667,12,1,1,2,60,1,0,30
550316,8,25,6,13,44.94186111,-92.45488889,57,1,1,1,90,1,0,70
550317,8,28,2,5,43.94350833,-90.31325,1,2,1,1,60,1,0,55
550318,8,19,7,18,45.73111389,-89.52580278,1,1,1,1,90,1,1,55
550319,7,19,4,9,43.06789167,-87.957475,12,1,1,2,65,1,0,30
550320,8,9,4,7,44.29097778,-91.90172778,42,1,1,1,60,1,0,55
550321,8,31,5,18,46.64791389,-91.75955833,1,1,1,1,55,1,0,55
550322,9,1,6,14,43.83697778,-91.23525833,12,1,1,2,35,1,1,25
550323,9,2,7,13,45.39361667,-91.78686111,12,1,1,2,55,1,0,55
550324,8,13,1,8,45.97078889,-91.82726667,7,1,1,1,55,1,0,65
550325,9,1,6,18,44.24628611,-87.84696111,34,5,10,1,999,1,1,55
550326,8,27,1,7,42.99529167,-88.04692778,12,1,1,2,40,0,0,40
550327,8,26,7,10,44.54494722,-90.02958889,7,1,6,1,25,1,0,25
550328,8,27,1,15,43.08828611,-87.974375,9,1,1,1,65,0,0,30
550329,9,6,4,20,44.33834167,-88.29200278,8,2,1,1,55,0,0,55
550330,9,4,2,23,43.77361389,-87.70603056,1,3,1,1,85,1,1,25
550331,9,10,1,4,45.71244167,-92.39610556,59,2,10,1,55,1,0,55
550332,9,8,6,12,43.52218056,-90.89496667,42,1,1,1,999,1,0,55
550333,8,30,4,14,43.10471944,-87.98913333,12,1,1,3,998,1,0,30
550335,9,10,1,5,44.14839722,-87.89853889,12,3,10,2,999,1,0,55
550337,7,21,6,19,42.77702778,-88.64175,1,1,1,1,60,1,1,55
550338,9,9,7,21,42.77708611,-90.66775556,1,2,1,1,65,1,0,55
550339,7,31,2,0,44.44481111,-87.92539722,8,2,1,2,55,0,0,55
550340,8,31,5,14,43.092975,-88.68180278,12,1,1,2,105,1,0,55
550341,8,31,5,19,44.111875,-89.80795,12,5,1,3,50,0,0,45
550342,9,6,4,19,44.00818056,-88.02308056,34,2,10,1,55,3,0,55
550343,9,16,7,14,42.68572222,-89.01240833,14,1,1,2,999,1,1,25
550344,8,13,1,23,43.11958889,-87.99607222,12,3,1,2,100,1,0,35
550345,9,16,7,99,43.03159722,-88.40402222,1,2,1,1,45,1,0,45
550346,9,17,1,8,43.04558889,-88.26620278,1,1,2,1,70,1,0,70
550347,9,1,6,18,43.01424444,-87.91857778,8,1,1,1,25,0,0,30
550348,9,8,6,20,43.010725,-87.939575,12,3,1,2,50,1,0,30
550349,9,14,5,17,42.99998056,-88.02715833,12,1,1,2,75,1,0,30
550350,9,16,7,22,42.62120278,-89.66083056,12,2,10,3,55,0,0,55
550351,9,16,7,19,43.04151111,-89.47761111,33,3,1,1,45,1,1,25
550352,9,19,3,21,43.10433056,-89.29656944,1,3,1,1,140,1,0,70
550353,8,31,5,20,43.09713611,-87.95935,9,3,1,1,998,0,0,30
550354,7,16,1,13,45.67652778,-91.25375278,34,1,1,1,65,1,1,55
550355,9,22,6,16,43.52700278,-88.70701944,42,1,1,1,74,1,0,55
550356,9,23,7,6,46.18387222,-90.11841389,9,2,2,1,55,0,0,55
550357,9,27,4,20,44.86986944,-89.80741944,32,2,10,1,100,1,1,55
550358,8,29,3,16,45.23775,-92.69751111,12,1,1,2,998,0,0,0
550359,9,29,6,23,44.30556389,-89.47336944,11,2,1,1,55,1,0,55
550360,9,11,2,2,43.11946111,-87.99147778,8,6,2,1,35,0,0,35
550361,9,13,4,17,45.39561389,-92.22164722,12,1,1,3,998,1,0,55
550362,9,14,5,7,43.92071944,-88.10251667,12,1,10,2,55,1,0,55
550363,9,16,7,17,42.74451111,-87.80321944,12,1,1,2,50,1,1,25
550364,9,23,7,17,45.03216667,-92.25783611,12,1,10,2,60,1,0,55
550365,9,24,1,9,42.77876944,-87.95750556,12,1,1,2,10,0,0,35
550366,9,28,5,5,44.38684167,-88.37463333,12,2,10,3,20,1,0,55
550367,9,29,6,23,43.04665,-89.47431667,8,3,1,1,55,0,0,55
550368,8,14,2,8,44.55023056,-91.16586111,31,1,2,1,75,1,0,60
550369,9,30,7,20,43.08948611,-87.93733889,33,3,1,1,50,1,0,30
550370,5,19,6,9,43.01356389,-89.30365833,1,1,10,1,20,1,0,25
550371,5,31,4,4,46.53130833,-91.08991944,12,4,1,2,55,1,0,55
550372,9,9,7,14,43.505775,-90.500575,1,1,1,1,999,1,0,55
550373,10,1,1,17,43.61005278,-90.245925,34,1,1,1,999,1,1,55
550374,9,8,6,17,45.35994167,-92.21953056,34,1,1,1,40,1,0,55
550375,9,26,3,13,42.56644444,-89.97528056,12,1,10,2,55,2,0,55
550376,9,29,6,6,43.7849,-88.50270278,12,1,5,2,50,1,0,45
550377,9,3,1,17,43.99556667,-89.56163611,1,1,1,1,999,1,1,55
550378,10,1,1,12,42.60551667,-88.4282,12,1,1,2,40,1,0,35
550379,10,4,4,2,45.98189167,-92.36607222,1,2,1,1,999,1,1,55
550380,10,5,5,17,43.17332222,-88.29224167,42,1,1,1,50,1,0,45
550381,10,2,2,16,42.66988056,-88.52034722,12,1,8,2,998,0,0,55
550382,9,28,5,22,43.02821944,-88.02590833,12,3,1,2,120,1,1,55
550384,10,6,6,16,45.05093333,-87.79977778,12,1,10,2,65,1,0,65
550385,9,22,6,5,44.67021389,-90.04533611,12,2,5,2,55,1,0,55
550386,10,6,6,8,45.30495556,-92.69810556,12,1,2,2,55,0,0,55
550387,10,17,3,15,43.93518056,-88.73936389,35,1,1,1,60,2,1,55
550388,10,19,5,12,42.96945833,-90.04496111,12,1,10,2,20,1,0,65
550389,10,8,1,19,42.66794722,-90.16131667,49,5,1,1,60,0,0,55
550390,10,21,7,99,45.37166667,-88.01927778,34,9,99,1,45,1,0,45
550391,10,22,1,20,43.87216111,-91.14068889,34,2,1,1,999,1,1,35
550392,10,15,1,16,43.13,-88.33921944,42,1,1,1,70,1,0,35
550393,10,21,7,23,42.50028889,-89.38212222,35,2,1,1,60,1,1,55
550394,10,6,6,10,42.56468889,-88.41391111,12,1,10,2,20,1,0,35
550395,10,13,6,9,42.97727778,-88.22755833,12,1,2,2,22,0,0,45
550396,10,25,4,2,43.62058611,-88.71733333,12,2,2,3,65,0,0,65
550397,10,9,2,3,44.45356111,-90.16113333,12,2,1,2,998,2,0,45
550398,10,18,4,14,44.09273056,-90.53981944,12,1,1,2,55,1,0,55
550399,10,25,4,20,45.11233889,-89.62443611,1,2,2,1,65,1,1,55
550400,10,26,5,99,43.58348333,-90.08362778,1,2,2,1,95,1,1,55
550401,10,5,5,16,43.15619444,-90.19036944,12,1,10,2,65,1,0,55
550402,10,5,5,18,43.66103889,-88.77529722,12,5,1,2,55,0,0,55
550403,10,11,4,8,43.54049167,-89.60724444,12,1,1,3,70,1,0,70
550404,10,17,3,16,43.633225,-88.68756389,12,1,1,2,55,1,0,55
550405,10,23,2,19,42.59043889,-89.39876667,12,2,10,2,30,1,0,55
550407,10,25,4,11,42.51035556,-89.57219167,59,1,10,1,93,1,0,55
550408,10,20,6,23,43.21686944,-88.11441944,18,2,1,1,45,1,1,25
550409,10,21,7,21,45.03208611,-91.28627222,42,2,1,1,100,1,0,45
550410,9,9,7,14,43.10271667,-88.53580556,5,1,1,1,35,1,0,35
550411,10,19,5,21,45.56246944,-88.67403611,8,3,10,1,25,0,1,25
550412,10,19,5,21,44.79462778,-91.46318889,9,3,2,1,45,0,0,45
550413,10,23,2,17,44.94686944,-92.53734167,12,1,10,7,70,1,0,70
550414,10,28,7,21,44.04561944,-89.80800833,1,2,1,1,80,1,1,55
550416,10,24,3,0,44.010175,-90.09930833,30,2,10,1,95,1,0,45
550417,10,29,1,11,42.94438333,-89.51492222,12,1,10,2,999,0,0,55
550418,8,22,3,15,45.77305278,-92.68144444,42,1,1,1,999,1,0,40
550419,11,1,4,7,44.03538611,-88.69445556,12,1,1,2,55,1,0,55
550422,11,1,4,2,43.09235278,-88.047625,38,3,10,1,78,1,1,40
550423,10,26,5,14,44.03321667,-88.65325278,12,1,2,3,0,1,0,55
550424,10,28,7,16,43.12604167,-88.00631667,42,1,10,1,50,1,0,35
550425,10,29,1,21,43.03286389,-87.95773333,12,3,10,2,91,0,0,25
550426,11,6,2,17,45.63460278,-88.33248056,12,2,2,2,5,1,1,0
550427,11,2,5,9,44.17444444,-89.31271389,34,9,99,1,999,1,1,55
550428,11,2,5,10,43.08957222,-88.03775278,12,1,1,2,116,0,0,35
550429,11,12,1,3,42.62743611,-87.95265,12,2,10,2,150,1,1,70
550430,11,4,7,15,43.86826389,-91.20061111,12,1,1,2,45,1,0,45
550431,10,29,1,1,42.70972222,-87.84988056,31,3,1,1,998,1,0,35
550432,11,13,2,20,44.89885,-91.67085278,12,2,1,2,60,0,0,65
550433,11,19,1,10,45.64496667,-89.70499722,12,1,1,2,998,1,0,55
550434,11,14,3,8,42.566925,-87.89434444,12,1,1,5,50,1,0,50
550435,11,15,4,17,45.14058889,-89.15766667,12,5,1,2,25,0,0,25
550436,11,15,4,20,45.88019444,-89.25285833,42,2,1,1,80,1,0,35
550437,11,12,1,19,46.54563056,-90.85426667,34,2,1,1,60,1,0,55
550438,11,23,5,4,42.85174167,-89.03380833,12,2,1,2,0,1,0,70
550439,11,25,7,3,44.88399722,-88.33696667,34,2,1,1,70,1,1,55
550440,12,1,6,23,43.012075,-90.69049722,38,2,1,1,999,1,0,45
550441,11,22,4,13,45.53944167,-89.73175833,12,1,10,2,61,1,0,55
550442,11,16,5,19,42.70845278,-87.80765278,12,3,10,2,14,1,0,30
550443,12,1,6,11,44.78563056,-91.23441667,34,1,1,1,100,2,0,55
550444,12,2,7,99,45.899875,-91.00365833,1,9,10,1,60,1,0,55
550445,11,17,6,21,44.94082778,-92.41782778,12,2,10,2,70,1,0,70
550446,11,29,4,6,45.1364,-92.34310556,42,1,10,1,60,1,0,55
550447,12,5,3,19,44.78023333,-89.184125,35,2,1,1,999,1,1,0
550448,11,13,2,17,42.78291667,-88.92332778,35,1,10,1,65,1,0,65
550449,12,6,4,99,45.92052778,-92.33013056,34,1,10,1,70,1,1,55
550450,11,30,5,22,45.23761389,-92.49860556,42,2,1,1,90,1,0,55
550451,11,29,4,14,43.95219167,-89.62779722,12,1,1,2,999,2,0,55
550452,12,2,7,16,43.71986667,-88.45220833,12,2,1,2,55,2,0,55
550454,12,8,6,14,43.71998056,-91.20152778,12,1,1,2,999,1,0,55
550455,4,13,5,10,43.06799444,-87.97366111,12,1,1,4,50,1,0,30
550456,12,1,6,8,43.242725,-88.12321389,12,1,10,3,998,0,0,45
550457,12,6,4,99,43.052925,-88.38913333,42,2,1,1,73,1,0,35
550458,11,26,1,13,45.43785556,-89.70091667,34,1,4,1,55,1,0,55
550459,12,14,5,15,43.28325833,-90.35859444,9,1,1,1,30,0,0,30
550460,10,23,2,19,42.725975,-87.78261944,8,3,1,1,999,0,0,25
550461,12,3,1,99,43.50815556,-90.69139444,42,2,1,1,998,1,0,55
550462,12,23,7,20,44.99075,-92.32920556,1,2,10,1,55,1,1,55
550463,12,25,2,14,43.93564167,-87.74923056,12,1,10,2,70,2,0,70
550464,12,28,5,99,44.12723889,-87.73226667,24,9,99,1,70,1,0,70
550465,10,12,5,19,43.07633611,-87.95901944,8,3,2,1,999,0,0,30
550466,10,29,1,23,43.01416389,-87.91697222,12,3,1,2,68,0,0,30
550467,11,22,4,17,43.95681389,-88.30524444,12,2,1,2,58,1,0,55
550468,12,16,7,21,44.31058611,-88.93510556,12,2,2,2,75,0,1,65
550469,12,23,7,20,44.83778889,-89.25510833,14,2,5,1,65,1,0,65
550470,12,30,7,0,42.73386944,-87.78226667,41,3,10,1,30,1,0,25
550471,12,31,1,8,44.19776111,-88.45308333,26,1,10,1,50,1,0,25
550472,12,16,7,18,43.523225,-89.54026667,14,2,2,1,70,1,0,70
550473,12,26,3,8,43.92576111,-87.76148056,24,1,10,1,998,1,0,70
550474,12,30,7,17,44.41176389,-89.51926944,12,2,12,2,70,1,0,70
550476,5,26,6,19,44.767125,-91.459025,12,1,10,2,5,0,0,45
550477,7,1,7,19,43.30878611,-89.46188333,43,1,1,1,55,1,1,55
550478,7,1,7,22,43.78861111,-89.60292778,1,2,1,1,35,1,0,55
550479,7,9,1,21,44.91544722,-91.99759722,11,2,10,3,70,1,0,70
550480,7,11,3,18,45.34990833,-90.20875,34,1,1,1,55,1,1,55
550481,7,15,7,18,45.495925,-89.61346667,34,1,1,1,60,1,1,55
550482,8,3,5,15,45.01608889,-92.43626111,12,1,1,3,55,0,0,55
550483,8,4,6,5,44.8674,-91.14572222,42,9,1,1,999,1,0,55
550484,8,5,7,13,44.347,-88.53676111,12,1,1,2,999,0,0,55
550485,8,14,2,16,43.75139167,-87.76378889,12,1,2,2,45,1,0,70
550486,8,12,7,12,42.72566667,-88.54272222,12,1,1,2,45,0,0,45
550487,9,1,6,18,43.83540556,-88.50387222,12,1,1,2,55,0,0,55
550488,9,17,1,6,44.42427778,-88.82770556,42,2,99,1,100,1,1,55
550489,9,19,3,99,46.05605833,-91.62516667,1,2,1,1,80,1,1,55
550490,9,23,7,1,44.89911667,-91.67892778,12,2,2,2,78,1,0,65
550491,9,26,3,14,45.12631389,-90.29068611,34,1,10,1,112,1,0,55
550492,10,4,4,11,43.07107778,-87.90826389,42,1,1,1,60,1,0,30
550493,9,23,7,1,43.03146944,-87.93963889,8,3,10,1,45,0,0,30
550494,10,20,6,22,44.55981944,-88.55749444,1,2,1,1,60,1,1,55
550495,10,28,7,15,43.05125833,-89.277825,12,1,10,2,90,1,0,70
550496,10,29,1,0,44.28750833,-88.76978889,8,2,10,1,999,0,1,55
550497,11,3,6,14,44.01142222,-88.75612222,12,1,10,2,80,1,0,55
550498,11,5,1,16,43.08781111,-89.07878333,12,1,1,2,85,1,1,55
550499,11,3,6,2,43.126625,-87.96647222,12,3,1,2,998,0,1,30
550500,11,9,5,20,42.72447778,-87.78255833,8,3,10,1,40,0,0,25
550501,11,11,7,18,43.21163056,-88.76154444,12,2,1,2,90,1,0,65
550502,11,10,6,12,43.12397778,-89.35521667,12,1,10,2,100,0,0,35
550504,11,17,6,16,43.98219167,-88.66423889,12,1,1,2,999,1,0,55
550505,11,18,7,20,44.63369444,-87.79325,11,2,1,1,65,1,0,65
550506,11,18,7,8,43.08999444,-88.00426667,12,1,1,2,60,0,0,35
550507,11,26,1,2,43.12862222,-88.02301389,35,3,1,1,55,1,0,55
550508,11,29,4,18,43.59506667,-88.43093889,12,2,1,2,65,1,0,70
550509,11,27,2,20,43.06756944,-87.91601389,8,3,1,1,25,0,0,30
550510,12,5,3,11,42.81984722,-89.85777778,12,1,10,2,55,1,0,55
550511,12,3,1,22,42.922675,-87.88135,12,3,1,2,998,0,0,35
550512,12,7,5,13,43.79068889,-87.82023333,12,1,1,2,25,2,0,55
550513,12,14,5,19,45.00263889,-92.19665833,12,2,1,2,58,0,0,55
550514,12,17,1,2,42.523875,-88.28042778,12,2,1,2,35,1,1,35
550515,12,26,3,13,44.62538889,-90.07373333,12,1,2,3,65,0,0,65
550516,12,20,4,23,43.05095556,-88.35979167,32,2,10,1,999,2,0,45
550517,12,28,5,16,44.193575,-88.28972222,8,5,2,1,55,0,0,55
550518,9,4,2,17,42.52261111,-87.87121944,59,1,1,1,999,1,0,45
550519,12,7,5,13,43.01314444,-88.28611111,12,1,1,3,45,1,0,45
550520,12,29,6,3,43.1122,-87.94178889,12,3,99,2,30,1,0,25
550521,12,8,6,22,43.11336944,-87.95007222,8,3,1,1,30,0,0,35
550522,12,12,3,21,42.98856944,-87.94816389,12,3,1,2,74,1,0,35
550523,12,12,3,17,43.11631389,-87.96673056,33,3,1,1,80,1,0,30
550524,12,31,1,18,43.02321389,-87.92715278,12,3,4,2,35,0,1,30
550525,12,31,1,1,43.54753056,-88.24065278,8,2,1,1,55,0,0,55
550526,12,16,7,4,43.11875,-89.354975,8,2,1,1,35,0,0,35
550527,11,29,4,18,43.220875,-88.11560833,8,3,1,1,35,0,0,35
550528,6,17,7,2,43.03214167,-87.95405833,12,3,1,2,70,1,1,50
550529,10,7,7,21,43.90738056,-88.96698056,1,2,1,1,999,1,0,55
550530,12,29,6,17,43.0961,-88.00891667,8,3,10,1,35,0,0,35
550531,12,29,6,15,44.37085556,-90.82102778,24,1,1,1,55,1,0,55
550533,5,27,7,20,43.77061944,-89.21188333,12,1,1,2,31,0,0,98
550534,6,21,4,17,45.37921944,-89.19253889,1,1,1,1,998,1,0,98
550535,6,2,6,21,43.99579722,-90.12230556,1,3,1,1,30,1,1,98
550536,7,30,1,16,45.22876389,-87.872275,1,1,1,1,998,1,1,98
550537,7,10,2,21,43.94259444,-90.54857222,1,2,10,1,30,1,1,98
550538,7,6,5,19,46.14053889,-90.15664444,1,5,1,1,50,1,1,25
550539,8,26,7,17,42.67064722,-90.62034167,1,1,1,1,40,1,1,98
550540,8,25,6,18,43.21996944,-90.59480278,1,1,1,1,998,1,1,98
550541,8,19,7,18,42.86722222,-88.542375,34,1,1,1,998,1,1,98
550542,8,12,7,12,45.31622222,-90.18931389,1,1,1,1,30,1,0,25
550543,9,4,2,19,45.15899167,-92.64875,11,5,1,1,30,1,0,98
550545,9,2,7,16,44.41456944,-90.18012222,5,1,1,1,15,1,1,98
550546,11,16,5,12,44.77890278,-90.61061944,1,1,1,1,998,1,0,98
550547,12,31,1,1,45.16854167,-89.73422778,1,2,10,1,30,1,1,98
550548,3,30,5,19,46.46018333,-91.86208611,1,2,4,1,30,1,1,98
550549,5,20,7,20,44.58757222,-89.52841389,32,2,1,1,40,1,1,98
550550,6,28,4,9,42.97845278,-88.275375,33,1,5,1,20,1,0,25
560001,1,1,1,12,42.46261944,-108.8510194,12,1,4,2,45,0,0,45
560002,1,11,4,16,42.86929722,-108.6206694,12,1,1,2,70,1,0,70
560003,1,11,4,17,43.03950556,-107.031075,12,2,1,2,45,1,0,70
560004,1,17,3,14,43.37880833,-104.2225306,12,1,1,2,999,1,0,70
560005,1,21,7,17,41.89774167,-104.9024528,1,5,4,1,70,1,0,70
560006,1,22,1,2,41.32727778,-110.4606528,1,2,1,1,75,2,0,75
560007,1,22,1,18,41.7751,-107.1186306,12,1,1,5,999,0,0,75
560008,1,23,2,7,44.24016667,-105.4658444,12,1,10,4,999,1,0,55
560009,1,24,3,19,41.53629167,-109.3638889,51,2,1,2,999,1,0,65
560010,1,25,4,23,42.7508,-104.5779333,14,2,11,1,60,0,0,70
560011,1,28,7,13,41.64083056,-106.2987056,12,1,11,3,0,0,0,45
560012,2,4,7,14,41.44811944,-105.9686111,14,1,6,1,50,1,0,50
560013,2,4,7,13,41.26798056,-106.2746333,42,1,1,1,40,1,0,55
560014,2,8,4,18,41.56722222,-109.29,12,2,1,2,999,1,0,55
560015,2,9,5,15,41.68272222,-104.8323028,35,1,1,1,999,2,0,80
560016,2,19,1,8,44.70477778,-106.9752889,12,1,1,2,55,1,0,55
560017,2,20,2,17,42.56109722,-105.0484861,1,2,1,1,999,1,0,80
560018,2,21,3,16,42.97874444,-110.9602028,12,1,4,2,50,1,0,25
560019,2,24,6,12,44.67404722,-108.9325861,12,1,1,2,54,0,0,70
560020,2,26,1,12,42.98561389,-106.7004861,12,1,1,2,60,1,0,70
560021,2,28,3,11,42.48119444,-108.8412111,12,1,4,2,70,0,0,55
560022,2,28,3,16,43.30426111,-104.0544306,12,1,1,2,999,1,0,70
560023,3,3,6,18,43.84027222,-105.4652667,12,2,4,2,40,1,0,70
560024,3,17,6,14,41.77191111,-110.5525583,12,1,1,2,50,1,0,40
560025,3,29,4,5,41.14538611,-104.7322417,38,2,1,1,999,1,0,45
560026,3,31,6,3,41.56040833,-109.5660389,8,2,1,1,60,0,0,75
560027,4,3,2,3,41.71471389,-107.7893889,1,2,1,1,999,1,0,80
560028,4,11,3,14,42.21316667,-111.0426278,12,1,1,3,25,1,0,65
560029,4,15,7,13,41.20391667,-106.6601194,1,1,1,1,75,1,0,70
560030,4,18,3,0,43.00540278,-108.8390306,8,2,1,1,60,0,0,60
560031,4,18,3,20,41.11645833,-104.8290028,8,2,1,1,999,0,0,75
560032,4,19,4,0,41.59054167,-106.18405,1,2,4,1,75,1,0,55
560033,4,19,4,18,44.2863,-105.1305778,1,1,1,1,80,1,1,80
560034,4,28,6,13,42.06060278,-104.9654361,12,1,1,2,80,1,0,80
560035,5,1,2,8,42.85461944,-106.1496361,12,1,1,2,999,2,0,70
560036,5,13,7,21,43.09739167,-111.0230972,12,2,1,2,75,1,1,65
560037,5,17,4,16,42.7295,-104.438475,12,1,1,2,999,1,0,70
560038,5,5,6,20,44.50121389,-107.9773778,1,5,1,1,45,1,1,45
560039,5,17,4,9,41.589575,-106.1830222,12,1,1,2,45,0,0,75
560040,5,21,1,16,41.56987778,-109.2753806,33,1,1,1,55,1,0,55
560041,5,23,3,1,42.84870556,-106.3225444,43,3,1,1,115,1,1,20
560042,5,24,4,21,42.73275,-110.99755,12,2,1,3,70,1,1,55
560043,5,27,7,11,41.5269,-109.4634972,12,1,1,2,45,1,0,30
560044,5,27,7,22,42.84826944,-106.3362028,17,2,1,1,100,1,1,40
560045,6,1,5,21,44.51863611,-106.8009639,24,2,2,1,100,1,1,75
560046,6,14,4,5,43.05221111,-108.4630444,1,4,1,1,999,1,1,99
560047,6,17,7,14,41.05548333,-106.2918333,35,1,1,1,999,1,1,99
560048,6,17,7,23,44.34497222,-104.8199861,34,2,1,1,999,1,1,30
560049,6,19,2,19,41.92825,-104.2076972,1,1,1,1,70,1,1,70
560050,6,23,6,9,43.37236667,-108.1252222,12,1,1,3,70,1,1,70
560051,6,24,7,18,41.06448333,-104.8784861,1,1,1,1,40,1,0,40
560052,6,25,1,22,42.86950278,-106.345625,1,3,1,1,90,1,1,45
560053,7,2,1,10,44.29341111,-105.1740694,31,1,1,1,999,1,0,80
560054,7,5,4,12,42.87593333,-110.98365,12,1,1,2,65,0,0,65
560055,7,9,1,7,43.67532778,-105.4694056,12,1,1,2,70,1,0,70
560056,7,12,4,15,41.60993611,-109.2229278,9,1,1,1,70,0,0,75
560057,7,13,5,1,41.52878611,-109.4019889,1,2,1,2,70,1,0,75
560058,7,17,2,12,41.425475,-108.4393944,1,1,1,1,35,1,0,55
560059,7,21,6,13,44.29315556,-105.1746833,34,1,1,1,80,1,0,80
560060,7,21,6,11,43.40492222,-110.758875,12,1,1,2,55,1,0,55
560061,7,21,6,19,43.75501389,-105.4862972,1,1,1,1,35,1,0,30
560062,7,24,2,1,41.472075,-106.0009056,12,2,1,2,110,1,1,75
560063,7,24,2,5,42.69630556,-105.1006083,1,2,1,1,999,1,0,65
560064,7,28,6,12,43.05588056,-108.3807694,12,1,1,2,15,1,0,30
560065,7,29,7,11,41.77840278,-110.3318278,1,1,1,1,80,1,1,70
560066,7,29,7,15,41.64840556,-108.1430778,31,1,1,1,999,1,0,80
560067,7,31,2,12,41.69223056,-108.8964806,35,1,1,1,80,1,0,80
560068,7,31,2,12,44.43306667,-104.835,12,1,1,2,5,0,0,0
560069,8,5,7,7,41.23963056,-109.1985361,1,1,1,1,70,1,0,70
560070,8,5,7,14,44.28011111,-105.4775278,8,1,2,1,70,0,0,75
560071,8,7,2,10,42.47783056,-105.0291139,1,1,1,1,90,1,0,80
560072,8,11,6,17,41.96366389,-104.2405556,12,1,1,2,85,0,1,70
560073,8,12,7,4,43.25241111,-108.1104556,8,2,99,1,999,0,0,70
560074,8,12,7,19,41.86320833,-104.8702806,1,1,1,1,80,1,0,80
560075,8,14,2,15,42.70393056,-105.2634667,14,1,1,1,82,0,0,80
560076,8,14,2,21,41.076675,-106.0883722,1,2,1,1,70,1,0,65
560077,8,16,4,20,43.41116111,-104.1990556,12,2,1,2,65,0,1,70
560078,8,18,6,1,41.54225556,-109.4790472,1,2,1,1,60,1,0,25
560079,8,21,2,18,41.54405,-109.91185,1,1,1,1,999,1,0,65
560080,8,24,5,21,41.05739722,-104.5052667,38,2,1,1,999,1,1,55
560081,8,25,6,18,41.22093611,-107.6932917,12,1,1,2,70,1,0,70
560082,8,29,3,14,41.11518611,-104.4080944,12,1,1,2,60,1,0,55
560083,9,1,6,15,42.26001944,-104.2934194,12,1,1,2,70,1,1,70
560084,9,2,7,16,44.75576111,-109.3838944,24,1,1,1,20,1,1,65
560085,9,4,2,21,42.819525,-106.3684806,8,2,2,1,35,0,0,40
560086,9,11,2,23,44.28468333,-105.2059194,1,2,1,1,999,1,0,45
560087,9,18,2,9,41.67941944,-108.7867694,12,1,1,2,40,0,0,80
560088,9,20,4,18,44.42526944,-104.6048528,38,5,1,1,65,1,0,65
560089,9,21,5,8,44.68906944,-104.6281222,38,1,1,1,999,1,0,98
560090,9,23,7,15,41.42668889,-105.8777583,14,1,1,1,75,2,0,75
560091,9,26,3,16,41.05728611,-104.8918889,34,1,1,1,60,1,0,20
560092,10,6,6,22,41.31146944,-105.6120333,33,2,1,1,60,1,0,30
560093,10,13,6,13,42.49088333,-107.8068194,12,1,10,2,110,1,0,70
560094,10,14,7,16,41.39243611,-110.185,38,1,1,1,70,1,0,80
560095,10,16,2,2,44.51844167,-106.8007306,24,3,1,1,75,2,0,75
560096,10,20,6,1,44.45833056,-106.7781389,31,2,1,1,75,1,1,75
560097,10,21,7,7,42.76038889,-105.41915,1,1,1,1,65,1,0,65
560098,10,21,7,14,42.77740833,-108.7788694,1,1,1,1,999,1,0,55
560099,10,26,5,14,44.33388611,-104.3146361,31,1,4,1,999,1,0,70
560100,10,29,1,1,44.46066667,-108.5864611,31,2,1,1,70,1,1,70
560101,11,4,7,14,44.37503889,-105.5250556,12,1,1,2,65,0,0,70
560102,11,6,2,5,41.56050278,-109.5340972,1,3,1,1,75,1,0,75
560103,11,8,4,0,41.35661944,-110.3392417,41,2,10,1,65,2,0,75
560104,11,11,7,2,42.85719167,-108.7254806,1,2,1,1,5,1,1,45
560105,11,16,5,8,41.59733056,-109.1997056,57,1,2,1,75,1,0,75
560106,11,18,7,21,42.92831389,-108.7753917,1,2,1,1,999,1,1,55
560107,11,19,1,4,42.08835833,-104.1879833,38,2,1,1,55,1,1,35
560108,11,19,1,20,41.08053889,-105.5073639,1,3,1,1,100,1,0,70
560109,11,23,5,18,41.72394167,-107.7470028,1,2,4,1,70,1,0,80
560110,11,23,5,19,44.53638333,-109.00525,12,2,4,2,50,2,0,70
560111,11,25,7,13,41.38875833,-110.2012583,38,1,1,1,75,1,0,75
560112,11,29,4,7,41.12941389,-108.8144667,34,1,1,1,70,1,1,70
560113,11,30,5,6,41.88756944,-106.1642333,12,4,1,2,75,1,1,70
560114,12,2,7,7,42.79842222,-106.4385389,31,1,1,1,65,1,0,55
560115,12,17,1,18,41.13292222,-104.7646389,9,2,1,1,50,0,0,50
560116,12,21,5,18,41.16264167,-104.7612472,8,2,1,1,13,0,0,40
560117,12,23,7,19,43.10587778,-105.2611778,12,2,11,5,55,0,0,70
560118,12,26,3,23,44.90467222,-108.6012194,1,2,1,1,80,1,1,70
560119,12,27,4,9,41.20034167,-105.4334611,8,1,1,1,65,0,0,65
560120,12,29,6,8,42.75665278,-104.8225556,12,1,1,2,70,1,0,70
560121,12,31,1,15,43.650825,-105.4255472,1,1,1,1,999,1,0,55