ST_CASE,MONTH,DAY,DAY_WEEK,HOUR,LATITUDE,LONGITUD,HARM_EV,LGT_COND,WEATHER,VE_FORMS,TRAV_SP,DEATHS,DR_DRINK,VSPD_LIM
62745,5,19,6,23,37.77836111,-122.2215167,8,3,1,1,999,0,0,30
62746,11,21,3,19,32.75220278,-117.1326222,8,2,1,1,30,0,0,30
62747,6,11,1,15,37.34153611,-122.22105,12,1,10,3,999,1,0,55
62748,10,29,1,0,38.31798333,-122.6667583,8,2,10,1,999,0,0,45
62749,1,15,1,8,33.74158889,-117.8336139,39,1,2,1,999,1,0,65
62750,10,29,1,21,38.78314722,-120.2239,35,2,1,1,65,1,1,45
62751,11,10,6,16,38.70711111,-120.9618833,12,1,1,2,999,1,0,40
62752,11,26,1,4,37.35580278,-121.8679139,24,3,1,1,998,1,0,65
62753,11,27,2,4,35.37113611,-115.9043222,38,2,1,1,999,1,0,70
62754,12,17,1,3,33.895425,-117.2264639,46,3,1,1,998,1,0,45
62755,10,7,7,23,36.98407222,-119.6615889,12,2,1,2,999,1,1,55
62756,12,28,5,4,37.3282,-120.5614333,1,2,10,1,999,1,0,65
62757,12,26,3,10,37.22198889,-120.4879806,12,1,10,2,999,1,0,55
62758,11,27,2,17,34.58964167,-118.4559972,12,2,1,2,45,0,0,55
62759,11,27,2,21,34.10570833,-117.8784889,12,3,1,3,90,1,1,45
62760,12,28,5,7,34.23184722,-118.5710694,12,1,5,3,998,1,0,35
62761,5,24,4,6,32.63988889,-117.0986083,12,1,10,2,48,1,1,30
62762,7,7,6,22,33.62671944,-117.6929889,33,2,1,1,998,1,1,50
62763,8,17,5,5,38.58995,-121.50115,9,3,1,1,998,0,0,35
62764,7,13,5,4,33.46574722,-117.708975,46,3,1,1,80,1,1,35
62765,7,20,5,99,34.59476389,-118.2243028,41,9,1,1,998,1,0,45
62766,7,23,1,12,34.43430556,-117.3995889,12,1,1,4,998,0,0,55
62767,7,27,5,18,32.604625,-117.0741806,12,5,1,2,998,1,0,35
62768,12,20,4,20,37.381975,-121.9621639,42,3,10,1,999,1,1,65
62769,12,21,5,6,36.73513056,-119.9469889,12,1,10,2,999,1,0,55
62770,4,18,3,4,35.29573611,-119.0386639,46,3,1,1,998,1,0,50
62771,11,16,5,12,34.06334444,-117.6727611,12,1,1,2,998,0,0,0
62772,12,30,7,18,34.22565,-118.3751694,33,3,1,1,999,1,0,65
62773,11,3,6,17,37.89131667,-121.499325,12,1,1,3,60,1,0,55
62774,12,23,7,12,37.76525,-121.3878083,8,1,1,1,999,0,0,55
62775,8,25,6,11,39.14565556,-121.5943528,9,1,1,1,65,0,0,35
62776,8,30,4,15,37.00003056,-121.5669667,12,1,1,2,998,1,0,0
62777,9,5,3,6,38.00043889,-121.7507806,12,1,1,2,998,1,0,40
62778,9,8,6,10,37.74876389,-122.1739139,8,1,1,1,5,0,0,25
62779,9,20,4,13,37.76161389,-122.4216444,8,1,1,1,998,0,0,25
62780,4,29,7,23,37.54874444,-122.2916833,12,3,1,2,998,1,0,65
62781,5,22,2,0,37.39380556,-122.0052972,12,2,1,5,65,0,0,65
62782,8,4,6,23,37.29685833,-121.8112806,8,3,1,1,55,0,0,65
62783,9,4,2,12,35.02487778,-120.2384361,12,1,1,4,999,1,0,55
62784,12,13,4,21,37.36848333,-120.6709417,8,2,1,1,65,0,0,65
62785,5,27,7,21,34.14572778,-117.2981917,8,3,1,1,999,0,0,65
62786,7,29,7,9,34.07140556,-117.09935,9,1,1,1,35,0,0,40
62787,8,19,7,12,33.56816944,-117.2107472,32,1,98,1,999,1,0,70
62788,8,12,7,1,33.6441,-117.8604611,8,3,1,1,70,0,0,65
62789,9,5,3,20,32.71380556,-117.1475,8,2,1,1,998,0,0,65
62790,10,23,2,2,33.648875,-116.3102306,33,2,1,1,998,1,1,35
62791,12,24,1,1,34.37259167,-118.4995028,24,2,1,1,116,1,1,65
62792,10,16,2,23,32.71294167,-117.1013139,33,3,10,1,999,1,0,65
62793,12,19,3,17,33.85804722,-117.8764944,12,2,1,2,20,1,0,65
62794,9,28,5,5,34.54774722,-118.0372056,8,2,1,1,45,0,0,55
62795,9,26,3,7,37.77979722,-122.1803139,8,1,1,1,998,0,0,30
62796,11,25,7,21,35.20672778,-116.115575,35,2,1,1,68,1,0,70
62797,9,29,6,21,34.04358611,-118.3235778,8,3,1,1,998,0,0,35
62798,9,25,2,22,34.71421944,-118.1124278,12,2,1,2,998,1,0,55
62799,7,30,1,21,34.16384722,-117.5755944,30,3,1,1,998,2,0,45
62800,8,13,1,21,34.03441944,-118.3698778,8,3,1,1,62,0,0,35
62801,3,30,5,18,32.58375278,-117.0663639,12,1,10,2,998,1,0,35
62802,12,25,2,1,34.95963889,-120.5342444,12,2,1,3,999,0,1,55
62803,12,30,7,23,34.98134444,-120.4314028,12,3,10,2,998,2,1,65
62804,6,4,1,17,33.74783611,-117.8427694,25,1,1,1,998,1,1,65
62805,12,12,3,21,35.20867222,-118.9150056,33,3,1,1,75,1,1,55
62806,12,14,5,13,35.15114722,-118.9976639,23,1,1,1,999,1,0,70
62807,3,31,6,19,33.89589167,-118.2482194,12,3,1,2,998,1,0,35
62808,7,2,1,7,33.87131944,-118.2755333,12,1,1,2,998,1,0,40
62809,9,21,5,2,34.10820556,-118.3371139,12,3,1,2,998,1,0,35
62810,12,31,1,4,33.78984167,-118.2000694,8,3,10,1,33,0,0,35
62811,7,13,5,15,33.89824167,-117.8287778,12,1,1,2,998,1,0,50
62812,9,2,7,18,34.05043333,-118.4466667,12,1,1,2,998,1,1,35
62813,10,6,6,21,34.19688056,-118.6234,8,3,1,1,998,0,0,45
62814,4,30,1,4,33.74651944,-117.9896111,8,3,1,1,998,0,0,45
62815,5,23,3,8,34.07316944,-117.4007917,12,1,10,2,998,1,0,25
62816,6,14,4,14,37.33573056,-121.9675111,33,1,1,1,998,2,0,45
62817,7,9,1,10,33.95426667,-118.2061361,12,1,1,2,998,1,0,35
62818,9,14,5,8,34.07537222,-117.0672889,33,1,10,1,63,1,0,55
62819,9,27,4,19,33.91817778,-117.48265,8,3,1,1,998,0,1,40
62820,10,15,1,0,38.53186944,-122.5044861,30,2,1,1,998,1,1,55
62821,2,9,5,17,38.43881111,-121.5036639,42,1,1,1,100,5,1,55
62822,9,10,1,2,33.18921944,-117.361075,1,2,1,1,999,1,0,65
62823,9,23,7,10,32.62251667,-116.7480944,59,1,1,1,70,1,0,55
62825,10,20,6,8,37.96446111,-122.5131583,12,1,1,2,27,1,0,55
62826,10,30,2,4,37.96686944,-121.2530333,12,3,1,2,999,0,0,40
62827,11,19,1,22,37.97078056,-121.269775,9,3,1,1,998,0,0,35
62828,12,7,5,23,37.97807778,-120.3478583,8,2,1,1,50,0,0,55
62829,9,17,1,22,34.09430278,-118.3387,8,3,1,1,998,0,1,35
62830,11,18,7,11,34.00956944,-117.8079806,12,1,1,2,998,1,0,45
62831,9,24,1,9,37.76214444,-122.1825222,12,1,1,2,69,0,0,30
62832,8,6,1,15,34.45430833,-117.3574222,12,1,1,2,998,1,0,55
62833,6,29,5,13,35.10953889,-118.454675,12,1,1,2,53,0,0,55
62834,11,8,4,19,38.49600556,-121.4567667,8,3,1,1,45,0,0,40
62835,10,18,4,22,33.62583611,-117.7138861,12,3,1,2,999,1,1,45
62836,10,19,5,9,33.78556111,-117.7643889,9,1,10,1,45,0,0,40
62837,10,21,7,23,34.65443056,-118.1295583,12,3,1,2,70,0,1,55
62838,10,27,6,20,32.75498333,-117.205025,8,3,1,1,28,0,0,40
62839,11,3,6,9,37.29965556,-120.4863111,8,1,1,1,998,0,0,25
62840,6,1,5,20,33.62719722,-117.0935583,12,3,10,2,61,0,0,65
62841,11,6,2,99,37.76323056,-121.4314028,8,2,2,1,998,0,0,65
62842,12,5,3,21,36.76423056,-119.9470444,30,2,2,1,999,1,0,55
62843,2,12,1,7,33.98611111,-117.5232028,53,1,1,1,998,1,1,45
62844,6,27,3,22,33.8971,-117.5420611,33,3,1,1,998,1,1,45
62845,10,14,7,15,34.36499167,-117.5390056,12,1,1,2,999,1,0,55
62846,12,15,6,17,34.084925,-117.4159833,8,2,1,1,33,0,0,40
62847,7,12,4,5,37.54141389,-122.3668444,35,1,10,1,999,1,0,65
62848,6,15,5,16,34.07409167,-117.2954639,12,1,1,2,70,1,0,65
62849,11,19,1,3,39.207575,-121.0987389,42,2,1,1,999,1,0,65
62850,11,23,5,17,32.61825833,-116.4663472,12,5,1,2,39,0,1,55
62851,10,7,7,9,33.34400833,-117.5129583,12,1,1,2,999,1,0,65
62852,12,20,4,20,35.46199167,-117.9664556,12,2,2,3,55,0,0,65
62853,11,10,6,17,33.08076111,-117.3076444,42,5,1,1,998,1,0,35
62854,11,5,1,15,33.65611111,-117.9252972,5,1,1,1,998,1,0,35
62855,11,5,1,8,33.04692778,-117.2817444,33,1,1,1,998,1,0,45
62856,11,8,4,20,33.05076389,-117.2603861,8,3,1,1,40,0,0,35
62857,8,5,7,20,33.78729167,-117.9928139,12,3,1,2,998,1,1,45
62858,4,9,1,3,37.63093611,-122.4231861,8,2,1,1,80,0,1,65
62859,11,22,4,21,33.94681667,-118.3090028,8,3,1,1,998,0,0,35
62860,11,7,3,19,37.30698611,-120.4709889,8,3,1,2,27,0,0,30
62861,10,31,3,15,33.93705278,-118.0552222,12,1,1,3,35,1,0,40
62862,11,22,4,2,33.93099444,-118.2795889,12,3,10,3,998,0,0,35
62863,11,29,4,18,35.12551389,-118.0826333,8,2,1,1,998,0,0,55
62864,11,25,7,12,34.37899167,-118.5271111,9,1,1,1,998,0,0,35
62865,10,5,5,11,34.10620556,-117.5300556,1,1,1,2,998,0,0,50
62866,1,3,3,4,33.82786389,-118.2636778,8,3,2,1,998,0,0,35
62867,12,4,2,15,34.03803611,-117.86125,12,1,1,2,998,1,0,50
62868,12,3,1,17,34.0058,-118.0825194,54,3,1,2,998,0,0,40
62869,3,31,6,12,34.09528889,-117.77405,14,1,1,1,998,1,0,30
62870,8,28,2,16,37.41384444,-121.9125167,12,1,1,2,70,1,0,65
62871,7,18,3,99,41.42714444,-122.9604167,1,1,1,1,999,1,0,55
62872,10,8,1,11,34.88862222,-118.9084806,12,1,1,3,0,0,0,65
62873,12,26,3,20,39.17373056,-122.9547889,12,2,10,2,999,1,0,55
62874,12,10,1,22,33.7963,-116.4581194,8,2,1,2,998,0,1,45
62875,12,11,2,14,37.76945833,-122.4148306,8,1,1,1,998,0,0,25
62876,12,13,4,10,37.81222222,-122.2908194,12,1,1,2,39,0,1,25
62877,12,14,5,18,34.05347222,-117.2873778,12,3,1,2,998,0,1,50
62878,12,15,6,17,34.27226944,-118.4102361,12,3,1,2,998,1,0,35
62879,12,15,6,17,38.11292778,-121.2601861,8,3,1,1,998,0,0,45
62880,12,16,7,23,34.21563056,-118.3688528,14,3,1,1,998,0,0,35
62881,12,17,1,20,34.22173333,-118.4198167,12,3,10,4,998,1,0,35
62882,11,23,5,13,34.44228611,-118.0972361,12,1,1,2,40,1,0,55
62883,10,12,5,17,34.404875,-117.3688806,9,1,1,1,27,0,0,25
62884,12,15,6,19,34.37831944,-117.3726083,12,2,1,2,999,1,0,50
62885,7,18,3,1,33.88013056,-117.5643556,12,3,1,2,65,1,1,65
62886,7,21,6,19,33.72822778,-117.7832944,8,5,1,1,45,0,0,50
62887,9,4,2,3,38.61997778,-121.5149889,12,3,1,2,0,1,0,65
62888,6,24,7,12,36.327825,-119.58615,12,1,1,2,58,0,0,65
62889,7,15,7,2,33.68870556,-117.8719222,52,3,1,1,65,1,1,65
62890,7,8,7,1,33.91328333,-118.1386806,12,2,1,2,998,1,0,65
62891,12,3,1,1,36.31884722,-119.6712222,12,3,1,3,999,1,1,65
62892,9,17,1,13,32.82531111,-116.4982222,24,1,1,1,999,1,0,55
62893,11,16,5,23,37.889425,-121.6186333,8,2,10,1,998,0,1,55
62894,10,19,5,5,37.14334167,-120.2793333,8,3,1,1,55,0,0,70
62895,12,6,4,11,34.02022222,-118.2761944,12,1,1,2,998,0,0,35
62897,12,8,6,5,34.08071667,-117.4357056,8,3,5,1,998,0,0,35
62898,12,23,7,18,34.01084722,-118.313425,15,3,1,1,998,0,0,35
62899,12,19,3,18,34.50676111,-117.3465306,8,3,1,1,43,0,0,50
62900,6,18,1,13,32.64468056,-116.9329583,12,1,1,2,999,1,0,45
62901,7,13,5,5,33.83717778,-117.2944917,8,2,1,1,40,0,0,45
62902,1,3,3,13,33.85771944,-117.7843694,32,1,2,1,999,1,0,65
62903,8,25,6,17,32.69121389,-117.0997528,12,1,1,3,60,0,0,65
62904,7,10,2,3,36.98693333,-120.0772111,12,2,1,2,98,0,0,45
62905,3,18,7,12,37.02860556,-120.140175,24,1,1,1,999,1,0,70
62906,8,12,7,1,33.92323889,-117.2888028,12,2,1,3,999,2,1,65
62907,12,11,2,16,33.88587778,-117.407575,12,1,1,3,55,1,0,55
62908,9,17,1,20,32.72266944,-117.1614778,8,3,10,1,67,0,0,65
62909,9,14,5,11,33.87330556,-118.2492861,1,1,1,1,999,1,1,65
62910,12,16,7,2,37.97776944,-121.3185222,33,3,1,1,998,1,1,30
62911,8,29,3,14,33.63780556,-117.7409528,12,1,1,2,998,0,0,50
62912,9,22,6,23,33.87635,-117.3977083,59,2,1,1,999,1,1,55
62913,11,17,6,14,35.73219722,-119.3118861,12,1,1,2,999,0,0,55
62914,12,25,2,20,35.46840833,-119.1230417,8,2,1,2,65,0,0,70
62915,10,12,5,21,33.88916944,-118.1775389,12,3,1,3,80,1,0,35
62916,9,15,6,21,33.85947222,-117.9327222,12,3,1,2,58,1,1,45
62917,10,29,1,2,34.08956944,-118.309175,15,3,1,2,998,0,0,35
62918,7,30,1,21,34.53659444,-117.29325,8,3,1,1,15,0,0,40
62919,8,1,3,8,34.07621389,-118.3440028,12,1,1,2,998,0,0,35
62920,9,10,1,13,33.72679722,-116.2336472,9,1,1,1,40,0,0,35
62921,1,17,3,16,40.87973611,-124.0918611,8,1,1,2,64,0,0,25
62922,9,20,4,19,34.02385556,-118.4258528,12,3,1,2,998,0,0,35
62923,12,26,3,9,36.34700833,-119.3349917,8,1,1,1,998,0,0,0
62924,7,27,5,18,33.89671944,-117.5898972,38,1,1,1,998,1,1,45
62925,11,24,6,10,34.22313333,-117.2682722,38,1,10,1,999,1,1,55
62926,12,24,1,19,34.02195278,-118.501475,8,3,1,1,25,0,0,25
62927,9,16,7,4,38.64263056,-121.4285583,8,3,1,1,998,0,0,65
62928,10,7,7,1,33.76692222,-116.322625,14,2,1,1,90,1,1,70
62929,7,13,5,22,33.83456111,-118.2585417,8,2,1,1,998,0,0,65
62930,9,24,1,1,34.09899722,-118.3444667,8,3,1,1,998,0,0,30
62931,9,29,6,21,34.09941389,-117.4422167,8,3,1,1,998,0,0,35
62932,10,8,1,14,33.91742222,-118.1571417,12,1,1,2,998,0,0,35
62933,10,9,2,14,33.83599444,-117.9934583,5,1,1,1,998,1,0,40
62934,10,26,5,18,32.56807222,-116.9882722,12,3,1,2,998,1,0,50
62935,11,5,1,5,34.03287778,-118.2631472,12,4,1,2,998,2,1,25
62936,10,28,7,15,33.81936111,-118.1961833,9,1,1,1,45,0,0,30
62937,11,11,7,12,33.91181944,-118.1416694,8,1,1,1,998,0,0,40
62938,11,19,1,19,34.4622,-117.1901667,8,2,1,2,998,0,0,55
62939,12,25,2,0,38.66964167,-121.5360667,9,2,10,1,61,0,1,45
62940,12,31,1,23,33.98501111,-118.3002333,12,3,1,2,998,0,1,25
62941,12,5,3,10,36.335325,-119.2935306,8,1,1,1,998,0,0,30
62942,9,28,5,13,34.05283333,-118.3732444,12,1,1,2,998,0,0,35
62943,11,12,1,22,38.52488333,-121.4631722,8,3,1,1,35,0,0,40
62944,12,5,3,9,38.00323889,-122.0800333,12,1,10,2,70,1,0,65
62945,1,23,2,14,33.84623333,-117.8663528,14,1,1,3,999,1,0,65
62946,12,11,2,21,38.51645278,-121.1020944,38,2,1,1,999,1,1,55
62947,12,9,7,0,38.43550556,-122.8571528,12,2,1,2,999,2,1,45
62948,6,23,6,10,38.60934722,-121.4349333,5,1,1,1,998,1,0,30
62949,11,4,7,19,34.06343056,-117.6231306,8,3,1,1,52,0,0,45
62950,6,25,1,13,33.24856389,-117.4187083,42,1,1,1,60,1,0,65
62951,9,8,6,20,34.07326111,-117.0875667,8,2,1,1,999,0,0,50
62952,12,17,1,22,37.97514722,-121.9090778,17,2,2,1,998,1,1,55
62953,12,26,3,19,37.67396667,-120.3429222,59,2,1,1,998,1,1,55
62954,10,14,7,1,37.51293611,-121.9388444,12,3,10,2,999,0,1,65
62955,11,12,1,19,37.95460278,-121.6474417,38,2,1,1,999,1,1,40
62956,7,10,2,14,33.75997222,-117.8976583,8,1,1,1,998,0,0,40
62957,9,6,4,11,33.69231667,-117.1199917,12,1,1,4,65,0,0,65
62958,8,31,5,12,33.82457222,-117.5229111,12,1,1,3,68,0,0,65
62959,12,24,1,1,35.12403889,-118.4084278,8,2,1,1,43,0,0,55
62960,12,25,2,1,38.18949167,-121.419475,42,2,1,1,999,1,0,55
62961,4,20,5,12,40.94610278,-123.8995,12,1,1,3,63,0,0,55
62962,10,16,2,14,38.51867222,-121.4831083,12,1,1,2,10,0,0,35
62963,7,2,1,21,34.03440278,-117.7610028,12,2,1,3,55,0,1,55
62964,11,22,4,21,34.055675,-117.7289139,8,3,1,1,40,0,0,40
62965,10,21,7,6,37.95589167,-121.3200472,8,2,1,1,58,0,0,55
62966,12,11,2,0,37.78525,-121.201075,33,3,1,1,999,2,1,35
62967,12,20,4,10,34.241775,-118.8401972,12,1,2,2,999,1,0,65
62968,10,7,7,3,37.27664444,-121.8049833,24,2,1,1,999,1,0,65
62969,11,18,7,14,37.98523333,-120.4436167,35,1,2,1,30,1,0,40
62970,12,28,5,13,34.25675833,-118.761375,9,1,1,1,998,0,0,25
62971,5,7,1,22,33.91646944,-118.300925,8,3,1,2,35,0,0,40
62972,5,20,7,22,33.93100278,-118.3177472,12,3,1,2,999,1,0,40
62973,12,31,1,19,37.7667,-121.9700611,14,3,10,1,65,1,0,65
62974,3,26,1,1,38.12428611,-122.2292389,59,3,1,1,999,1,1,65
62975,4,10,2,21,33.72129444,-116.3647,8,3,1,1,998,0,0,45
62976,11,4,7,12,38.82105278,-120.8216694,42,1,1,1,999,1,0,55
62977,9,13,4,17,34.28878333,-118.19,12,5,1,2,40,0,0,55
62978,11,11,7,14,36.96450278,-122.1048583,12,1,1,2,998,0,0,25
62979,12,13,4,99,34.26369167,-119.0126361,38,2,1,1,999,1,0,50
62980,12,20,4,9,34.80060278,-120.3418222,42,1,10,1,65,1,0,65
62981,10,16,2,16,41.99939167,-121.6286889,12,1,10,2,68,2,1,65
62982,6,25,1,0,33.18027778,-117.3453806,8,2,1,3,999,0,0,65
62983,11,12,1,21,33.83239167,-117.3648861,12,2,1,2,999,1,1,55
62984,8,14,2,15,34.234825,-118.2893667,12,1,1,3,70,1,0,65
62985,10,30,2,22,33.80254167,-118.1259306,33,3,1,1,998,1,0,65
62986,12,28,5,14,36.80992222,-120.4266333,12,1,1,2,999,1,1,55
62987,6,10,7,4,33.64958611,-117.7261083,42,3,1,1,998,1,1,50
62988,10,8,1,6,33.4219,-117.6073167,12,4,5,2,70,0,0,65
62989,11,29,4,7,33.73551389,-117.6552556,12,1,1,3,63,1,0,55
62990,10,21,7,20,39.74678333,-122.1224611,1,2,1,2,55,1,0,55
62991,8,21,2,4,36.98970833,-122.02045,59,2,1,1,60,1,0,55
62992,12,20,4,7,36.98842778,-122.012675,35,1,2,1,50,1,0,65
62993,12,2,7,5,34.60707778,-120.09355,8,2,1,1,45,0,0,45
62994,12,20,4,17,37.637875,-121.1867556,12,2,2,4,999,2,1,55
62995,12,14,5,16,33.98564167,-118.2478028,8,5,1,1,10,0,0,0
62996,10,29,1,20,33.93148056,-118.4050194,9,3,1,1,998,0,1,50
62997,10,12,5,6,36.75407222,-119.7767444,25,4,1,1,999,1,0,65
62998,11,14,3,19,36.74953056,-119.719175,8,2,1,1,998,0,0,25
62999,9,29,6,19,36.13656111,-120.363325,15,2,1,1,28,0,0,35
63000,5,26,6,20,34.35088611,-119.055775,9,3,1,1,65,0,0,65
63001,11,15,4,20,39.09829167,-121.6344111,12,3,10,2,68,0,0,55
63002,11,21,3,19,33.05606111,-116.8192889,12,2,1,2,998,1,1,55
63003,10,27,6,22,33.99885833,-118.4627333,12,3,1,2,998,1,0,35
63004,9,3,1,14,34.17744167,-118.3182833,12,1,1,2,998,0,0,35
63005,11,8,4,1,38.35173056,-121.9863222,33,3,1,1,53,1,1,30
63006,11,12,1,22,33.78378333,-118.1775667,8,3,1,1,30,0,0,30
63007,12,19,3,4,34.02791111,-118.2188472,8,3,10,1,998,0,0,35
63008,12,20,4,18,34.12292222,-118.2143083,8,3,10,1,998,0,0,30
63009,12,25,2,23,33.85779722,-116.4581583,12,2,1,5,998,0,1,55
63010,12,1,6,20,37.61198056,-120.9803611,1,2,1,1,999,1,0,40
63011,10,16,2,9,38.46375,-121.4339556,9,1,1,1,998,0,0,35
63012,10,2,2,10,33.9453,-118.3779056,8,1,1,1,998,0,0,35
63013,9,16,7,7,37.96783333,-122.5129306,3,4,1,1,998,2,1,5
63014,3,9,5,3,38.07331389,-122.2296444,8,3,1,1,55,0,0,55
63015,5,27,7,8,33.87817778,-117.6542167,42,1,10,1,998,1,0,45
63016,11,25,7,7,33.06953333,-116.8887806,12,1,10,2,42,0,1,55
63017,12,10,1,6,33.03863333,-116.8748861,8,4,1,1,40,0,0,35
63018,7,28,6,2,38.47568056,-121.4250806,8,2,1,1,40,0,0,65
63019,8,8,3,22,33.17826667,-117.35035,1,3,1,1,999,1,1,65
63020,10,28,7,22,37.31646111,-121.9396972,1,3,1,1,60,1,0,65
63021,12,29,6,20,35.45322778,-117.9701972,12,2,1,2,70,2,0,65
63022,10,16,2,21,36.55644167,-119.6072806,12,2,1,2,75,0,1,55
63023,10,14,7,5,33.91316389,-118.1480861,14,3,1,1,998,0,0,65
63024,7,29,7,19,33.53545833,-117.6850722,12,1,1,2,80,0,0,45
63025,6,25,1,20,34.08745833,-117.6570167,12,1,1,10,60,1,1,55
63026,4,25,3,0,34.26436667,-118.4408972,25,3,1,1,999,1,1,65
63027,12,14,5,15,38.60058611,-121.2774972,20,1,1,1,55,1,0,65
63028,6,4,1,0,33.20853611,-117.3590389,33,3,1,1,998,1,0,40
63029,12,20,4,21,33.77000833,-118.1030333,33,2,2,1,45,1,0,45
63030,5,8,2,1,34.13878056,-117.4896111,1,3,1,1,999,1,1,65
63031,11,7,3,17,37.69208333,-120.9944,9,5,1,1,998,0,0,35
63032,12,30,7,16,33.91727222,-116.4825472,5,1,1,1,43,1,1,25
63033,12,20,4,18,38.05744722,-121.2545889,8,3,2,2,45,0,0,55
63034,3,24,6,18,35.36071111,-119.0052111,8,5,1,1,998,0,0,35
63035,5,28,1,20,34.09775,-117.7485528,12,3,1,2,70,0,0,40
63036,6,2,6,12,33.74730833,-116.9997472,12,1,1,4,998,0,0,35
63037,7,14,6,1,38.19428889,-122.1654194,25,2,1,1,999,1,0,65
63038,7,17,2,17,33.66024167,-117.3789361,12,1,1,2,100,1,1,40
63039,7,24,2,18,33.93888333,-117.8775917,31,1,1,1,999,1,0,35
63040,9,3,1,1,37.93207222,-122.3933944,12,3,10,2,998,1,1,45
63041,9,24,1,3,37.84728056,-120.5717389,1,2,1,1,71,1,1,65
63042,10,21,7,17,33.94369167,-118.2008694,12,1,1,2,998,0,1,30
63043,4,7,6,18,34.08185,-117.773375,39,3,1,2,998,1,0,45
63044,4,26,4,23,34.06279167,-117.7300917,12,3,1,2,60,1,0,35
63045,4,30,1,21,34.05756389,-117.7239444,12,3,1,2,25,0,1,40
63046,5,30,3,5,34.041275,-117.8192278,12,3,1,2,55,1,0,45
63047,7,6,5,16,37.98338056,-121.8057722,12,1,1,2,998,1,0,35
63048,7,7,6,23,34.06280278,-117.7333833,33,3,1,1,998,1,1,35
63049,8,22,3,22,34.06470278,-117.7503472,33,3,1,1,999,1,0,35
63050,11,17,6,18,34.07091389,-117.7191917,12,3,1,2,998,0,0,30
63051,11,17,6,23,34.03348889,-117.7405083,12,3,1,2,998,0,0,40
63052,12,22,6,16,34.13916389,-117.3718139,12,1,2,2,998,1,1,50
63053,12,30,7,23,33.99726944,-117.4174528,33,2,1,1,998,1,1,45
63054,9,21,5,23,34.28328889,-119.3054306,8,2,1,2,66,0,1,65
63055,10,22,1,18,32.90324722,-116.8849694,12,2,1,2,58,0,0,50
63056,11,8,4,16,34.4835,-119.2961722,1,1,1,1,998,1,1,45
63057,12,13,4,17,38.24814722,-122.69185,12,2,1,2,75,1,0,45
63058,7,2,1,5,34.03031944,-117.6115667,52,1,1,1,80,1,0,65
63059,11,4,7,11,41.53808611,-122.5352389,12,1,10,2,999,1,0,55
63060,12,12,3,7,33.82136944,-118.2901944,8,1,1,1,35,0,0,35
63061,1,2,2,21,38.398925,-121.4287306,8,3,2,1,998,0,0,25
63062,3,17,6,20,33.22915833,-117.2389722,8,2,1,1,998,0,0,35
63063,11,9,5,13,33.87926944,-117.5562167,12,1,1,2,65,1,0,55
63064,5,13,7,23,33.20846389,-117.2552306,30,3,1,1,70,1,1,40
63065,5,22,2,21,33.78286667,-118.2161889,31,3,1,1,998,1,0,35
63066,6,2,6,21,40.607625,-122.3764194,33,3,1,1,49,1,1,45
63067,11,24,6,18,33.23258333,-117.1451417,12,3,1,2,30,0,0,55
63068,7,7,6,14,33.95378611,-118.0423806,9,1,1,1,998,0,0,35
63069,7,2,1,20,33.83335833,-118.085275,12,3,1,6,76,0,0,65
63070,12,25,2,17,33.72293333,-117.9891222,12,5,1,2,998,0,0,45
63071,6,11,1,22,40.58371944,-122.354275,24,3,10,1,998,1,1,35
63072,5,2,3,5,33.52102222,-117.6661222,12,4,1,2,73,1,0,65
63073,6,17,7,3,34.18928889,-118.3240694,12,3,1,3,65,0,0,65
63074,9,28,5,21,33.22607222,-117.1442806,35,2,1,1,78,1,0,70
63075,12,29,6,12,41.89789722,-122.519875,12,1,10,2,999,1,1,55
63076,11,3,6,18,38.08452778,-122.1124556,35,5,1,1,68,1,0,65
63077,11,20,2,9,36.35713611,-119.7090194,12,1,1,2,998,1,0,55
63078,9,6,4,5,37.3254,-120.4869278,8,3,1,1,998,0,0,40
63079,11,5,1,2,37.66178333,-122.0877306,33,3,1,1,55,2,1,35
63080,11,6,2,20,38.62701944,-121.4755806,8,3,1,1,35,0,0,40
63081,11,15,4,19,34.10676944,-117.4063139,8,3,2,1,45,0,0,45
63082,9,22,6,11,37.46053889,-121.9126806,12,1,1,2,998,1,0,45
63083,9,28,5,5,37.34356111,-121.8461472,25,2,1,2,80,1,0,65
63084,11,26,1,10,32.59412778,-116.663675,1,1,1,2,30,1,0,55
63085,11,18,7,2,41.40955278,-122.38035,24,3,2,1,998,1,0,25
63086,11,22,4,20,38.62953611,-121.431425,30,3,1,1,70,1,1,35
63087,11,26,1,21,34.07761944,-117.44085,8,3,1,1,28,0,0,40
63088,11,28,3,15,32.81924167,-116.9981222,8,1,1,1,23,0,0,25
63089,12,14,5,15,33.83065833,-118.0285139,12,1,1,2,65,1,0,45
63090,12,16,7,2,34.21181389,-118.5447083,30,3,1,1,998,1,0,98
63091,12,19,3,21,33.72740833,-116.1973944,12,3,1,2,998,0,1,35